life,metric,window_type,start,end,n_5s_medians,theil_sen_slope,OLS_slope,net_median_change,range,median,residual_MAD,predicted_change
RS-M1-001,H_norm,fixed_300,0.0,300.0,60,3.546876519737084e-07,3.5760815463079064e-07,8.608474541115923e-05,0.00012553799310807432,7.913733926052471e-05,1.9359284632379192e-05,0.00010640629559211251
RS-M1-001,H_norm,fixed_300,300.0,600.0,60,2.0478773557930678e-07,1.955011595759509e-07,6.356356842241676e-05,6.70598425293899e-05,0.00014388210570593973,9.669954386924408e-06,6.143632067379203e-05
RS-M1-001,H_norm,fixed_300,600.0,900.0,60,9.020500166871211e-08,9.524983215010682e-08,2.5701531200218242e-05,4.970154490756913e-05,0.00020288808944734897,8.298988346797816e-06,2.7061500500613634e-05
RS-M1-001,H_norm,fixed_300,900.0,1200.0,60,2.3469131580882212e-07,3.186699994164728e-07,8.674531770608892e-05,0.00011101297167051384,0.00021232647771914152,1.360320624915866e-05,7.040739474264664e-05
RS-M1-001,H_norm,fixed_300,1200.0,1500.0,60,-6.549021381233782e-08,-6.057002985822889e-08,-1.1089838881071313e-05,4.476390259177646e-05,0.0002526040794466063,6.607326555720547e-06,-1.9647064143701347e-05
RS-M1-001,H_norm,fixed_300,1500.0,1800.0,60,9.244331941053278e-08,9.695703786049523e-08,1.7172091512594517e-05,4.0128071627397975e-05,0.0002499906144060011,6.685766625684776e-06,2.7732995823159832e-05
RS-M1-001,H_norm,fixed_300,1800.0,2100.0,60,2.7731885893239984e-08,3.422656174233261e-08,1.4588030864085162e-05,5.02965895086126e-05,0.0002595785230198712,4.860310403231714e-06,8.319565767971995e-06
RS-M1-001,H_norm,fixed_300,2100.0,2400.0,60,-3.449663861081485e-08,-3.298388834795965e-08,-8.808703097868678e-06,2.8683258365371276e-05,0.00025656422494795054,3.6142029872934876e-06,-1.0348991583244455e-05
RS-M1-001,H_norm,fixed_300,2400.0,2700.0,60,1.095855171223837e-08,1.442142853274524e-08,-4.297230714762727e-06,3.902985447242955e-05,0.0002462314393193351,5.4033103744499525e-06,3.287565513671511e-06
RS-M1-001,H_norm,fixed_300,2700.0,3000.0,60,6.858347375057349e-08,1.2627313460215095e-07,3.026554836793935e-05,8.085714729505765e-05,0.0002446448760099775,7.84691912751114e-06,2.057504212517205e-05
RS-M1-001,H_norm,fixed_300,3000.0,3300.0,60,7.628614373936229e-08,7.291682938623022e-08,2.274105927026573e-05,4.386858607674437e-05,0.0002571222520391188,8.371225626376596e-06,2.2885843121808686e-05
RS-M1-001,H_norm,fixed_300,3300.0,3600.0,60,2.080463566896288e-07,2.1059064406878904e-07,4.631107104213544e-05,7.405453851385741e-05,0.00028193722663713333,1.2906659401575743e-05,6.241390700688864e-05
RS-M1-001,H_norm,fixed_300,3600.0,3900.0,60,-6.367601625100789e-08,-1.0337388035874832e-07,-3.732962223662416e-05,5.097915528267364e-05,0.000284254346090681,3.913318565834222e-06,-1.9102804875302367e-05
RS-M1-001,H_norm,fixed_300,3900.0,4200.0,60,1.9934868805001883e-09,-1.6432727766973785e-09,-4.665889022875658e-06,2.757653709445758e-05,0.0002793250131075053,5.2386346743806705e-06,5.980460641500565e-07
RS-M1-001,H_norm,fixed_300,4200.0,4500.0,60,-4.5953372618013986e-08,5.80059967179615e-09,1.758907207600872e-05,7.753448624368202e-05,0.0003323951734702273,1.1446651266808195e-05,-1.3786011785404195e-05
RS-M1-001,H_norm,fixed_600,0.0,600.0,120,2.2771525375097509e-07,2.3004525578451487e-07,0.00014890971277463372,0.00016600607508994027,0.00011158751863756254,1.264351466027217e-05,0.00013662915225058506
RS-M1-001,H_norm,fixed_600,600.0,1200.0,120,8.555557374818983e-08,1.3102630964201157e-07,0.0001158716812445576,0.0001458660935101643,0.00020930740577477705,7.927564355302e-06,5.13333442489139e-05
RS-M1-001,H_norm,fixed_600,1200.0,1800.0,120,-4.202004959654357e-09,-3.3847930146595314e-09,1.8778500023049335e-06,5.108777310255399e-05,0.0002520004157889287,9.253563900948723e-06,-2.521202975792614e-06
RS-M1-001,H_norm,fixed_600,1800.0,2400.0,120,-1.166010711984396e-08,-8.34074584324043e-09,-1.4540676824089565e-06,5.02965895086126e-05,0.0002581636135226759,4.226359996503009e-06,-6.9960642719063756e-06
RS-M1-001,H_norm,fixed_600,2400.0,3000.0,120,1.0543517331198243e-08,3.064096463616541e-08,2.6330811436067075e-05,8.100881107013313e-05,0.0002456946417743796,6.154863693144953e-06,6.3261103987189464e-06
RS-M1-001,H_norm,fixed_600,3000.0,3600.0,120,1.1375216527854522e-07,1.1730446989100565e-07,7.271005199711573e-05,9.453526975173424e-05,0.0002720240460007999,7.387532699475868e-06,6.825129916712714e-05
RS-M1-001,H_norm,fixed_600,3600.0,4200.0,120,-2.4698190291733296e-08,-3.707480941960374e-08,-3.4785967899649765e-05,5.5180382291614e-05,0.00028302710001574117,6.199642220270209e-06,-1.4818914175039978e-05
RS-M1-001,H_norm,fixed_600,4200.0,4500.0,60,-4.5953372618013986e-08,5.80059967179615e-09,1.758907207600872e-05,7.753448624368202e-05,0.0003323951734702273,1.1446651266808195e-05,-1.3786011785404195e-05
RS-M1-001,H_norm,early,0,1000,200,1.9011203249699606e-07,1.917900383482866e-07,0.0001890387424574151,0.0002156224043742825,0.00014979854190356264,1.2703236893506334e-05,0.00019011203249699607
RS-M1-001,H_norm,middle,1750.0,2750.0,200,-1.8073927889421553e-08,-1.5161192769076886e-08,-4.7556683812062885e-06,5.1604809704530275e-05,0.0002541418436266867,5.171064012158918e-06,-1.8073927889421553e-05
RS-M1-001,H_norm,late,3500.0,4500.0,200,1.859472947800342e-08,2.9612408179621236e-08,-4.432931357856791e-06,9.060532584690702e-05,0.000292814891623742,1.6371090881629123e-05,1.8594729478003422e-05
RS-M1-001,H_norm,final_1000,3500.0,4500.0,200,1.859472947800342e-08,2.9612408179621236e-08,-4.432931357856791e-06,9.060532584690702e-05,0.000292814891623742,1.6371090881629123e-05,1.8594729478003422e-05
RS-M1-001,regulator_theta_E_norm,fixed_300,0.0,300.0,60,1.530069757584279e-05,1.54643149218072e-05,0.0039061967539875645,0.0059050638319608825,0.0037409081523473897,0.00026981961602264666,0.004590209272752836
RS-M1-001,regulator_theta_E_norm,fixed_300,300.0,600.0,60,-1.5871774764097853e-06,-1.4438821988092515e-06,-0.00042521140210880284,0.0015809766718434658,0.005088023299963692,0.0003414121143928777,-0.00047615324292293556
RS-M1-001,regulator_theta_E_norm,fixed_300,600.0,900.0,60,-3.2127966677268663e-06,-3.2719961305647773e-06,-0.0008663903909762374,0.0015397374522963638,0.005421614863464246,0.00011166356908543429,-0.0009638390003180599
RS-M1-001,regulator_theta_E_norm,fixed_300,900.0,1200.0,60,6.224360931603337e-06,6.268351678853632e-06,0.0015605375914828894,0.0020828644153156606,0.006256398420390934,0.0002859461300048112,0.001867308279481001
RS-M1-001,regulator_theta_E_norm,fixed_300,1200.0,1500.0,60,-4.019775325067571e-07,7.868005698633091e-07,0.0003179839204807671,0.0014128128207948022,0.00699536671897296,0.0001464346145746676,-0.00012059325975202713
RS-M1-001,regulator_theta_E_norm,fixed_300,1500.0,1800.0,60,3.4757514350318026e-06,3.6243103056119836e-06,0.0008022087735087106,0.0015736220637964891,0.00875367830329758,0.000119378151922327,0.0010427254305095408
RS-M1-001,regulator_theta_E_norm,fixed_300,1800.0,2100.0,60,-6.263870428495276e-06,-6.311297721600243e-06,-0.0013483373028613053,0.0018953985493999487,0.007887850518724825,0.0001322577928925435,-0.0018791611285485829
RS-M1-001,regulator_theta_E_norm,fixed_300,2100.0,2400.0,60,5.42299981486356e-06,5.4158075627601435e-06,0.001474900430865284,0.0018307530779443628,0.007669080408875276,0.00016755036363438978,0.001626899944459068
RS-M1-001,regulator_theta_E_norm,fixed_300,2400.0,2700.0,60,1.8493814600714734e-06,1.8305272238816904e-06,0.0005206913128968094,0.0008238356478683321,0.009256134431543866,0.00017565470452752998,0.000554814438021442
RS-M1-001,regulator_theta_E_norm,fixed_300,2700.0,3000.0,60,1.737155912712625e-06,1.7503620879818622e-06,0.00047093737784017695,0.001829989721305457,0.009176263144607377,0.0005447182215869047,0.0005211467738137875
RS-M1-001,regulator_theta_E_norm,fixed_300,3000.0,3300.0,60,-7.986803913219775e-07,-4.881911182902173e-07,0.00015605085744882854,0.0010597834881100748,0.009961548093866155,0.0001028231112280148,-0.00023960411739659327
RS-M1-001,regulator_theta_E_norm,fixed_300,3300.0,3600.0,60,9.753128499997203e-06,9.684342813502218e-06,0.0022863017316074458,0.0029214100028157,0.011898758969248531,0.0001926136195178254,0.0029259385499991607
RS-M1-001,regulator_theta_E_norm,fixed_300,3600.0,3900.0,60,1.3305233842382797e-05,1.3365547907622198e-05,0.003297595375318322,0.0040584319447231985,0.015611053913552329,0.00028810504020234957,0.003991570152714839
RS-M1-001,regulator_theta_E_norm,fixed_300,3900.0,4200.0,60,1.351191758079436e-06,9.684025784863311e-07,0.00027806158171492235,0.001104070178800022,0.017568439481324992,0.00020705083258344345,0.0004053575274238308
RS-M1-001,regulator_theta_E_norm,fixed_300,4200.0,4500.0,60,2.3687634891342383e-06,1.8693328838305118e-06,0.00038158149642296413,0.0010511623287142273,0.01838559031489866,0.00019788380127312363,0.0007106290467402715
RS-M1-001,regulator_theta_E_norm,fixed_600,0.0,600.0,120,4.490700633888027e-06,5.428433477758197e-06,0.0036676803265803504,0.005972701654755856,0.004796923625465037,0.0006637059797685251,0.0026944203803328163
RS-M1-001,regulator_theta_E_norm,fixed_600,600.0,1200.0,120,1.5255374630283317e-06,1.654552350999681e-06,0.0008304174801726915,0.0020865687214041487,0.005640515710258051,0.0004241910561756184,0.000915322477816999
RS-M1-001,regulator_theta_E_norm,fixed_600,1200.0,1800.0,120,4.530435855437016e-06,4.737441466483043e-06,0.0018838707094964123,0.0027772161570696037,0.007833755894050692,0.0003275364321961749,0.0027182615132622092
RS-M1-001,regulator_theta_E_norm,fixed_600,1800.0,2400.0,120,-1.5801073398026314e-07,-1.952801743256393e-07,7.939641252787018e-05,0.0018953985493999487,0.00772970599751537,0.0004416056886615144,-9.480644038815788e-05
RS-M1-001,regulator_theta_E_norm,fixed_600,2400.0,3000.0,120,7.526542642498499e-07,5.286494035157713e-07,0.0012270908850578258,0.001829989721305457,0.009253369525655957,0.00024427634938333376,0.0004515925585499099
RS-M1-001,regulator_theta_E_norm,fixed_600,3000.0,3600.0,120,6.155811077834886e-06,5.923346583616064e-06,0.0027540214219470976,0.0037667907664190297,0.0102874678083715,0.0006555949918374531,0.0036934866467009317
RS-M1-001,regulator_theta_E_norm,fixed_600,3600.0,4200.0,120,7.449192081785413e-06,7.174232701040862e-06,0.004344389756228764,0.004721843144432034,0.016918718958254995,0.0005232099600710393,0.004469515249071248
RS-M1-001,regulator_theta_E_norm,fixed_600,4200.0,4500.0,60,2.3687634891342383e-06,1.8693328838305118e-06,0.00038158149642296413,0.0010511623287142273,0.01838559031489866,0.00019788380127312363,0.0007106290467402715
RS-M1-001,regulator_theta_E_norm,early,0,1000,200,1.8918893078944917e-06,2.4483051379399743e-06,0.0035644855383354453,0.006267388619742067,0.005121565945224142,0.0005426201885664729,0.0018918893078944917
RS-M1-001,regulator_theta_E_norm,middle,1750.0,2750.0,200,2.0587496636614147e-06,1.6356793511974995e-06,0.0005766106341878671,0.002828339789655637,0.008458001270927882,0.00042138330556250585,0.002058749663661415
RS-M1-001,regulator_theta_E_norm,late,3500.0,4500.0,200,5.45476160150819e-06,6.02222023598062e-06,0.005623720215323272,0.006318598236185845,0.01741135209779464,0.0006470511168019284,0.00545476160150819
RS-M1-001,regulator_theta_E_norm,final_1000,3500.0,4500.0,200,5.45476160150819e-06,6.02222023598062e-06,0.005623720215323272,0.006318598236185845,0.01741135209779464,0.0006470511168019284,0.00545476160150819
RS-M1-001,regulator_theta_I_norm,fixed_300,0.0,300.0,60,0.0,4.236918704150851e-06,0.0011385722343334342,0.0013207606241361749,0.0,0.0,0.0
RS-M1-001,regulator_theta_I_norm,fixed_300,300.0,600.0,60,-1.1840163045618776e-07,1.0616628964637853e-06,0.00048405541569682977,0.000531747274233471,0.0012423328535309396,4.716311658583801e-06,-3.552048913685633e-05
RS-M1-001,regulator_theta_I_norm,fixed_300,600.0,900.0,60,-1.598074047288666e-07,-1.5981539281991738e-07,-3.8358993837030956e-05,4.714715678847585e-05,0.0017261453560899645,1.3480449894570125e-07,-4.7942221418659974e-05
RS-M1-001,regulator_theta_I_norm,fixed_300,900.0,1200.0,60,-1.4092253916975413e-07,-1.2554471198550948e-07,-3.067749907702494e-05,3.8730490151244086e-05,0.0016847448259754627,3.64370517908115e-07,-4.227676175092624e-05
RS-M1-001,regulator_theta_I_norm,fixed_300,1200.0,1500.0,60,-1.8541408949471184e-07,-2.002645639586898e-07,-4.308380157443592e-05,6.741228571144516e-05,0.0016427179188739202,5.516587136937599e-06,-5.5624226848413556e-05
RS-M1-001,regulator_theta_I_norm,fixed_300,1500.0,1800.0,60,-1.2183938027818718e-07,-1.2030911198290752e-07,-2.9400516867187244e-05,3.389644505893421e-05,0.0015864153736146055,1.5498000761231864e-06,-3.6551814083456153e-05
RS-M1-001,regulator_theta_I_norm,fixed_300,1800.0,2100.0,60,-1.1087681565063368e-07,-1.1088681925175611e-07,-2.6614236824847818e-05,3.27053227370225e-05,0.0015551718340443008,9.3543131519957e-08,-3.3263044695190105e-05
RS-M1-001,regulator_theta_I_norm,fixed_300,2100.0,2400.0,60,-8.582216558100089e-08,2.3735874094058886e-07,5.172124831572108e-05,7.507432226939591e-05,0.0015895938419314645,1.0592479788831951e-05,-2.574664967430027e-05
RS-M1-001,regulator_theta_I_norm,fixed_300,2400.0,2700.0,60,-1.038529553126645e-07,-1.4169148562696003e-07,-3.4948043246921376e-05,4.044896203509699e-05,0.0015688824887199802,1.8216357618205167e-07,-3.115588659379935e-05
RS-M1-001,regulator_theta_I_norm,fixed_300,2700.0,3000.0,60,-9.04731883892287e-08,-8.893101891991632e-08,-2.1452591306967946e-05,2.5339068717463668e-05,0.0015312495065443544,7.10519992381739e-08,-2.714195651676861e-05
RS-M1-001,regulator_theta_I_norm,fixed_300,3000.0,3300.0,60,-8.303444536883273e-08,-8.311506209470184e-08,-1.9948183237605312e-05,2.452616609645601e-05,0.0015051564158491122,6.2675794034882e-08,-2.4910333610649817e-05
RS-M1-001,regulator_theta_I_norm,fixed_300,3300.0,3600.0,60,3.200469347436582e-06,4.169373134742802e-06,0.0009402065275060485,0.0009528293867554463,0.0015071404853214052,0.0003347079091322924,0.0009601408042309746
RS-M1-001,regulator_theta_I_norm,fixed_300,3600.0,3900.0,60,-1.984872387468538e-07,-2.1130654883803005e-07,-5.255445643564862e-05,6.184276077124233e-05,0.0023229700209758002,3.882129345570036e-06,-5.9546171624056135e-05
RS-M1-001,regulator_theta_I_norm,fixed_300,3900.0,4200.0,60,-1.560667370193454e-07,-2.1309555291559577e-08,1.1826076011607102e-05,5.424333787366854e-05,0.002282275783098718,9.920158215788628e-06,-4.682002110580362e-05
RS-M1-001,regulator_theta_I_norm,fixed_300,4200.0,4500.0,60,-1.9546274278899359e-07,-2.0028951177211302e-07,-4.631862878030652e-05,5.4109925618130855e-05,0.0022741537470251953,1.3397668203933653e-06,-5.863882283669807e-05
RS-M1-001,regulator_theta_I_norm,fixed_600,0.0,600.0,120,2.710073585916396e-06,3.2422097941772715e-06,0.0017361128626251375,0.0017569111349149884,0.001226465198890031,0.0004530878746928918,0.0016260441515498377
RS-M1-001,regulator_theta_I_norm,fixed_600,600.0,1200.0,120,-1.4581102259235357e-07,-1.433895303334064e-07,-7.820233777090357e-05,8.664145688584788e-05,0.0017027075654582845,2.081487240472818e-06,-8.748661355541215e-05
RS-M1-001,regulator_theta_I_norm,fixed_600,1200.0,1800.0,120,-1.5798552928104588e-07,-1.6342900772756043e-07,-8.495960065485518e-05,9.044873076669252e-05,0.001605609446178048,5.4783733111684945e-06,-9.479131756862753e-05
RS-M1-001,regulator_theta_I_norm,fixed_600,1800.0,2400.0,120,-1.0527628463624255e-07,6.374722594698265e-08,1.874764731114669e-05,7.507432226939591e-05,0.001560757071985963,2.1815320480044744e-05,-6.316577078174553e-05
RS-M1-001,regulator_theta_I_norm,fixed_600,2400.0,3000.0,120,-1.0346357841794841e-07,-1.1637633756668227e-07,-6.0637364432318194e-05,6.591808340594501e-05,0.0015435219024963474,4.12517108610037e-06,-6.207814705076905e-05
RS-M1-001,regulator_theta_I_norm,fixed_600,3000.0,3600.0,120,-1.606576171930793e-08,1.2992735527306318e-06,0.0009154880587938403,0.0009528293867554463,0.001506245380175151,7.808200376249329e-06,-9.639457031584758e-06
RS-M1-001,regulator_theta_I_norm,fixed_600,3600.0,4200.0,120,-1.6697612508085684e-07,-1.397868916270663e-07,-5.036067305111587e-05,0.00010345785462117108,0.0023040361679924114,6.182828479855225e-06,-0.00010018567504851411
RS-M1-001,regulator_theta_I_norm,fixed_600,4200.0,4500.0,60,-1.9546274278899359e-07,-2.0028951177211302e-07,-4.631862878030652e-05,5.4109925618130855e-05,0.0022741537470251953,1.3397668203933653e-06,-5.863882283669807e-05
RS-M1-001,regulator_theta_I_norm,early,0,1000,200,1.400136293853019e-06,2.024332548103272e-06,0.0016921257421453478,0.0017569111349149884,0.0012496046317409175,0.00020503801278479985,0.001400136293853019
RS-M1-001,regulator_theta_I_norm,middle,1750.0,2750.0,200,-3.3875427517930635e-08,2.3367995630104032e-09,-3.1219212722136645e-05,7.507432226939591e-05,0.0015658799701161394,2.0396736316090347e-05,-3.387542751793063e-05
RS-M1-001,regulator_theta_I_norm,late,3500.0,4500.0,200,-1.4995591197956003e-07,-1.153605056646446e-07,-0.0001824328271170638,0.00019098571739431915,0.002294659209349938,1.644417857887045e-05,-0.00014995591197956002
RS-M1-001,regulator_theta_I_norm,final_1000,3500.0,4500.0,200,-1.4995591197956003e-07,-1.153605056646446e-07,-0.0001824328271170638,0.00019098571739431915,0.002294659209349938,1.644417857887045e-05,-0.00014995591197956002
RS-M1-002,H_norm,fixed_300,0.0,300.0,60,4.936551438036988e-07,5.037836590001462e-07,0.00011559828825086813,0.00013683252513919106,7.52703074654981e-05,9.473499326118263e-06,0.00014809654314110963
RS-M1-002,H_norm,fixed_300,300.0,600.0,60,1.8201361865041296e-07,1.807813547006304e-07,5.6991458100079026e-05,8.438027738101264e-05,0.00015773855215313882,1.4809452291911321e-05,5.4604085595123885e-05
RS-M1-002,H_norm,fixed_300,600.0,900.0,60,2.0748140200475194e-07,2.0654434049614276e-07,5.2714395072564165e-05,8.937064062482271e-05,0.00020426468026812694,1.923536727278467e-05,6.224442060142558e-05
RS-M1-002,H_norm,fixed_300,900.0,1200.0,60,8.382578859699869e-08,7.858425802012497e-08,2.1092466909692232e-05,3.648914408943901e-05,0.0002326883917322264,5.971368592682527e-06,2.514773657909961e-05
RS-M1-002,H_norm,fixed_300,1200.0,1500.0,60,-1.3191036027533034e-07,-1.4917345497255218e-07,-3.065665107997032e-05,6.681541862719572e-05,0.00024028604641271353,4.564466065193904e-06,-3.95731080825991e-05
RS-M1-002,H_norm,fixed_300,1500.0,1800.0,60,2.388573202692555e-07,2.4537275515530235e-07,5.3076586037211534e-05,6.828736481953116e-05,0.00023781600439310867,1.1650293395367448e-05,7.165719608077665e-05
RS-M1-002,H_norm,fixed_300,1800.0,2100.0,60,-1.4497720252318018e-07,-1.4186231045308305e-07,-2.6714544200927325e-05,6.821832629052375e-05,0.00024201411377526837,6.720970302511451e-06,-4.349316075695405e-05
RS-M1-002,H_norm,fixed_300,2100.0,2400.0,60,9.529245513288765e-08,1.0703155644792445e-07,2.4625041279552112e-05,4.646010076372672e-05,0.00024154071104795773,1.822287400286306e-06,2.8587736539866294e-05
RS-M1-002,H_norm,fixed_300,2400.0,2700.0,60,5.142831453766469e-08,7.998927897983501e-08,6.365649564103227e-06,4.600954449964314e-05,0.00028039616109499263,5.220419988512888e-06,1.5428494361299407e-05
RS-M1-002,H_norm,fixed_300,2700.0,3000.0,60,3.004669388702239e-08,4.002031881319737e-08,1.8316132263812308e-05,3.81033233332154e-05,0.00027038868311084305,6.1134535787812786e-06,9.014008166106716e-06
RS-M1-002,H_norm,fixed_300,3000.0,3300.0,60,-1.7676353807231705e-08,-1.2755860609454936e-08,-5.14092212309668e-06,2.3241668053867993e-05,0.0002765751303728792,6.935233159174382e-06,-5.302906142169512e-06
RS-M1-002,H_norm,fixed_300,3300.0,3600.0,60,-5.157619455421933e-09,-1.2111651197260853e-08,-1.0615774789445552e-06,6.41996740810151e-05,0.0002824784405755415,3.8320926353661204e-06,-1.54728583662658e-06
RS-M1-002,H_norm,fixed_300,3600.0,3900.0,60,-2.3156663089335912e-08,-2.3001840986303605e-08,-5.374829776767906e-06,1.6712214107235954e-05,0.0002806928173541488,3.509188552824812e-06,-6.946998926800773e-06
RS-M1-002,H_norm,fixed_300,3900.0,4200.0,60,-4.6071322261104364e-08,-4.3535539920269436e-08,-1.2568486247159093e-05,2.2546374101528913e-05,0.00026405044865898957,2.9235219431990008e-06,-1.382139667833131e-05
RS-M1-002,H_norm,fixed_300,4200.0,4500.0,60,-5.883330421075922e-09,-2.0729478047324166e-09,-3.25194237308957e-06,2.466465676949917e-05,0.0002550564135464838,3.904474170523452e-06,-1.7649991263227766e-06
RS-M1-002,H_norm,fixed_600,0.0,600.0,120,2.797650799446502e-07,2.7660536611891746e-07,0.00015888484231555452,0.0001775957433097904,0.00013114175240599827,2.3658305451541098e-05,0.00016785904796679015
RS-M1-002,H_norm,fixed_600,600.0,1200.0,120,1.2267933234397214e-07,1.210749865153101e-07,8.34336656512694e-05,9.850661959401007e-05,0.00021989611311837976,1.0788523358267157e-05,7.360759940638328e-05
RS-M1-002,H_norm,fixed_600,1200.0,1800.0,120,3.1004922280922698e-09,2.386353112567717e-08,1.896506053766561e-05,7.255527370396216e-05,0.0002385480561495012,1.3473353550178403e-05,1.8602953368553618e-06
RS-M1-002,H_norm,fixed_600,1800.0,2400.0,120,1.198745917564516e-08,-4.1453285234155857e-10,-1.5050255542181992e-06,6.821832629052375e-05,0.0002415765211005688,8.328769151124497e-06,7.192475505387096e-06
RS-M1-002,H_norm,fixed_600,2400.0,3000.0,120,-1.9561408068753305e-09,8.491453099423062e-09,7.456492966765422e-06,5.55963617999634e-05,0.000275095033563227,8.316348571315007e-06,-1.1736844841251984e-06
RS-M1-002,H_norm,fixed_600,3000.0,3600.0,120,1.1986367606171211e-08,1.8154669901946566e-08,7.90876786021437e-06,6.493191347830873e-05,0.0002798798773864595,5.703479216405459e-06,7.191820563702727e-06
RS-M1-002,H_norm,fixed_600,3600.0,4200.0,120,-5.055119278615196e-08,-4.883549556968906e-08,-2.181541293315713e-05,3.354989020267667e-05,0.0002725817736429247,2.943187204124478e-06,-3.0330715671691176e-05
RS-M1-002,H_norm,fixed_600,4200.0,4500.0,60,-5.883330421075922e-09,-2.0729478047324166e-09,-3.25194237308957e-06,2.466465676949917e-05,0.0002550564135464838,3.904474170523452e-06,-1.7649991263227766e-06
RS-M1-002,H_norm,early,0,1000,200,1.885247359293227e-07,1.9723033579920467e-07,0.00020820035024089699,0.00023556974521121897,0.00016026546714121223,2.180597781107507e-05,0.0001885247359293227
RS-M1-002,H_norm,middle,1750.0,2750.0,200,4.428218822322768e-08,3.591001252571883e-08,-5.907884201687978e-06,7.251797475000369e-05,0.0002508553542593713,1.2769520536192572e-05,4.428218822322768e-05
RS-M1-002,H_norm,late,3500.0,4500.0,200,-3.8895080298903485e-08,-3.7739008367668184e-08,-2.9596856794754183e-05,4.2575556325342555e-05,0.00026672233316326493,3.654372986192268e-06,-3.8895080298903485e-05
RS-M1-002,H_norm,final_1000,3500.0,4500.0,200,-3.8895080298903485e-08,-3.7739008367668184e-08,-2.9596856794754183e-05,4.2575556325342555e-05,0.00026672233316326493,3.654372986192268e-06,-3.8895080298903485e-05
RS-M1-002,regulator_theta_E_norm,fixed_300,0.0,300.0,60,1.3047090211058244e-05,1.5102649634797784e-05,0.003976177823864627,0.005427377157342806,0.003880283749954849,0.00021569257996913714,0.0039141270633174735
RS-M1-002,regulator_theta_E_norm,fixed_300,300.0,600.0,60,8.36423631204923e-06,8.365818292011405e-06,0.0016943463403827847,0.002814144717107038,0.0072250565519819225,0.0003324460632779017,0.002509270893614769
RS-M1-002,regulator_theta_E_norm,fixed_300,600.0,900.0,60,9.59709904719232e-07,1.046349078030609e-06,3.558130828185124e-05,0.0008207499414653943,0.008167484794673299,0.0001665126880089525,0.0002879129714157696
RS-M1-002,regulator_theta_E_norm,fixed_300,900.0,1200.0,60,-1.9754333194706683e-06,-1.8332564529958906e-06,-0.0005685188857120025,0.0016262616304842867,0.008774818750946344,0.00022297343499737797,-0.0005926299958412005
RS-M1-002,regulator_theta_E_norm,fixed_300,1200.0,1500.0,60,2.9466682404199743e-06,3.3398218233620188e-06,0.0008857506245855649,0.0017441339993962846,0.008209445231583365,0.0004030865926251811,0.0008840004721259923
RS-M1-002,regulator_theta_E_norm,fixed_300,1500.0,1800.0,60,3.386550107138993e-06,3.574620465530999e-06,0.0007778270665229504,0.0016953867211066207,0.009479843562118204,0.00035788199791247054,0.001015965032141698
RS-M1-002,regulator_theta_E_norm,fixed_300,1800.0,2100.0,60,6.268589266194226e-06,6.339797117198951e-06,0.001553724121020424,0.001978780976083951,0.010495987186495755,0.00013846548767339293,0.0018805767798582677
RS-M1-002,regulator_theta_E_norm,fixed_300,2100.0,2400.0,60,-2.0898421149255584e-07,-3.49414955958485e-07,-0.00018757184894648872,0.0009795238067965423,0.010945625499352001,0.00019736893289765307,-6.269526344776676e-05
RS-M1-002,regulator_theta_E_norm,fixed_300,2400.0,2700.0,60,-4.9276439190646504e-06,-4.8234321992290875e-06,-0.0008652617168382528,0.0016683276430680249,0.01050796859356573,0.00014872184652183883,-0.001478293175719395
RS-M1-002,regulator_theta_E_norm,fixed_300,2700.0,3000.0,60,-1.2268068209185537e-06,-1.3419001777889385e-06,-0.00016567778917246818,0.0010590985449410693,0.010361277441130388,9.669519245822031e-05,-0.0003680420462755661
RS-M1-002,regulator_theta_E_norm,fixed_300,3000.0,3300.0,60,6.443390888785367e-06,6.362916794684767e-06,0.0015010558670637657,0.002283725441775724,0.012046274368563363,0.00016241162854075276,0.0019330172666356103
RS-M1-002,regulator_theta_E_norm,fixed_300,3300.0,3600.0,60,4.389275234557286e-06,4.044855955554498e-06,0.0008954467690445687,0.0016194436068484395,0.013417660909950195,0.00017667142041997638,0.0013167825703671858
RS-M1-002,regulator_theta_E_norm,fixed_300,3600.0,3900.0,60,1.224315302783216e-06,7.551672937774088e-07,0.0004381043771024169,0.001048459301521712,0.012280942009477859,0.0001329947631203577,0.00036729459083496477
RS-M1-002,regulator_theta_E_norm,fixed_300,3900.0,4200.0,60,-1.4614983911428882e-06,-1.92219928786403e-06,-0.0005484151450837645,0.0013721122687853013,0.013269379173178657,0.0002252246824998366,-0.00043844951734286645
RS-M1-002,regulator_theta_E_norm,fixed_300,4200.0,4500.0,60,7.734801159520883e-06,7.961614742105367e-06,0.0014831103668578836,0.00219196897148434,0.012448322217923646,0.00033520997864292055,0.002320440347856265
RS-M1-002,regulator_theta_E_norm,fixed_600,0.0,600.0,120,1.0327181310425269e-05,1.09316389796064e-05,0.006194447349343986,0.00814878057674113,0.0054545892845504155,0.0001787088381965578,0.006196308786255162
RS-M1-002,regulator_theta_E_norm,fixed_600,600.0,1200.0,120,1.6034982752229553e-06,1.5721564527794913e-06,2.424162320833513e-05,0.002009603076585662,0.008371594972206563,0.0002753138660775089,0.0009620989651337732
RS-M1-002,regulator_theta_E_norm,fixed_600,1200.0,1800.0,120,3.98997049551628e-06,4.105374126262283e-06,0.0019945735035733717,0.0028075423227526108,0.009112220213107012,0.00025286583577087754,0.002393982297309768
RS-M1-002,regulator_theta_E_norm,fixed_600,1800.0,2400.0,120,2.207109818496514e-06,2.202008400522463e-06,0.0010820456645033085,0.002096561909457161,0.010838003561069837,0.00021278087524159196,0.0013242658910979084
RS-M1-002,regulator_theta_E_norm,fixed_600,2400.0,3000.0,120,-1.3494478503285474e-06,-1.36588278930996e-06,-0.0005596477900407515,0.0017119340500132574,0.010373993351733064,0.00025841939422626987,-0.0008096687101971285
RS-M1-002,regulator_theta_E_norm,fixed_600,3000.0,3600.0,120,4.48280997475181e-06,4.447806088064376e-06,0.0024574623581002392,0.003365081732027618,0.012712882391376927,0.0001679801567100129,0.002689685984851086
RS-M1-002,regulator_theta_E_norm,fixed_600,3600.0,4200.0,120,2.219765118654128e-06,1.7516288565001757e-06,0.00039304854438943285,0.0016307126154916727,0.012621210385324683,0.00028582163779721555,0.001331859071192477
RS-M1-002,regulator_theta_E_norm,fixed_600,4200.0,4500.0,60,7.734801159520883e-06,7.961614742105367e-06,0.0014831103668578836,0.00219196897148434,0.012448322217923646,0.00033520997864292055,0.002320440347856265
RS-M1-002,regulator_theta_E_norm,early,0,1000,200,6.492040982971982e-06,6.819252471063963e-06,0.007440034084400906,0.008874632940279044,0.007479799683187691,0.0009213734341259631,0.006492040982971982
RS-M1-002,regulator_theta_E_norm,middle,1750.0,2750.0,200,2.1744268627590928e-07,2.7984282541058654e-07,0.0004772840725772911,0.002096561909457161,0.010751440665616434,0.00036983383139479065,0.00021744268627590927
RS-M1-002,regulator_theta_E_norm,late,3500.0,4500.0,200,2.9135959559865424e-07,1.5442975278455743e-07,9.654773732566818e-05,0.00219196897148434,0.01272934642746822,0.0005652517209692627,0.00029135959559865426
RS-M1-002,regulator_theta_E_norm,final_1000,3500.0,4500.0,200,2.9135959559865424e-07,1.5442975278455743e-07,9.654773732566818e-05,0.00219196897148434,0.01272934642746822,0.0005652517209692627,0.00029135959559865426
RS-M1-002,regulator_theta_I_norm,fixed_300,0.0,300.0,60,4.178405125916702e-06,6.758361202189973e-06,0.0016138845972111535,0.001860389249098492,0.0,0.00038571303695953264,0.0012535215377750106
RS-M1-002,regulator_theta_I_norm,fixed_300,300.0,600.0,60,-1.7533392589737118e-07,-1.7536444669154434e-07,-4.206533951329138e-05,5.171350651404956e-05,0.001833454014382107,1.427485755134926e-07,-5.260017776921136e-05
RS-M1-002,regulator_theta_I_norm,fixed_300,600.0,900.0,60,-2.4812864071098794e-07,2.164133739681595e-06,0.0008842401927101336,0.0010020738809469966,0.0027078218361623226,1.2515951518209546e-05,-7.443859221329638e-05
RS-M1-002,regulator_theta_I_norm,fixed_300,900.0,1200.0,60,-1.6312025072791084e-07,-7.650913610556575e-08,-7.148571538478227e-06,5.6546197052858606e-05,0.0026866923243206694,8.823077633805018e-06,-4.893607521837325e-05
RS-M1-002,regulator_theta_I_norm,fixed_300,1200.0,1500.0,60,-2.1810759943446883e-07,-3.375404562821912e-07,-8.390103009264663e-05,9.59234688610428e-05,0.0025998905863159646,3.442305565282914e-07,-6.543227983034065e-05
RS-M1-002,regulator_theta_I_norm,fixed_300,1500.0,1800.0,60,-2.0143942601205457e-07,-2.10250879561619e-07,-5.2776282361080736e-05,6.334966615542713e-05,0.0025376930155889526,9.096544213520706e-08,-6.043182780361637e-05
RS-M1-002,regulator_theta_I_norm,fixed_300,1800.0,2100.0,60,-1.8070803094608414e-07,-1.8072933957720043e-07,-4.337565215865435e-05,5.3321696691590106e-05,0.0024760287615483104,1.5255748715583932e-07,-5.4212409283825244e-05
RS-M1-002,regulator_theta_I_norm,fixed_300,2100.0,2400.0,60,-1.6914531345781138e-07,-2.0391449300176908e-07,-4.933132228241658e-05,5.821809140451901e-05,0.002424190117471506,1.5737914515708863e-07,-5.0743594037343416e-05
RS-M1-002,regulator_theta_I_norm,fixed_300,2400.0,2700.0,60,-1.95498348563605e-07,-2.0703884077890549e-07,-4.771659427754097e-05,5.600147902766646e-05,0.0023840086246799787,5.640553006119962e-06,-5.86495045690815e-05
RS-M1-002,regulator_theta_I_norm,fixed_300,2700.0,3000.0,60,2.424656839281595e-07,3.421281038714647e-07,6.774787232005121e-05,0.00010694803822874823,0.002383952266189423,2.9201528722398295e-05,7.273970517844786e-05
RS-M1-002,regulator_theta_I_norm,fixed_300,3000.0,3300.0,60,-1.328816047597065e-07,-1.329132835761545e-07,-3.1907670030609844e-05,3.9224173556522916e-05,0.002362165772940529,1.154673924827574e-07,-3.986448142791195e-05
RS-M1-002,regulator_theta_I_norm,fixed_300,3300.0,3600.0,60,-1.2134698636386792e-07,-1.1949801670310133e-07,-2.9075409472839684e-05,3.573912075495369e-05,0.0023251628970637488,7.662438658362965e-07,-3.6404095909160373e-05
RS-M1-002,regulator_theta_I_norm,fixed_300,3600.0,3900.0,60,-1.5464205159122983e-07,-1.6201257626290196e-07,-3.6280462042127294e-05,4.385323867682391e-05,0.0022777478698579653,3.751553976186076e-06,-4.639261547736895e-05
RS-M1-002,regulator_theta_I_norm,fixed_300,3900.0,4200.0,60,-1.2867697999989827e-07,-1.7379390113606056e-07,-4.2629941804157856e-05,5.43404244902645e-05,0.002230640725097785,1.990837323155364e-06,-3.860309399996948e-05
RS-M1-002,regulator_theta_I_norm,fixed_300,4200.0,4500.0,60,6.207056811740951e-08,6.86695842026491e-08,1.3654226052694021e-05,3.253156866924898e-05,0.0022338175490711535,3.3864069080449897e-06,1.8621170435222854e-05
RS-M1-002,regulator_theta_I_norm,fixed_600,0.0,600.0,120,3.3858037268505913e-06,4.215914082702231e-06,0.0018127820411001853,0.001860389249098492,0.001809408487403997,0.0007502857988528506,0.0020314822361103546
RS-M1-002,regulator_theta_I_norm,fixed_600,600.0,1200.0,120,-9.11090590377148e-08,5.302851640496603e-07,0.0008659854278108311,0.0010020738809469966,0.002694208131315528,1.143240731085759e-05,-5.466543542262888e-05
RS-M1-002,regulator_theta_I_norm,fixed_600,1200.0,1800.0,120,-2.1092131615960887e-07,-2.459341303076253e-07,-0.00014911279215819436,0.00016030941079024467,0.0025680918023537856,5.808160226600592e-07,-0.0001265527896957653
RS-M1-002,regulator_theta_I_norm,fixed_600,1800.0,2400.0,120,-1.7760947794775953e-07,-1.8649518849500677e-07,-0.00010307134020276542,0.00011240347340467057,0.002449525998141254,3.819856271070933e-07,-0.00010656568676865572
RS-M1-002,regulator_theta_I_norm,fixed_600,2400.0,3000.0,120,-1.4448208994215593e-07,-3.697844126447939e-08,-1.497906452113066e-05,0.0001096605025840856,0.0023840086246799787,3.4316870335681076e-05,-8.668925396529356e-05
RS-M1-002,regulator_theta_I_norm,fixed_600,3000.0,3600.0,120,-1.2688156002138068e-07,-1.2622502128054748e-07,-6.860703231958672e-05,7.559861499147925e-05,0.002342670273272815,1.02683077152178e-06,-7.61289360128284e-05
RS-M1-002,regulator_theta_I_norm,fixed_600,3600.0,4200.0,120,-1.6019127466742818e-07,-1.644952443415949e-07,-9.080828585179314e-05,9.870429904125207e-05,0.002252500484387803,3.5925538612760315e-06,-9.611476480045691e-05
RS-M1-002,regulator_theta_I_norm,fixed_600,4200.0,4500.0,60,6.207056811740951e-08,6.86695842026491e-08,1.3654226052694021e-05,3.253156866924898e-05,0.0022338175490711535,3.3864069080449897e-06,1.8621170435222854e-05
RS-M1-002,regulator_theta_I_norm,early,0,1000,200,2.555070146082906e-06,3.0845542969841658e-06,0.0027092037378899357,0.0028035506824389544,0.0018360907306331328,0.0003317998462564416,0.002555070146082906
RS-M1-002,regulator_theta_I_norm,middle,1750.0,2750.0,200,-1.71842941201914e-07,-1.740429571652688e-07,-0.00018658505332457258,0.00019987050223769154,0.002424190117471506,1.3560428497071727e-06,-0.000171842941201914
RS-M1-002,regulator_theta_I_norm,late,3500.0,4500.0,200,-1.0096534142272558e-07,-8.71640033439864e-08,-7.393547096254437e-05,0.00011982893987441201,0.0022424109256479604,1.2472102238578848e-05,-0.00010096534142272557
RS-M1-002,regulator_theta_I_norm,final_1000,3500.0,4500.0,200,-1.0096534142272558e-07,-8.71640033439864e-08,-7.393547096254437e-05,0.00011982893987441201,0.0022424109256479604,1.2472102238578848e-05,-0.00010096534142272557
RS-M1-003,H_norm,fixed_300,0.0,300.0,60,1.9537704310534725e-07,1.898914010583199e-07,3.937944232451132e-05,0.000124783995699494,8.677350081430915e-05,2.3749957306652182e-05,5.8613112931604175e-05
RS-M1-003,H_norm,fixed_300,300.0,600.0,60,2.4722210804220414e-07,2.4807787785195777e-07,5.47941007613226e-05,8.708913071023238e-05,0.00010724439373175043,6.855382328299006e-06,7.416663241266124e-05
RS-M1-003,H_norm,fixed_300,600.0,900.0,60,-9.768695969093106e-09,-9.3947820193269e-08,-1.5374942816612642e-05,8.478530065504387e-05,0.00017792611033635194,7.836577637486804e-06,-2.930608790727932e-06
RS-M1-003,H_norm,fixed_300,900.0,1200.0,60,1.5547706541018778e-07,1.5521589663229646e-07,3.7852582855157614e-05,8.631260180756055e-05,0.00021407006189864012,1.3325423726417044e-05,4.6643119623056334e-05
RS-M1-003,H_norm,fixed_300,1200.0,1500.0,60,9.372004527279863e-08,8.908839114978866e-08,1.0334975329288551e-05,4.2853903022196845e-05,0.00022300155085683304,6.365863523424015e-06,2.811601358183959e-05
RS-M1-003,H_norm,fixed_300,1500.0,1800.0,60,1.1261015162862822e-08,1.919299771168048e-08,4.321282052426663e-06,2.8004267997713036e-05,0.0002256283033008834,5.141168237447448e-06,3.378304548858847e-06
RS-M1-003,H_norm,fixed_300,1800.0,2100.0,60,2.895975780526205e-07,2.9310969668663245e-07,5.431585193692415e-05,8.682568487225337e-05,0.00029227833571006265,1.1371116540935387e-05,8.687927341578615e-05
RS-M1-003,H_norm,fixed_300,2100.0,2400.0,60,8.252723803083864e-08,7.611389323477662e-08,1.482439255699378e-05,6.001810727406746e-05,0.00025430077222818683,8.038944254906965e-06,2.4758171409251592e-05
RS-M1-003,H_norm,fixed_300,2400.0,2700.0,60,-4.345614242826063e-08,-1.5030461565318626e-07,-5.527412636425593e-05,7.692439340966744e-05,0.0002358155535822985,3.0531162389873747e-06,-1.3036842728478188e-05
RS-M1-003,H_norm,fixed_300,2700.0,3000.0,60,1.5798455996646227e-07,1.5287950819418012e-07,3.7861142553750795e-05,4.646445089012146e-05,0.0002577971049415517,5.57917609862068e-06,4.739536798993868e-05
RS-M1-003,H_norm,fixed_300,3000.0,3300.0,60,-1.1838480648406346e-08,-1.4709638159269573e-08,-1.1188031547058018e-05,2.4067116859402646e-05,0.00026750924820465337,5.36079471258387e-06,-3.551544194521904e-06
RS-M1-003,H_norm,fixed_300,3300.0,3600.0,60,2.7669542635477803e-09,6.2722701744509055e-09,1.0425735136216112e-06,2.460468576347488e-05,0.0002650922997784389,4.437566859572965e-06,8.30086279064334e-07
RS-M1-003,H_norm,fixed_300,3600.0,3900.0,60,-7.656852556480501e-08,-9.549291075916225e-08,-2.0569327038992525e-05,3.643118047228378e-05,0.0002577532511997701,4.434771742377596e-06,-2.2970557669441504e-05
RS-M1-003,H_norm,fixed_300,3900.0,4200.0,60,5.0589544545441584e-08,8.623814042661798e-08,3.3519262913951e-05,6.582351171065346e-05,0.00027643868768600075,9.953050997394097e-06,1.5176863363632475e-05
RS-M1-003,H_norm,fixed_300,4200.0,4500.0,60,-4.6593588171587396e-08,-3.361774341071265e-08,-6.884161983313343e-06,3.8070558881213735e-05,0.0003016188887075507,7.315916235650291e-06,-1.3978076451476218e-05
RS-M1-003,H_norm,fixed_600,0.0,600.0,120,1.4785110877407349e-07,1.3024599366553283e-07,0.00010044425567058391,0.00016038550189732503,9.787703860563143e-05,1.612100487115558e-05,8.871066526444409e-05
RS-M1-003,H_norm,fixed_600,600.0,1200.0,120,1.1536016739649863e-07,8.879695885857874e-08,2.6213017087302006e-05,0.00011069559595839302,0.00018886400353888084,7.152732501542998e-06,6.921610043789918e-05
RS-M1-003,H_norm,fixed_600,1200.0,1800.0,120,1.9782977872422358e-08,1.6761619259948756e-08,2.3408998482854926e-06,4.2853903022196845e-05,0.00022550210228699347,7.65479935552748e-06,1.1869786723453415e-05
RS-M1-003,H_norm,fixed_600,1800.0,2400.0,120,8.746208373076057e-09,-6.7195794395209045e-09,7.503012210865361e-06,8.682568487225337e-05,0.00025802270167227823,1.7106286401565002e-05,5.247725023845634e-06
RS-M1-003,H_norm,fixed_600,2400.0,3000.0,120,5.524970392003742e-08,2.7900893976592488e-08,-2.0829049402250614e-05,7.82387138977935e-05,0.00024055550450727275,7.233005447348075e-06,3.3149822352022454e-05
RS-M1-003,H_norm,fixed_600,3000.0,3600.0,120,-1.0816138435910261e-08,-1.1804153670789629e-08,-1.83113616951232e-05,2.757836682846062e-05,0.0002662622172694092,4.4857777493473826e-06,-6.489683061546157e-06
RS-M1-003,H_norm,fixed_600,3600.0,4200.0,120,4.063910874706896e-08,4.714521218247811e-08,3.655955815072125e-05,7.19039664006584e-05,0.00027071336530147734,1.2348316799736019e-05,2.4383465248241378e-05
RS-M1-003,H_norm,fixed_600,4200.0,4500.0,60,-4.6593588171587396e-08,-3.361774341071265e-08,-6.884161983313343e-06,3.8070558881213735e-05,0.0003016188887075507,7.315916235650291e-06,-1.3978076451476218e-05
RS-M1-003,H_norm,early,0,1000,200,1.5423509119156314e-07,1.519030089186888e-07,0.0001453656634967209,0.00023826722857417918,0.00012811540928586848,1.1420371000810947e-05,0.00015423509119156313
RS-M1-003,H_norm,middle,1750.0,2750.0,200,-2.8221960250232412e-08,-2.7254348222502567e-08,6.159367214729808e-06,8.842185148590496e-05,0.0002457958177189588,1.2543578365703615e-05,-2.8221960250232414e-05
RS-M1-003,H_norm,late,3500.0,4500.0,200,4.816517279348156e-08,5.0122496417998315e-08,2.517373287961211e-05,7.19039664006584e-05,0.00027763498966400246,1.2352850350706279e-05,4.816517279348156e-05
RS-M1-003,H_norm,final_1000,3500.0,4500.0,200,4.816517279348156e-08,5.0122496417998315e-08,2.517373287961211e-05,7.19039664006584e-05,0.00027763498966400246,1.2352850350706279e-05,4.816517279348156e-05
RS-M1-003,regulator_theta_E_norm,fixed_300,0.0,300.0,60,8.168016932455973e-06,9.113400491671013e-06,0.0028792324699819286,0.0045286099273076095,0.002987551101895687,0.0004702468882350375,0.002450405079736792
RS-M1-003,regulator_theta_E_norm,fixed_300,300.0,600.0,60,8.461885817803751e-06,7.744049037290681e-06,0.002017512914553407,0.003109660824746574,0.0048513211508446705,0.00044507503845654835,0.002538565745341125
RS-M1-003,regulator_theta_E_norm,fixed_300,600.0,900.0,60,3.135533764397892e-06,3.283782015050064e-06,0.0007113726479004191,0.00202925709403052,0.0070610275113613934,0.0003621359512818085,0.0009406601293193676
RS-M1-003,regulator_theta_E_norm,fixed_300,900.0,1200.0,60,3.3161095529864345e-06,3.272178747389611e-06,0.00089390697596539,0.0016387086328394024,0.008255725581540009,0.0002727053080828325,0.0009948328658959304
RS-M1-003,regulator_theta_E_norm,fixed_300,1200.0,1500.0,60,3.567279730536185e-06,3.316137173099813e-06,0.0011598466182719987,0.0020439834702439593,0.009607012162703443,0.00039008472299290487,0.0010701839191608554
RS-M1-003,regulator_theta_E_norm,fixed_300,1500.0,1800.0,60,-5.26680319786311e-06,-4.570895191716213e-06,-0.0009832757217360655,0.0015944226258681055,0.009739417826675534,0.00014370368767457377,-0.001580040959358933
RS-M1-003,regulator_theta_E_norm,fixed_300,1800.0,2100.0,60,-6.317266810398808e-07,-5.567504023499227e-07,-0.000321919257831052,0.0010064907376298397,0.00967081141824633,0.00011872147612229222,-0.00018951800431196423
RS-M1-003,regulator_theta_E_norm,fixed_300,2100.0,2400.0,60,8.541780862270669e-06,9.818879481827788e-06,0.0025302889839468844,0.0034814990253954087,0.012096560715329944,0.00014113161651508038,0.0025625342586812006
RS-M1-003,regulator_theta_E_norm,fixed_300,2400.0,2700.0,60,-3.006583839155708e-07,-5.712369353345174e-07,0.00026926402840137496,0.0015058416461394917,0.01331321812288025,0.00020109742143551834,-9.019751517467124e-05
RS-M1-003,regulator_theta_E_norm,fixed_300,2700.0,3000.0,60,5.284573650313298e-06,5.521658630013592e-06,0.0012606072200336306,0.0021842409335755073,0.014157236130871529,0.00012091855980805692,0.0015853720950939894
RS-M1-003,regulator_theta_E_norm,fixed_300,3000.0,3300.0,60,1.2881665325072204e-06,9.68266037639423e-07,0.00021076494048212838,0.0008973182240313658,0.015661685656965973,0.00020115478067778397,0.0003864499597521661
RS-M1-003,regulator_theta_E_norm,fixed_300,3300.0,3600.0,60,-3.6594560544372896e-06,-3.75379011520136e-06,-0.0008688547535343483,0.0014553229492367138,0.01598685527741505,0.00032100544772839003,-0.001097836816331187
RS-M1-003,regulator_theta_E_norm,fixed_300,3600.0,3900.0,60,1.982401611811605e-06,1.9945816124722193e-06,0.0004505783205104863,0.0012828941439800377,0.015647244920054773,0.00016240117625837287,0.0005947204835434815
RS-M1-003,regulator_theta_E_norm,fixed_300,3900.0,4200.0,60,4.052771400505746e-07,4.929265015212218e-07,0.00013292418183334653,0.0010286805758042451,0.016534059627037585,0.00015576127122274644,0.00012158314201517237
RS-M1-003,regulator_theta_E_norm,fixed_300,4200.0,4500.0,60,6.857534476626622e-06,6.90558929917664e-06,0.0017772759733085675,0.0019945540676901026,0.017132209459942357,0.00010869714628131827,0.0020572603429879865
RS-M1-003,regulator_theta_E_norm,fixed_600,0.0,600.0,120,7.678373312477976e-06,7.798984376058968e-06,0.005407065696659866,0.007109556423474581,0.004287457571177913,0.0004286266401316366,0.004607023987486786
RS-M1-003,regulator_theta_E_norm,fixed_600,600.0,1200.0,120,3.985151712985063e-06,3.919550287415032e-06,0.0018895113670872599,0.002799455786596814,0.008005025400003248,0.0003547487716995643,0.0023910910277910374
RS-M1-003,regulator_theta_E_norm,fixed_600,1200.0,1800.0,120,-9.372580051109737e-08,8.179952277151114e-08,9.99733682071069e-05,0.0020439834702439593,0.009651627481179356,0.0003038075068473268,-5.623548030665842e-05
RS-M1-003,regulator_theta_E_norm,fixed_600,1800.0,2400.0,120,7.045495757815982e-06,6.971220733161099e-06,0.0031221029810112946,0.004080046126676092,0.010031048415161581,0.0009220693117154713,0.0042272974546895895
RS-M1-003,regulator_theta_E_norm,fixed_600,2400.0,3000.0,120,3.559605572282811e-06,3.2555426108788977e-06,0.0020059134367322786,0.0032632104987817215,0.013726600529262873,0.0002623077534386932,0.0021357633433696866
RS-M1-003,regulator_theta_E_norm,fixed_600,3000.0,3600.0,120,3.1760554805409586e-07,-7.48921438700924e-08,-0.0007204137456526573,0.0014553229492367138,0.01573496426992769,0.000308211188968191,0.0001905633288324575
RS-M1-003,regulator_theta_E_norm,fixed_600,3600.0,4200.0,120,2.0546936868745414e-06,2.02921442987214e-06,0.001082716431175669,0.001581677180307899,0.01598447723498489,0.00024430503930656603,0.0012328162121247248
RS-M1-003,regulator_theta_E_norm,fixed_600,4200.0,4500.0,60,6.857534476626622e-06,6.90558929917664e-06,0.0017772759733085675,0.0019945540676901026,0.017132209459942357,0.00010869714628131827,0.0020572603429879865
RS-M1-003,regulator_theta_E_norm,early,0,1000,200,6.8348634381571146e-06,6.934574561993182e-06,0.00703671744081141,0.00848063163001944,0.0053192555504221,0.00040470075383809267,0.006834863438157115
RS-M1-003,regulator_theta_E_norm,middle,1750.0,2750.0,200,5.28272224687708e-06,5.2298033388157625e-06,0.004035451587207519,0.0048250171425967565,0.012096560715329944,0.00037449793252988025,0.00528272224687708
RS-M1-003,regulator_theta_E_norm,late,3500.0,4500.0,200,2.4055375716585365e-06,2.3712406171406864e-06,0.0025628597031513104,0.003160134380034261,0.016171534143387595,0.0002669167137596771,0.0024055375716585366
RS-M1-003,regulator_theta_E_norm,final_1000,3500.0,4500.0,200,2.4055375716585365e-06,2.3712406171406864e-06,0.0025628597031513104,0.003160134380034261,0.016171534143387595,0.0002669167137596771,0.0024055375716585366
RS-M1-003,regulator_theta_I_norm,fixed_300,0.0,300.0,60,0.0,0.0,0.0,0.0,0.0,0.0,0.0
RS-M1-003,regulator_theta_I_norm,fixed_300,300.0,600.0,60,0.0,0.0,0.0,0.0,0.0,0.0,0.0
RS-M1-003,regulator_theta_I_norm,fixed_300,600.0,900.0,60,0.0,0.0,0.0,0.0,0.0,0.0,0.0
RS-M1-003,regulator_theta_I_norm,fixed_300,900.0,1200.0,60,0.0,0.0,0.0,0.0,0.0,0.0,0.0
RS-M1-003,regulator_theta_I_norm,fixed_300,1200.0,1500.0,60,0.0,0.0,0.0,0.0,0.0,0.0,0.0
RS-M1-003,regulator_theta_I_norm,fixed_300,1500.0,1800.0,60,0.0,0.0,0.0,0.0,0.0,0.0,0.0
RS-M1-003,regulator_theta_I_norm,fixed_300,1800.0,2100.0,60,6.047836218307046e-07,7.421682786795586e-07,0.0001510484464185733,0.00015185545770774627,0.00012454377613671687,4.291644722867572e-05,0.00018143508654921137
RS-M1-003,regulator_theta_I_norm,fixed_300,2100.0,2400.0,60,-1.3928437651055073e-08,-1.3940436758514743e-08,-3.3459818586891365e-06,4.113861265260017e-06,0.00014847124048014628,1.0399147264849749e-08,-4.178531295316521e-06
RS-M1-003,regulator_theta_I_norm,fixed_300,2400.0,2700.0,60,-1.275098020555558e-08,-1.2751976182025626e-08,-3.060638634763685e-06,3.7624490311979214e-06,0.00014446886142038606,1.0758082698552468e-08,-3.825294061666674e-06
RS-M1-003,regulator_theta_I_norm,fixed_300,2700.0,3000.0,60,-1.1653511230140969e-08,-1.1654885228208332e-08,-2.7972113616288492e-06,3.4386173716361573e-06,0.00014081096465633352,9.832140719645555e-09,-3.4960533690422907e-06
RS-M1-003,regulator_theta_I_norm,fixed_300,3000.0,3300.0,60,-1.0649702028342371e-08,-1.0650235652914588e-08,-2.5564571235405116e-06,3.1426577180072054e-06,0.0001374679007953334,8.81571327652445e-09,-3.1949106085027116e-06
RS-M1-003,regulator_theta_I_norm,fixed_300,3300.0,3600.0,60,-9.726025331159758e-09,8.211633404233e-06,0.0016357865223529588,0.004810962569144525,0.0001347550220557508,3.376373336123385e-07,-2.9178075993479276e-06
RS-M1-003,regulator_theta_I_norm,fixed_300,3600.0,3900.0,60,-4.698609444115455e-07,-4.699163934260329e-07,-0.00011278149150383953,0.0001386426522761667,0.004866400385389116,3.9643117151749035e-07,-0.00014095828332346365
RS-M1-003,regulator_theta_I_norm,fixed_300,3900.0,4200.0,60,-4.294133573857423e-07,-4.294468593968172e-07,-0.00010307430603195746,0.00012670944551260773,0.004731610624613439,3.62119104485234e-07,-0.0001288240072157227
RS-M1-003,regulator_theta_I_norm,fixed_300,4200.0,4500.0,60,-3.930991026506634e-07,-4.106383891458171e-07,-9.993413591467479e-05,0.00012151989592156485,0.004602623502652045,3.6615272804019217e-07,-0.00011792973079519903
RS-M1-003,regulator_theta_I_norm,fixed_600,0.0,600.0,120,0.0,0.0,0.0,0.0,0.0,0.0,0.0
RS-M1-003,regulator_theta_I_norm,fixed_600,600.0,1200.0,120,0.0,0.0,0.0,0.0,0.0,0.0,0.0
RS-M1-003,regulator_theta_I_norm,fixed_600,1200.0,1800.0,120,0.0,0.0,0.0,0.0,0.0,0.0,0.0
RS-M1-003,regulator_theta_I_norm,fixed_600,1800.0,2400.0,120,5.634574079492097e-09,2.5934448250123566e-07,0.00014682694021542938,0.00015185545770774627,0.00014771025136427196,2.595268339528154e-06,3.3807444476952583e-06
RS-M1-003,regulator_theta_I_norm,fixed_600,2400.0,3000.0,120,-1.2193512060952734e-08,-1.2198211527351674e-08,-6.589192369074623e-06,7.262010766356867e-06,0.0001425987683594813,4.1054976393997016e-08,-7.31610723657164e-06
RS-M1-003,regulator_theta_I_norm,fixed_600,3000.0,3600.0,120,-1.0181451740573911e-08,2.151671681830833e-06,0.001632619197482269,0.004810962569144525,0.00013626408173704298,3.31406878626461e-07,-6.1088710443443465e-06
RS-M1-003,regulator_theta_I_norm,fixed_600,3600.0,4200.0,120,-4.4931864484033165e-07,-4.4949207383774103e-07,-0.0002428050169239757,0.0002675978353309837,0.00479748934070528,1.5208527939423143e-06,-0.000269591186904199
RS-M1-003,regulator_theta_I_norm,fixed_600,4200.0,4500.0,60,-3.930991026506634e-07,-4.106383891458171e-07,-9.993413591467479e-05,0.00012151989592156485,0.004602623502652045,3.6615272804019217e-07,-0.00011792973079519903
RS-M1-003,regulator_theta_I_norm,early,0,1000,200,0.0,0.0,0.0,0.0,0.0,0.0,0.0
RS-M1-003,regulator_theta_I_norm,middle,1750.0,2750.0,200,-1.2579407854573534e-08,1.2825812651859602e-07,0.000142355720736678,0.00015185545770774627,0.0001455011924689219,2.9246097749099014e-06,-1.2579407854573534e-05
RS-M1-003,regulator_theta_I_norm,late,3500.0,4500.0,200,-4.3450550918023893e-07,1.4879998728862217e-06,0.004422792618454669,0.004810962569144525,0.004720916191855528,3.477900447116213e-05,-0.00043450550918023895
RS-M1-003,regulator_theta_I_norm,final_1000,3500.0,4500.0,200,-4.3450550918023893e-07,1.4879998728862217e-06,0.004422792618454669,0.004810962569144525,0.004720916191855528,3.477900447116213e-05,-0.00043450550918023895
RS-M1-004,H_norm,fixed_300,0.0,300.0,60,3.484749255223283e-07,3.6718388997960076e-07,9.712966581690465e-05,0.00013417081025046627,4.67415764121921e-05,1.496271570308121e-05,0.00010454247765669849
RS-M1-004,H_norm,fixed_300,300.0,600.0,60,4.4911282105020735e-09,2.352171458309433e-08,1.92529022240257e-05,9.346571958528726e-05,0.00012654046320137989,1.1801150872481959e-05,1.347338463150622e-06
RS-M1-004,H_norm,fixed_300,600.0,900.0,60,1.6181850446454138e-07,1.668284663224475e-07,4.2294875928412484e-05,6.916239467844512e-05,0.00014180674246570905,5.067125380950303e-06,4.854555133936241e-05
RS-M1-004,H_norm,fixed_300,900.0,1200.0,60,7.930381419572428e-08,7.8100677705662e-08,1.7569674952947557e-05,2.7651811500551744e-05,0.00019452610736222126,4.3360254922227606e-06,2.3791144258717283e-05
RS-M1-004,H_norm,fixed_300,1200.0,1500.0,60,5.664539322950262e-08,6.013705301819481e-08,9.957233106174228e-06,2.8228372632707908e-05,0.0002088695095063823,3.904438396001354e-06,1.6993617968850785e-05
RS-M1-004,H_norm,fixed_300,1500.0,1800.0,60,6.728101823590653e-08,4.777049787862292e-08,5.804955178398115e-07,3.6709295904398346e-05,0.0002288506305483201,6.51707713140595e-06,2.018430547077196e-05
RS-M1-004,H_norm,fixed_300,1800.0,2100.0,60,1.2923596013965336e-07,1.2518026587687235e-07,2.5538989698973815e-05,3.767150343785805e-05,0.0002401469857253739,2.6309242113480843e-06,3.877078804189601e-05
RS-M1-004,H_norm,fixed_300,2100.0,2400.0,60,-4.548319120711998e-09,-2.3987563893123996e-08,2.936767025274716e-06,3.7210601371801726e-05,0.00024492631630278455,4.790734333619045e-06,-1.3644957362135995e-06
RS-M1-004,H_norm,fixed_300,2400.0,2700.0,60,1.9152784528783518e-07,1.8672496207050612e-07,4.3648161073033356e-05,5.771842713779308e-05,0.0002545822586495018,9.847542243010993e-06,5.745835358635055e-05
RS-M1-004,H_norm,fixed_300,2700.0,3000.0,60,-2.4677715398034056e-08,-1.9678352915290494e-08,-6.000923184542033e-06,2.3472450310574658e-05,0.000265285167045411,3.0724318212593197e-06,-7.403314619410217e-06
RS-M1-004,H_norm,fixed_300,3000.0,3300.0,60,-6.320628509409564e-08,-5.979874619945098e-08,-1.2559998273028463e-05,3.626513172504315e-05,0.0002647978241673997,6.385033198120469e-06,-1.896188552822869e-05
RS-M1-004,H_norm,fixed_300,3300.0,3600.0,60,-3.9614641869721865e-08,-4.23968797972092e-08,3.1404213132407515e-06,5.57352049988662e-05,0.0002748798090767559,9.724834724093655e-06,-1.188439256091656e-05
RS-M1-004,H_norm,fixed_300,3600.0,3900.0,60,-2.6612520781643444e-08,-2.2850452424325415e-08,-1.5825761716054508e-05,3.9086195005213364e-05,0.0002562612294640836,7.241186982168688e-06,-7.983756234493032e-06
RS-M1-004,H_norm,fixed_300,3900.0,4200.0,60,-6.549359360495387e-08,-6.396551417289826e-08,-2.6551769385918945e-05,5.183160548371895e-05,0.000287124571174576,8.453870259383445e-06,-1.964807808148616e-05
RS-M1-004,H_norm,fixed_300,4200.0,4500.0,60,1.1780451706675626e-07,1.3579394375869822e-07,3.90397563098175e-05,5.38545369430215e-05,0.0003018155066528414,7.84917346680609e-06,3.5341355120026876e-05
RS-M1-004,H_norm,fixed_600,0.0,600.0,120,2.0156214625104814e-07,1.9973901664809817e-07,8.203090624130373e-05,0.00016904345786326714,0.00010315335950268075,2.172203402118778e-05,0.00012093728775062888
RS-M1-004,H_norm,fixed_600,600.0,1200.0,120,1.610803413422924e-07,1.6276861053060773e-07,7.891614233536332e-05,9.462136510310679e-05,0.0001744403054751476,1.0044052757823e-05,9.664820480537543e-05
RS-M1-004,H_norm,fixed_600,1200.0,1800.0,120,8.195124519382473e-08,7.67375149873454e-08,2.303759568908175e-05,5.8467891777276896e-05,0.00021981857950775828,4.021958309958129e-06,4.9170747116294834e-05
RS-M1-004,H_norm,fixed_600,1800.0,2400.0,120,3.381905559198985e-08,2.867313022325532e-08,2.2813155336396117e-05,4.587660746478131e-05,0.00024364539821997557,7.791366436834605e-06,2.0291433355193912e-05
RS-M1-004,H_norm,fixed_600,2400.0,3000.0,120,2.0969371110728835e-08,2.178367130505991e-08,8.01805337487878e-06,5.771842713779308e-05,0.00026445539397825554,9.01677108049127e-06,1.2581622666437302e-05
RS-M1-004,H_norm,fixed_600,3000.0,3600.0,120,5.464113520757163e-09,7.661960342578311e-09,5.976575315019676e-06,5.57352049988662e-05,0.00026757529493235863,1.1597693506824902e-05,3.2784681124542976e-06
RS-M1-004,H_norm,fixed_600,3600.0,4200.0,120,6.443793465006468e-08,6.870084951793337e-08,7.963137473792324e-06,7.074108315305715e-05,0.0002668313204100654,1.174548368454255e-05,3.866276079003881e-05
RS-M1-004,H_norm,fixed_600,4200.0,4500.0,60,1.1780451706675626e-07,1.3579394375869822e-07,3.90397563098175e-05,5.38545369430215e-05,0.0003018155066528414,7.84917346680609e-06,3.5341355120026876e-05
RS-M1-004,H_norm,early,0,1000,200,1.463204945264037e-07,1.3948777673961095e-07,0.00015903353398618434,0.0001871260198215788,0.00012606635672328322,2.2822775461811652e-05,0.0001463204945264037
RS-M1-004,H_norm,middle,1750.0,2750.0,200,4.458217862866098e-08,4.727830056110951e-08,4.420954706046878e-05,7.98617661342979e-05,0.00024733384569185744,7.792455091492522e-06,4.458217862866098e-05
RS-M1-004,H_norm,late,3500.0,4500.0,200,5.44926920838602e-08,5.4427131432757054e-08,5.5297116109299634e-05,7.772983917794267e-05,0.0002776833061077155,7.670034954021244e-06,5.44926920838602e-05
RS-M1-004,H_norm,final_1000,3500.0,4500.0,200,5.44926920838602e-08,5.4427131432757054e-08,5.5297116109299634e-05,7.772983917794267e-05,0.0002776833061077155,7.670034954021244e-06,5.44926920838602e-05
RS-M1-004,regulator_theta_E_norm,fixed_300,0.0,300.0,60,1.891150739920857e-05,1.8881240238921243e-05,0.004348722250630915,0.005915836772073192,0.0037446883052742424,0.00017901752204201862,0.005673452219762571
RS-M1-004,regulator_theta_E_norm,fixed_300,300.0,600.0,60,8.932931083233246e-06,8.971011648944414e-06,0.002135702166047554,0.0023739398456630615,0.006815505755851943,0.0001495197126366414,0.0026798793249699737
RS-M1-004,regulator_theta_E_norm,fixed_300,600.0,900.0,60,4.371819426922078e-06,4.227010911252627e-06,0.0011696481284510594,0.0015573071516548336,0.008563533297848234,0.0001382192898046579,0.0013115458280766232
RS-M1-004,regulator_theta_E_norm,fixed_300,900.0,1200.0,60,9.513034149779953e-06,9.489505451910009e-06,0.0022291591672889254,0.0031890236782049185,0.010524817011921732,0.00017426138474465648,0.002853910244933986
RS-M1-004,regulator_theta_E_norm,fixed_300,1200.0,1500.0,60,1.104714000546498e-06,1.169448887307595e-06,0.0005781729230234164,0.0018206487699646522,0.013370406070358217,0.0003509222534309577,0.0003314142001639494
RS-M1-004,regulator_theta_E_norm,fixed_300,1500.0,1800.0,60,-3.655648436935273e-06,-3.1465223905875075e-06,-0.0008103160768816679,0.00135516548885568,0.014024461393942079,0.00016122753956987132,-0.001096694531080582
RS-M1-004,regulator_theta_E_norm,fixed_300,1800.0,2100.0,60,-1.125213601524789e-05,-1.149024673600368e-05,-0.003117763873038302,0.0034850346369274914,0.012630331828291982,0.0003629370995707499,-0.003375640804574367
RS-M1-004,regulator_theta_E_norm,fixed_300,2100.0,2400.0,60,1.9060106687064202e-06,2.1342367547849793e-06,0.0005691420684743806,0.001241847776620222,0.01076344273911025,0.00014660541439369748,0.000571803200611926
RS-M1-004,regulator_theta_E_norm,fixed_300,2400.0,2700.0,60,-2.7936361040531445e-06,-2.9499617902934484e-06,-0.0007660262440907402,0.0014609847280251456,0.011701509497457456,0.00019660602133966722,-0.0008380908312159433
RS-M1-004,regulator_theta_E_norm,fixed_300,2700.0,3000.0,60,-6.037614469357421e-06,-6.346435842888811e-06,-0.0014041679027340433,0.002773008388869772,0.00906793409916487,0.0006391632207341982,-0.0018112843408072264
RS-M1-004,regulator_theta_E_norm,fixed_300,3000.0,3300.0,60,-6.986979873828294e-06,-7.1284630575483265e-06,-0.0016022843073975187,0.0021631342700519363,0.007734813128964757,0.00044063331153695396,-0.0020960939621484883
RS-M1-004,regulator_theta_E_norm,fixed_300,3300.0,3600.0,60,8.042291374673502e-06,8.24591759004768e-06,0.0017099920738528219,0.002763350321228524,0.010061057168548633,0.0004973716961830426,0.0024126874124020506
RS-M1-004,regulator_theta_E_norm,fixed_300,3600.0,3900.0,60,2.3536573920711707e-06,2.325730253439912e-06,0.000680722251740486,0.0011336219710082335,0.010368759473625023,0.00015370075331552248,0.0007060972176213512
RS-M1-004,regulator_theta_E_norm,fixed_300,3900.0,4200.0,60,-4.031283283251702e-06,-4.307778283595365e-06,-0.0009831101040804688,0.0014707803466526906,0.010213305371033729,0.0001768899039693017,-0.0012093849849755106
RS-M1-004,regulator_theta_E_norm,fixed_300,4200.0,4500.0,60,-1.7131584682524388e-06,-1.8637394135224266e-06,-0.0002935078202238352,0.0011415083495600557,0.009109199691619392,0.00010075919896550701,-0.0005139475404757316
RS-M1-004,regulator_theta_E_norm,fixed_600,0.0,600.0,120,1.0419772897051644e-05,1.0954924045183238e-05,0.006280162068769354,0.007783582003757693,0.005657908434872971,0.0005487830972357012,0.006251863738230986
RS-M1-004,regulator_theta_E_norm,fixed_600,600.0,1200.0,120,6.763202987233094e-06,6.818131005747027e-06,0.0034898625286814734,0.004380506605379536,0.009209077275071989,0.0004434824372643075,0.004057921792339856
RS-M1-004,regulator_theta_E_norm,fixed_600,1200.0,1800.0,120,1.1645072869063452e-06,1.1985508238682815e-06,0.0007005784482238351,0.002268476089035961,0.013707425981450992,0.0003515225731792757,0.0006987043721438071
RS-M1-004,regulator_theta_E_norm,fixed_600,1800.0,2400.0,120,-4.807627584430718e-06,-4.9813207419852795e-06,-0.002460087462251938,0.0034850346369274914,0.01120456156621343,0.0006299615187015844,-0.002884576550658431
RS-M1-004,regulator_theta_E_norm,fixed_600,2400.0,3000.0,120,-6.959485565554553e-06,-7.234154945391813e-06,-0.0031102286045551052,0.004321800837612584,0.011106910334498926,0.0005100091138695731,-0.004175691339332732
RS-M1-004,regulator_theta_E_norm,fixed_600,3000.0,3600.0,120,4.515787483304237e-06,4.056487767625577e-06,0.000933921481511767,0.0036424575126114515,0.008953626358319358,0.0007481802890711136,0.002709472489982542
RS-M1-004,regulator_theta_E_norm,fixed_600,3600.0,4200.0,120,-4.227797020649971e-07,-4.1116515608100806e-07,3.967751503212644e-06,0.0014707803466526906,0.010300825819822498,0.0002510904490769699,-0.00025366782123899826
RS-M1-004,regulator_theta_E_norm,fixed_600,4200.0,4500.0,60,-1.7131584682524388e-06,-1.8637394135224266e-06,-0.0002935078202238352,0.0011415083495600557,0.009109199691619392,0.00010075919896550701,-0.0005139475404757316
RS-M1-004,regulator_theta_E_norm,early,0,1000,200,7.262275561416665e-06,7.982497370852702e-06,0.008554945462204913,0.010309635993423733,0.007183001256392023,0.0003741029324550371,0.007262275561416665
RS-M1-004,regulator_theta_E_norm,middle,1750.0,2750.0,200,-1.7281412113995477e-06,-1.7854160250570293e-06,-0.0025641134407177694,0.0034850346369274914,0.01147535468145557,0.0007671563251997271,-0.0017281412113995477
RS-M1-004,regulator_theta_E_norm,late,3500.0,4500.0,200,-1.7262457376898375e-06,-1.6388231198669873e-06,-0.0014876437582489847,0.002439193362563546,0.010088841841509072,0.00030235545001849103,-0.0017262457376898376
RS-M1-004,regulator_theta_E_norm,final_1000,3500.0,4500.0,200,-1.7262457376898375e-06,-1.6388231198669873e-06,-0.0014876437582489847,0.002439193362563546,0.010088841841509072,0.00030235545001849103,-0.0017262457376898376
RS-M1-004,regulator_theta_I_norm,fixed_300,0.0,300.0,60,4.99454975626887e-09,4.406288473927427e-07,0.00015312855416784637,0.00015584123557525393,0.0001535705885912397,1.4437328994131211e-06,1.498364926880661e-06
RS-M1-004,regulator_theta_I_norm,fixed_300,300.0,600.0,60,-1.3897192912495105e-08,-1.3897586730935793e-08,-3.3333649201049338e-06,4.098348826240178e-06,0.00015055828686792375,1.2016529959732567e-08,-4.169157873748531e-06
RS-M1-004,regulator_theta_I_norm,fixed_300,600.0,900.0,60,-1.270290083488135e-08,-1.2704398554970228e-08,-3.049098063350169e-06,3.7482621829318104e-06,0.00014657377913140115,1.0717502155516861e-08,-3.8108702504644054e-06
RS-M1-004,regulator_theta_I_norm,fixed_300,900.0,1200.0,60,3.3621561078331906e-07,4.2256311148968785e-07,8.953140207577004e-05,9.132357799898451e-05,0.00022388912999080069,2.9536887570570463e-05,0.00010086468323499572
RS-M1-004,regulator_theta_I_norm,fixed_300,1200.0,1500.0,60,-1.9399430278045363e-08,-1.7703197356496914e-08,-4.212152181892596e-06,5.168202696949207e-06,0.00023028695181997842,1.8143149784613836e-08,-5.819829083413609e-06
RS-M1-004,regulator_theta_I_norm,fixed_300,1500.0,1800.0,60,-2.2685102749608045e-08,1.0577693288503992e-07,4.5425649558974675e-05,5.177563648328093e-05,0.00027536730284187733,1.0286624807530939e-06,-6.805530824882414e-06
RS-M1-004,regulator_theta_I_norm,fixed_300,1800.0,2100.0,60,-2.189629761044042e-08,-3.362793434726649e-08,-8.057634708930658e-06,9.23161376105105e-06,0.000266818288042139,6.521766950995985e-08,-6.568889283132126e-06
RS-M1-004,regulator_theta_I_norm,fixed_300,2100.0,2400.0,60,-1.9692955359984415e-08,-1.9697176575817773e-08,-4.7289479706949565e-06,5.813313322279817e-06,0.00026063262825678054,1.7402065818894735e-08,-5.907886607995325e-06
RS-M1-004,regulator_theta_I_norm,fixed_300,2400.0,2700.0,60,-1.7996093411309532e-08,-1.7997930444524936e-08,-4.319686770273921e-06,5.3084857899967e-06,0.0002549823323406204,1.5262175253260516e-08,-5.398828023392859e-06
RS-M1-004,regulator_theta_I_norm,fixed_300,2700.0,3000.0,60,-1.6413953138379136e-08,8.452283617371229e-08,-2.8406407883799787e-06,8.062760008561325e-05,0.000250154055641403,3.230194824075934e-07,-4.924185941513741e-06
RS-M1-004,regulator_theta_I_norm,fixed_300,3000.0,3300.0,60,2.2708417032733692e-07,1.0349311405927182e-06,0.0002970585426620441,0.00032479575318308655,0.0006263410082145773,2.588744582840858e-05,6.812525109820107e-05
RS-M1-004,regulator_theta_I_norm,fixed_300,3300.0,3600.0,60,-5.4981745696186217e-08,-9.047103042171e-08,-2.8369010761343624e-05,3.2335185056609123e-05,0.0005998282773288731,4.37920286927118e-08,-1.6494523708855865e-05
RS-M1-004,regulator_theta_I_norm,fixed_300,3600.0,3900.0,60,-4.878139919489385e-08,-4.4249360525079486e-08,-1.0431879225664912e-05,1.2993021354633112e-05,0.0005871109078609255,8.976791996057661e-08,-1.4634419758468153e-05
RS-M1-004,regulator_theta_I_norm,fixed_300,3900.0,4200.0,60,-4.608417876799899e-08,-4.608987179211305e-08,-1.1064860853044747e-05,1.3602079386098968e-05,0.000572636569324841,4.056216828705276e-08,-1.3825253630399698e-05
RS-M1-004,regulator_theta_I_norm,fixed_300,4200.0,4500.0,60,-4.210193815228898e-08,-4.210698343476092e-08,-1.0105818889038338e-05,1.2423125215456723e-05,0.0005594168669087039,3.578046737389741e-08,-1.2630581445686694e-05
RS-M1-004,regulator_theta_I_norm,fixed_600,0.0,600.0,120,-1.4085811194980334e-08,1.1262639919168776e-07,0.0001489229663641406,0.00015584123557525393,0.00015139966804062968,1.3134610968701914e-06,-8.451486716988201e-06
RS-M1-004,regulator_theta_I_norm,fixed_600,600.0,1200.0,120,-1.1942509969202775e-08,1.6989298454055845e-07,8.575371922148097e-05,9.132357799898451e-05,0.00014695655398769253,2.2447689396835473e-06,-7.1655059815216645e-06
RS-M1-004,regulator_theta_I_norm,fixed_600,1200.0,1800.0,120,3.550053583440484e-08,1.0716251102539954e-07,4.10042854861977e-05,5.177563648328093e-05,0.000232459269650206,8.952012163130371e-06,2.1300321500642904e-05
RS-M1-004,regulator_theta_I_norm,fixed_600,1800.0,2400.0,120,-2.0658534625195942e-08,-2.4280662227137985e-08,-1.402330865429407e-05,1.5147986152151498e-05,0.00026365547071234455,6.995140572698972e-08,-1.2395120775117565e-05
RS-M1-004,regulator_theta_I_norm,fixed_600,2400.0,3000.0,120,-1.717706625685591e-08,8.960064256558806e-09,-8.188846150407889e-06,8.062760008561325e-05,0.0002526882960095692,3.012252774393313e-07,-1.0306239754113544e-05
RS-M1-004,regulator_theta_I_norm,fixed_600,3000.0,3600.0,120,-5.93692638979018e-08,1.9950907114855805e-07,0.00026515265779454057,0.00032479575318308655,0.000602596040074726,2.1148228629687903e-05,-3.5621558338741076e-05
RS-M1-004,regulator_theta_I_norm,fixed_600,3600.0,4200.0,120,-4.721921846783805e-08,-4.652903970481115e-08,-2.43906548375028e-05,2.6836256949476912e-05,0.0005797097102233533,8.284597198933647e-08,-2.8331531080702832e-05
RS-M1-004,regulator_theta_I_norm,fixed_600,4200.0,4500.0,60,-4.210193815228898e-08,-4.210698343476092e-08,-1.0105818889038338e-05,1.2423125215456723e-05,0.0005594168669087039,3.578046737389741e-08,-1.2630581445686694e-05
RS-M1-004,regulator_theta_I_norm,early,0,1000,200,-1.3294436725582676e-08,3.3958280537543297e-08,0.00014386959628740652,0.00015584123557525393,0.0001486556373282159,1.3181062846857541e-06,-1.3294436725582676e-05
RS-M1-004,regulator_theta_I_norm,middle,1750.0,2750.0,200,-1.9767122196067445e-08,-2.1810148341945264e-08,-2.1436714949908957e-05,2.2522908966716158e-05,0.00026063262825678054,1.865731583896202e-07,-1.9767122196067445e-05
RS-M1-004,regulator_theta_I_norm,late,3500.0,4500.0,200,-4.505147626806551e-08,-4.468489665506383e-08,-4.103040173679569e-05,4.3623078400371494e-05,0.000574958744439196,3.091787405322898e-07,-4.505147626806551e-05
RS-M1-004,regulator_theta_I_norm,final_1000,3500.0,4500.0,200,-4.505147626806551e-08,-4.468489665506383e-08,-4.103040173679569e-05,4.3623078400371494e-05,0.000574958744439196,3.091787405322898e-07,-4.505147626806551e-05
RS-M1-005,H_norm,fixed_300,0.0,300.0,60,3.5510637361218833e-07,3.7257061435376374e-07,9.187633296159147e-05,0.00020026870416314907,9.349094008405913e-05,3.024321702569426e-05,0.0001065319120836565
RS-M1-005,H_norm,fixed_300,300.0,600.0,60,1.870976837838405e-08,1.2583129831123909e-08,1.9062046271128098e-05,5.639063671358425e-05,0.00016174106512450987,6.401724515170523e-06,5.612930513515215e-06
RS-M1-005,H_norm,fixed_300,600.0,900.0,60,2.20495945590655e-07,2.1221029678479366e-07,6.203103880820631e-05,8.269649858089118e-05,0.00013897479220939253,1.1307208841978154e-05,6.61487836771965e-05
RS-M1-005,H_norm,fixed_300,900.0,1200.0,60,-3.164769456243764e-08,-2.9567291051283163e-08,-4.764535350223743e-06,3.639828184029965e-05,0.00019279843289344797,5.558454793445962e-06,-9.494308368731292e-06
RS-M1-005,H_norm,fixed_300,1200.0,1500.0,60,6.594333767495723e-09,-2.3181380864454208e-08,-1.125938088597926e-05,4.5342137514838953e-05,0.00021783218524881336,1.2149582878349626e-05,1.978300130248717e-06
RS-M1-005,H_norm,fixed_300,1500.0,1800.0,60,-4.3089720828741047e-08,-8.729619806981086e-08,5.1720178905688115e-06,0.00011479613188659734,0.00019879877751701822,1.250737927138583e-05,-1.2926916248622314e-05
RS-M1-005,H_norm,fixed_300,1800.0,2100.0,60,1.327489733984202e-07,1.3443141258958436e-07,3.070790467333279e-05,5.509088292147445e-05,0.00021702283579371861,9.700542152169287e-06,3.9824692019526064e-05
RS-M1-005,H_norm,fixed_300,2100.0,2400.0,60,4.7754106025542457e-08,6.005310932741132e-08,1.4243080818812084e-05,2.7733635502060915e-05,0.00024326560058272076,4.790192462660595e-06,1.4326231807662737e-05
RS-M1-005,H_norm,fixed_300,2400.0,2700.0,60,-7.091237732335553e-08,-7.748708342601973e-08,-2.017979024608623e-05,3.861940360963331e-05,0.00023386413557938514,7.363509050289108e-06,-2.1273713197006658e-05
RS-M1-005,H_norm,fixed_300,2700.0,3000.0,60,1.5789143996200303e-07,1.569819704994194e-07,4.0409264923885765e-05,4.742060097754128e-05,0.0002528193071715734,2.1305418644543836e-06,4.7367431988600906e-05
RS-M1-005,H_norm,fixed_300,3000.0,3300.0,60,-9.851593124149455e-08,-9.200770692851135e-08,-2.1551498762583234e-05,3.79365234107643e-05,0.0002599757963856218,6.3453605912952614e-06,-2.9554779372448366e-05
RS-M1-005,H_norm,fixed_300,3300.0,3600.0,60,2.4263055870135723e-08,2.1530998088545753e-08,8.592113806970333e-06,1.8911359796718443e-05,0.0002589896858118808,3.323748715576444e-06,7.278916761040717e-06
RS-M1-005,H_norm,fixed_300,3600.0,3900.0,60,7.108838387573186e-09,6.948310221528369e-09,2.069678129186644e-06,1.7414564645307012e-05,0.0002634898484735512,1.7542533915675183e-06,2.132651516271956e-06
RS-M1-005,H_norm,fixed_300,3900.0,4200.0,60,-5.466371673263615e-08,-5.346214870672235e-08,-1.4377832511539132e-05,2.4386962048658233e-05,0.0002561155160525789,2.7402313197737377e-06,-1.6399115019790845e-05
RS-M1-005,H_norm,fixed_300,4200.0,4500.0,60,4.489042373242503e-08,2.459137755500691e-08,1.1226248514519324e-05,4.886452342419534e-05,0.00024096731999055472,5.1992470353259135e-06,1.3467127119727508e-05
RS-M1-005,H_norm,fixed_600,0.0,600.0,120,2.44440263933016e-07,2.3705288047855812e-07,0.00016579281088139084,0.00020026870416314907,0.00015450836450843508,4.057321293218251e-05,0.0001466641583598096
RS-M1-005,H_norm,fixed_600,600.0,1200.0,120,1.3519123148760569e-07,1.3726176387948867e-07,6.986713419093082e-05,0.0001033807608568625,0.00018540605031992883,2.0169417347624223e-05,8.111473889256341e-05
RS-M1-005,H_norm,fixed_600,1200.0,1800.0,120,-1.839378445513931e-08,-6.320496510857844e-09,-7.391397970962728e-06,0.00011479613188659734,0.00021080029423477915,1.5862356241558894e-05,-1.1036270673083586e-05
RS-M1-005,H_norm,fixed_600,1800.0,2400.0,120,8.322953403627799e-08,8.59446236682883e-08,4.397931630644139e-05,6.75053902789363e-05,0.00024065115313631774,8.979767537922268e-06,4.993772042176679e-05
RS-M1-005,H_norm,fixed_600,2400.0,3000.0,120,7.187255760859879e-08,5.1675387551291995e-08,1.8334301764076893e-05,5.236130159155401e-05,0.00024218205771115635,6.2073777751796045e-06,4.3123534565159276e-05
RS-M1-005,H_norm,fixed_600,3000.0,3600.0,120,-1.5185065828133277e-08,-2.0340526180937425e-08,-1.6717864371454318e-05,3.79365234107643e-05,0.0002595341508438313,5.8751372223702334e-06,-9.111039496879967e-06
RS-M1-005,H_norm,fixed_600,3600.0,4200.0,120,-2.3837239283398788e-08,-2.301279646022533e-08,-1.3748448177586844e-05,2.577057641298759e-05,0.00025928974850022383,3.051966352777294e-06,-1.4302343570039273e-05
RS-M1-005,H_norm,fixed_600,4200.0,4500.0,60,4.489042373242503e-08,2.459137755500691e-08,1.1226248514519324e-05,4.886452342419534e-05,0.00024096731999055472,5.1992470353259135e-06,1.3467127119727508e-05
RS-M1-005,H_norm,early,0,1000,200,1.077831325077821e-07,1.1538012944134002e-07,0.00019372801738174383,0.00021284193556360807,0.00015450836450843508,2.244908251845322e-05,0.0001077831325077821
RS-M1-005,H_norm,middle,1750.0,2750.0,200,2.7235725967134816e-08,2.985242165995611e-08,3.5316825327357426e-05,7.144384228575124e-05,0.0002359858484015589,1.3054573067126455e-05,2.7235725967134815e-05
RS-M1-005,H_norm,late,3500.0,4500.0,200,-2.5673981053985926e-08,-2.4672615154276058e-08,-1.2699932847896498e-05,4.886452342419534e-05,0.0002573099994476407,4.9727984203523266e-06,-2.5673981053985926e-05
RS-M1-005,H_norm,final_1000,3500.0,4500.0,200,-2.5673981053985926e-08,-2.4672615154276058e-08,-1.2699932847896498e-05,4.886452342419534e-05,0.0002573099994476407,4.9727984203523266e-06,-2.5673981053985926e-05
RS-M1-005,regulator_theta_E_norm,fixed_300,0.0,300.0,60,7.911645677289361e-06,8.349704110950823e-06,0.001800825252675594,0.0033664078729162355,0.0022847679247772947,0.00014746057304031277,0.0023734937031868082
RS-M1-005,regulator_theta_E_norm,fixed_300,300.0,600.0,60,1.3408029000197274e-05,1.2689379502288424e-05,0.003009411849119686,0.0035433991331750556,0.0058148056872340615,0.00038676710955751377,0.004022408700059182
RS-M1-005,regulator_theta_E_norm,fixed_300,600.0,900.0,60,5.586110336869267e-06,5.35935676814462e-06,0.0013720352876734742,0.0017387615657542222,0.007472569136983936,0.00018253876237094967,0.00167583310106078
RS-M1-005,regulator_theta_E_norm,fixed_300,900.0,1200.0,60,6.586570089936218e-07,5.793155337608644e-07,0.00015200850830096764,0.0012729655338058546,0.007397344585186747,0.0002900189034442265,0.00019759710269808654
RS-M1-005,regulator_theta_E_norm,fixed_300,1200.0,1500.0,60,2.1481435897335118e-06,2.3655752296838873e-06,0.0005321530055914965,0.0011149980779262634,0.008326792500756049,0.00017878632828678166,0.0006444430769200535
RS-M1-005,regulator_theta_E_norm,fixed_300,1500.0,1800.0,60,7.297603574209806e-06,6.857735418655184e-06,0.001607390619096382,0.002164831592647123,0.00990556089361201,0.0004104199025850288,0.0021892810722629417
RS-M1-005,regulator_theta_E_norm,fixed_300,1800.0,2100.0,60,6.737345723828709e-06,6.906492829953088e-06,0.001716886500594015,0.0023313752418031436,0.01084913965264904,0.00024846401191894966,0.0020212037171486127
RS-M1-005,regulator_theta_E_norm,fixed_300,2100.0,2400.0,60,5.226474731646826e-06,5.640360071885174e-06,0.0013627699847506263,0.002460007324764908,0.012039802963293593,0.0005869072348084143,0.001567942419494048
RS-M1-005,regulator_theta_E_norm,fixed_300,2400.0,2700.0,60,8.658470174428522e-06,8.638890493333648e-06,0.0020551666900519502,0.0027376853484157356,0.015151409101709345,0.000188619327263901,0.0025975410523285565
RS-M1-005,regulator_theta_E_norm,fixed_300,2700.0,3000.0,60,4.487235678449409e-06,4.370242304966688e-06,0.001247960531207952,0.0017968865154670485,0.01720707014803232,0.0003519644353697192,0.0013461707035348227
RS-M1-005,regulator_theta_E_norm,fixed_300,3000.0,3300.0,60,-7.645406667607904e-06,-7.533622721139123e-06,-0.001897247817490219,0.0023017029092822546,0.016746260213751467,8.845479658617546e-05,-0.0022936220002823713
RS-M1-005,regulator_theta_E_norm,fixed_300,3300.0,3600.0,60,1.0183084303580319e-06,9.039893421937022e-07,0.0002724930252429071,0.0006934197003224327,0.016304546683872462,0.00010505668715286506,0.00030549252910740956
RS-M1-005,regulator_theta_E_norm,fixed_300,3600.0,3900.0,60,-2.052057436261758e-06,-1.8060925753018112e-06,-0.00027632743537869126,0.0012251424429539498,0.016785580612982996,0.0001981676823146171,-0.0006156172308785274
RS-M1-005,regulator_theta_E_norm,fixed_300,3900.0,4200.0,60,5.611615227858893e-06,5.533130444421357e-06,0.001380414337507893,0.0021776039605547713,0.018365588096792722,0.00018201157716150537,0.0016834845683576679
RS-M1-005,regulator_theta_E_norm,fixed_300,4200.0,4500.0,60,-1.770175771523175e-06,-1.8229391647172962e-06,-0.0004602404392769627,0.001222099882656879,0.01839379495362066,0.00026668415341941573,-0.0005310527314569525
RS-M1-005,regulator_theta_E_norm,fixed_600,0.0,600.0,120,1.0668507475180232e-05,1.0783992510366133e-05,0.005582910335328531,0.006900863014836307,0.003411876823591266,0.0005341123570500584,0.006401104485108139
RS-M1-005,regulator_theta_E_norm,fixed_600,600.0,1200.0,120,7.861957831724624e-07,7.95264167687499e-07,0.0011768135605548149,0.0017387615657542222,0.007410941718098788,0.0002934672846010289,0.0004717174699034774
RS-M1-005,regulator_theta_E_norm,fixed_600,1200.0,1800.0,120,4.450834598189685e-06,4.4882896404282925e-06,0.002314045009398108,0.002942434861948069,0.008531154236744914,0.00042100856091792285,0.002670500758913811
RS-M1-005,regulator_theta_E_norm,fixed_600,1800.0,2400.0,120,4.71069006272077e-06,4.503797504256508e-06,0.0031733912652174793,0.003779144835885446,0.011733637487429288,0.00030441294594257557,0.002826414037632462
RS-M1-005,regulator_theta_E_norm,fixed_600,2400.0,3000.0,120,6.604441994160362e-06,6.490250558176166e-06,0.0033228356538814036,0.004258227488543801,0.016020039546448858,0.0002785047498343697,0.0039626651964962175
RS-M1-005,regulator_theta_E_norm,fixed_600,3000.0,3600.0,120,-1.541153791458365e-06,-1.7330689799691755e-06,-0.0012093307726493419,0.0023017029092822546,0.0163614046607074,0.00029919313061627616,-0.000924692274875019
RS-M1-005,regulator_theta_E_norm,fixed_600,3600.0,4200.0,120,5.07699053240455e-06,4.916505591836402e-06,0.0020983792896314517,0.00346696333679632,0.01727702842108808,0.00043793794545803587,0.0030461943194427304
RS-M1-005,regulator_theta_E_norm,fixed_600,4200.0,4500.0,60,-1.770175771523175e-06,-1.8229391647172962e-06,-0.0004602404392769627,0.001222099882656879,0.01839379495362066,0.00026668415341941573,-0.0005310527314569525
RS-M1-005,regulator_theta_E_norm,early,0,1000,200,7.843561145377832e-06,7.577718621133651e-06,0.006249111751907716,0.00809880965135403,0.006372345695645112,0.0011620305684929737,0.007843561145377832
RS-M1-005,regulator_theta_E_norm,middle,1750.0,2750.0,200,6.598656562989225e-06,6.576412919928763e-06,0.005912676755619049,0.006478080505815793,0.012094978404955182,0.0008100800058261689,0.006598656562989225
RS-M1-005,regulator_theta_E_norm,late,3500.0,4500.0,200,2.749187572354883e-06,2.7701563124785936e-06,0.002181198448173549,0.00346696333679632,0.018126164044603633,0.0005436448992334943,0.0027491875723548833
RS-M1-005,regulator_theta_E_norm,final_1000,3500.0,4500.0,200,2.749187572354883e-06,2.7701563124785936e-06,0.002181198448173549,0.00346696333679632,0.018126164044603633,0.0005436448992334943,0.0027491875723548833
RS-M1-005,regulator_theta_I_norm,fixed_300,0.0,300.0,60,0.0,0.0,0.0,0.0,0.0,0.0,0.0
RS-M1-005,regulator_theta_I_norm,fixed_300,300.0,600.0,60,5.958723053884238e-07,7.949758221085459e-07,0.0001609715920455628,0.00016316472392854364,0.00016073724878895438,7.438652695370897e-05,0.00017876169161652714
RS-M1-005,regulator_theta_I_norm,fixed_300,600.0,900.0,60,-1.4835501277992145e-08,-1.3003114530826837e-08,-3.4895509321295815e-06,5.516343218384844e-06,0.00015830211828219052,6.254737949043531e-08,-4.4506503833976436e-06
RS-M1-005,regulator_theta_I_norm,fixed_300,900.0,1200.0,60,-1.4140295481873302e-08,-1.133106783333224e-08,-3.7212799132728316e-07,1.2691118253581438e-05,0.0001623013381146289,9.56621566862415e-07,-4.242088644561991e-06
RS-M1-005,regulator_theta_I_norm,fixed_300,1200.0,1500.0,60,-4.778280556958187e-08,-5.248963397686222e-08,-1.1163702505297547e-05,1.1881699516463326e-05,0.00015537885947800593,1.1073112053255625e-06,-1.433484167087456e-05
RS-M1-005,regulator_theta_I_norm,fixed_300,1500.0,1800.0,60,-1.1659827341586063e-08,-1.1655225498831103e-08,-2.7967668644485752e-06,3.4386074105998755e-06,0.0001471229439819708,9.855873956890601e-09,-3.497948202475819e-06
RS-M1-005,regulator_theta_I_norm,fixed_300,1800.0,2100.0,60,-1.0655577023043664e-08,-1.0656840470385302e-08,-2.5576774892829726e-06,3.144159873942219e-06,0.00014378023478671002,9.012699849058887e-09,-3.1966731069130993e-06
RS-M1-005,regulator_theta_I_norm,fixed_300,2100.0,2400.0,60,-9.736052304771132e-09,-9.732770877162031e-09,-2.3351410102128757e-06,2.8710413005444935e-06,0.00014072573547917747,8.229078874024505e-09,-2.9208156914313396e-06
RS-M1-005,regulator_theta_I_norm,fixed_300,2400.0,2700.0,60,-8.896451936402047e-09,-8.89765002708676e-09,-2.1355389808656953e-06,2.6252238395059544e-06,0.00013793280150070053,7.557683119981855e-09,-2.668935580920614e-06
RS-M1-005,regulator_theta_I_norm,fixed_300,2700.0,3000.0,60,-8.129442321656885e-09,-8.130406090870531e-09,-1.951324752395015e-06,2.3987687686627965e-06,0.00013538079832368038,6.874584079378859e-09,-2.4388326964970655e-06
RS-M1-005,regulator_theta_I_norm,fixed_300,3000.0,3300.0,60,-7.4282848652410785e-09,-7.427853819554963e-09,-1.7827361115227067e-06,2.190443021206882e-06,0.00013305041124833108,6.277412515755883e-09,-2.2284854595723234e-06
RS-M1-005,regulator_theta_I_norm,fixed_300,3300.0,3600.0,60,-6.751596045979518e-09,1.4528728709668416e-07,3.641687252689364e-05,5.920141936759666e-05,0.00013139969005117205,4.787711110292009e-07,-2.0254788137938554e-06
RS-M1-005,regulator_theta_I_norm,fixed_300,3600.0,3900.0,60,-1.3425797036517667e-08,-1.34274721708371e-08,-3.222638783095474e-06,3.961639242028341e-06,0.00018746453238708432,1.1593197396216406e-08,-4.0277391109553e-06
RS-M1-005,regulator_theta_I_norm,fixed_300,3900.0,4200.0,60,-1.2244680880970671e-08,-1.2245715495360056e-08,-2.9391314487119482e-06,3.6131012237781057e-06,0.000183617037865093,1.056715118262063e-08,-3.673404264291201e-06
RS-M1-005,regulator_theta_I_norm,fixed_300,4200.0,4500.0,60,3.138216638282412e-06,3.5540821502045676e-06,0.0007828787597118472,0.0007892275184035084,0.0004311550981878911,0.00010309316439144728,0.0009414649914847237
RS-M1-005,regulator_theta_I_norm,fixed_600,0.0,600.0,120,0.0,3.25861027358129e-07,0.0001609715920455628,0.00016316472392854364,0.0,0.0,0.0
RS-M1-005,regulator_theta_I_norm,fixed_600,600.0,1200.0,120,5.270849975888779e-09,9.53272203092057e-09,1.2379304387599081e-06,1.7423623323666146e-05,0.00016092864106451735,1.3351087943992978e-06,3.1625099855332677e-06
RS-M1-005,regulator_theta_I_norm,fixed_600,1200.0,1800.0,120,-1.3302879068124446e-08,-2.796172830044556e-08,-1.4692367429280321e-05,1.5381297592501335e-05,0.00014891200314706476,2.572314266678221e-07,-7.981727440874668e-06
RS-M1-005,regulator_theta_I_norm,fixed_600,1800.0,2400.0,120,-1.0185079867316233e-08,-1.018953662044044e-08,-5.503908657393975e-06,6.066124653344307e-06,0.00014221754703110733,3.5231639909424754e-08,-6.11104792038974e-06
RS-M1-005,regulator_theta_I_norm,fixed_600,2400.0,3000.0,120,-8.507265919418563e-09,-8.510575870667371e-09,-4.597098118190124e-06,5.066511555039968e-06,0.00013662802758225017,2.8753203248327417e-08,-5.104359551651138e-06
RS-M1-005,regulator_theta_I_norm,fixed_600,3000.0,3600.0,120,-7.091378002870345e-09,3.535661137043042e-08,3.4208100302974295e-05,5.920141936759666e-05,0.00013246325621181596,4.882183346059823e-07,-4.254826801722207e-06
RS-M1-005,regulator_theta_I_norm,fixed_600,3600.0,4200.0,120,-1.2825637088291141e-08,-1.2830800545987917e-08,-6.931006537383108e-06,7.638842566892094e-06,0.0001854965050984712,4.4415024752142624e-08,-7.695382252974686e-06
RS-M1-005,regulator_theta_I_norm,fixed_600,4200.0,4500.0,60,3.138216638282412e-06,3.5540821502045676e-06,0.0007828787597118472,0.0007892275184035084,0.0004311550981878911,0.00010309316439144728,0.0009414649914847237
RS-M1-005,regulator_theta_I_norm,early,0,1000,200,1.3843674951678817e-07,2.3548781347123615e-07,0.00016263072914181526,0.00017358491012602574,0.00015705522040995615,5.526724678197127e-05,0.00013843674951678818
RS-M1-005,regulator_theta_I_norm,middle,1750.0,2750.0,200,-9.744755010529334e-09,-9.75553494365462e-09,-9.180171271011984e-06,9.721315049685122e-06,0.00014072573547917747,9.07610812435675e-08,-9.744755010529335e-06
RS-M1-005,regulator_theta_I_norm,late,3500.0,4500.0,200,-1.1765144882916038e-08,5.384292244721096e-07,0.0008288332196597167,0.0008394814982256399,0.00018568925484568953,1.4930099229525903e-06,-1.1765144882916038e-05
RS-M1-005,regulator_theta_I_norm,final_1000,3500.0,4500.0,200,-1.1765144882916038e-08,5.384292244721096e-07,0.0008288332196597167,0.0008394814982256399,0.00018568925484568953,1.4930099229525903e-06,-1.1765144882916038e-05
RS-M1-006,H_norm,fixed_300,0.0,300.0,60,3.901191096799299e-07,3.769736112973128e-07,9.210533589767286e-05,0.0001253766423936529,9.611029396504702e-05,2.2248178813104292e-05,0.00011703573290397897
RS-M1-006,H_norm,fixed_300,300.0,600.0,60,1.3881828154588396e-08,1.9879113631937095e-08,5.160675452894786e-06,4.858037871043107e-05,0.00011372065553992924,6.387937611421227e-06,4.164548446376519e-06
RS-M1-006,H_norm,fixed_300,600.0,900.0,60,1.9255062421827216e-07,2.049435095490143e-07,5.395594867736286e-05,9.78487311494474e-05,0.000174008092102833,1.7024918716899545e-05,5.7765187265481645e-05
RS-M1-006,H_norm,fixed_300,900.0,1200.0,60,2.1294949074548256e-08,4.175740509180018e-08,-2.3738013346833277e-06,4.996899898432043e-05,0.00018469335616908553,6.871413891987993e-06,6.388484722364477e-06
RS-M1-006,H_norm,fixed_300,1200.0,1500.0,60,6.738267686410828e-08,6.762277561303251e-08,1.9226613805729614e-05,4.750016500609179e-05,0.00020196975513393268,7.73967485523253e-06,2.0214803059232482e-05
RS-M1-006,H_norm,fixed_300,1500.0,1800.0,60,2.0247241581933403e-07,2.2051092582638602e-07,7.84097019154588e-05,9.602428559908976e-05,0.00024067324320555179,1.2127219970565134e-05,6.074172474580021e-05
RS-M1-006,H_norm,fixed_300,1800.0,2100.0,60,-2.385591598808513e-07,-2.4633606072127785e-07,-4.973065792601765e-05,8.500651532457619e-05,0.0002472900378811699,4.499194208028103e-06,-7.156774796425538e-05
RS-M1-006,H_norm,fixed_300,2100.0,2400.0,60,9.736062385232992e-08,8.687592415113993e-08,3.8134818943355456e-05,6.149849143390588e-05,0.0002414380293294987,1.4418603304625871e-05,2.9208187155698978e-05
RS-M1-006,H_norm,fixed_300,2400.0,2700.0,60,4.144673683830778e-08,7.955380823169096e-08,2.022243240225053e-05,8.723906986533712e-05,0.00027793501006572016,1.051210549116326e-05,1.2434021051492335e-05
RS-M1-006,H_norm,fixed_300,2700.0,3000.0,60,2.0267535452528398e-07,2.0936222074116073e-07,5.924600410828868e-05,7.859753997461479e-05,0.00028328995947230027,1.0447902218104903e-05,6.0802606357585194e-05
RS-M1-006,H_norm,fixed_300,3000.0,3300.0,60,-2.5823845923747806e-07,-2.611223826339937e-07,-6.429960016303535e-05,0.00010222665785683776,0.00028887495937255725,1.172520645777457e-05,-7.747153777124342e-05
RS-M1-006,H_norm,fixed_300,3300.0,3600.0,60,-3.4738382042242035e-08,-2.0249120834802857e-08,6.337343932843553e-06,3.879062422876224e-05,0.000274325943338009,1.1547027461947853e-05,-1.042151461267261e-05
RS-M1-006,H_norm,fixed_300,3600.0,3900.0,60,5.645762749033056e-08,6.735344824359755e-08,2.2438431938268414e-05,6.167230811935265e-05,0.00028996860315364057,1.3069479601151809e-05,1.6937288247099167e-05
RS-M1-006,H_norm,fixed_300,3900.0,4200.0,60,-3.652788955632047e-08,-3.188414906411964e-08,-6.13340430085014e-06,2.86813101370518e-05,0.00029444405265869917,5.738776416370437e-06,-1.0958366866896141e-05
RS-M1-006,H_norm,fixed_300,4200.0,4500.0,60,-2.9243546711400683e-08,-5.3910876654804424e-08,-1.9273338669188874e-05,3.999238574107941e-05,0.00028353003961423566,5.012400478420783e-06,-8.773064013420204e-06
RS-M1-006,H_norm,fixed_600,0.0,600.0,120,1.1435706446171282e-07,1.4791907980759682e-07,0.00010390692592555532,0.0001417174798363476,0.0001091408013994297,1.3695175645284718e-05,6.861423867702769e-05
RS-M1-006,H_norm,fixed_600,600.0,1200.0,120,7.999357176752284e-08,9.212051313557592e-08,6.138225703382428e-05,0.00011383727259782267,0.0001808738127140128,8.425822032601265e-06,4.7996143060513705e-05
RS-M1-006,H_norm,fixed_600,1200.0,1800.0,120,1.3121225177647545e-07,1.4189133505590545e-07,0.00010508630465660453,0.00012069161888814359,0.00021065991532160768,8.801324072019409e-06,7.872735106588527e-05
RS-M1-006,H_norm,fixed_600,1800.0,2400.0,120,-3.8930759251875046e-08,-3.187736275165811e-08,5.375670166196363e-08,8.500651532457619e-05,0.0002453934897277054,1.4686060587468461e-05,-2.3358455551125027e-05
RS-M1-006,H_norm,fixed_600,2400.0,3000.0,120,3.866380225788262e-08,4.3576954733541166e-08,6.621739939553079e-05,8.723906986533712e-05,0.00027964515954718777,1.3818345391913552e-05,2.319828135472957e-05
RS-M1-006,H_norm,fixed_600,3000.0,3600.0,120,-8.131718468697014e-08,-1.045195201647352e-07,-6.722896676261312e-05,0.00011702923255416673,0.00028247836231086866,9.957647573746931e-06,-4.879031081218209e-05
RS-M1-006,H_norm,fixed_600,3600.0,4200.0,120,5.224413688009356e-09,8.104890961718866e-09,1.1592052954502918e-05,6.167230811935265e-05,0.0002937948324123335,1.0435499676915693e-05,3.1346482128056135e-06
RS-M1-006,H_norm,fixed_600,4200.0,4500.0,60,-2.9243546711400683e-08,-5.3910876654804424e-08,-1.9273338669188874e-05,3.999238574107941e-05,0.00028353003961423566,5.012400478420783e-06,-8.773064013420204e-06
RS-M1-006,H_norm,early,0,1000,200,1.3608460856952896e-07,1.475764359227573e-07,0.00016915647304788732,0.00020899063402917437,0.00011848145677601891,1.535874851432447e-05,0.00013608460856952897
RS-M1-006,H_norm,middle,1750.0,2750.0,200,2.6187198446471783e-08,2.9091115551019717e-08,-3.0362903444391325e-05,0.00012167801436643616,0.00026034855612684063,1.4625684380043484e-05,2.618719844647178e-05
RS-M1-006,H_norm,late,3500.0,4500.0,200,-3.5231746609991473e-10,3.488372551739859e-09,2.5741840551061232e-05,6.877202143489014e-05,0.000287964279969443,8.483162757738974e-06,-3.523174660999147e-07
RS-M1-006,H_norm,final_1000,3500.0,4500.0,200,-3.5231746609991473e-10,3.488372551739859e-09,2.5741840551061232e-05,6.877202143489014e-05,0.000287964279969443,8.483162757738974e-06,-3.523174660999147e-07
RS-M1-006,regulator_theta_E_norm,fixed_300,0.0,300.0,60,1.4440498273089483e-05,1.5206035704559458e-05,0.0035947527328670254,0.005436664172297356,0.003692999644320431,0.0003299387246029305,0.004332149481926845
RS-M1-006,regulator_theta_E_norm,fixed_300,300.0,600.0,60,2.841245761974388e-06,4.2967879175278e-06,0.0012956862954699852,0.0019091216967542539,0.007012659262000974,8.389573426081324e-05,0.0008523737285923164
RS-M1-006,regulator_theta_E_norm,fixed_300,600.0,900.0,60,7.956051003883874e-06,7.847757014667592e-06,0.00177312315132636,0.0023330329272657387,0.00782985149338103,0.00016736385182097857,0.0023868153011651623
RS-M1-006,regulator_theta_E_norm,fixed_300,900.0,1200.0,60,1.585753011754267e-06,2.5079639437777263e-06,0.000932850307787253,0.0015759841128443128,0.009252029973930903,0.0001385099291260801,0.0004757259035262801
RS-M1-006,regulator_theta_E_norm,fixed_300,1200.0,1500.0,60,6.142925439504957e-06,6.137493703775339e-06,0.0013672632927167402,0.001960603105099965,0.010956920938271657,0.00017157851422254858,0.001842877631851487
RS-M1-006,regulator_theta_E_norm,fixed_300,1500.0,1800.0,60,7.296253483392343e-06,7.353293261446512e-06,0.0017511191319235335,0.002451902009783468,0.014226044427232689,0.00048446557471131923,0.002188876045017703
RS-M1-006,regulator_theta_E_norm,fixed_300,1800.0,2100.0,60,5.077211497497202e-06,5.157488905726717e-06,0.0012241395398885722,0.001660068881992766,0.014865736190784356,0.00015275366620264713,0.0015231634492491608
RS-M1-006,regulator_theta_E_norm,fixed_300,2100.0,2400.0,60,-5.90546579250468e-07,-6.450180314329604e-07,-0.00010886799361268726,0.001301857410068545,0.014862588960385913,0.00019935043597209528,-0.00017716397377514042
RS-M1-006,regulator_theta_E_norm,fixed_300,2400.0,2700.0,60,-2.9353408937057518e-06,-2.963694849810123e-06,-0.0006515095341046214,0.001105289591860988,0.015042644537209982,0.00012009886192248988,-0.0008806022681117255
RS-M1-006,regulator_theta_E_norm,fixed_300,2700.0,3000.0,60,-6.164721095330256e-07,7.553300307206236e-07,-0.00020932827123320077,0.0020565842318247193,0.01472793771116927,0.000226415786070573,-0.0001849416328599077
RS-M1-006,regulator_theta_E_norm,fixed_300,3000.0,3300.0,60,4.892095419903239e-07,-1.7110507447078517e-07,-8.470542059437619e-05,0.0013263547100236753,0.01433456492733668,0.00035408668382293923,0.00014676286259709717
RS-M1-006,regulator_theta_E_norm,fixed_300,3300.0,3600.0,60,1.165454185382412e-06,1.0546426508334626e-06,0.0004802729724241797,0.0016123652680177722,0.01466298176592288,0.0003076134380792664,0.00034963625561472357
RS-M1-006,regulator_theta_E_norm,fixed_300,3600.0,3900.0,60,-2.8414522614728042e-06,-2.3900750932969595e-06,-0.00011131201799236684,0.0014897238433044194,0.015903775639712896,0.00028471768915809895,-0.0008524356784418412
RS-M1-006,regulator_theta_E_norm,fixed_300,3900.0,4200.0,60,1.2519009716203445e-05,1.2567382927733493e-05,0.0032471220921677854,0.0036967332710738984,0.016968299192936236,0.0001877682295431931,0.0037557029148610334
RS-M1-006,regulator_theta_E_norm,fixed_300,4200.0,4500.0,60,1.2697458629341041e-05,1.1771768689852976e-05,0.0026027753361793117,0.0032658036183756227,0.0209998725937919,0.00042885844394322317,0.0038092375888023125
RS-M1-006,regulator_theta_E_norm,fixed_600,0.0,600.0,120,1.15080617252182e-05,1.1358673835105757e-05,0.0057497050481334685,0.007318994147313201,0.005479580712707709,0.00041361165768797324,0.00690483703513092
RS-M1-006,regulator_theta_E_norm,fixed_600,600.0,1200.0,120,5.226628078224265e-06,5.04053094735718e-06,0.003133342100005273,0.0036862144732224544,0.00891903761734752,0.00029768806410765316,0.003135976846934559
RS-M1-006,regulator_theta_E_norm,fixed_600,1200.0,1800.0,120,8.438932125025121e-06,8.429140282623634e-06,0.0037298990677414167,0.004336063098161811,0.012238697501418991,0.00019570575980605315,0.005063359275015073
RS-M1-006,regulator_theta_E_norm,fixed_600,1800.0,2400.0,120,6.890069207710645e-07,5.875145677145356e-07,0.0009142390437643696,0.001660068881992766,0.014864325768049545,0.00029768006894336733,0.0004134041524626387
RS-M1-006,regulator_theta_E_norm,fixed_600,2400.0,3000.0,120,-1.4145837245023132e-06,-7.806243096211713e-07,-0.0005989021287261063,0.0020565842318247193,0.014919393447398734,0.00018992632660973837,-0.0008487502347013879
RS-M1-006,regulator_theta_E_norm,fixed_600,3000.0,3600.0,120,1.2337612820585434e-06,1.0481172099083817e-06,0.0007784615172527383,0.001841307183053937,0.014532521088723245,0.000313728603314899,0.000740256769235126
RS-M1-006,regulator_theta_E_norm,fixed_600,3600.0,4200.0,120,3.658150034356833e-06,3.484574409729139e-06,0.0024638068177328595,0.0036967332710738984,0.016243986325397086,0.0006100725188319424,0.0021948900206141
RS-M1-006,regulator_theta_E_norm,fixed_600,4200.0,4500.0,60,1.2697458629341041e-05,1.1771768689852976e-05,0.0026027753361793117,0.0032658036183756227,0.0209998725937919,0.00042885844394322317,0.0038092375888023125
RS-M1-006,regulator_theta_E_norm,early,0,1000,200,7.02669371380361e-06,7.402153414805766e-06,0.007754745303650324,0.009564428728526852,0.007012473053683906,0.0008648126996971331,0.0070266937138036105
RS-M1-006,regulator_theta_E_norm,middle,1750.0,2750.0,200,3.4850120209637906e-07,3.3821756429305193e-07,0.000557220892416322,0.001660068881992766,0.014902887901528581,0.00029202121659852465,0.00034850120209637905
RS-M1-006,regulator_theta_E_norm,late,3500.0,4500.0,200,7.450196710523328e-06,7.068194010947296e-06,0.006785758082362023,0.007459246426639135,0.01677364940200319,0.0009812550939122741,0.007450196710523328
RS-M1-006,regulator_theta_E_norm,final_1000,3500.0,4500.0,200,7.450196710523328e-06,7.068194010947296e-06,0.006785758082362023,0.007459246426639135,0.01677364940200319,0.0009812550939122741,0.007450196710523328
RS-M1-006,regulator_theta_I_norm,fixed_300,0.0,300.0,60,4.839127648578746e-07,6.012334950644937e-07,0.00013113004551318822,0.00013198628880002836,0.00010531979524030876,2.987245156576159e-05,0.00014517382945736237
RS-M1-006,regulator_theta_I_norm,fixed_300,300.0,600.0,60,-8.905615196237837e-09,1.365789796806605e-08,5.952774566646973e-06,1.3771742405064116e-05,0.0001344298545332986,2.1401394649133625e-07,-2.671684558871351e-06
RS-M1-006,regulator_theta_I_norm,fixed_300,600.0,900.0,60,-1.2997773141716605e-08,-7.415781753988197e-09,-5.194255491799353e-06,1.5117566919607272e-05,0.0001419033478878818,2.783291342356263e-07,-3.899331942514982e-06
RS-M1-006,regulator_theta_I_norm,fixed_300,900.0,1200.0,60,-3.5901248113429254e-09,6.458870132889622e-08,1.5663765549500544e-05,2.8361374651378546e-05,0.00015580806678205155,1.0381877349361707e-06,-1.0770374434028777e-06
RS-M1-006,regulator_theta_I_norm,fixed_300,1200.0,1500.0,60,1.945983816737638e-08,2.282959310458196e-08,4.908990690079317e-06,6.846822501604038e-06,0.00017068097170126935,1.0399972746379262e-06,5.837951450212913e-06
RS-M1-006,regulator_theta_I_norm,fixed_300,1500.0,1800.0,60,-1.3841647152242892e-08,-1.3843287363198459e-08,-3.3224354121741634e-06,4.084278583466771e-06,0.0001712364648376436,1.1705130154580131e-08,-4.152494145672868e-06
RS-M1-006,regulator_theta_I_norm,fixed_300,1800.0,2100.0,60,-1.2647705338325669e-08,-1.2646503918988377e-08,-3.0340683995291895e-06,3.729562496194728e-06,0.000167268619737135,1.0688552330910084e-08,-3.7943116014977008e-06
RS-M1-006,regulator_theta_I_norm,fixed_300,2100.0,2400.0,60,-1.1547518519049356e-08,-1.1552532440392742e-08,-2.774169422707076e-06,3.410293765736071e-06,0.00016364049087847057,1.0381359903855912e-08,-3.4642555557148067e-06
RS-M1-006,regulator_theta_I_norm,fixed_300,2400.0,2700.0,60,-1.056069690599593e-08,-1.0561667152591424e-08,-2.534903025705427e-06,3.116162941302217e-06,0.0001603252895793031,8.929187049261031e-09,-3.168209071798779e-06
RS-M1-006,regulator_theta_I_norm,fixed_300,2700.0,3000.0,60,2.516989012690056e-07,3.0586367626384167e-07,6.411447988484556e-05,6.581271696791416e-05,0.00020839671469417473,1.3245490350072056e-05,7.550967038070167e-05
RS-M1-006,regulator_theta_I_norm,fixed_300,3000.0,3300.0,60,4.0830009086007827e-08,7.167820720535165e-08,1.5131896377359289e-05,2.0715031935524572e-05,0.00022162755413920692,4.0474641604489785e-06,1.2249002725802347e-05
RS-M1-006,regulator_theta_I_norm,fixed_300,3300.0,3600.0,60,-3.0100776276764145e-08,-1.8107237898994383e-08,-9.219609907841714e-06,2.256089449296429e-05,0.00022232998242373257,2.833199377521713e-06,-9.030232883029243e-06
RS-M1-006,regulator_theta_I_norm,fixed_300,3600.0,3900.0,60,7.311377113729553e-09,4.727228826546518e-08,9.41044457962052e-06,1.2779593201169562e-05,0.00022036514806427133,1.709829334412024e-06,2.193413134118866e-06
RS-M1-006,regulator_theta_I_norm,fixed_300,3900.0,4200.0,60,1.6785927392896963e-07,2.6592966533051475e-07,4.9756465346361626e-05,8.940010541160154e-05,0.00027863424356293386,2.5050220194572698e-05,5.035778217869089e-05
RS-M1-006,regulator_theta_I_norm,fixed_300,4200.0,4500.0,60,-2.0130128792980536e-08,-1.6536958291655676e-08,-3.832807470423533e-06,8.639921639365963e-06,0.00027846670768586,1.514134966093463e-06,-6.0390386378941606e-06
RS-M1-006,regulator_theta_I_norm,fixed_600,0.0,600.0,120,9.549530854212533e-08,2.3113333549991626e-07,0.00013147963742468735,0.00013698356397884502,0.00013115497648511003,1.1725434248100281e-05,5.72971851252752e-05
RS-M1-006,regulator_theta_I_norm,fixed_600,600.0,1200.0,120,1.8254156019515572e-08,3.09190026405099e-08,9.718948594606162e-06,3.653877782204345e-05,0.00014375549250595515,5.665527851342518e-06,1.0952493611709344e-05
RS-M1-006,regulator_theta_I_norm,fixed_600,1200.0,1800.0,120,-1.349139494132916e-08,1.0889890388948472e-10,7.178015720784203e-07,6.846822501604038e-06,0.00017096048599355318,2.389922894369725e-06,-8.094836964797496e-06
RS-M1-006,regulator_theta_I_norm,fixed_600,1800.0,2400.0,120,-1.2092561098999313e-08,-1.2096169990311401e-08,-6.533627353796299e-06,7.200304557972685e-06,0.00016541365453054722,4.087726961530202e-08,-7.255536659399588e-06
RS-M1-006,regulator_theta_I_norm,fixed_600,2400.0,3000.0,120,1.2697158221605821e-09,1.2502164432260245e-07,6.097391795965249e-05,6.581271696791416e-05,0.0001607502317273078,1.97372809903552e-06,7.618294932963493e-07
RS-M1-006,regulator_theta_I_norm,fixed_600,3000.0,3600.0,120,-1.5456536207845714e-08,-6.141352290279931e-09,-3.8678925665366405e-07,3.1737887747166005e-05,0.0002219270097275796,5.024423993723538e-06,-9.273921724707429e-06
RS-M1-006,regulator_theta_I_norm,fixed_600,3600.0,4200.0,120,6.881722936740971e-08,1.5246199066155705e-07,5.8269095498662533e-05,9.885617228264884e-05,0.00022932463402423176,7.322419809982576e-06,4.129033762044583e-05
RS-M1-006,regulator_theta_I_norm,fixed_600,4200.0,4500.0,60,-2.0130128792980536e-08,-1.6536958291655676e-08,-3.832807470423533e-06,8.639921639365963e-06,0.00027846670768586,1.514134966093463e-06,-6.0390386378941606e-06
RS-M1-006,regulator_theta_I_norm,early,0,1000,200,3.772288293512065e-08,1.0683868478960942e-07,0.00013950114639311713,0.00016752604585562898,0.00013473432263646143,6.041011947048784e-06,3.772288293512065e-05
RS-M1-006,regulator_theta_I_norm,middle,1750.0,2750.0,200,-1.156650076407467e-08,-1.1579719225072724e-08,-1.0896689706281926e-05,1.1539014435314081e-05,0.00016364049087847057,1.0932916914984541e-07,-1.1566500764074671e-05
RS-M1-006,regulator_theta_I_norm,late,3500.0,4500.0,200,6.764111385533011e-08,8.613351352794467e-08,5.269529431978261e-05,9.885617228264884e-05,0.00023084305983020833,1.7839204523747415e-05,6.764111385533011e-05
RS-M1-006,regulator_theta_I_norm,final_1000,3500.0,4500.0,200,6.764111385533011e-08,8.613351352794467e-08,5.269529431978261e-05,9.885617228264884e-05,0.00023084305983020833,1.7839204523747415e-05,6.764111385533011e-05
RS-M1-007,H_norm,fixed_300,0.0,300.0,60,4.1524496195294214e-07,4.1928800225728387e-07,0.00010657197228866876,0.00014314775884988036,7.131164794757817e-05,1.0183750720890038e-05,0.00012457348858588264
RS-M1-007,H_norm,fixed_300,300.0,600.0,60,1.452009210015568e-07,1.5857100075904668e-07,3.309453630201463e-05,8.618216728260969e-05,0.00013055108635680915,9.118559927688677e-06,4.356027630046704e-05
RS-M1-007,H_norm,fixed_300,600.0,900.0,60,1.1503480816986543e-07,1.261833703487056e-07,2.5583688027156734e-05,5.950365331107286e-05,0.0001727217708011806,5.791603713810632e-06,3.451044245095963e-05
RS-M1-007,H_norm,fixed_300,900.0,1200.0,60,-2.714291915216371e-08,-3.64360625607687e-08,-4.2690878139291656e-06,3.425433539379282e-05,0.00018105595620590678,4.547484955605752e-06,-8.142875745649114e-06
RS-M1-007,H_norm,fixed_300,1200.0,1500.0,60,2.830116981861206e-08,2.401936006245752e-08,3.175869840918433e-07,4.287602805989253e-05,0.00018062105315127077,4.027380340305251e-06,8.490350945583619e-06
RS-M1-007,H_norm,fixed_300,1500.0,1800.0,60,2.2796512132841562e-07,2.1417465292411652e-07,5.2834249691260346e-05,6.668467952204333e-05,0.00020851799778613298,6.8776122108797784e-06,6.838953639852469e-05
RS-M1-007,H_norm,fixed_300,1800.0,2100.0,60,2.757637519634827e-08,4.246560298158263e-08,9.367761067154319e-06,2.9531446836431665e-05,0.0002487929229805964,6.4147657828985695e-06,8.272912558904481e-06
RS-M1-007,H_norm,fixed_300,2100.0,2400.0,60,9.481423100448515e-10,-3.7423510144440524e-10,-6.365263558777054e-07,1.0955773282464313e-05,0.0002417906162639528,1.526160603908372e-06,2.844426930134555e-07
RS-M1-007,H_norm,fixed_300,2400.0,2700.0,60,5.2673966022842634e-08,5.198825598223339e-08,7.823788348398399e-06,2.6491783858166893e-05,0.0002517788557736698,4.843697108142486e-06,1.580218980685279e-05
RS-M1-007,H_norm,fixed_300,2700.0,3000.0,60,-1.4799923299729418e-07,-1.3915056395797603e-07,-3.6566318106993575e-05,4.843605301199964e-05,0.0002768704717222764,4.657846416058939e-06,-4.439976989918825e-05
RS-M1-007,H_norm,fixed_300,3000.0,3300.0,60,-3.8732444053630316e-08,-3.750791381936144e-08,-9.866917599719708e-06,2.224426324699499e-05,0.00025805199690570916,3.666077596662672e-06,-1.1619733216089094e-05
RS-M1-007,H_norm,fixed_300,3300.0,3600.0,60,1.4121167416582863e-07,1.383101700568614e-07,3.651222533433685e-05,5.358430888195535e-05,0.0002647541634068573,7.4611144854338845e-06,4.236350224974859e-05
RS-M1-007,H_norm,fixed_300,3600.0,3900.0,60,-3.049713143040314e-08,-3.3477673275697924e-08,-9.895600987010916e-06,2.8492362196832935e-05,0.0002771531590058151,3.853708832404426e-06,-9.149139429120942e-06
RS-M1-007,H_norm,fixed_300,3900.0,4200.0,60,-8.098584935697782e-09,4.333175518650248e-09,-9.485826221288754e-06,3.438725405788913e-05,0.0002800519666464534,3.641645484633464e-06,-2.4295754807093346e-06
RS-M1-007,H_norm,fixed_300,4200.0,4500.0,60,-4.6630426422479386e-08,-2.313491777872746e-09,6.508667863901131e-06,5.439326937782142e-05,0.0002562972646366708,8.221739410187553e-06,-1.3989127926743816e-05
RS-M1-007,H_norm,fixed_600,0.0,600.0,120,2.044213079961973e-07,2.0251034193747536e-07,0.00010335166347202559,0.00016280045700827364,0.00011799505139934295,2.0216882928810635e-05,0.00012265278479771838
RS-M1-007,H_norm,fixed_600,600.0,1200.0,120,2.851865308101242e-08,3.288053350728333e-08,1.429790248486912e-05,6.556037087974292e-05,0.00017811082618807004,6.856144253369182e-06,1.711119184860745e-05
RS-M1-007,H_norm,fixed_600,1200.0,1800.0,120,9.089334145352788e-08,9.954852479132106e-08,5.5328797910033994e-05,7.63915677955419e-05,0.00019307742957063665,6.935523883502321e-06,5.453600487211673e-05
RS-M1-007,H_norm,fixed_600,1800.0,2400.0,120,-1.6064690330123454e-08,-1.247073950777405e-08,2.8016380669993856e-06,2.9531446836431665e-05,0.00024270599258685246,4.450010899287305e-06,-9.638814198074072e-06
RS-M1-007,H_norm,fixed_600,2400.0,3000.0,120,3.9504334381439994e-08,4.154139315072273e-08,1.133484605930692e-05,5.688340233362947e-05,0.00025975222322510217,8.09899815145231e-06,2.3702600628863998e-05
RS-M1-007,H_norm,fixed_600,3000.0,3600.0,120,1.450083900278256e-08,3.0967210071051264e-08,2.192526426472713e-05,5.358430888195535e-05,0.0002590693579159781,7.1448954581373526e-06,8.700503401669536e-06
RS-M1-007,H_norm,fixed_600,3600.0,4200.0,120,3.124774331452172e-09,8.330271101300314e-09,-1.0136575931376103e-05,3.6805087482324876e-05,0.00027900013490763655,4.167549023603099e-06,1.8748645988713031e-06
RS-M1-007,H_norm,fixed_600,4200.0,4500.0,60,-4.6630426422479386e-08,-2.313491777872746e-09,6.508667863901131e-06,5.439326937782142e-05,0.0002562972646366708,8.221739410187553e-06,-1.3989127926743816e-05
RS-M1-007,H_norm,early,0,1000,200,1.5741725735035664e-07,1.5884074106635275e-07,0.00016176286006303894,0.00020043127560513837,0.0001373157282825915,1.1584715393854104e-05,0.00015741725735035663
RS-M1-007,H_norm,middle,1750.0,2750.0,200,1.2251380387074398e-08,1.867595793384939e-08,4.510210504499347e-05,6.346715399022413e-05,0.0002462274327014593,5.963514679108547e-06,1.2251380387074399e-05
RS-M1-007,H_norm,late,3500.0,4500.0,200,-2.1838079571705962e-08,-2.3850596479913443e-08,6.234410094206567e-06,6.518877527679877e-05,0.00027740602283959285,6.474504440511056e-06,-2.183807957170596e-05
RS-M1-007,H_norm,final_1000,3500.0,4500.0,200,-2.1838079571705962e-08,-2.3850596479913443e-08,6.234410094206567e-06,6.518877527679877e-05,0.00027740602283959285,6.474504440511056e-06,-2.183807957170596e-05
RS-M1-007,regulator_theta_E_norm,fixed_300,0.0,300.0,60,1.8154327996156585e-05,1.7768906618984046e-05,0.004092491967508235,0.005854924528543432,0.004467715146470513,0.00036505431237291407,0.005446298398846975
RS-M1-007,regulator_theta_E_norm,fixed_300,300.0,600.0,60,8.850874349528761e-06,8.337670582819044e-06,0.002202760378149686,0.002760326792054609,0.006335568822581496,0.00018244958241368835,0.0026552623048586286
RS-M1-007,regulator_theta_E_norm,fixed_300,600.0,900.0,60,1.1888670699199116e-05,1.1970256883299308e-05,0.002847168152452763,0.004123678093951507,0.009666645097066238,0.0002286207476757526,0.0035666012097597347
RS-M1-007,regulator_theta_E_norm,fixed_300,900.0,1200.0,60,1.8937251361709718e-06,1.857842499306326e-06,0.00039875166240906437,0.0009310082526051006,0.01104022324331521,0.0001294789073607045,0.0005681175408512915
RS-M1-007,regulator_theta_E_norm,fixed_300,1200.0,1500.0,60,-5.397957207071248e-06,-5.310198117893664e-06,-0.0007634704557411883,0.002281839208997164,0.011536805125494317,0.0003681555218685191,-0.0016193871621213744
RS-M1-007,regulator_theta_E_norm,fixed_300,1500.0,1800.0,60,9.777589261706471e-06,9.732244472560307e-06,0.0026612241957598027,0.0031941781921991635,0.012953502663191388,0.0002710716000215935,0.0029332767785119414
RS-M1-007,regulator_theta_E_norm,fixed_300,1800.0,2100.0,60,3.437334484463514e-06,3.9926682643984544e-06,0.000582098039368071,0.0019937519148760935,0.014861330863489623,0.0004016402487272844,0.0010312003453390541
RS-M1-007,regulator_theta_E_norm,fixed_300,2100.0,2400.0,60,-2.5066553858000145e-06,-2.5226835729616515e-06,-0.0005957107927860583,0.001406938018197865,0.014027901103048244,0.00019120900521421656,-0.0007519966157400043
RS-M1-007,regulator_theta_E_norm,fixed_300,2400.0,2700.0,60,4.660795433704683e-06,4.973314556825344e-06,0.0008354149462999373,0.0017643815731647645,0.013831285527305278,0.0002896854811132365,0.001398238630111405
RS-M1-007,regulator_theta_E_norm,fixed_300,2700.0,3000.0,60,2.359943872453402e-06,2.462170603412202e-06,0.0005339553013679523,0.0010315286985821907,0.014500009266045104,0.00014323716923346497,0.0007079831617360205
RS-M1-007,regulator_theta_E_norm,fixed_300,3000.0,3300.0,60,1.3335406164186714e-06,1.341695754217675e-06,0.0003166485516645362,0.0008483577277970337,0.015264382098661225,9.963451655329875e-05,0.00040006218492560144
RS-M1-007,regulator_theta_E_norm,fixed_300,3300.0,3600.0,60,-3.7440103555534814e-06,-3.955058140709067e-06,-0.0010066558943348809,0.0018155244277593043,0.015117655394457852,0.0001891302938163801,-0.0011232031066660444
RS-M1-007,regulator_theta_E_norm,fixed_300,3600.0,3900.0,60,7.212187682282795e-07,9.010705359288217e-07,3.2958021350037656e-05,0.001093868052975979,0.014478068740691933,0.00019776590722817879,0.00021636563046848384
RS-M1-007,regulator_theta_E_norm,fixed_300,3900.0,4200.0,60,7.846526717755811e-07,5.893207174730885e-07,0.0003287863534273093,0.0012146552364938005,0.014732568038583981,0.00031074508033941423,0.00023539580153267433
RS-M1-007,regulator_theta_E_norm,fixed_300,4200.0,4500.0,60,-9.394555431723425e-07,-9.286317445232557e-07,-0.00018766552514480964,0.0009716246264293606,0.013855749728252223,0.00011897788411795781,-0.00028183666295170275
RS-M1-007,regulator_theta_E_norm,fixed_600,0.0,600.0,120,8.849169538509861e-06,9.140257498573978e-06,0.005934691581896403,0.007833052995139372,0.005610752619540673,0.0005932689381686995,0.005309501723105917
RS-M1-007,regulator_theta_E_norm,fixed_600,600.0,1200.0,120,5.303207310076342e-06,5.818540705382146e-06,0.003233765937599862,0.004591705363978071,0.010801712434510995,0.0004915738957719127,0.003181924386045805
RS-M1-007,regulator_theta_E_norm,fixed_600,1200.0,1800.0,120,3.91479442174853e-06,3.4950213928649677e-06,0.002183911834800911,0.0034301841160680867,0.012046982953561311,0.0006830133150331789,0.002348876653049118
RS-M1-007,regulator_theta_E_norm,fixed_600,1800.0,2400.0,120,-2.5765170770868842e-06,-2.136787008259591e-06,-0.0007817423932118157,0.0027577030074262144,0.014304291999555609,0.0003645084529756244,-0.0015459102462521306
RS-M1-007,regulator_theta_E_norm,fixed_600,2400.0,3000.0,120,2.2798586291243547e-06,2.300822063490595e-06,0.0012824062026382393,0.001985394268827382,0.014413470398520443,0.00026082238157357305,0.0013679151774746128
RS-M1-007,regulator_theta_E_norm,fixed_600,3000.0,3600.0,120,-5.27544090474678e-07,-6.314938385528073e-07,-0.00020434899103326416,0.0018155244277593043,0.015218132804035413,0.0001847808548191849,-0.0003165264542848068
RS-M1-007,regulator_theta_E_norm,fixed_600,3600.0,4200.0,120,1.1171425540537595e-06,1.128652756677796e-06,0.00016864113449145332,0.0014471686113021968,0.014592574886050648,0.0002614819570199425,0.0006702855324322557
RS-M1-007,regulator_theta_E_norm,fixed_600,4200.0,4500.0,60,-9.394555431723425e-07,-9.286317445232557e-07,-0.00018766552514480964,0.0009716246264293606,0.013855749728252223,0.00011897788411795781,-0.00028183666295170275
RS-M1-007,regulator_theta_E_norm,early,0,1000,200,9.143572304080856e-06,9.17865079139014e-06,0.009176676708100132,0.011129482270242425,0.006735595112439548,0.0004452465548022543,0.009143572304080855
RS-M1-007,regulator_theta_E_norm,middle,1750.0,2750.0,200,-7.050014488736308e-07,-6.72939754897458e-07,0.00048322812960148107,0.0027577030074262144,0.01421183892961711,0.0004746204229417045,-0.0007050014488736308
RS-M1-007,regulator_theta_E_norm,late,3500.0,4500.0,200,-8.487137135898275e-07,-8.166794585127545e-07,-0.0007309886180251086,0.0020176713515569784,0.014454232498914792,0.0003038252735014053,-0.0008487137135898275
RS-M1-007,regulator_theta_E_norm,final_1000,3500.0,4500.0,200,-8.487137135898275e-07,-8.166794585127545e-07,-0.0007309886180251086,0.0020176713515569784,0.014454232498914792,0.0003038252735014053,-0.0008487137135898275
RS-M1-007,regulator_theta_I_norm,fixed_300,0.0,300.0,60,0.0,0.0,0.0,0.0,0.0,0.0,0.0
RS-M1-007,regulator_theta_I_norm,fixed_300,300.0,600.0,60,0.0,0.0,0.0,0.0,0.0,0.0,0.0
RS-M1-007,regulator_theta_I_norm,fixed_300,600.0,900.0,60,0.0,0.0,0.0,0.0,0.0,0.0,0.0
RS-M1-007,regulator_theta_I_norm,fixed_300,900.0,1200.0,60,0.0,0.0,0.0,0.0,0.0,0.0,0.0
RS-M1-007,regulator_theta_I_norm,fixed_300,1200.0,1500.0,60,3.3005069534091424e-07,4.0074238129315094e-07,8.099888879316108e-05,8.192861522494608e-05,8.080253653162494e-05,3.780861724431085e-05,9.901520860227428e-05
RS-M1-007,regulator_theta_I_norm,fixed_300,1500.0,1800.0,60,3.653841640689139e-06,4.176687496194567e-06,0.0009854871674960788,0.0010061365336568174,0.000717902814121821,0.0002061987593802174,0.0010961524922067417
RS-M1-007,regulator_theta_I_norm,fixed_300,1800.0,2100.0,60,1.0134609509090528e-06,2.5813841915179987e-06,0.0005350090020392697,0.000607478183868499,0.0016146596917831356,0.00012161531410948142,0.00030403828527271584
RS-M1-007,regulator_theta_I_norm,fixed_300,2100.0,2400.0,60,-4.0729930437281956e-08,-1.0725807203940957e-08,-3.657466532453737e-06,2.5087645875632517e-05,0.0016064483550176335,6.54639459538866e-06,-1.2218979131184587e-05
RS-M1-007,regulator_theta_I_norm,fixed_300,2400.0,2700.0,60,-5.1497522557535154e-08,-1.2905821133151896e-08,-1.232398477966955e-05,3.522514349603217e-05,0.001618294997462843,3.462837292490307e-06,-1.5449256767260547e-05
RS-M1-007,regulator_theta_I_norm,fixed_300,2700.0,3000.0,60,5.505566940217229e-08,1.7001633502902414e-07,4.2218764435074385e-05,6.093109843214586e-05,0.0015989995649322447,1.0767123139297113e-05,1.6516700820651687e-05
RS-M1-007,regulator_theta_I_norm,fixed_300,3000.0,3300.0,60,-1.7687808987337168e-07,-2.4352536899749426e-07,-6.032454140188041e-05,6.712236917291899e-05,0.0015907586504020795,4.7110338117468216e-06,-5.3063426962011505e-05
RS-M1-007,regulator_theta_I_norm,fixed_300,3300.0,3600.0,60,-1.1151906175115127e-07,-1.115322372047572e-07,-2.676811001207013e-05,3.290609714580212e-05,0.0015557526319688896,9.417357908780583e-08,-3.345571852534538e-05
RS-M1-007,regulator_theta_I_norm,fixed_300,3600.0,3900.0,60,-1.0187297547312004e-07,-1.0187148264729096e-07,-2.4442590001083966e-05,3.0051999961384652e-05,0.0015237826024911613,7.96596082735428e-08,-3.056189264193601e-05
RS-M1-007,regulator_theta_I_norm,fixed_300,3900.0,4200.0,60,-1.3314380508468791e-07,7.716751495183439e-07,0.0003550103449855809,0.0003865955669239765,0.0018734673220131529,5.430115656948381e-06,-3.994314152540637e-05
RS-M1-007,regulator_theta_I_norm,fixed_300,4200.0,4500.0,60,4.212914766047021e-06,5.003934137841065e-06,0.0010762249521715245,0.0011189933469967195,0.002640145057894832,0.00018140598560119846,0.0012638744298141063
RS-M1-007,regulator_theta_I_norm,fixed_600,0.0,600.0,120,0.0,0.0,0.0,0.0,0.0,0.0,0.0
RS-M1-007,regulator_theta_I_norm,fixed_600,600.0,1200.0,120,0.0,0.0,0.0,0.0,0.0,0.0,0.0
RS-M1-007,regulator_theta_I_norm,fixed_600,1200.0,1800.0,120,4.6172878018113446e-07,1.6657244560628234e-06,0.0010660172731957775,0.0010858190714009078,8.084168926061443e-05,4.4253092486496134e-05,0.00027703726810868065
RS-M1-007,regulator_theta_I_norm,fixed_600,1800.0,2400.0,120,-3.508397683983018e-08,7.876546842274394e-07,0.0005266832218135396,0.000607478183868499,0.0016081285146072287,9.813232628230273e-06,-2.1050386103898108e-05
RS-M1-007,regulator_theta_I_norm,fixed_600,2400.0,3000.0,120,-6.917644412895476e-08,-7.391813389489188e-09,2.1824106079726315e-05,6.093109843214586e-05,0.0016142787470925166,1.1185349043273162e-05,-4.150586647737286e-05
RS-M1-007,regulator_theta_I_norm,fixed_600,3000.0,3600.0,120,-1.1752664653220014e-07,-1.5315995478150793e-07,-9.409156434339832e-05,0.00010061170106331722,0.0015728614858954606,4.3366068254869616e-07,-7.051598791932008e-05
RS-M1-007,regulator_theta_I_norm,fixed_600,3600.0,4200.0,120,1.4225922919103857e-08,8.405200281460384e-07,0.0003266591338205488,0.0003865955669239765,0.0015351588330921849,2.6323609730288474e-05,8.535553751462315e-06
RS-M1-007,regulator_theta_I_norm,fixed_600,4200.0,4500.0,60,4.212914766047021e-06,5.003934137841065e-06,0.0010762249521715245,0.0011189933469967195,0.002640145057894832,0.00018140598560119846,0.0012638744298141063
RS-M1-007,regulator_theta_I_norm,early,0,1000,200,0.0,0.0,0.0,0.0,0.0,0.0,0.0
RS-M1-007,regulator_theta_I_norm,middle,1750.0,2750.0,200,2.258598369658026e-08,4.6104157967734405e-07,0.0005205853471458295,0.0008563160782110829,0.0016100473500834534,1.2002679233405738e-05,2.2585983696580262e-05
RS-M1-007,regulator_theta_I_norm,late,3500.0,4500.0,200,8.51893836648341e-07,1.4401354623059672e-06,0.0013843800668367455,0.0014493304048456381,0.0018538103299279162,0.00013603323837348374,0.0008518938366483409
RS-M1-007,regulator_theta_I_norm,final_1000,3500.0,4500.0,200,8.51893836648341e-07,1.4401354623059672e-06,0.0013843800668367455,0.0014493304048456381,0.0018538103299279162,0.00013603323837348374,0.0008518938366483409
RS-M1-008,H_norm,fixed_300,0.0,300.0,60,1.9592378301669347e-07,2.3552327764672184e-07,5.529537787315814e-05,0.00012093516337652652,3.5972602427174566e-05,7.130666156574326e-06,5.877713490500804e-05
RS-M1-008,H_norm,fixed_300,300.0,600.0,60,-1.0075353873136885e-07,-1.284774417186838e-07,-2.59355909044261e-05,6.646313784644965e-05,9.664683118579043e-05,1.206092828526638e-05,-3.0226061619410653e-05
RS-M1-008,H_norm,fixed_300,600.0,900.0,60,1.7491771218639568e-07,1.777562769712444e-07,5.960813741148519e-05,7.467078643374568e-05,0.00016240266082894058,1.3748987931110675e-05,5.2475313655918704e-05
RS-M1-008,H_norm,fixed_300,900.0,1200.0,60,-8.998024630420212e-10,-7.184020671944099e-09,4.982411783706038e-07,7.921164522074978e-05,0.00018359732061511185,1.0313882190648841e-05,-2.6994073891260634e-07
RS-M1-008,H_norm,fixed_300,1200.0,1500.0,60,1.9307790344417113e-07,1.6914275290610918e-07,6.064611105644163e-05,9.014982984733726e-05,0.00022638146160512533,2.147822115966854e-05,5.792337103325134e-05
RS-M1-008,H_norm,fixed_300,1500.0,1800.0,60,-1.3354786445332897e-07,-1.7179626206414034e-07,-4.356053463960759e-05,6.566057887886684e-05,0.00020609744207211636,9.228937256414678e-06,-4.006435933599869e-05
RS-M1-008,H_norm,fixed_300,1800.0,2100.0,60,1.5722509406099297e-07,1.6104009353141165e-07,4.340065232675568e-05,5.735904238707325e-05,0.00020485646425742954,7.85916312569502e-06,4.716752821829789e-05
RS-M1-008,H_norm,fixed_300,2100.0,2400.0,60,1.577261911301624e-07,1.608169112563401e-07,4.099699356202509e-05,4.988037536630068e-05,0.00027146856322859047,9.491600745433252e-06,4.731785733904872e-05
RS-M1-008,H_norm,fixed_300,2400.0,2700.0,60,1.1038860890320627e-07,1.1509907966494369e-07,2.201296090606204e-05,4.448321415203248e-05,0.00027890252217877947,5.541288291729593e-06,3.311658267096188e-05
RS-M1-008,H_norm,fixed_300,2700.0,2939.9548705459583,48,-8.091039551723575e-08,-7.921959036773769e-08,-1.5070368535181759e-05,2.5862225332709988e-05,0.00027342078650178625,1.8471132918032097e-06,-1.9414843482160593e-05
RS-M1-008,H_norm,fixed_600,0.0,600.0,120,1.5252640180218808e-07,1.595913325474324e-07,8.322228490373352e-05,0.00014207703598272508,7.953604656737113e-05,2.2852666697736972e-05,9.151584108131285e-05
RS-M1-008,H_norm,fixed_600,600.0,1200.0,120,9.936476188038657e-08,1.1903656132670613e-07,6.594252181291746e-05,0.0001395518059142955,0.00017355553285750057,1.1451570856764484e-05,5.961885712823195e-05
RS-M1-008,H_norm,fixed_600,1200.0,1800.0,120,-3.4191697897519385e-08,-1.4809161558501263e-08,2.113380677489147e-05,9.298370901192414e-05,0.0002085332594828317,1.2925413803375411e-05,-2.051501873851163e-05
RS-M1-008,H_norm,fixed_600,1800.0,2400.0,120,1.6611603606322198e-07,1.66679740414704e-07,7.896748347268001e-05,8.707122559183705e-05,0.00023761499626917646,6.58537957451336e-06,9.96696216379332e-05
RS-M1-008,H_norm,fixed_600,2400.0,2939.9548705459583,108,-1.589371532638336e-08,-9.241694137649142e-09,-7.797518692306967e-06,4.448321415203248e-05,0.0002751454242076284,6.179918438665706e-06,-8.58188900155164e-06
RS-M1-008,H_norm,early,0,979.9849568486528,196,1.7521310748045497e-07,1.7228905167222625e-07,0.00016660804510247568,0.0001866783591651925,0.00010333491257004233,1.4237363916232479e-05,0.00017170620957355202
RS-M1-008,H_norm,middle,979.9849568486527,1959.9699136973056,196,-3.0220070336071285e-09,3.4874696064645004e-10,-1.6976943011161923e-05,9.601878936627185e-05,0.0002039214740232213,1.408237521981635e-05,-2.9615214324258075e-06
RS-M1-008,H_norm,late,1959.9699136973054,2939.9548705459583,196,5.104610289367895e-08,5.46366993276683e-08,5.4366107922510285e-05,0.00010373594049872817,0.00027233140185796477,1.2044517278003995e-05,5.002441294155386e-05
RS-M1-008,H_norm,final_1000,1939.9548705459583,2939.9548705459583,200,5.546504670289172e-08,5.918350391733226e-08,6.242194343044526e-05,0.00010453777815956294,0.0002722530625073941,1.1966211986371382e-05,5.5465046702891715e-05
RS-M1-008,regulator_theta_E_norm,fixed_300,0.0,300.0,60,1.185844833594506e-05,1.2122640998932307e-05,0.003142710064982316,0.004810542501118406,0.0025653046094416686,0.0002780092001026022,0.003557534500783518
RS-M1-008,regulator_theta_E_norm,fixed_300,300.0,600.0,60,4.131531000578897e-06,4.226833376091459e-06,0.0009815356938721771,0.0014959121076768035,0.005732414533360897,0.00020139766719242183,0.0012394593001736692
RS-M1-008,regulator_theta_E_norm,fixed_300,600.0,900.0,60,2.763170001690536e-06,2.842084471167173e-06,0.0007225872348646314,0.0011922090059198996,0.006494243632512381,0.0001263626667830785,0.0008289510005071608
RS-M1-008,regulator_theta_E_norm,fixed_300,900.0,1200.0,60,-2.2456568592355487e-06,-1.83607224175065e-06,-0.00045472552556020257,0.0017329578853665182,0.0064396590914535,0.00021524444777999132,-0.0006736970577706646
RS-M1-008,regulator_theta_E_norm,fixed_300,1200.0,1500.0,60,9.320420384361523e-06,8.981262243968783e-06,0.002340407724278075,0.00316851761236912,0.00918558866888215,0.0003075774983553126,0.0027961261153084567
RS-M1-008,regulator_theta_E_norm,fixed_300,1500.0,1800.0,60,1.0716984270972203e-06,1.9302925349287134e-06,0.0008065333513442453,0.0016617098749795445,0.011590343218269692,0.00017457388417256407,0.0003215095281291661
RS-M1-008,regulator_theta_E_norm,fixed_300,1800.0,2100.0,60,-1.958115769893971e-06,-1.6394237822198474e-06,-0.00038976422958861626,0.001757207709582596,0.011518277472572887,0.0003692511210184792,-0.0005874347309681913
RS-M1-008,regulator_theta_E_norm,fixed_300,2100.0,2400.0,60,2.484622490027129e-06,2.845595357478973e-06,0.0004833787124099518,0.0015546126555709677,0.011419721391571307,0.00021699778300065219,0.0007453867470081387
RS-M1-008,regulator_theta_E_norm,fixed_300,2400.0,2700.0,60,-4.16340478644853e-06,-4.711673130760972e-06,-0.0008142840961514134,0.0016381733864933388,0.011173442972252794,0.00026589726895431907,-0.001249021435934559
RS-M1-008,regulator_theta_E_norm,fixed_300,2700.0,2939.9548705459583,48,1.4345832181073318e-05,1.4415055983400231e-05,0.0025869946472903034,0.0032307574824220423,0.011691383492451697,0.0003807498571299778,0.003442352303883491
RS-M1-008,regulator_theta_E_norm,fixed_600,0.0,600.0,120,9.40857348219679e-06,9.532811989455245e-06,0.00474305969548495,0.00630415864161728,0.004889339279459813,0.0007149778049459631,0.005645144089318074
RS-M1-008,regulator_theta_E_norm,fixed_600,600.0,1200.0,120,-1.6623341674176264e-07,-2.8632877007039107e-07,0.0002516123489631709,0.0017329578853665182,0.006484443824616749,0.00024409186991745891,-9.974005004505758e-05
RS-M1-008,regulator_theta_E_norm,fixed_600,1200.0,1800.0,120,7.81735369783125e-06,7.797299491902837e-06,0.004107031036902996,0.004950284906607106,0.010318502292506332,0.0003886848341561142,0.00469041221869875
RS-M1-008,regulator_theta_E_norm,fixed_600,1800.0,2400.0,120,4.391092848799013e-07,3.979329095154752e-07,0.00036264458880163816,0.0020278381610351736,0.011455219641526323,0.0003930460544359403,0.0002634655709279408
RS-M1-008,regulator_theta_E_norm,fixed_600,2400.0,2939.9548705459583,108,3.7925398079656927e-06,3.6134266205852875e-06,0.0022243705852608084,0.0035885807042247506,0.011301394271046594,0.0007924135424790864,0.0020478003410505092
RS-M1-008,regulator_theta_E_norm,early,0,979.9849568486528,196,5.333893030648327e-06,5.780783177635549e-06,0.005177601270940595,0.007244898041383149,0.005998886557866303,0.0008177050150823943,0.005227134931475231
RS-M1-008,regulator_theta_E_norm,middle,979.9849568486527,1959.9699136973056,196,7.3177441679168395e-06,7.217125586729114e-06,0.005965411944066109,0.00655865776966057,0.009951406747760842,0.0005310573688357243,0.007171279202625466
RS-M1-008,regulator_theta_E_norm,late,1959.9699136973054,2939.9548705459583,196,4.3361957596952644e-07,7.074964353084121e-07,0.0018500579646406612,0.0035885807042247506,0.011327448436941497,0.0003367813517466331,0.00042494066144522754
RS-M1-008,regulator_theta_E_norm,final_1000,1939.9548705459583,2939.9548705459583,200,3.0190521211169906e-07,5.829785522153586e-07,0.0015094180369600897,0.0035885807042247506,0.011339023545746903,0.0003383920210046293,0.00030190521211169907
RS-M1-008,regulator_theta_I_norm,fixed_300,0.0,300.0,60,3.1654343608302635e-07,3.5373493499439263e-07,9.447188754529697e-05,9.647162831628701e-05,5.684615764173368e-05,1.6081770837314535e-05,9.496303082490791e-05
RS-M1-008,regulator_theta_I_norm,fixed_300,300.0,600.0,60,1.6935301740550453e-07,1.7451060522548538e-07,4.0332470117858724e-05,4.089465754541206e-05,0.000116322805017673,2.969066581102168e-06,5.080590522165136e-05
RS-M1-008,regulator_theta_I_norm,fixed_300,600.0,900.0,60,4.1484529019877034e-08,4.60532852856166e-08,8.717832583631397e-06,1.847261736273375e-05,0.00014180919275960297,1.7088551590907345e-06,1.244535870596311e-05
RS-M1-008,regulator_theta_I_norm,fixed_300,900.0,1200.0,60,-1.2564930361773735e-08,-1.2566413545824665e-08,-3.0159813311344196e-06,3.7075508648872716e-06,0.00014336548885648335,1.060795532239144e-08,-3.7694791085321206e-06
RS-M1-008,regulator_theta_I_norm,fixed_300,1200.0,1500.0,60,-1.1428076015883288e-08,7.798338137207338e-08,2.458733386333318e-05,3.669480319347463e-05,0.0001405733008079403,8.099148868657275e-07,-3.4284228047649866e-06
RS-M1-008,regulator_theta_I_norm,fixed_300,1500.0,1800.0,60,4.585490091491424e-08,6.786895234158027e-08,1.108943809190687e-05,4.109221620437212e-05,0.0001949418270834328,4.947590836838512e-06,1.3756470274474271e-05
RS-M1-008,regulator_theta_I_norm,fixed_300,1800.0,2100.0,60,1.831451065115117e-07,2.1533654344132945e-07,4.773439939198987e-05,5.1614788122232336e-05,0.00020482836592246518,2.0414381132672485e-05,5.4943531953453514e-05
RS-M1-008,regulator_theta_I_norm,fixed_300,2100.0,2400.0,60,-5.870137768956459e-09,-5.748252018820584e-09,-1.5268592477521718e-06,8.217009295139046e-06,0.0002506353764203927,4.4035225029334896e-07,-1.7610413306869377e-06
RS-M1-008,regulator_theta_I_norm,fixed_300,2400.0,2700.0,60,-2.0437789698692686e-08,-1.914861114525329e-08,-4.839980741220195e-06,5.91550004110401e-06,0.00025007061862232255,1.283280441090307e-07,-6.1313369096078054e-06
RS-M1-008,regulator_theta_I_norm,fixed_300,2700.0,2939.9548705459583,48,-1.8934444665191023e-08,-2.3693780274268183e-08,-3.3930964774287744e-06,8.025867757740357e-06,0.0002448738497966424,9.673235748731057e-09,-4.543412218495523e-06
RS-M1-008,regulator_theta_I_norm,fixed_600,0.0,600.0,120,2.3017058824141193e-07,2.537015577966588e-07,0.0001347220110180626,0.00013506454292426135,9.440786654716949e-05,1.440935674906798e-05,0.00013810235294484715
RS-M1-008,regulator_theta_I_norm,fixed_600,600.0,1200.0,120,-2.000361802940871e-09,5.564202218710029e-09,4.80900509486698e-06,1.847261736273375e-05,0.0001431774544603582,1.6731462738908633e-06,-1.2002170817645226e-06
RS-M1-008,regulator_theta_I_norm,fixed_600,1200.0,1800.0,120,1.433010727639441e-07,1.5597814692599132e-07,6.466637200344406e-05,7.922147568630687e-05,0.00017630922513175022,7.870647579329791e-06,8.598064365836645e-05
RS-M1-008,regulator_theta_I_norm,fixed_600,1800.0,2400.0,120,3.641273147863361e-08,1.0010210290088138e-07,4.515894728408153e-05,5.1614788122232336e-05,0.0002497891094986639,5.885660761914926e-06,2.1847638887180166e-05
RS-M1-008,regulator_theta_I_norm,fixed_600,2400.0,2939.9548705459583,108,-1.9775304224557243e-08,-2.031043322172454e-08,-9.401931062369591e-06,1.4039093731637366e-05,0.00024776239011347863,5.455527628161669e-08,-1.067777183257775e-05
RS-M1-008,regulator_theta_I_norm,early,0,979.9849568486528,196,1.3075913232381695e-07,1.5439979265431074e-07,0.00014464092422012366,0.000150926987708296,0.0001288957244937688,2.0039244697363482e-05,0.00012814198264792304
RS-M1-008,regulator_theta_I_norm,middle,979.9849568486527,1959.9699136973056,196,8.124192639120232e-08,9.31810791432209e-08,5.846273193120522e-05,7.922147568630687e-05,0.00016575134026942454,1.2263403195365496e-05,7.961586572878384e-05
RS-M1-008,regulator_theta_I_norm,late,1959.9699136973054,2939.9548705459583,196,-8.965870854466363e-09,4.527397228217319e-10,6.482260665840295e-06,5.1614788122232336e-05,0.0002496139616282241,1.1989486220173617e-06,-8.786418562424814e-06
RS-M1-008,regulator_theta_I_norm,final_1000,1939.9548705459583,2939.9548705459583,200,-8.467522872745407e-09,5.7862376683278145e-09,4.119947029779811e-05,5.1614788122232336e-05,0.0002495307286588987,1.1159894409231471e-06,-8.467522872745407e-06
RS-M1-009,H_norm,fixed_300,0.0,300.0,60,3.077635613499726e-07,3.2434008515291147e-07,6.658774093137294e-05,0.00010896306548769085,6.783724977269033e-05,1.6830528892360483e-05,9.232906840499178e-05
RS-M1-009,H_norm,fixed_300,300.0,600.0,60,1.5228942440912853e-07,1.538232982041749e-07,4.3769545403945294e-05,6.684972222684668e-05,0.00011762707537098787,8.197178217264164e-06,4.568682732273856e-05
RS-M1-009,H_norm,fixed_600,0.0,600.0,120,2.1209114351692336e-07,2.1161617237699972e-07,0.00012335440752014526,0.0001493874744968575,9.755585250074592e-05,1.4693847805285499e-05,0.000127254686110154
RS-M1-009,H_norm,early,0,200.0,40,3.593085327928501e-07,3.886512704716825e-07,5.007438630973593e-05,9.100624803612039e-05,2.9254257494074407e-05,1.1100083345253383e-05,7.186170655857002e-05
RS-M1-009,H_norm,middle,200.0,400.0,40,8.540931154305618e-08,6.517873704130899e-08,5.656711337107369e-06,4.241764205178436e-05,9.755585250074592e-05,8.352192631047395e-06,1.7081862308611236e-05
RS-M1-009,H_norm,late,400.0,600.0,40,1.6889531034181598e-08,4.248456441786996e-08,4.390350562113142e-06,3.889559367603971e-05,0.0001333189327276883,8.67400665603654e-06,3.37790620683632e-06
RS-M1-009,regulator_theta_E_norm,fixed_300,0.0,300.0,60,8.543656620208356e-06,9.762755478015606e-06,0.0021998484169797475,0.003933021984317113,0.0033483303522772404,0.00022298797723519035,0.0025630969860625068
RS-M1-009,regulator_theta_E_norm,fixed_300,300.0,600.0,60,1.205754742799353e-06,1.1235389067007343e-06,0.00020123538672206075,0.0006795282399274338,0.0038618844672819253,0.0001121702018003531,0.0003617264228398059
RS-M1-009,regulator_theta_E_norm,fixed_600,0.0,600.0,120,2.1912074927615287e-06,3.1814688418480827e-06,0.002223378137840461,0.004096196038591729,0.0038098992088798867,0.00032460691773084993,0.0013147244956569172
RS-M1-009,regulator_theta_E_norm,early,0,200.0,40,1.4209643177387054e-05,1.568054732593123e-05,0.002206403731725902,0.003912396101378453,0.0028686237339543485,0.00019172615898488106,0.002841928635477411
RS-M1-009,regulator_theta_E_norm,middle,200.0,400.0,40,-2.0423958618625475e-06,-1.9065290920891902e-06,-0.00024253164870039097,0.0005163541856528183,0.003779353863723866,5.879820090134969e-05,-0.0004084791723725095
RS-M1-009,regulator_theta_E_norm,late,400.0,600.0,40,-2.683785741546973e-07,-4.951274368073044e-07,-6.206928433425546e-06,0.0005169283399956981,0.003920364363587796,0.00010231331345594342,-5.367571483093947e-05
RS-M1-009,regulator_theta_I_norm,fixed_300,0.0,300.0,60,0.0,0.0,0.0,0.0,0.0,0.0,0.0
RS-M1-009,regulator_theta_I_norm,fixed_300,300.0,600.0,60,2.652925673674459e-07,2.9126480791248874e-07,7.839231922872626e-05,7.858597233584587e-05,4.098438130850118e-05,9.7970714800496e-06,7.958777021023378e-05
RS-M1-009,regulator_theta_I_norm,fixed_600,0.0,600.0,120,0.0,1.1312221607927588e-07,7.839231922872626e-05,7.858597233584587e-05,0.0,0.0,0.0
RS-M1-009,regulator_theta_I_norm,early,0,200.0,40,0.0,0.0,0.0,0.0,0.0,0.0,0.0
RS-M1-009,regulator_theta_I_norm,middle,200.0,400.0,40,0.0,0.0,0.0,0.0,0.0,0.0,0.0
RS-M1-009,regulator_theta_I_norm,late,400.0,600.0,40,1.5974624128461986e-07,2.919334608760255e-07,3.713258549598649e-05,7.858597233584587e-05,4.118646325149642e-05,7.3654986308614795e-06,3.194924825692397e-05
RS-M1-010,H_norm,fixed_300,0.0,300.0,60,1.2649503706268454e-07,1.588111911558448e-07,3.671610624709614e-05,0.0001014069597327263,7.327277349335618e-05,1.1781667916979992e-05,3.7948511118805364e-05
RS-M1-010,H_norm,fixed_300,300.0,600.0,60,3.044964677935891e-07,3.092586539765937e-07,6.194925852608934e-05,0.00012839858464348846,0.00014447895615066957,1.4640180993278689e-05,9.134894033807673e-05
RS-M1-010,H_norm,fixed_600,0.0,600.0,120,2.128194396423104e-07,2.1695857602751237e-07,0.00010822770591278235,0.0001990125831348969,8.714446037234337e-05,1.5351863176143967e-05,0.00012769166378538623
RS-M1-010,H_norm,early,0,200.0,40,1.8332822667307317e-07,2.1878145437403716e-07,2.399660457454595e-05,8.492823011110215e-05,6.447189935888145e-05,1.4280661557381242e-05,3.666564533461463e-05
RS-M1-010,H_norm,middle,200.0,400.0,40,1.0123348235109244e-07,8.57166081958725e-08,9.34489721505965e-06,5.058366424852707e-05,8.714446037234337e-05,1.1501134555241044e-05,2.024669647021849e-05
RS-M1-010,H_norm,late,400.0,600.0,40,8.01325238654056e-08,1.6797748938011392e-07,-5.619718473168358e-06,9.754324451688348e-05,0.00015272388082848937,6.980082282431605e-06,1.602650477308112e-05
RS-M1-010,regulator_theta_E_norm,fixed_300,0.0,300.0,60,1.3780938554316758e-05,1.380916181868702e-05,0.0029510489668531873,0.004645474957363164,0.0028684023541041713,0.00017510986986828733,0.004134281566295027
RS-M1-010,regulator_theta_E_norm,fixed_300,300.0,600.0,60,1.2084354697031013e-05,1.1964129325769252e-05,0.0028324178251191625,0.003725597274614678,0.006768927232317607,0.0001016984335275202,0.003625306409109304
RS-M1-010,regulator_theta_E_norm,fixed_600,0.0,600.0,120,1.2652104353004336e-05,1.2732331458518592e-05,0.006977126472969183,0.008475196490917289,0.0047526128689165436,0.0001454635506677052,0.007591262611802602
RS-M1-010,regulator_theta_E_norm,early,0,200.0,40,1.5154113100825127e-05,1.5607660098164675e-05,0.0018257704285559206,0.003730196645844994,0.002513911884073708,0.00024053508665497795,0.0030308226201650255
RS-M1-010,regulator_theta_E_norm,middle,200.0,400.0,40,1.1986604194371367e-05,1.1906935173022314e-05,0.0015911653020888447,0.00233441952257846,0.0047526128689165436,0.00024069390972445781,0.0023973208388742735
RS-M1-010,regulator_theta_E_norm,late,400.0,600.0,40,1.2635007395240296e-05,1.2763405291577923e-05,0.0019197363856775264,0.0023179314714180544,0.006921815902491622,0.00038047739693222987,0.002527001479048059
RS-M1-010,regulator_theta_I_norm,fixed_300,0.0,300.0,60,0.0,0.0,0.0,0.0,0.0,0.0,0.0
RS-M1-010,regulator_theta_I_norm,fixed_300,300.0,600.0,60,0.0,0.0,0.0,0.0,0.0,0.0,0.0
RS-M1-010,regulator_theta_I_norm,fixed_600,0.0,600.0,120,0.0,0.0,0.0,0.0,0.0,0.0,0.0
RS-M1-010,regulator_theta_I_norm,early,0,200.0,40,0.0,0.0,0.0,0.0,0.0,0.0,0.0
RS-M1-010,regulator_theta_I_norm,middle,200.0,400.0,40,0.0,0.0,0.0,0.0,0.0,0.0,0.0
RS-M1-010,regulator_theta_I_norm,late,400.0,600.0,40,0.0,0.0,0.0,0.0,0.0,0.0,0.0
RS-M1-011,H_norm,fixed_300,0.0,300.0,60,2.1770901042745538e-07,2.7274186438325e-07,7.94688516840774e-05,0.0001656513544444454,7.285159595032266e-05,1.5170455799437004e-05,6.531270312823661e-05
RS-M1-011,H_norm,fixed_300,300.0,600.0,60,1.8589398528183527e-07,1.497190432530041e-07,3.949999558856956e-05,6.212020268678074e-05,0.00014129986758189172,6.934946907536036e-06,5.576819558455058e-05
RS-M1-011,H_norm,fixed_600,0.0,600.0,120,2.0575921546158046e-07,2.1160660945062858e-07,0.00012874628211896356,0.00016674549933963582,0.00011320641163593852,1.1375184845232062e-05,0.00012345552927694827
RS-M1-011,H_norm,early,0,200.0,40,2.0321373212584704e-07,2.818947000617779e-07,3.813446295164657e-05,8.41922595067656e-05,7.210182630760622e-05,9.966970943268724e-06,4.064274642516941e-05
RS-M1-011,H_norm,middle,200.0,400.0,40,2.817409031180208e-07,2.858759877216755e-07,4.346660396040177e-05,0.00010081922603609128,0.00011438824876415225,1.8552216637382073e-05,5.634818062360416e-05
RS-M1-011,H_norm,late,400.0,600.0,40,2.4589339357546075e-07,2.5237827001755805e-07,3.9879099722629665e-05,5.3865037202844795e-05,0.0001471541787321961,4.852485677088431e-06,4.9178678715092154e-05
RS-M1-011,regulator_theta_E_norm,fixed_300,0.0,300.0,60,8.0453455525045e-06,8.848959811600425e-06,0.0026198331791387856,0.0038817793567418133,0.0027908354342498906,0.00036506153413500605,0.0024136036657513497
RS-M1-011,regulator_theta_E_norm,fixed_300,300.0,600.0,60,1.7654397587876776e-05,1.7680427521727204e-05,0.004210372344499197,0.004746676110249268,0.0060912648908273935,0.00026801108689348705,0.005296319276363033
RS-M1-011,regulator_theta_E_norm,fixed_600,0.0,600.0,120,1.3389512021143207e-05,1.3140902524878413e-05,0.007712480173812403,0.008770856424535114,0.004008460153844258,0.0004337190574773321,0.008033707212685924
RS-M1-011,regulator_theta_E_norm,early,0,200.0,40,1.3264353535047436e-05,1.3460594955046419e-05,0.0019545299120493397,0.0028602001048778367,0.00269395557100158,0.0005440787538461372,0.0026528707070094873
RS-M1-011,regulator_theta_E_norm,middle,200.0,400.0,40,1.505153943114031e-05,1.4909731695334808e-05,0.0022685903195722376,0.0026942362906267224,0.004008460153844258,0.00015752544916342905,0.003010307886228062
RS-M1-011,regulator_theta_E_norm,late,400.0,600.0,40,1.897311786650503e-05,1.9285801719772366e-05,0.0028451043461568074,0.003375741868758884,0.007525251832871028,0.0003319601898578227,0.003794623573301006
RS-M1-011,regulator_theta_I_norm,fixed_300,0.0,300.0,60,0.0,0.0,0.0,0.0,0.0,0.0,0.0
RS-M1-011,regulator_theta_I_norm,fixed_300,300.0,600.0,60,3.927038109378101e-07,4.666329540986243e-07,0.00011949338441065061,0.00011973173759461666,0.0,3.4309855709529886e-05,0.00011781114328134304
RS-M1-011,regulator_theta_I_norm,fixed_600,0.0,600.0,120,0.0,1.4600195987863865e-07,0.00011949338441065061,0.00011973173759461666,0.0,0.0,0.0
RS-M1-011,regulator_theta_I_norm,early,0,200.0,40,0.0,0.0,0.0,0.0,0.0,0.0,0.0
RS-M1-011,regulator_theta_I_norm,middle,200.0,400.0,40,0.0,0.0,0.0,0.0,0.0,0.0,0.0
RS-M1-011,regulator_theta_I_norm,late,400.0,600.0,40,7.483102021375758e-07,7.850479585100422e-07,0.00011949338441065061,0.00011973173759461666,5.2943064055192145e-05,1.2440973388577779e-05,0.00014966204042751515
RS-M1-012,H_norm,fixed_300,0.0,300.0,60,2.6756614736883214e-07,2.2762896684337884e-07,7.086818208891595e-05,0.00017549969696222854,8.026019967818847e-05,2.686727146998531e-05,8.026984421064964e-05
RS-M1-012,H_norm,fixed_300,300.0,600.0,60,3.0163957568846244e-07,3.2681224254849214e-07,6.520754158021385e-05,0.000138455830854378,0.0001998816181702528,2.678313888022079e-05,9.049187270653873e-05
RS-M1-012,H_norm,fixed_600,0.0,600.0,120,3.4081692470692413e-07,3.28644036116685e-07,0.0001740891194103076,0.00023508007869398463,0.00012732199416344602,2.2377237517032883e-05,0.0002044901548241545
RS-M1-012,H_norm,early,0,200.0,40,6.836603780459085e-07,5.984115764672081e-07,5.835875322055426e-05,0.00017549969696222854,6.72158733988482e-05,1.8139772840206596e-05,0.0001367320756091817
RS-M1-012,H_norm,middle,200.0,400.0,40,4.436686414691263e-07,4.295570267380125e-07,4.963550231370782e-05,0.00012611714744399373,0.00010384630625933072,1.2651466536080768e-05,8.873372829382525e-05
RS-M1-012,H_norm,late,400.0,600.0,40,-2.0051657503955688e-07,-1.3120370205899398e-07,-2.8612021715118734e-05,5.47306874490254e-05,0.00020522021500438505,9.450707537633245e-06,-4.0103315007911376e-05
RS-M1-012,regulator_theta_E_norm,fixed_300,0.0,300.0,60,1.3564532551864831e-05,1.3628783045985662e-05,0.0031986940628011846,0.0046412175526229235,0.0030806780881758107,0.00028243491293006924,0.004069359765559449
RS-M1-012,regulator_theta_E_norm,fixed_300,300.0,600.0,60,4.102656606630679e-06,4.820979912052323e-06,0.0012566959494103858,0.0024206080575408847,0.00655897095766758,0.00018795133412927894,0.0012307969819892036
RS-M1-012,regulator_theta_E_norm,fixed_600,0.0,600.0,120,1.1805404798794687e-05,1.1187404496931892e-05,0.0053560987879158126,0.00707910591898878,0.004738040714243122,0.00027763804799902183,0.007083242879276812
RS-M1-012,regulator_theta_E_norm,early,0,200.0,40,1.3975276626208005e-05,1.466646089694654e-05,0.0017708554362589476,0.0031560738292765226,0.0020747002035044434,0.00015346040873568073,0.002795055325241601
RS-M1-012,regulator_theta_E_norm,middle,200.0,400.0,40,1.7013973477107607e-05,1.6793221515243983e-05,0.00229579475133908,0.0033875994652154194,0.004738040714243122,0.00026491490119845743,0.0034027946954215214
RS-M1-012,regulator_theta_E_norm,late,400.0,600.0,40,1.4177209453090176e-06,1.6094414280113226e-06,0.00017228971046176662,0.0009328452468169183,0.006634010363806677,6.558799911486699e-05,0.00028354418906180353
RS-M1-012,regulator_theta_I_norm,fixed_300,0.0,300.0,60,3.2785804078013836e-08,5.615141083862667e-07,0.00012027961200058266,0.0001253079172733673,0.00012027961200058266,4.385043856006208e-06,9.83574122340415e-06
RS-M1-012,regulator_theta_I_norm,fixed_300,300.0,600.0,60,-1.1158705456143901e-08,-9.938883472566854e-09,-5.285774378021438e-06,1.0842950607856038e-05,0.00011879417856003683,5.544903958348902e-07,-3.3476116368431703e-06
RS-M1-012,regulator_theta_I_norm,fixed_600,0.0,600.0,120,-1.0981129896629852e-08,1.7489936078392194e-07,0.00011430105092218868,0.0001253079172733673,0.00011918842124457397,7.954412774843222e-07,-6.5886779379779114e-06
RS-M1-012,regulator_theta_I_norm,early,0,200.0,40,7.026346559658814e-07,8.996466416346348e-07,0.00012140234827426202,0.0001253079172733673,0.0,5.6977984787655455e-05,0.00014052693119317628
RS-M1-012,regulator_theta_I_norm,middle,200.0,400.0,40,-1.1546719958667344e-08,-1.1547323574193172e-08,-1.616599293056823e-06,2.25184681678987e-06,0.00011993165988560467,4.3298458857887875e-09,-2.3093439917334688e-06
RS-M1-012,regulator_theta_I_norm,late,400.0,600.0,40,-1.1006352795609806e-08,-1.2874583871465764e-08,-4.160149819449301e-06,1.0842950607856038e-05,0.00011824031506567402,5.503949893862438e-07,-2.2012705591219613e-06
