life_id,collider,collider_type,material,native_index,event_index,onset,end,duration,instant,event_kind,position_start,position_end,orientation,omega,velocity_before,velocity_after,velocity_uncertainty,normal,tangent,collider_velocity,closing_normal_velocity,tangential_centre_velocity,tangential_surface_velocity,command,impulse,force,damage,event_integrity_before,event_integrity_after,restoration,joint_event_restoration,relative_surface_speed_after_recorded
FS-010,mover,rect,1,693,694,6.928214356550966,6.928214356550966,0.0,True,recontact_or_first_touch,"[6.881617454957266,9.31866947002039]","[6.881617454957266,9.31866947002039]",5.45959685890178,-0.03401367821354358,"[0.05923973573246007,-0.06013896366578471]","[-0.6344723483203278,-0.330099968891402]",2.5051151485473405e-12,"[-0.9319211101821919,-0.3626610599399817]","[0.3626610599399817,-0.9319211101821919]","[-0.7629321538729028,0.0]",0.7443892798148949,0.35421449872176314,0.37122133782853495,"[0.11994853846046209,0.19394997730592797]",0.7443892798148614,,0.014887785596297227,1.0,0.9851122144037028,,0.0,0.3712213378286348
FS-010,mover,rect,1,693,695,6.928214356550966,6.929999999999897,0.0017856434489308508,False,sustained_or_free,"[6.881617454957266,9.31866947002039]","[6.8804846502677695,9.318079974918165]",5.45959685890178,-0.03401367821354358,"[-0.6344723483203278,-0.330099968891402]","[-0.6343957917101348,-0.33013035305484467]",2.5051151485473405e-12,"[-0.9319211101821919,-0.3626610599399817]","[0.3626610599399817,-0.9319211101821919]","[-0.7629321538729028,0.0]",3.3334446314370325e-14,0.35421449872176314,0.3712213378285349,"[0.11994853846046209,0.19394997730592797]",0.0012848837753599571,0.7195634582756585,1.676945826254489e-05,0.9851122144037028,0.9850954449454402,,0.0,0.3711593380493866
FS-010,mover,rect,1,694,697,6.931353109222331,6.931353109222331,0.0,True,recontact_or_first_touch,"[6.879627550565149,9.317633718512095]","[6.879627550565149,9.317633718512095]",5.459491084985996,-0.033596199565814305,"[-0.6334297988734351,-0.32980072759173606]","[-0.63350446069023,-0.3298299738976112]",1.520622173437203e-11,"[-0.9311123227202658,-0.3647325629532848]","[0.3647325629532848,-0.9311123227202658]","[-0.7627044817650246,0.0]",8.018561772168975e-05,0.3542322079187976,0.37103030770170475,"[0.11971638673215403,0.19569549747863618]",8.018561775324783e-05,,1.6037123550649567e-06,0.9850954449454402,0.9850938412330852,,0.0,0.37103030770202217
FS-010,mover,rect,1,694,698,6.93135310922233,6.9399999999998965,0.008646890777565829,False,sustained_or_free,"[6.879627550565149,9.317633718512095]","[6.874152973172176,9.314780312689782]",5.459491084985996,-0.033596199565814305,"[-0.63350446069023,-0.3298299738976112]","[-0.6331266964972705,-0.3299921203718379]",1.520622173437203e-11,"[-0.9311123227202658,-0.3647325629532848]","[0.3647325629532848,-0.9311123227202658]","[-0.7627044817650246,0.0]",-3.151645611154663e-14,0.3542322079187976,0.3710303077017048,"[0.11971638673215403,0.19569549747863618]",0.006191670355752519,0.716057426308272,8.059895322722124e-05,0.9850938412330852,0.985013242279858,,0.0,0.3707444751455831
FS-010,mover,rect,1,695,700,6.946585231698603,6.946585231698603,0.0,True,recontact_or_first_touch,"[6.870014523377826,9.312617751954985]","[6.870014523377826,9.312617751954985]",5.459002640746495,-0.031567672457810496,"[-0.6284440675281416,-0.32839554228930756]","[-0.6287925173200128,-0.3285363941798115]",3.122788126455674e-12,"[-0.9271200421125506,-0.37476449606816087]","[0.37476449606816087,-0.9271200421125506]","[-0.7615949275928589,0.0]",0.0003758410734402001,0.3543623039700327,0.370146140198938,"[0.11933041165980827,0.19740486600038123]",0.00037584107347865537,,7.516821469573107e-06,0.985013242279858,0.9850057254583884,,0.0,0.37014614019885267
FS-010,mover,rect,1,695,701,6.946585231698603,6.949999999999896,0.003414768301293435,False,sustained_or_free,"[6.870014523377826,9.312617751954985]","[6.867867890527767,9.311495575709722]",5.459002640746495,-0.031567672457810496,"[-0.6287925173200128,-0.3285363941798115]","[-0.6286320653867298,-0.32862441789605384]",3.122788126455674e-12,"[-0.9271200421125506,-0.37476449606816087]","[0.37476449606816087,-0.9271200421125506]","[-0.7615949275928589,0.0]",-3.84969833788773e-14,0.35436230397003265,0.37014614019893793,"[0.11933041165980827,0.19740486600038123]",0.002434130668480194,0.7128245472930629,3.1608771863136706e-05,0.9850057254583884,0.9849741166865252,,0.0,0.37006178540286433
FS-010,mover,rect,1,696,703,6.95261257846137,6.95261257846137,0.0,True,recontact_or_first_touch,"[6.866230374237536,9.310638665155349]","[6.866230374237536,9.310638665155349]",5.458816012030811,-0.030765267956913818,"[-0.6267816696717574,-0.32799418926949636]","[-0.6269148357173987,-0.3280486813756286]",7.86692538720567e-12,"[-0.925510204955494,-0.37872266967167373]","[0.37872266967167373,-0.925510204955494]","[-0.761153736301729,0.0]",0.00014388393005838884,0.35445171713842555,0.36983435111688245,"[0.11882722757312769,0.19904865942304464]",0.0001438839301050043,,2.8776786021000863e-06,0.9849741166865252,0.9849712390079232,,0.0,0.3698343511169999
FS-010,mover,rect,1,696,704,6.95261257846137,6.959999999999896,0.007387421538526744,False,sustained_or_free,"[6.866230374237536,9.310638665155349]","[6.861601730235548,9.308213672605804]",5.458816012030811,-0.030765267956913818,"[-0.6269148357173987,-0.3280486813756286]","[-0.6265574500993096,-0.328259669073646]",7.86692538720567e-12,"[-0.925510204955494,-0.37872266967167373]","[0.37872266967167373,-0.925510204955494]","[-0.761153736301729,0.0]",-4.6629367034256575e-14,0.3544517171384255,0.36983435111688245,"[0.11882722757312769,0.19904865942304464]",0.005240028610490554,0.7093176669508913,6.786346451717735e-05,0.9849712390079232,0.984903375543406,,0.0,0.3696739129425787
FS-010,mover,rect,1,697,706,6.96568334324963,6.96568334324963,0.0,True,recontact_or_first_touch,"[6.858063571553484,9.30635581899013]","[6.858063571553484,9.30635581899013]",5.458431049802379,-0.02902214459439388,"[-0.6225488284962056,-0.3268944939689177]","[-0.6228250719413957,-0.3270105359119504]",3.6143623335625945e-12,"[-0.9219586350033924,-0.38728836200263206]","[0.38728836200263206,-0.9219586350033924]","[-0.7601928127516244,0.0]",0.00029962672365291265,0.35469111465150527,0.3692021869487022,"[0.11821782977503853,0.20063685532486975]",0.0002996267236967664,,5.992534473935328e-06,0.984903375543406,0.984897383008932,,0.0,0.3692021869485689
FS-010,mover,rect,1,697,707,6.96568334324963,6.969999999999896,0.004316656750265949,False,sustained_or_free,"[6.858063571553484,9.30635581899013]","[6.855376005122576,9.304943588286589]",5.458431049802379,-0.02902214459439388,"[-0.6228250719413957,-0.3270105359119504]","[-0.622603692253896,-0.327158443500236]",3.6143623335625945e-12,"[-0.9219586350033924,-0.38728836200263206]","[0.38728836200263206,-0.9219586350033924]","[-0.7601928127516244,0.0]",-4.388156504830931e-14,0.3546911146515052,0.3692021869487021,"[0.11821782977503853,0.20063685532486975]",0.00304700867850216,0.7058723578877182,3.9356889818713464e-05,0.984897383008932,0.9848580261191133,,0.0,0.3691376857025369
FS-010,mover,rect,1,698,709,6.973338741141893,6.973338741141893,0.0,True,recontact_or_first_touch,"[6.853305122228552,9.30385395668822]","[6.853305122228552,9.30385395668822]",5.458214759614213,-0.028000416772624853,"[-0.6202585962638882,-0.3263600117608751]","[-0.62041369621867,-0.32642615852378415]",6.149151378565703e-12,"[-0.9198407029460463,-0.3922920865932976]","[0.3922920865932976,-0.9198407029460463]","[-0.7596273648852291,0.0]",0.00016861610309221176,0.35487248768000756,0.36887269606632,"[0.11751315798553405,0.20216627033382706]",0.0001686161030763911,,3.372322061527822e-06,0.9848580261191133,0.9848546537970518,,0.0,0.3688726960663322
FS-010,mover,rect,1,698,710,6.973338741141893,6.979999999999896,0.006661258858003142,False,sustained_or_free,"[6.853305122228552,9.30385395668822]","[6.849174738847541,9.301677883578765]",5.458214759614213,-0.028000416772624853,"[-0.62041369621867,-0.32642615852378415]","[-0.6200604824190126,-0.32667595657845605]",6.149151378565703e-12,"[-0.9198407029460463,-0.3922920865932976]","[0.3922920865932976,-0.9198407029460463]","[-0.7596273648852291,0.0]",1.5792922525292852e-14,0.35487248768000756,0.36887269606632,"[0.11751315798553405,0.20216627033382706]",0.004678228825681142,0.7023040127108261,6.0258282223607126e-05,0.9848546537970518,0.9847943955148283,,0.0,0.3687972955702588
FS-010,mover,rect,1,699,712,6.9851835765460475,6.9851835765460475,0.0,True,recontact_or_first_touch,"[6.845979399101946,9.299990934938588]","[6.845979399101946,9.299990934938588]",5.457897223225274,-0.0264163168734599,"[-0.6164353351677776,-0.3254410589209238]","[-0.6166633951740507,-0.3255405978385041]",3.958506432009019e-12,"[-0.9165072261760485,-0.4000181300479837]","[0.4000181300479837,-0.9165072261760485]","[-0.7587486264552085,0.0]",0.0002488360154436764,0.35519697885718393,0.3684051372939139,"[0.11671718406495242,0.20364848750226158]",0.0002488360154284663,,4.976720308569326e-06,0.9847943955148283,0.9847894187945198,,0.0,0.3684051372938611
FS-010,mover,rect,1,699,713,6.9851835765460475,6.989999999999895,0.004816423453847984,False,sustained_or_free,"[6.845979399101946,9.299990934938588]","[6.84301057938081,9.298422010856694]",5.457897223225274,-0.0264163168734599,"[-0.6166633951740507,-0.3255405978385041]","[-0.6163950802051066,-0.3257446312451808]",3.958506432009019e-12,"[-0.9165072261760485,-0.4000181300479837]","[0.4000181300479837,-0.9165072261760485]","[-0.7587486264552085,0.0]",1.5182299861749016e-14,0.35519697885718393,0.3684051372939139,"[0.11671718406495242,0.20364848750226158]",0.0033652720096576374,0.698707670100938,4.322332292391283e-05,0.9847894187945198,0.9847461954715958,,0.0,0.36837850695512786
FS-010,mover,rect,1,700,715,6.993770727547639,6.993770727547639,0.0,True,recontact_or_first_touch,"[6.840696221783547,9.297197090627822]","[6.840696221783547,9.297197090627822]",5.457677811540373,-0.025266111141330833,"[-0.6137695094537587,-0.32484983689806285]","[-0.6139266617129084,-0.32491957269324423]",5.438757326006745e-12,"[-0.9140480949237225,-0.40560581870371826]","[0.40560581870371826,-0.9140480949237225]","[-0.7581086473511809,0.0]",0.00017192996726306253,0.3554731687508291,0.36810622432149454,"[0.11584303761264794,0.20507808370432104]",0.00017192996738624178,,3.4385993477248356e-06,0.9847461954715958,0.9847427568722481,,0.0,0.3681062243214092
FS-010,mover,rect,1,700,716,6.993770727547639,6.999999999999895,0.0062292724522567105,False,sustained_or_free,"[6.840696221783547,9.297197090627822]","[6.836874143006165,9.295171303250362]",5.457677811540373,-0.025266111141330833,"[-0.6139266617129084,-0.32491957269324423]","[-0.6135674441399241,-0.32520449105205507]",5.438757326006745e-12,"[-0.9140480949237225,-0.40560581870371826]","[0.40560581870371826,-0.9140480949237225]","[-0.7581086473511809,0.0]",-1.2317924458216112e-13,0.3554731687508291,0.36810622432149454,"[0.11584303761264794,0.20507808370432104]",0.004329681980470901,0.6950541999334713,5.544727734813446e-05,0.9847427568722481,0.9846873095948999,,0.0,0.36809597456465104
FS-010,mover,rect,1,701,718,7.004905046533882,7.004905046533882,0.0,True,recontact_or_first_touch,"[6.833881277422463,9.293581813206396]","[6.833881277422463,9.293581813206396]",5.457408900022087,-0.023793918612589265,"[-0.6101604873604053,-0.324051980537235]","[-0.610353930497728,-0.32413966159407]",4.178749558378312e-12,"[-0.9108052089780626,-0.41283637351670927]","[0.41283637351670927,-0.9108052089780626]","[-0.7572751833479332,0.0]",0.00021238694676514736,0.3558825294354756,0.3677794887417702,"[0.11991166707379354,0.20703585089797144]",0.00021238694664449381,,4.247738932889876e-06,0.9846873095948999,0.984683061855967,,0.0,0.36777948874185434
FS-010,mover,rect,1,701,719,7.004905046533881,7.009999999999895,0.005094953466013982,False,sustained_or_free,"[6.833881277422463,9.293581813206396]","[6.830773136825477,9.291928991862594]",5.457408900022087,-0.023793918612589265,"[-0.610353930497728,-0.32413966159407]","[-0.6100429803174164,-0.32440361915511773]",4.178749558378312e-12,"[-0.9108052089780626,-0.41283637351670927]","[0.41283637351670927,-0.9108052089780626]","[-0.7572751833479333,0.0]",1.2082002065483266e-13,0.3558825294354756,0.3677794887417703,"[0.11991166707379354,0.20703585089797144]",0.003525658531947972,0.6919903303270516,4.503840330888953e-05,0.984683061855967,0.984638023452658,,0.0,0.3678189318134675
FS-010,mover,rect,1,702,721,7.014036382707804,7.014036382707804,0.0,True,recontact_or_first_touch,"[6.8283220540961755,9.290623368874423]","[6.8283220540961755,9.290623368874423]",5.45719977150528,-0.02260836105207061,"[-0.607247356525158,-0.3234636263834556]","[-0.6073974871462611,-0.3235328562961382]",5.075311777713864e-12,"[-0.90810005252452,-0.41875326220217585]","[0.41875326220217585,-0.90810005252452]","[-0.7565885797212077,0.0]",0.00016532387659096148,0.35627446050319683,0.36757864102923216,"[0.12138597873403148,0.21056835944482036]",0.00016532387668699575,,3.306477533739915e-06,0.984638023452658,0.9846347169751243,,0.0,0.3675786410290882
FS-010,mover,rect,1,702,722,7.014036382707803,7.019999999999895,0.005963617292091344,False,sustained_or_free,"[6.8283220540961755,9.290623368874423]","[6.824702037833268,9.288691928269387]",5.45719977150528,-0.02260836105207061,"[-0.6073974871462611,-0.3235328562961382]","[-0.607016863357058,-0.3238706493787417]",5.075311777713864e-12,"[-0.90810005252452,-0.41875326220217585]","[0.41875326220217585,-0.90810005252452]","[-0.7565885797212077,0.0]",-9.603429163007604e-14,0.35627446050319683,0.3675786410292321,"[0.12138597873403148,0.21056835944482036]",0.004107538932364706,0.688766352899929,5.23326921868374e-05,0.9846347169751243,0.9845823842829374,,0.0,0.3676587797775445
FS-010,mover,rect,1,703,724,7.0247565919800605,7.0247565919800605,0.0,True,recontact_or_first_touch,"[6.821830326870473,9.28715663559956]","[6.821830326870473,9.28715663559956]",5.456968633139113,-0.021215888620033638,"[-0.6037328773982927,-0.3227715717952206]","[-0.6038979881861277,-0.32284924640514157]",4.304527441284107e-12,"[-0.904870603446859,-0.4256867287310203]","[0.4256867287310203,-0.904870603446859]","[-0.7557789743205311,0.0]",0.00018246894888832021,0.3567905125609797,0.3673984568709966,"[0.12256683304876326,0.21371743505267865]",0.00018246894882656406,,3.6493789765312812e-06,0.9845823842829374,0.9845787349039609,,0.0,0.3673984568710865
FS-010,mover,rect,1,703,725,7.0247565919800605,7.0299999999998946,0.005243408019834188,False,sustained_or_free,"[6.821830326870473,9.28715663559956]","[6.818665683716995,9.285462106873549]",5.456968633139113,-0.021215888620033638,"[-0.6038979881861277,-0.32284924640514157]","[-0.6035469949138252,-0.323173157534409]",4.304527441284107e-12,"[-0.904870603446859,-0.4256867287310203]","[0.4256867287310203,-0.904870603446859]","[-0.7557789743205311,0.0]",6.178391132038996e-14,0.3567905125609797,0.3673984568709966,"[0.12256683304876326,0.21371743505267865]",0.003593718111840394,0.6853783070564929,4.565732213763694e-05,0.9845787349039609,0.9845330775818232,,0.0,0.36750181147177036
FS-010,mover,rect,1,704,727,7.03421172749519,7.03421172749519,0.0,True,recontact_or_first_touch,"[6.816135913281097,9.284105058833127]","[6.816135913281097,9.284105058833127]",5.456776760911455,-0.019988424488843973,"[-0.6006491252636292,-0.3222069903472255]","[-0.600784859629352,-0.322271968618613]",4.858792265704021e-12,"[-0.9019742222274525,-0.43178988227745935]","[0.43178988227745935,-0.9019742222274525]","[-0.7550617468861713,0.0]",0.00015048585909135936,0.3572962072272383,0.36729041947166036,"[0.12348664488205155,0.21651178761084136]",0.00015048585910537593,,3.0097171821075186e-06,0.9845330775818232,0.984530067864641,,0.0,0.3672904194715471
FS-010,mover,rect,1,704,728,7.03421172749519,7.039999999999894,0.005788272504704209,False,sustained_or_free,"[6.816135913281097,9.284105058833127]","[6.812660741754753,9.282237445512106]",5.456776760911455,-0.019988424488843973,"[-0.600784859629352,-0.322271968618613]","[-0.6003814650260184,-0.3226546987038933]",4.858792265704021e-12,"[-0.9019742222274525,-0.43178988227745935]","[0.43178988227745935,-0.9019742222274525]","[-0.7550617468861713,0.0]",-1.3988810110276972e-14,0.3572962072272383,0.3672904194716603,"[0.12348664488205155,0.21651178761084136]",0.003946993399902898,0.6818948825742261,4.999850547453692e-05,0.984530067864641,0.9844800693591665,,0.0,0.3674355798527903
FS-010,mover,rect,1,705,730,7.044684894778147,7.044684894778147,0.0,True,recontact_or_first_touch,"[6.809863063313308,9.280730845308172]","[6.809863063313308,9.280730845308172]",5.456578114937274,-0.018630190952655383,"[-0.5971699630120453,-0.321586775209403]","[-0.5973084629264296,-0.3216543580220758]",4.365728574798321e-12,"[-0.8987124964446432,-0.4385383093120108]","[0.4385383093120108,-0.8987124964446432]","[-0.7542638395433579,0.0]",0.0001541092561892221,0.35790573658933644,0.36722083206566414,"[0.1241609355797461,0.21899233985964567]",0.00015410925622183494,,3.082185124436699e-06,0.9844800693591665,0.9844769871740421,,0.0,0.3672208320657712
FS-010,mover,rect,1,705,731,7.044684894778147,7.049999999999894,0.005315105221747252,False,sustained_or_free,"[6.809863063313308,9.280730845308172]","[6.806690358234699,9.27901922487963]",5.456578114937274,-0.018630190952655383,"[-0.5973084629264296,-0.3216543580220758]","[-0.5969223460765339,-0.322029453253212]",4.365728574798321e-12,"[-0.8987124964446432,-0.4385383093120108]","[0.4385383093120108,-0.8987124964446432]","[-0.7542638395433579,0.0]",-3.2557290197132716e-14,0.35790573658933644,0.36722083206566414,"[0.1241609355797461,0.21899233985964567]",0.0036050576664038445,0.6782664718759306,4.552562721934062e-05,0.9844769871740421,0.9844314615468227,,0.0,0.36738423013300897
FS-010,mover,rect,1,706,733,7.05433605190016,7.05433605190016,0.0,True,recontact_or_first_touch,"[6.804114909832769,9.277627149380212]","[6.804114909832769,9.277627149380212]",5.456407376719137,-0.017380736235918123,"[-0.5939616178883957,-0.32104677975188844]","[-0.5940782107550472,-0.32110467488664074]",4.714449079405388e-12,"[-0.8956568881469682,-0.4447457011764016]","[0.4447457011764016,-0.8956568881469682]","[-0.7535253446668188,0.0]",0.00013017581631602493,0.358513041250571,0.36720340936853,"[0.12461744627884165,0.22118193990995333]",0.0001301758164252709,,2.603516328505418e-06,0.9844314615468227,0.9844288580304942,,0.0,0.36720340936845025
FS-010,mover,rect,1,706,734,7.05433605190016,7.059999999999894,0.0056639480997340355,False,sustained_or_free,"[6.804114909832769,9.277627149380212]","[6.800752498714634,9.27580604052126]",5.456407376719137,-0.017380736235918123,"[-0.5940782107550472,-0.32110467488664074]","[-0.5936514704810004,-0.3215264029409482]",4.714449079405388e-12,"[-0.8956568881469682,-0.4447457011764016]","[0.4447457011764016,-0.8956568881469682]","[-0.7535253446668188,0.0]",-1.0927370119873103e-13,0.35851304125057104,0.3672034093685301,"[0.12461744627884165,0.22118193990995333]",0.0038206867949437404,0.6745624655570467,4.809399540020463e-05,0.9844288580304942,0.984380764035094,,0.0,0.3674060041882469
FS-010,mover,rect,1,707,736,7.064659559687565,7.064659559687565,0.0,True,recontact_or_first_touch,"[6.798001107518708,9.27431276457023]","[6.798001107518708,9.27431276457023]",5.456238295254175,-0.016047059980031347,"[-0.5904830886072887,-0.3204757640473786]","[-0.590595289469845,-0.3205325192190452]",4.384803893101766e-12,"[-0.8923346273254891,-0.45137447078438137]","[0.45137447078438137,-0.8923346273254891]","[-0.7527319944694852,0.0]",0.00012573855040570736,0.3592066354969628,0.36723016548697845,"[0.12486839324153035,0.22311463561091127]",0.0001257385504500608,,2.514771009001216e-06,0.984380764035094,0.984378249264085,,0.0,0.3672301654870251
FS-010,mover,rect,1,707,737,7.064659559687565,7.069999999999894,0.005340440312328523,False,sustained_or_free,"[6.798001107518708,9.27431276457023]","[6.794849298025114,9.272598745356236]",5.456238295254175,-0.016047059980031347,"[-0.590595289469845,-0.3205325192190452]","[-0.5901778335239168,-0.32095091673187914]",4.384803893101766e-12,"[-0.8923346273254891,-0.45137447078438137]","[0.45137447078438137,-0.8923346273254891]","[-0.7527319944694852,0.0]",-4.4297898682543746e-14,0.35920663549696286,0.3672301654869785,"[0.12486839324153035,0.22311463561091127]",0.0035820106281496686,0.6707332015078454,4.493801100135076e-05,0.984378249264085,0.9843333112530837,,0.0,0.3674487723874111
FS-010,mover,rect,1,708,739,7.074431713906244,7.074431713906244,0.0,True,recontact_or_first_touch,"[6.792247095302739,9.27118079069561]","[6.792247095302739,9.27118079069561]",5.45609072693709,-0.014787919241384421,"[-0.5871775067985676,-0.3199562721308075]","[-0.5872717209410945,-0.32000476403222494]",4.607802213079635e-12,"[-0.8891383907342008,-0.45763841853869286]","[0.45763841853869286,-0.8891383907342008]","[-0.7519777730726221,0.0]",0.000105961168002211,0.35990433814011397,0.36729829776080625,"[0.1249374111010812,0.22480860340789424]",0.00010596116814731715,,2.119223362946343e-06,0.9843333112530837,0.9843311920297207,,0.0,0.3672982977606822
FS-010,mover,rect,1,708,740,7.074431713906244,7.0799999999998935,0.005568286093649676,False,sustained_or_free,"[6.792247095302739,9.27118079069561]","[6.788979503898512,9.269396376028228]",5.45609072693709,-0.014787919241384421,"[-0.5872717209410945,-0.32000476403222494]","[-0.5868217525592953,-0.32046030634399725]",4.607802213079635e-12,"[-0.8891383907342008,-0.45763841853869286]","[0.45763841853869286,-0.8891383907342008]","[-0.7519777730726221,0.0]",-1.451339048941236e-13,0.35990433814011397,0.3672982977608062,"[0.1249374111010812,0.22480860340789424]",0.0037131631483547922,0.6668413019563507,4.642183249884746e-05,0.9843311920297207,0.9842847701972219,,0.0,0.36755238877318774
FS-010,mover,rect,1,709,742,7.084663075600404,7.084663075600404,0.0,True,recontact_or_first_touch,"[6.786257763550264,9.267906905989834]","[6.786257763550264,9.267906905989834]",5.455949530769665,-0.013473444212763698,"[-0.5836792240619032,-0.3194179477232629]","[-0.5837647308355476,-0.31946275903205634]",4.376877402994682e-12,"[-0.8857376490391947,-0.4641861879402706]","[0.4641861879402706,-0.8857376490391947]","[-0.7511847343375574,0.0]",9.653735930256757e-05,0.360674246351173,0.3674109684575549,"[0.12483414364688179,0.2262921598940202]",9.653735927017683e-05,,1.9307471854035366e-06,0.9842847701972219,0.9842828394500366,,0.0,0.36741096845741683
FS-010,mover,rect,1,709,743,7.084663075600403,7.089999999999893,0.005336924399489792,False,sustained_or_free,"[6.786257763550264,9.267906905989834]","[6.783144634510898,9.266199530032084]",5.455949530769665,-0.013473444212763698,"[-0.5837647308355476,-0.31946275903205634]","[-0.5833189317171881,-0.31991758360174083]",4.376877402994682e-12,"[-0.8857376490391947,-0.4641861879402706]","[0.4641861879402706,-0.8857376490391947]","[-0.7511847343375574,0.0]",3.241851231905457e-14,0.36067424635117307,0.3674109684575549,"[0.12483414364688179,0.2262921598940202]",0.003537536374428663,0.6628417623391574,4.40661054911243e-05,0.9842828394500366,0.9842387733445455,,0.0,0.3676798307971716
FS-010,mover,rect,1,710,745,7.094511506749103,7.094511506749103,0.0,True,recontact_or_first_touch,"[6.7805266388130905,9.26476075283566]","[6.7805266388130905,9.26476075283566]",5.455826167625889,-0.012212301506555015,"[-0.5802929804474202,-0.3189127882113477]","[-0.5803624821400624,-0.3189498446789352]",4.5215503930302336e-12,"[-0.8824114609676245,-0.47047849425131294]","[0.47047849425131294,-0.8824114609676245]","[-0.7504181186588053,0.0]",7.876336126461103e-05,0.3614525182268229,0.36755866898010037,"[0.12457873346804509,0.22757968983707197]",7.876336121692694e-05,,1.5752672243385388e-06,0.9842387733445455,0.9842371980773211,,0.0,0.3675586689802081
FS-010,mover,rect,1,710,746,7.094511506749103,7.099999999999893,0.005488493250790162,False,sustained_or_free,"[6.7805266388130905,9.26476075283566]","[6.7773439173071015,9.263007538691955]",5.455826167625889,-0.012212301506555015,"[-0.5803624821400624,-0.3189498446789352]","[-0.5798898460029563,-0.31943450845130134]",4.5215503930302336e-12,"[-0.8824114609676245,-0.47047849425131294]","[0.47047849425131294,-0.8824114609676245]","[-0.7504181186588053,0.0]",4.7656323332034844e-14,0.3614525182268229,0.36755866898010037,"[0.12457873346804509,0.22757968983707197]",0.0036157580934973446,0.6587888384442843,4.4872695615996086e-05,0.9842371980773211,0.9841923253817051,,0.0,0.3678592521865287
FS-010,mover,rect,1,711,748,7.104685250160219,7.104685250160219,0.0,True,recontact_or_first_touch,"[6.774641638910504,9.261515781652053]","[6.774641638910504,9.261515781652053]",5.455711841979675,-0.010914039559144132,"[-0.5767628843983851,-0.31839432022957403]","[-0.5768209751915083,-0.3184258446702892]",4.351602010626656e-12,"[-0.8789204232910511,-0.476968436609677]","[0.476968436609677,-0.8789204232910511]","[-0.7496228276504107,0.0]",6.609334783660992e-05,0.36229200759499985,0.36774902737457194,"[0.1241787452581972,0.22869479479293356]",6.609334768414854e-05,,1.3218669536829708e-06,0.9841923253817051,0.9841910035147514,,0.0,0.3677490273747161
FS-010,mover,rect,1,711,749,7.104685250160219,7.109999999999893,0.005314749839674148,False,sustained_or_free,"[6.774641638910504,9.261515781652053]","[6.77157848660851,9.259820848746639]",5.455711841979675,-0.010914039559144132,"[-0.5768209751915083,-0.3184258446702892]","[-0.5763492910104627,-0.31891113533912085]",4.351602010626656e-12,"[-0.8789204232910511,-0.476968436609677]","[0.476968436609677,-0.8789204232910511]","[-0.7496228276504107,0.0]",1.5248913243226525e-13,0.3622920075949998,0.36774902737457194,"[0.1241787452581972,0.22869479479293356]",0.003479263931781218,0.6546430286913626,4.3011529437253626e-05,0.9841910035147514,0.9841479919853141,,0.0,0.36806340879068733
FS-010,mover,rect,1,712,751,7.114582810897066,7.114582810897066,0.0,True,recontact_or_first_touch,"[6.768951132271056,9.258363988754185]","[6.768951132271056,9.258363988754185]",5.455613170162856,-0.009655738322993115,"[-0.5733062952858116,-0.3178965977740675]","[-0.5733493108143336,-0.3179203429573548]",4.446556750892823e-12,"[-0.8754702464157665,-0.48327202240634326]","[0.48327202240634326,-0.8754702464157665]","[-0.7488458599364312,0.0]",4.9134198024880504e-05,0.36314237320903064,0.3679702423705272,"[0.12365141940813562,0.22964873532268618]",4.9134198104594504e-05,,9.826839620918901e-07,0.9841479919853141,0.984147009301352,,0.0,0.3679702423705102
FS-010,mover,rect,1,712,752,7.114582810897066,7.119999999999893,0.0054171891028265105,False,sustained_or_free,"[6.768951132271056,9.258363988754185]","[6.765847869270389,9.256638994171475]",5.455613170162856,-0.009655738322993115,"[-0.5733493108143336,-0.3179203429573548]","[-0.5728548407231525,-0.3184298258686682]",4.446556750892823e-12,"[-0.8754702464157665,-0.48327202240634326]","[0.48327202240634326,-0.8754702464157665]","[-0.7488458599364312,0.0]",-7.965850201685498e-14,0.36314237320903064,0.36797024237052717,"[0.12365141940813562,0.22964873532268618]",0.003523615492490916,0.6504508935551853,4.338636433568577e-05,0.984147009301352,0.9841036229370164,,0.0,0.3683129072435305
FS-010,mover,rect,1,713,754,7.124720075179905,7.124720075179905,0.0,True,recontact_or_first_touch,"[6.763158666710497,9.255140901415677]","[6.763158666710497,9.255140901415677]",5.455525056357056,-0.008371975474405392,"[-0.5697372303050783,-0.3173874776701604]","[-0.5697670573375926,-0.31740423092472236]",4.315007131881256e-12,"[-0.8718807759399115,-0.4897181970750299]","[0.4897181970750299,-0.8718807759399115]","[-0.7480467396082592,0.0]",3.420998989997481e-05,0.3640454517219578,0.3682314394591605,"[0.12300258736381685,0.23046127514926767]",3.4209989871802904e-05,,6.841997974360581e-07,0.9841036229370164,0.9841029387372189,,0.0,0.368231439459308
FS-010,mover,rect,1,713,755,7.124720075179904,7.129999999999892,0.005279924819988159,False,sustained_or_free,"[6.763158666710497,9.255140901415677]","[6.760152955550457,9.253462335191285]",5.455525056357056,-0.008371975474405392,"[-0.5697670573375926,-0.31740423092472236]","[-0.5692715829326629,-0.31791479644508475]",4.315007131881256e-12,"[-0.8718807759399115,-0.4897181970750299]","[0.4897181970750299,-0.8718807759399115]","[-0.7480467396082594,0.0]",2.839395385478838e-14,0.3640454517219579,0.36823143945916065,"[0.12300258736381685,0.23046127514926767]",0.0034117703044392877,0.6461778189574561,4.183578198884496e-05,0.9841029387372189,0.9840611029552301,,0.0,0.36858692936048354
FS-010,mover,rect,1,714,757,7.13464992539256,7.13464992539256,0.0,True,recontact_or_first_touch,"[6.757520088943512,9.251988819318358]","[6.757520088943512,9.251988819318358]",5.455451256982715,-0.007119585286227878,"[-0.5662169571789305,-0.3168902183357111]","[-0.5662320767328783,-0.31689885538818524]",4.377840871347711e-12,"[-0.8683097472221064,-0.4960223612692092]","[0.4960223612692092,-0.8683097472221064]","[-0.7472607004883486,0.0]",1.7412627150048543e-05,0.3649606104295936,0.3685204030727075,"[0.12224712388037079,0.23114106472991547]",1.741262722920744e-05,,3.4825254458414884e-07,0.9840611029552301,0.9840607547026855,,0.0,0.36852040307266426
FS-010,mover,rect,1,714,758,7.13464992539256,7.139999999999892,0.005350074607332024,False,sustained_or_free,"[6.757520088943512,9.251988819318358]","[6.754493462009404,9.250290549416432]",5.455451256982715,-0.007119585286227878,"[-0.5662320767328783,-0.31689885538818524]","[-0.5657167714931753,-0.3174291998841472]",4.377840871347711e-12,"[-0.8683097472221064,-0.4960223612692092]","[0.4960223612692092,-0.8683097472221064]","[-0.7472607004883486,0.0]",-7.913114608015803e-14,0.3649606104295936,0.3685204030727075,"[0.12224712388037079,0.23114106472991547]",0.0034340206484113614,0.6418640674104242,4.1930039931567106e-05,0.9840607547026855,0.9840188246627539,,0.0,0.368901161721938
FS-010,mover,rect,1,715,760,7.144763986989787,7.144763986989787,0.0,True,recontact_or_first_touch,"[6.751813220614948,9.248783312113169]","[6.751813220614948,9.248783312113169]",5.455388889558605,-0.005849275779219151,"[-0.5626046838795798,-0.31638149022247425]","[-0.5626053846686109,-0.31638189745508144]",4.27082485525461e-12,"[-0.864615927987248,-0.5024333757531939]","[0.5024333757531939,-0.864615927987248]","[-0.7464567568444005,0.0]",8.105205537844995e-07,0.36592189342563036,0.36884653131524,"[0.12138937497554261,0.23170477757457308]",8.10520611960186e-07,,1.621041223920372e-08,0.9840188246627539,0.9840188084523417,,0.0,0.3688465313153162
FS-010,mover,rect,1,715,761,7.144763986989787,7.149999999999892,0.00523601301010516,False,sustained_or_free,"[6.751813220614948,9.248783312113169]","[6.74887012066945,9.247123950611016]",5.455388889558605,-0.005849275779219151,"[-0.5626053846686109,-0.31638189745508144]","[-0.5620879741548104,-0.3169131740028674]",4.27082485525461e-12,"[-0.864615927987248,-0.5024333757531939]","[0.5024333757531939,-0.864615927987248]","[-0.7464567568444005,0.0]",-5.814793091474257e-14,0.36592189342563036,0.3688465313152399,"[0.12138937497554261,0.23170477757457308]",0.0033378475241669925,0.6374788446333435,4.057688543281404e-05,0.9840188084523417,0.9839782315669089,,0.0,0.36923905538762064
FS-010,mover,rect,1,716,763,7.15471535518239,7.15471535518239,0.0,True,recontact_or_first_touch,"[6.746234117958344,9.245634473942765]","[6.746234117958344,9.245634473942765]",5.455339972273542,-0.004604747554810848,"[-0.5590252714980979,-0.3158779372080947]","[-0.5590252714980979,-0.3158779372080947]",4.312659450958815e-12,"[-0.8609255000496056,-0.5087310520936742]","[0.5087310520936742,-0.8609255000496056]","[-0.7456624762477674,0.0]",-1.618650208376482e-05,0.3668955125776387,0.36919788635504414,"[0.12044232829410012,0.23215884988289487]",0.0,,0.0,0.9839782315669089,0.9839782315669089,,0.0,0.36919788670979964
FS-010,mover,rect,1,716,766,7.154742785055949,7.154742785055949,0.0,True,recontact_or_first_touch,"[6.746218784453365,9.245625809615682]","[6.746218784453365,9.245625809615682]",5.45533984605982,-0.004601323512137432,"[-0.559007497641084,-0.3158719293704578]","[-0.559007497641084,-0.3158719293704578]",7.411927566215108e-10,"[-0.8609152601484376,-0.5087483806790429]","[0.5087483806790429,-0.8609152601484376]","[-0.7456602824209206,0.0]",-7.101803022102615e-06,0.3668982662535324,0.3691989280096011,"[0.12044232829410012,0.23215884988289487]",0.0,,0.0,0.9839782315669089,0.9839782315669089,,0.0,0.3691989280962864
FS-010,mover,rect,1,716,767,7.154742785055948,7.159999999999892,0.005257214943943443,False,sustained_or_free,"[6.746218784453365,9.245625809615682]","[6.743282792491276,9.243962358034638]",5.45533984605982,-0.004601323512137432,"[-0.559007497641084,-0.3158719293704578]","[-0.5584690741000933,-0.31641308159937265]",7.411927566215108e-10,"[-0.8609152601484376,-0.5087483806790429]","[0.5087483806790429,-0.8609152601484376]","[-0.7456602824209206,0.0]",-7.101803022102615e-06,0.3668982662535324,0.3691989280096011,"[0.12044232829410012,0.23215884988289487]",0.0033210407553176937,0.6317110467670126,4.0134740386636656e-05,0.9839782315669089,0.9839380968265222,,0.0,0.3696120362123447
FS-010,mover,rect,1,717,769,7.164789771031715,7.164789771031715,0.0,True,recontact_or_first_touch,"[6.740622667236154,9.242451841196024]","[6.740622667236154,9.242451841196024]",5.4553030442612265,-0.0033503029311487092,"[-0.5553762878116174,-0.31536305777007795]","[-0.5553762878116174,-0.31536305777007795]",4.243487632196696e-12,"[-0.8571323022787509,-0.5150963175856805]","[0.5150963175856805,-0.8571323022787509]","[-0.7448550750379477,0.0]",-3.396063163732532e-05,0.3679076893210171,0.3695828407865913,"[0.11940936363371436,0.2325171631762465]",0.0,,0.0,0.9839380968265222,0.9839380968265222,,0.0,0.36958284234694116
FS-010,mover,rect,1,717,772,7.164856718098227,7.164856718098227,0.0,True,recontact_or_first_touch,"[6.740585489309841,9.242430729544568]","[6.740585489309841,9.242430729544568]",5.455302820525224,-0.003341983657021485,"[-0.5553331646983309,-0.3153484171331685]","[-0.5553331646983309,-0.3153484171331685]",3.0352908298882247e-10,"[-0.857106926672326,-0.5151385408318038]","[0.5151385408318038,-0.857106926672326]","[-0.7448496985552846,0.0]",-1.2189567874049123e-05,0.36791458335456495,0.3695855751830758,"[0.11940936363371436,0.2325171631762465]",0.0,,0.0,0.9839380968265222,0.9839380968265222,,0.0,0.3695855753893246
FS-010,mover,rect,1,717,773,7.1648567180982266,7.169999999999892,0.00514328190166471,False,sustained_or_free,"[6.740585489309841,9.242430729544568]","[6.737732051296132,9.240806040315139]",5.455302820525224,-0.003341983657021485,"[-0.5553331646983309,-0.3153484171331685]","[-0.5547893481757805,-0.31588570498203733]",3.0352908298882247e-10,"[-0.857106926672326,-0.5151385408318038]","[0.5151385408318038,-0.857106926672326]","[-0.7448496985552846,0.0]",-1.2189567874049123e-05,0.36791458335456495,0.3695855751830758,"[0.11940936363371436,0.2325171631762465]",0.003220774435862217,0.6262099759338019,3.869907920892079e-05,0.9839380968265222,0.9838993977473133,,0.0,0.3700080311091432
FS-010,mover,rect,1,718,775,7.174741945324092,7.174741945324092,0.0,True,recontact_or_first_touch,"[6.735115702861757,9.239313050465173]","[6.735115702861757,9.239313050465173]",5.455278868823904,-0.0021165444586753956,"[-0.5517458037786191,-0.3148475462900798]","[-0.5517458037786191,-0.3148475462900798]",4.2841055178120875e-12,"[-0.8533283409055087,-0.5213738990469817]","[0.5213738990469817,-0.8533283409055087]","[-0.7440542147116997,0.0]",-5.107557093353421e-05,0.3689329203415936,0.3699911925709313,"[0.11830143626362126,0.23278478156237029]",0.0,,0.0,0.9838993977473133,0.9838993977473133,,0.0,0.36999119609623454
FS-010,mover,rect,1,718,778,7.174845635139773,7.174845635139773,0.0,True,recontact_or_first_touch,"[6.735058499325071,9.239280406329284]","[6.735058499325071,9.239280406329284]",5.455278650689984,-0.002103715956906073,"[-0.551679413360565,-0.31482490034711597]","[-0.551679413360565,-0.31482490034711597]",1.95873751419103e-10,"[-0.8532884471044365,-0.5214391872865897]","[0.5214391872865897,-0.8532884471044365]","[-0.7440458536782625,0.0]",-1.7979040885379716e-05,0.368943850627474,0.36999570860592695,"[0.11830143626362126,0.23278478156237029]",0.0,,0.0,0.9838993977473133,0.9838993977473133,,0.0,0.369995709038026
FS-010,mover,rect,1,718,781,7.174881676418077,7.174881676418077,0.0,True,recontact_or_first_touch,"[6.735038616925446,9.23926905992111]","[6.735038616925446,9.23926905992111]",5.455278575030063,-0.002099257422427147,"[-0.5516563385003765,-0.31481702946178475]","[-0.5516563385003765,-0.31481702946178475]",5.635207023874312e-10,"[-0.8532745792606856,-0.5214618800904819]","[0.5214618800904819,-0.8532745792606856]","[-0.7440429474058134,0.0]",-6.477298466173176e-06,0.3689476511421646,0.3699972798533782,"[0.11830143626362126,0.23278478156237029]",0.0,,0.0,0.9838993977473133,0.9838993977473133,,0.0,0.3699972798999381
FS-010,mover,rect,1,718,782,7.174881676418077,7.179999999999891,0.005118323581814075,False,sustained_or_free,"[6.735038616925446,9.23926905992111]","[6.7322178691221986,9.237654923104001]",5.455278575030063,-0.002099257422427147,"[-0.5516563385003765,-0.31481702946178475]","[-0.5511077520127872,-0.31536435540026236]",5.635207023874312e-10,"[-0.8532745792606856,-0.5214618800904819]","[0.5214618800904819,-0.8532745792606856]","[-0.7440429474058134,0.0]",-6.477298466173176e-06,0.3689476511421646,0.3699972798533782,"[0.11830143626362126,0.23278478156237029]",0.003187612850965249,0.6227845504514724,3.8160639110234604e-05,0.9838993977473133,0.9838612371082031,,0.0,0.37043512591949307
FS-010,mover,rect,1,719,784,7.184776758069814,7.184776758069814,0.0,True,recontact_or_first_touch,"[6.729599915891271,9.23615349357161]","[6.729599915891271,9.23615349357161]",5.455266863446772,-0.0008780716993396431,"[-0.5480606705648583,-0.3143197772240402]","[-0.5480606705648583,-0.3143197772240402]",4.250728341363058e-12,"[-0.8494351559756524,-0.5276930128328581]","[0.5276930128328581,-0.8494351559756524]","[-0.7432434313883294,0.0]",-6.925135246291236e-05,0.3699908481045075,0.3704298839541773,"[0.11712128869401596,0.23297315193261822]",0.0,,0.0,0.9838612371082031,0.9838612371082031,,0.0,0.37042989042727564
FS-010,mover,rect,1,719,787,7.1849197273526295,7.1849197273526295,0.0,True,recontact_or_first_touch,"[6.72952157305695,9.236108559957362]","[6.72952157305695,9.236108559957362]",5.455266740426863,-0.0008604639157686091,"[-0.5479696951490027,-0.31428858957020395]","[-0.5479696951490027,-0.31428858957020395]",1.419871895839863e-10,"[-0.8493793213370961,-0.5277828800604794]","[0.5277828800604794,-0.8493793213370961]","[-0.7432318561627522,0.0]",-2.4495168834820502e-05,0.37000625461980274,0.3704364865776871,"[0.11712128869401596,0.23297315193261822]",0.0,,0.0,0.9838612371082031,0.9838612371082031,,0.0,0.37043648739117924
FS-010,mover,rect,1,719,790,7.184969473797064,7.184969473797064,0.0,True,recontact_or_first_touch,"[6.729494315087535,9.23609292575729]","[6.729494315087535,9.23609292575729]",5.455266697926575,-0.0008543381987670309,"[-0.5479380431200374,-0.3142777388223511]","[-0.5479380431200374,-0.3142777388223511]",4.080625345681914e-10,"[-0.8493598911575961,-0.5278141484393502]","[0.5278141484393502,-0.8493598911575961]","[-0.7432278283838664,0.0]",-8.92633408761112e-06,0.37001161774733904,0.37043878684672255,"[0.11712128869401596,0.23297315193261822]",0.0,,0.0,0.9838612371082031,0.9838612371082031,,0.0,0.3704387869454677
FS-010,mover,rect,1,719,791,7.184969473797064,7.189999999999891,0.005030526202826713,False,sustained_or_free,"[6.729494315087535,9.23609292575729]","[6.7267406821395275,9.234509198552296]",5.455266697926575,-0.0008543381987670309,"[-0.5479380431200374,-0.3142777388223511]","[-0.5473846744819306,-0.314823368598117]",4.080625345681914e-10,"[-0.8493598911575961,-0.5278141484393502]","[0.5278141484393502,-0.8493598911575961]","[-0.7432278283838664,0.0]",-8.92633408761112e-06,0.37001161774733904,0.37043878684672255,"[0.11712128869401596,0.23297315193261822]",0.0031073667978795965,0.6177021394170513,3.699470494345836e-05,0.9838612371082031,0.9838242424032596,,0.0,0.3708858680041992
FS-010,mover,rect,1,720,793,7.194753631062547,7.194753631062547,0.0,True,recontact_or_first_touch,"[6.724152941676496,9.233017580798757]","[6.724152941676496,9.233017580798757]",5.455267156682392,0.00034773057085425507,"[-0.5443713298157611,-0.31378492227903865]","[-0.5443713298157611,-0.31378492227903865]",4.269253315190564e-12,"[-0.8455066832238123,-0.5339648383778354]","[0.5339648383778354,-0.8455066832238123]","[-0.7424340748296727,0.0]",-8.674070321240679e-05,0.37106579051181543,0.37089192522638825,"[0.1158775213145599,0.23308686642329937]",0.0,,0.0,0.9838242424032596,0.9838242424032596,,0.0,0.37089193536951326
FS-010,mover,rect,1,720,796,7.194934560436507,7.194934560436507,0.0,True,recontact_or_first_touch,"[6.724054469612534,9.232960815022777]","[6.724054469612534,9.232960815022777]",5.455267223610567,0.0003699132624914317,"[-0.5442569208434853,-0.3137454949287367]","[-0.5442569208434853,-0.3137454949287367]",1.1214103416319185e-10,"[-0.8454349737213067,-0.534078369912931]","[0.534078369912931,-0.8454349737213067]","[-0.7424193673102172,0.0]",-3.1219777914176516e-05,0.3710856906471655,0.37090073401591983,"[0.1158775213145599,0.23308686642329937]",0.0,,0.0,0.9838242424032596,0.9838242424032596,,0.0,0.3709007353249718
FS-010,mover,rect,1,720,799,7.194998626837116,7.194998626837116,0.0,True,recontact_or_first_touch,"[6.724019603625735,9.232940715372536]","[6.724019603625735,9.232940715372536]",5.455267247812708,0.0003777665265105598,"[-0.5442164140259091,-0.31373153556291644]","[-0.5442164140259091,-0.31373153556291644]",3.166936557410188e-10,"[-0.8454095776965723,-0.5341185691762677]","[0.5341185691762677,-0.8454095776965723]","[-0.7424141591781449,0.0]",-1.1566850773775395e-05,0.37109274104501705,0.3709038577817617,"[0.1158775213145599,0.23308686642329937]",0.0,,0.0,0.9838242424032596,0.9838242424032596,,0.0,0.3709038579541613
FS-010,mover,rect,1,720,800,7.1949986268371156,7.199999999999891,0.005001373162775064,False,sustained_or_free,"[6.724019603625735,9.232940715372536]","[6.721300595917609,9.231368879409425]",5.455267247812708,0.0003777665265105598,"[-0.5442164140259091,-0.31373153556291644]","[-0.5436522370224076,-0.31428088086079786]",3.166936557410188e-10,"[-0.8454095776965723,-0.5341185691762677]","[0.5341185691762677,-0.8454095776965723]","[-0.7424141591781449,0.0]",-1.1566850773775395e-05,0.37109274104501705,0.3709038577817617,"[0.1158775213145599,0.23308686642329937]",0.0030636165324393616,0.612555078921462,3.6265464834911914e-05,0.9838242424032596,0.9837879769384247,,0.0,0.37136436130153616
FS-010,mover,rect,1,721,802,7.204789494405519,7.204789494405519,0.0,True,recontact_or_first_touch,"[6.7187111920810265,9.229868675227678]","[6.7187111920810265,9.229868675227678]",5.455279647921093,0.0015569417198742232,"[-0.5406424180263442,-0.3132280893750052]","[-0.5406424180263442,-0.3132280893750052]",4.23515622029901e-12,"[-0.8414964465374516,-0.5402626495185855]","[0.5402626495185855,-0.8414964465374516]","[-0.741616662347998,0.0]",-0.0001063250271633176,0.37215920188699436,0.37138073102705726,"[0.1135628236755124,0.22846442522992602]",0.0,,0.0,0.9837879769384247,0.9837879769384247,,0.0,0.3713807462473831
FS-010,mover,rect,1,721,805,7.205013890471563,7.205013890471563,0.0,True,recontact_or_first_touch,"[6.718589905613282,9.229798399117355]","[6.718589905613282,9.229798399117355]",5.455280003246415,0.0015834739365905533,"[-0.5405017560368505,-0.3131788874997844]","[-0.5405017560368505,-0.3131788874997844]",9.037322144475476e-11,"[-0.841406191796589,-0.5404032016988443]","[0.5404032016988443,-0.841406191796589]","[-0.7415983480179623,0.0]",-3.895586726584965e-05,0.372183897239605,0.37139216027130967,"[0.1135628236755124,0.22846442522992602]",0.0,,0.0,0.9837879769384247,0.9837879769384247,,0.0,0.3713921623178613
FS-010,mover,rect,1,721,808,7.205096914144967,7.205096914144967,0.0,True,recontact_or_first_touch,"[6.718545035492163,9.229772399366817]","[6.718545035492163,9.229772399366817]",5.455280135527046,0.0015932881004971087,"[-0.5404497209005839,-0.3131606862422604]","[-0.5404497209005839,-0.3131606862422604]",2.442576534388618e-10,"[-0.8413727922067694,-0.5404552012278024]","[0.5404552012278024,-0.8413727922067694]","[-0.7415915715350341,0.0]",-1.4041201753217658e-05,0.37219304035301304,0.3713963963027645,"[0.1135628236755124,0.22846442522992602]",0.0,,0.0,0.9837879769384247,0.9837879769384247,,0.0,0.3713963965618885
FS-010,mover,rect,1,721,811,7.205122361327357,7.205122361327357,0.0,True,recontact_or_first_touch,"[6.718531282975378,9.229764430451674]","[6.718531282975378,9.229764430451674]",5.455280176148279,0.0015962959224645058,"[-0.540433772742867,-0.31315510776414923]","[-0.540433772742867,-0.31315510776414923]",7.969087927573332e-10,"[-0.8413625543752977,-0.5404711390028836]","[0.5404711390028836,-0.8413625543752977]","[-0.7415894944633102,0.0]",-6.405923941799063e-06,0.3721958434193113,0.37139769545807905,"[0.1135628236755124,0.22846442522992602]",0.0,,0.0,0.9837879769384247,0.9837879769384247,,0.0,0.37139769550833623
FS-010,mover,rect,1,721,812,7.205122361327357,7.209999999999891,0.004877638672533835,False,sustained_or_free,"[6.718531282975378,9.229764430451674]","[6.7158979353422446,9.228234350993262]",5.455280176148279,0.0015962959224645058,"[-0.540433772742867,-0.31315510776414923]","[-0.5398816537932083,-0.31369266178489974]",7.969087927573332e-10,"[-0.8413625543752977,-0.5404711390028836]","[0.5404711390028836,-0.8413625543752977]","[-0.7415894944633102,0.0]",-6.405923941799063e-06,0.3721958434193113,0.37139769545807905,"[0.1135628236755124,0.22846442522992602]",0.00296815721091781,0.6085233880958861,3.497495085568703e-05,0.9837879769384247,0.983753001987569,,0.0,0.37186127735614066
FS-010,mover,rect,1,722,814,7.214732691880157,7.214732691880157,0.0,True,recontact_or_first_touch,"[6.713356812485201,9.226754673762976]","[6.713356812485201,9.226754673762976]",5.455303628925544,0.002718434150014008,"[-0.5369297054048948,-0.3126502353672307]","[-0.5369297054048948,-0.3126502353672307]",4.2838426492084895e-12,"[-0.8374652033293497,-0.5464906524475337]","[0.5464906524475337,-0.8374652033293497]","[-0.7408035661824119,0.0]",-0.00012316684412996826,0.3732488521260899,0.37188963505108286,"[0.11220503709004472,0.22608390768080036]",0.0,,0.0,0.983753001987569,0.983753001987569,,0.0,0.37188965544696606
FS-010,mover,rect,1,722,817,7.214995653700771,7.214995653700771,0.0,True,recontact_or_first_touch,"[6.713215663495363,9.226672473880782]","[6.713215663495363,9.226672473880782]",5.455304351742684,0.002748753175607689,"[-0.5367660959638493,-0.3125924592456462]","[-0.5367660959638493,-0.3125924592456462]",7.708087066621489e-11,"[-0.8373579007607033,-0.5466550521431485]","[0.5466550521431485,-0.8373579007607033]","[-0.7407820190910132,0.0]",-4.590199696477559e-05,0.37327810056267235,0.3719037239748685,"[0.11220503709004472,0.22608390768080036]",0.0,,0.0,0.983753001987569,0.983753001987569,,0.0,0.3719037268065534
FS-010,mover,rect,1,722,820,7.215094637361311,7.215094637361311,0.0,True,recontact_or_first_touch,"[6.713162538517196,9.226641534487216]","[6.713162538517196,9.226641534487216]",5.455304624953672,0.00276016250121134,"[-0.536704521502911,-0.31257071518087715]","[-0.536704521502911,-0.31257071518087715]",2.047717814064138e-10,"[-0.837317500947002,-0.5467169309687304]","[0.5467169309687304,-0.837317500947002]","[-0.7407739077878512,0.0]",-1.683357049578338e-05,0.373289118678844,0.37190903742823833,"[0.11220503709004472,0.22608390768080036]",0.0,,0.0,0.983753001987569,0.983753001987569,,0.0,0.3719090378014216
FS-010,mover,rect,1,722,823,7.215129933420912,7.215129933420912,0.0,True,recontact_or_first_touch,"[6.713143595737343,9.226630502246277]","[6.713143595737343,9.226630502246277]",5.455304722520115,0.002764230455932652,"[-0.5366825664686554,-0.31256296209895]","[-0.5366825664686554,-0.31256296209895]",5.742556185020191e-10,"[-0.8373030937886508,-0.5467389954374517]","[0.5467389954374517,-0.8373030937886508]","[-0.7407710153441854,0.0]",-6.470258926055683e-06,0.3732930486877907,0.3719109334598243,"[0.11220503709004472,0.22608390768080036]",0.0,,0.0,0.983753001987569,0.983753001987569,,0.0,0.37191093350844917
FS-010,mover,rect,1,722,824,7.215129933420912,7.2199999999998905,0.0048700665789782665,False,sustained_or_free,"[6.713143595737343,9.226630502246277]","[6.710532644117963,9.225105668563474]",5.455304722520115,0.002764230455932652,"[-0.5366825664686554,-0.31256296209895]","[-0.5361223665092674,-0.31310325189076965]",5.742556185020191e-10,"[-0.8373030937886508,-0.5467389954374517]","[0.5467389954374517,-0.8373030937886508]","[-0.7407710153441854,0.0]",-6.470258926055683e-06,0.3732930486877907,0.3719109334598243,"[0.11220503709004472,0.22608390768080036]",0.0029400178855121255,0.6036915179358672,3.445002481535118e-05,0.983753001987569,0.9837185519627536,,0.0,0.37239009559508063
FS-010,mover,rect,1,723,826,7.224788833175387,7.224788833175387,0.0,True,recontact_or_first_touch,"[6.7079794403080575,9.22361132981419]","[6.7079794403080575,9.22361132981419]",5.455339415414688,0.0038648462470147493,"[-0.533157810334688,-0.3120465245960493]","[-0.533157810334688,-0.3120465245960493]",4.231512210957191e-12,"[-0.833328993857154,-0.5527773403433099]","[0.5527773403433099,-0.833328993857154]","[-0.7399779664874508,0.0]",-0.0001430152934160378,0.3743629122257597,0.37243048910225235,"[0.11079023879543619,0.2238740552471373]",0.0,,0.0,0.9837185519627536,0.9837185519627536,,0.0,0.3724305165616817
FS-010,mover,rect,1,723,829,7.225098536365378,7.225098536365378,0.0,True,recontact_or_first_touch,"[6.7078143788597115,9.223514709121721]","[6.7078143788597115,9.223514709121721]",5.455340623171911,0.003899724840277974,"[-0.5329665747092227,-0.3119783573166663]","[-0.5329665747092227,-0.3119783573166663]",6.541486252445299e-11,"[-0.8332007775702442,-0.5529705817277627]","[0.5529705817277627,-0.8332007775702442]","[-0.7399524880272557,0.0]",-5.402980919655409e-05,0.3743977307982588,0.37244786837811983,"[0.11079023879543619,0.2238740552471373]",0.0,,0.0,0.9837185519627536,0.9837185519627536,,0.0,0.37244787229554954
FS-010,mover,rect,1,723,832,7.225214682154711,7.225214682154711,0.0,True,recontact_or_first_touch,"[6.707752485364145,9.22347847711771]","[6.707752485364145,9.22347847711771]",5.455341077627231,0.003912800646566602,"[-0.5328948722322145,-0.3119527984477378]","[-0.5328948722322145,-0.3119527984477378]",1.7442630035988503e-10,"[-0.8331526808589884,-0.5530430456822331]","[0.5530430456822331,-0.8331526808589884]","[-0.739942932218453,0.0]",-2.067951844550442e-05,0.3744108000255834,0.3724543997023002,"[0.11079023879543619,0.2238740552471373]",0.0,,0.0,0.9837185519627536,0.9837185519627536,,0.0,0.3724544002762275
FS-010,mover,rect,1,723,835,7.225258296140507,7.225258296140507,0.0,True,recontact_or_first_touch,"[6.707729244868971,9.223464872031348]","[6.707729244868971,9.223464872031348]",5.455341248494184,0.003917710118779838,"[-0.5328679493347187,-0.3119432015658944]","[-0.5328679493347187,-0.3119432015658944]",4.6450154116942125e-10,"[-0.8331346182447924,-0.553070255828411]","[0.553070255828411,-0.8331346182447924]","[-0.7399393437969928,0.0]",-8.159119239237178e-06,0.3744157092606555,0.37245685420126556,"[0.11079023879543619,0.2238740552471373]",0.0,,0.0,0.9837185519627536,0.9837185519627536,,0.0,0.3724568543031677
FS-010,mover,rect,1,723,836,7.225258296140507,7.22999999999989,0.00474170385938349,False,sustained_or_free,"[6.707729244868971,9.223464872031348]","[6.70520517863521,9.221983223415915]",5.455341248494184,0.003917710118779838,"[-0.5328679493347187,-0.3119432015658944]","[-0.5323120778126931,-0.312471773727782]",4.6450154116942125e-10,"[-0.8331346182447924,-0.553070255828411]","[0.553070255828411,-0.8331346182447924]","[-0.7399393437969928,0.0]",-8.159119239237178e-06,0.3744157092606555,0.37245685420126556,"[0.11079023879543619,0.2238740552471373]",0.002837702560327005,0.5984563027299556,3.304553190962265e-05,0.9837185519627536,0.983685506430844,,0.0,0.3729388378491208
FS-010,mover,rect,1,724,838,7.2347261233895965,7.2347261233895965,0.0,True,recontact_or_first_touch,"[6.702703129222526,9.220511379850857]","[6.702703129222526,9.220511379850857]",5.455385846559461,0.004972402828719472,"[-0.5294083980401116,-0.31142724040255554]","[-0.5294083980401116,-0.31142724040255554]",4.2855322579304656e-12,"[-0.8291829984151161,-0.5589772402695101]","[0.5589772402695101,-0.8291829984151161]","[-0.7391588998486619,0.0]",-0.00015918937628084384,0.3754759296312245,0.3729897282168648,"[0.10932963909152442,0.22181244527229702]",0.0,,0.0,0.983685506430844,0.983685506430844,,0.0,0.37298976218725477
FS-010,mover,rect,1,724,841,7.2350750762105855,7.2350750762105855,0.0,True,recontact_or_first_touch,"[6.7025184652920835,9.22040273328118]","[6.7025184652920835,9.22040273328118]",5.4553875951130655,0.005010859631896959,"[-0.529194548187744,-0.31135031196757273]","[-0.529194548187744,-0.31135031196757273]",5.802854933520643e-11,"[-0.829036473152001,-0.5591945333993275]","[0.5591945333993275,-0.829036473152001]","[-0.7391300797110333,0.0]",-6.117978108341471e-05,0.3755155661424773,0.3730101363265288,"[0.10932963909152442,0.22181244527229702]",0.0,,0.0,0.983685506430844,0.983685506430844,,0.0,0.3730101413446757
FS-010,mover,rect,1,724,844,7.235209431922189,7.235209431922189,0.0,True,recontact_or_first_touch,"[6.702447376041845,9.220360905567036]","[6.702447376041845,9.220360905567036]",5.4553882703392915,0.005025660747779875,"[-0.5291122304387121,-0.31132069969180826]","[-0.5291122304387121,-0.31132069969180826]",1.5071095051753727e-10,"[-0.8289800404647517,-0.5592781888390237]","[0.5592781888390237,-0.8289800404647517]","[-0.739118982172344,0.0]",-2.3471521714946153e-05,0.3755308419815821,0.37301801160769216,"[0.10932963909152442,0.22181244527229702]",0.0,,0.0,0.983685506430844,0.983685506430844,,0.0,0.3730180123512034
FS-010,mover,rect,1,724,847,7.235259856913458,7.235259856913458,0.0,True,recontact_or_first_touch,"[6.702420697119964,9.220345207783833]","[6.702420697119964,9.220345207783833]",5.45538852403826,0.005031214921751792,"[-0.529081338643151,-0.3113095869362801]","[-0.529081338643151,-0.3113095869362801]",4.0156164915647716e-10,"[-0.828958858341511,-0.5593095843780427]","[0.5593095843780427,-0.828958858341511]","[-0.7391148170082541,0.0]",-9.323243198633424e-06,0.37553657726732653,0.37302096980645055,"[0.10932963909152442,0.22181244527229702]",0.0,,0.0,0.983685506430844,0.983685506430844,,0.0,0.373020969929983
FS-010,mover,rect,1,724,848,7.235259856913458,7.23999999999989,0.004740143086432853,False,sustained_or_free,"[6.702420697119964,9.220345207783833]","[6.69991545603686,9.21886703874557]",5.45538852403826,0.005031214921751792,"[-0.529081338643151,-0.3113095869362801]","[-0.5285159197565907,-0.3118405945368654]",4.0156164915647716e-10,"[-0.828958858341511,-0.5593095843780427]","[0.5593095843780427,-0.828958858341511]","[-0.7391148170082541,0.0]",-9.323243198633424e-06,0.37553657726732653,0.37302096980645055,"[0.10932963909152442,0.22181244527229702]",0.002812665134795167,0.5933713568363629,3.255258726373908e-05,0.983685506430844,0.9836529538435802,,0.0,0.373517373699356
FS-010,mover,rect,1,725,850,7.2447900786002135,7.2447900786002135,0.0,True,recontact_or_first_touch,"[6.6973978132215395,9.217378375995724]","[6.6973978132215395,9.217378375995724]",5.455443917926909,0.006070834761886189,"[-0.5255953034153517,-0.3107804430904049]","[-0.5255953034153517,-0.3107804430904049]",4.2262253875321676e-12,"[-0.8249242817469074,-0.565243247977673]","[0.565243247977673,-0.8249242817469074]","[-0.7383261297958182,0.0]",-0.00017972290302839533,0.3766149970456073,0.37357957966466415,"[0.10782101513887665,0.21989066687326392]",0.0,,0.0,0.9836529538435802,0.9836529538435802,,0.0,0.3735796228955392
FS-010,mover,rect,1,725,853,7.245189027589285,7.245189027589285,0.0,True,recontact_or_first_touch,"[6.697188224298874,9.217254425587056]","[6.697188224298874,9.217254425587056]",5.455446357070113,0.006113922508063293,"[-0.525352685195567,-0.3106923743706168]","[-0.525352685195567,-0.3106923743706168]",5.07312565755526e-11,"[-0.8247543638313929,-0.5654911487734132]","[0.5654911487734132,-0.8247543638313929]","[-0.7382930500306759,0.0]",-7.029256437451892e-05,0.3766607831021385,0.37360382184810687,"[0.10782101513887665,0.21989066687326392]",0.0,,0.0,0.9836529538435802,0.9836529538435802,,0.0,0.37360382846164303
FS-010,mover,rect,1,725,856,7.245345365229015,7.245345365229015,0.0,True,recontact_or_first_touch,"[6.697106106759835,9.217205858068569]","[6.697106106759835,9.217205858068569]",5.455447315544908,0.006130799955131779,"[-0.52525763584873,-0.31065787209485257]","[-0.52525763584873,-0.31065787209485257]",1.2945562302879123e-10,"[-0.8246877549716033,-0.5655882838248126]","[0.5655882838248126,-0.8246877549716033]","[-0.738280085533059,0.0]",-2.7446946075176948e-05,0.37667874483527664,0.37361334485771075,"[0.10782101513887665,0.21989066687326392]",0.0,,0.0,0.9836529538435802,0.9836529538435802,,0.0,0.3736133458629272
FS-010,mover,rect,1,725,859,7.245405031457951,7.245405031457951,0.0,True,recontact_or_first_touch,"[6.697074768781677,9.21718732307044]","[6.697074768781677,9.21718732307044]",5.455447681730882,0.0061372401192759385,"[-0.5252213642025807,-0.3106447057078788]","[-0.5252213642025807,-0.3106447057078788]",3.391974216634773e-10,"[-0.8246623303875013,-0.5656253537809772]","[0.5656253537809772,-0.8246623303875013]","[-0.7382751374264471,0.0]",-1.1100441562578167e-05,0.3766856027857204,0.3736169827260824,"[0.10782101513887665,0.21989066687326392]",0.0,,0.0,0.9836529538435802,0.9836529538435802,,0.0,0.3736169829046858
FS-010,mover,rect,1,725,860,7.245405031457951,7.24999999999989,0.004594968541939053,False,sustained_or_free,"[6.697074768781677,9.21718732307044]","[6.694663959616961,9.215757545950957]",5.455447681730882,0.0061372401192759385,"[-0.5252213642025807,-0.3106447057078788]","[-0.5246628225442806,-0.3111614598519046]",3.391974216634773e-10,"[-0.8246623303875013,-0.5656253537809772]","[0.5656253537809772,-0.8246623303875013]","[-0.7382751374264471,0.0]",-1.1100441562578167e-05,0.3766856027857204,0.3736169827260824,"[0.10782101513887665,0.21989066687326392]",0.0027020649359688065,0.5880486256448991,3.1066456009680866e-05,0.9836529538435802,0.9836218873875705,,0.0,0.3741120277290106
FS-010,mover,rect,1,726,862,7.25470865625562,7.25470865625562,0.0,True,recontact_or_first_touch,"[6.692206917877598,9.214297306304273]","[6.692206917877598,9.214297306304273]",5.45551173778677,0.007132641128062321,"[-0.5218137842136971,-0.31011812444531534]","[-0.5218137842136971,-0.31011812444531534]",4.297191958153008e-12,"[-0.8206679494751074,-0.5714053873602547]","[0.5714053873602547,-0.8206679494751074]","[-0.7375021799126997,0.0]",-0.00019461360223499424,0.37774951657710365,0.37418319601307237,"[0.10627680256989686,0.21808718177198838]",0.0,,0.0,0.9836218873875705,0.9836218873875705,,0.0,0.3741832466226329
FS-010,mover,rect,1,726,865,7.255146153322239,7.255146153322239,0.0,True,recontact_or_first_touch,"[6.691978741391885,9.214161672837042]","[6.691978741391885,9.214161672837042]",5.455514878589038,0.007179024747086385,"[-0.5215497499789489,-0.3100214323235927]","[-0.5215497499789489,-0.3100214323235927]",4.6238792499027304e-11,"[-0.8204790082473233,-0.5716766542596339]","[0.5716766542596339,-0.8204790082473233]","[-0.7374657631177638,0.0]",-7.745885468007918e-05,0.37780022132055285,0.3742107089470096,"[0.10627680256989686,0.21808718177198838]",0.0,,0.0,0.9836218873875705,0.9836218873875705,,0.0,0.37421071696305663
FS-010,mover,rect,1,726,868,7.255320632496285,7.255320632496285,0.0,True,recontact_or_first_touch,"[6.691887760189341,9.21410758727981]","[6.691887760189341,9.21410758727981]",5.455516134405341,0.007197514031463564,"[-0.5214444820816182,-0.3099828820655314]","[-0.5214444820816182,-0.3099828820655314]",1.1593878216832118e-10,"[-0.8204036283762086,-0.5717848253907688]","[0.5717848253907688,-0.8204036283762086]","[-0.7374512379280482,0.0]",-3.0781845782146267e-05,0.37782046635595373,0.3742217093402219,"[0.10627680256989686,0.21808718177198838]",0.0,,0.0,0.9836218873875705,0.9836218873875705,,0.0,0.37422171060683096
FS-010,mover,rect,1,726,871,7.255388342682442,7.255388342682442,0.0,True,recontact_or_first_touch,"[6.691852455852106,9.214086599293998]","[6.691852455852106,9.214086599293998]",5.455516622236092,0.007204687781665254,"[-0.5214036356753737,-0.30996792364968395]","[-0.5214036356753737,-0.30996792364968395]",2.9875460979068886e-10,"[-0.8203743714337667,-0.5718268013084489]","[0.5718268013084489,-0.8203743714337667]","[-0.7374456008680206,0.0]",-1.2674890586927834e-05,0.37782832643324177,0.3742259825424092,"[0.10627680256989686,0.21808718177198838]",0.0,,0.0,0.9836218873875705,0.9836218873875705,,0.0,0.3742259827639469
FS-010,mover,rect,1,726,872,7.255388342682442,7.25999999999989,0.004611657317447103,False,sustained_or_free,"[6.691852455852106,9.214086599293998]","[6.689450551486722,9.212654732625074]",5.455516622236092,0.007204687781665254,"[-0.5214036356753737,-0.30996792364968395]","[-0.5208332276331986,-0.31048852296686286]",2.9875460979068886e-10,"[-0.8203743714337667,-0.5718268013084489]","[0.5718268013084489,-0.8203743714337667]","[-0.7374456008680206,0.0]",-1.2674890586927834e-05,0.37782832643324177,0.3742259825424092,"[0.10627680256989686,0.21808718177198838]",0.002687908776929482,0.5828509344700052,3.069988895135412e-05,0.9836218873875705,0.9835911874986192,,0.0,0.37473589130321044
FS-010,mover,rect,1,727,874,7.264793508993325,7.264793508993325,0.0,True,recontact_or_first_touch,"[6.686967728524064,9.211171499607245]","[6.686967728524064,9.211171499607245]",5.4555913661986,0.008193077783644247,"[-0.5179552111111029,-0.3094253124090742]","[-0.5179552111111029,-0.3094253124090742]",4.2190591691566135e-12,"[-0.8162796025153329,-0.577657000751666]","[0.577657000751666,-0.8162796025153329]","[-0.7366611542950847,0.0]",-0.00021649755291139328,0.37891459020768503,0.3748180513158629,"[0.1046908567946085,0.21639919650228157]",0.0,,0.0,0.9835911874986192,0.9835911874986192,,0.0,0.37481811384095426
FS-010,mover,rect,1,727,877,7.265286613296987,7.265286613296987,0.0,True,recontact_or_first_touch,"[6.686712468183571,9.21101897444417]","[6.686712468183571,9.21101897444417]",5.455595431577585,0.008244460562141424,"[-0.5176599323867457,-0.309316227705038]","[-0.5176599323867457,-0.309316227705038]",4.10042554330822e-11,"[-0.816063641866847,-0.5779620510232646]","[0.5779620510232646,-0.816063641866847]","[-0.736619947589838,0.0]",-8.77339493272622e-05,0.3789723067483527,0.37485007646728197,"[0.1046908567946085,0.21639919650228157]",0.0,,0.0,0.9835911874986192,0.9835911874986192,,0.0,0.37485008673488257
FS-010,mover,rect,1,727,880,7.265486855293205,7.265486855293205,0.0,True,recontact_or_first_touch,"[6.686608834927674,9.210957045212455]","[6.686608834927674,9.210957045212455]",5.4555970866407035,0.00826531471824811,"[-0.5175400657900481,-0.30927194537436226]","[-0.5175400657900481,-0.30927194537436226]",1.0097227139356751e-10,"[-0.8159759072605985,-0.5780859095067473]","[0.5780859095067473,-0.8159759072605985]","[-0.7366032119440173,0.0]",-3.5504396313112974e-05,0.37899577430092235,0.37486311694179825,"[0.1046908567946085,0.21639919650228157]",0.0,,0.0,0.9835911874986192,0.9835911874986192,,0.0,0.3748631186242428
FS-010,mover,rect,1,727,883,7.265568364863692,7.265568364863692,0.0,True,recontact_or_first_touch,"[6.686566654435685,9.210931838058057]","[6.686566654435685,9.210931838058057]",5.455597761034718,0.00827380159633808,"[-0.5174912803133971,-0.3092539225398118]","[-0.5174912803133971,-0.3092539225398118]",2.480529819380614e-10,"[-0.8159401884081641,-0.5781363238375961]","[0.5781363238375961,-0.8159401884081641]","[-0.7365963992392788,0.0]",-1.4253891946397479e-05,0.3790053318129064,0.37486843101473727,"[0.1046908567946085,0.21639919650228157]",0.0,,0.0,0.9835911874986192,0.9835911874986192,,0.0,0.374868431285896
FS-010,mover,rect,1,727,886,7.265597035012176,7.265597035012176,0.0,True,recontact_or_first_touch,"[6.686551818375786,9.21092297188392]","[6.686551818375786,9.21092297188392]",5.455597998331416,0.008276786497347099,"[-0.5174741214629576,-0.3092475835279418]","[-0.5174741214629576,-0.3092475835279418]",7.052147558340764e-10,"[-0.8159276238615767,-0.5781540561300262]","[0.5781540561300262,-0.8159276238615767]","[-0.736594002889808,0.0]",-6.780571648101752e-06,0.379008694238552,0.3748703009898785,"[0.1046908567946085,0.21639919650228157]",0.0,,0.0,0.9835911874986192,0.9835911874986192,,0.0,0.3748703010542335
FS-010,mover,rect,1,727,887,7.265597035012176,7.269999999999889,0.0044029649877139546,False,sustained_or_free,"[6.686551818375786,9.21092297188392]","[6.6842758141354235,9.209559151376666]",5.455597998331416,0.008276786497347099,"[-0.5174741214629576,-0.3092475835279418]","[-0.5169253552353613,-0.30975047747561457]",7.052147558340764e-10,"[-0.8159276238615767,-0.5781540561300262]","[0.5781540561300262,-0.8159276238615767]","[-0.736594002889808,0.0]",-6.780571648101752e-06,0.379008694238552,0.3748703009898785,"[0.1046908567946085,0.21639919650228157]",0.0025499084885468593,0.579134400491971,2.8983344832367413e-05,0.9835911874986192,0.9835622041537868,,0.0,0.37536953733686634
FS-010,mover,rect,1,728,889,7.2746429965699155,7.2746429965699155,0.0,True,recontact_or_first_touch,"[6.681888574173971,9.208125766062444]","[6.681888574173971,9.208125766062444]",5.455679222264485,0.009211797421145852,"[-0.514159320483563,-0.30871987359960373]","[-0.514159320483563,-0.30871987359960373]",4.353707284413349e-12,"[-0.8119345578877015,-0.5837484678418459]","[0.5837484678418459,-0.8119345578877015]","[-0.7358365846395751,0.0]",-0.0002273217398301164,0.3800640973886855,0.3754581986781126,"[0.10308049092564309,0.21480218845927007]",0.0,,0.0,0.9835622041537868,0.9835622041537868,,0.0,0.3754582674941536
FS-010,mover,rect,1,728,892,7.275167545258493,7.275167545258493,0.0,True,recontact_or_first_touch,"[6.681619036074006,9.207963888376312]","[6.681619036074006,9.207963888376312]",5.455684082524192,0.009265602626666048,"[-0.5138476290846081,-0.30860373814130526]","[-0.5138476290846081,-0.30860373814130526]",3.852778014076932e-11,"[-0.8117016928366823,-0.5840722231420222]","[0.5840722231420222,-0.8117016928366823]","[-0.7357925831386174,0.0]",-9.377648393163462e-05,0.3801260593945049,0.37549325808117184,"[0.10308049092564309,0.21480218845927007]",0.0,,0.0,0.9835622041537868,0.9835622041537868,,0.0,0.3754932697901223
FS-010,mover,rect,1,728,895,7.275384393334378,7.275384393334378,0.0,True,recontact_or_first_touch,"[6.68150763713553,9.207896978656596]","[6.68150763713553,9.207896978656596]",5.455686096572787,0.009287832447818679,"[-0.5137188237506504,-0.3085557455079537]","[-0.5137188237506504,-0.3085557455079537]",9.319512072575772e-11,"[-0.811605384276422,-0.5842060426027118]","[0.5842060426027118,-0.811605384276422]","[-0.7357743903531444,0.0]",-3.8637542395331126e-05,0.38015170820642663,0.37550779198251727,"[0.10308049092564309,0.21480218845927007]",0.0,,0.0,0.9835622041537868,0.9835622041537868,,0.0,0.375507793971759
FS-010,mover,rect,1,728,898,7.275474247512787,7.275474247512787,0.0,True,recontact_or_first_touch,"[6.681461482147686,9.207869255420198]","[6.681461482147686,9.207869255420198]",5.455686931950807,0.009297041438524242,"[-0.5136654595412368,-0.3085358620936288]","[-0.5136654595412368,-0.3085358620936288]",2.2490851904061825e-10,"[-0.8115654701583739,-0.5842614891010852]","[0.5842614891010852,-0.8115654701583739]","[-0.7357668514611244,0.0]",-1.580167161777113e-05,0.3801623419552724,0.37551382123601024,"[0.10308049092564309,0.21480218845927007]",0.0,,0.0,0.9835622041537868,0.9835622041537868,,0.0,0.37551382156671426
FS-010,mover,rect,1,728,901,7.2755096130831705,7.2755096130831705,0.0,True,recontact_or_first_touch,"[6.681443316818479,9.2078583441502]","[6.681443316818479,9.2078583441502]",5.455687260874152,0.009300665619151287,"[-0.5136444573188269,-0.3085280367213554]","[-0.5136444573188269,-0.3085280367213554]",5.714281423120526e-10,"[-0.8115497592642704,-0.5842833116204029]","[0.5842833116204029,-0.8115497592642704]","[-0.7357638841685362,0.0]",-6.815635495510675e-06,0.380166528222468,0.3755161954128924,"[0.10308049092564309,0.21480218845927007]",0.0,,0.0,0.9835622041537868,0.9835622041537868,,0.0,0.3755161954502767
FS-010,mover,rect,1,728,902,7.27550961308317,7.279999999999889,0.004490386916719362,False,sustained_or_free,"[6.681443316818479,9.2078583441502]","[6.6791394045886845,9.206470619844735]",5.455687260874152,0.009300665619151287,"[-0.5136444573188269,-0.3085280367213554]","[-0.5130765505342093,-0.30904337002625226]",5.714281423120526e-10,"[-0.8115497592642704,-0.5842833116204029]","[0.5842833116204029,-0.8115497592642704]","[-0.7357638841685362,0.0]",-6.815635495510675e-06,0.380166528222468,0.3755161954128924,"[0.10308049092564309,0.21480218845927007]",0.0025786867762281895,0.5742682811200056,2.9121800940966983e-05,0.9835622041537868,0.9835330823528459,,0.0,0.37603701201211887
FS-010,mover,rect,1,729,904,7.284805473374058,7.284805473374058,0.0,True,recontact_or_first_touch,"[6.676687478205531,9.20499064942553]","[6.676687478205531,9.20499064942553]",5.4557803246990915,0.010246936609693861,"[-0.5102361811706969,-0.3079759898701972]","[-0.5102361811706969,-0.3079759898701972]",4.204465892471341e-12,"[-0.8073895790376734,-0.5900187011115567]","[0.5900187011115567,-0.8073895790376734]","[-0.7349825303558245,0.0]",-0.00025373325792557577,0.38126115384078263,0.37613768553593574,"[0.1014289380543503,0.21330508096144313]",0.0,,0.0,0.9835330823528459,0.9835330823528459,,0.0,0.3761377711170779
FS-010,mover,rect,1,729,907,7.285399417145356,7.285399417145356,0.0,True,recontact_or_first_touch,"[6.676384634553901,9.204807807151193]","[6.676384634553901,9.204807807151193]",5.455786446455466,0.010306962831379846,"[-0.5098860637402514,-0.3078444175582454]","[-0.5098860637402514,-0.3078444175582454]",3.400955507841e-11,"[-0.8071222194676828,-0.5903843856688301]","[0.5903843856688301,-0.8071222194676828]","[-0.7349325123134847,0.0]",-0.00010654828595571542,0.38133197883820746,0.3761784974225175,"[0.1014289380543503,0.21330508096144313]",0.0,,0.0,0.9835330823528459,0.9835330823528459,,0.0,0.3761785125130744
FS-010,mover,rect,1,729,910,7.285648314861173,7.285648314861173,0.0,True,recontact_or_first_touch,"[6.6762577615802225,9.204731199096466]","[6.6762577615802225,9.204731199096466]",5.455789018091655,0.010332100397182188,"[-0.5097394054503345,-0.30778930403328575]","[-0.5097394054503345,-0.30778930403328575]",8.115456007777862e-11,"[-0.8070101244654899,-0.5905376016903535]","[0.5905376016903535,-0.8070101244654899]","[-0.7349115484015781,0.0]",-4.495832051537585e-05,0.3813617018229533,0.3761956516243623,"[0.1014289380543503,0.21330508096144313]",0.0,,0.0,0.9835330823528459,0.9835330823528459,,0.0,0.37619565431211566
FS-010,mover,rect,1,729,913,7.285754272523042,7.285754272523042,0.0,True,recontact_or_first_touch,"[6.676203757398801,9.204698588947029]","[6.676203757398801,9.204698588947029]",5.455790113990412,0.01034279860640914,"[-0.5096769829493617,-0.3077658459274215]","[-0.5096769829493617,-0.3077658459274215]",1.9063219963431027e-10,"[-0.8069623947993535,-0.5906028220214431]","[0.5906028220214431,-0.8069623947993535]","[-0.7349026232978405,0.0]",-1.8755020725458316e-05,0.3813743628484391,0.3762029635452345,"[0.1014289380543503,0.21330508096144313]",0.0,,0.0,0.9835330823528459,0.9835330823528459,,0.0,0.37620296400693
FS-010,mover,rect,1,729,916,7.285796738085961,7.285796738085961,0.0,True,recontact_or_first_touch,"[6.67618211474112,9.204685519896346]","[6.67618211474112,9.204685519896346]",5.455790553385231,0.01034708570887332,"[-0.5096519672100012,-0.3077564450880945]","[-0.5096519672100012,-0.3077564450880945]",4.756522119678152e-10,"[-0.8069432641158513,-0.590628960090898]","[0.590628960090898,-0.8069432641158513]","[-0.7348990462057076,0.0]",-8.255966296527584e-06,0.3813794383828242,0.37620589552838757,"[0.1014289380543503,0.21330508096144313]",0.0,,0.0,0.9835330823528459,0.9835330823528459,,0.0,0.37620589563658796
FS-010,mover,rect,1,729,917,7.285796738085961,7.289999999999889,0.004203261913928384,False,sustained_or_free,"[6.67618211474112,9.204685519896346]","[6.674042189638326,9.203389905867756]",5.455790553385231,0.01034708570887332,"[-0.5096519672100012,-0.3077564450880945]","[-0.5091105780734125,-0.30824013709380726]",4.756522119678152e-10,"[-0.8069432641158513,-0.590628960090898]","[0.590628960090898,-0.8069432641158513]","[-0.7348990462057076,0.0]",-8.255966296527584e-06,0.3813794383828242,0.37620589552838757,"[0.1014289380543503,0.21330508096144313]",0.002391039080399393,0.5688532214650215,2.680447203834594e-05,0.9835330823528459,0.9835062778808075,,0.0,0.37670454399682013
FS-010,mover,rect,1,730,919,7.294565618743602,7.294565618743602,0.0,True,recontact_or_first_touch,"[6.671730008522418,9.201987230655511]","[6.671730008522418,9.201987230655511]",5.455887081487101,0.011227180289497023,"[-0.5064332450213792,-0.3072256557067253]","[-0.5064332450213792,-0.3072256557067253]",4.423212693822824e-12,"[-0.8029654770117736,-0.5960255386535507]","[0.5960255386535507,-0.8029654770117736]","[-0.7341591534572081,0.0]",-0.00025829423567644283,0.38242205242563965,0.3768084622808911,"[0.0997669214328955,0.21187192499946828]",0.0,,0.0,0.9835062778808075,0.9835062778808075,,0.0,0.3768085508084263
FS-010,mover,rect,1,730,922,7.295178425455985,7.295178425455985,0.0,True,recontact_or_first_touch,"[6.671419882478729,9.201799043940706]","[6.671419882478729,9.201799043940706]",5.455893999027763,0.011288291270773545,"[-0.5060748151438275,-0.307089839263011]","[-0.5060748151438275,-0.307089839263011]",3.2947215092691586e-11,"[-0.8026859655306953,-0.5964019120861832]","[0.5964019120861832,-0.8026859655306953]","[-0.7341073540005407,0.0]",-0.00011044869408172175,0.38249574632550665,0.3768516006901198,"[0.0997669214328955,0.21187192499946828]",0.0,,0.0,0.9835062778808075,0.9835062778808075,,0.0,0.3768516168758857
FS-010,mover,rect,1,730,925,7.295440708477907,7.295440708477907,0.0,True,recontact_or_first_touch,"[6.671287187865906,9.201718514729503]","[6.671287187865906,9.201718514729503]",5.45589696661029,0.011314428607080113,"[-0.5059214731128779,-0.3070317347016992]","[-0.5059214731128779,-0.3070317347016992]",7.697669644167567e-11,"[-0.8025662727862111,-0.5965629705119562]","[0.5965629705119562,-0.8025662727862111]","[-0.7340851799897266,0.0]",-4.726788184652997e-05,0.3825273336840995,0.37687011938055953,"[0.0997669214328955,0.21187192499946828]",0.0,,0.0,0.9835062778808075,0.9835062778808075,,0.0,0.37687012234563133
FS-010,mover,rect,1,730,928,7.295551739876009,7.295551739876009,0.0,True,recontact_or_first_touch,"[6.671231021903541,9.201684427297293]","[6.671231021903541,9.201684427297293]",5.455898224095271,0.011325489929156756,"[-0.5058565714314622,-0.3070071420581899]","[-0.5058565714314622,-0.3070071420581899]",1.818352892527299e-10,"[-0.8025155926521036,-0.5966311453069165]","[0.5966311453069165,-0.8025155926521036]","[-0.7340757924722274,0.0]",-2.0539355449961105e-05,0.3825407137878609,0.3768779688232825,"[0.0997669214328955,0.21187192499946828]",0.0,,0.0,0.9835062778808075,0.9835062778808075,,0.0,0.37687796937821116
FS-010,mover,rect,1,730,931,7.29560196260804,7.29560196260804,0.0,True,recontact_or_first_touch,"[6.6712056178787735,9.201669009118497]","[6.6712056178787735,9.201669009118497]",5.455898793143566,0.011330492639112904,"[-0.5058272168782765,-0.3069960189807251]","[-0.5058272168782765,-0.3069960189807251]",4.019956300309154e-10,"[-0.8024926663797075,-0.5966619817005163]","[0.5966619817005163,-0.8024926663797075]","[-0.7340715460945259,0.0]",-8.45272041299916e-06,0.3825467676218698,0.37688152130231334,"[0.0997669214328955,0.21187192499946828]",0.0,,0.0,0.9835062778808075,0.9835062778808075,,0.0,0.37688152139148595
FS-010,mover,rect,1,730,932,7.29560196260804,7.299999999999889,0.004398037391848832,False,sustained_or_free,"[6.6712056178787735,9.201669009118497]","[6.668983496854337,9.200316594510348]",5.455898793143566,0.011330492639112904,"[-0.5058272168782765,-0.3069960189807251]","[-0.505252872236789,-0.3075041177812417]",4.019956300309154e-10,"[-0.8024926663797075,-0.5966619817005163]","[0.5966619817005163,-0.8024926663797075]","[-0.7340715460945259,0.0]",-8.45272041299916e-06,0.3825467676218698,0.37688152130231334,"[0.0997669214328955,0.21187192499946828]",0.002480451644273907,0.563990576540138,2.7618845926233984e-05,0.9835062778808075,0.9834786590348812,,0.0,0.3774137183588383
FS-010,mover,rect,1,731,934,7.304850741199685,7.304850741199685,0.0,True,recontact_or_first_touch,"[6.666546333641023,9.19883020178413]","[6.666546333641023,9.19883020178413]",5.456009950797835,0.01224675219897725,"[-0.5024310951524072,-0.30642589760924244]","[-0.5024310951524072,-0.30642589760924244]",4.1612214466595e-12,"[-0.7982399455183337,-0.6023395963896842]","[0.6023395963896842,-0.7982399455183337]","[-0.7332881692665579,0.0]",-0.00029311322589620215,0.38365574865862906,0.37753237255914046,"[0.0980590965622476,0.21053067104276063]",0.0,,0.0,0.9834786590348812,0.9834786590348812,,0.0,0.3775324863445369
FS-010,mover,rect,1,731,937,7.305556268231664,7.305556268231664,0.0,True,recontact_or_first_touch,"[6.666192143682485,9.198614120369362]","[6.666192143682485,9.198614120369362]",5.456018640221464,0.012316216437900934,"[-0.5020218113319197,-0.306269504886678]","[-0.5020218113319197,-0.306269504886678]",2.86031985427541e-11,"[-0.797913658419027,-0.6027717592160109]","[0.6027717592160109,-0.797913658419027]","[-0.733228297736813,0.0]",-0.0001277948372221116,0.3837413616587435,0.37758325343979304,"[0.0980590965622476,0.21053067104276063]",0.0,,0.0,0.9834786590348812,0.9834786590348812,,0.0,0.37758327506614375
FS-010,mover,rect,1,731,940,7.305864199714014,7.305864199714014,0.0,True,recontact_or_first_touch,"[6.666037610341287,9.198519831355101]","[6.666037610341287,9.198519831355101]",5.45602244210056,0.012346509902030418,"[-0.5018432672699337,-0.3062012806894376]","[-0.5018432672699337,-0.3062012806894376]",6.553292184874514e-11,"[-0.7977711650004297,-0.6029603372476976]","[0.6029603372476976,-0.7977711650004297]","[-0.733202161431734,0.0]",-5.57729415096575e-05,0.38377878926928966,0.3776055343182745,"[0.0980590965622476,0.21053067104276063]",0.0,,0.0,0.9834786590348812,0.9834786590348812,,0.0,0.3776055384380458
FS-010,mover,rect,1,731,943,7.305998709982054,7.305998709982054,0.0,True,recontact_or_first_touch,"[6.665970117757222,9.198478648146503]","[6.665970117757222,9.198478648146503]",5.456024104612227,0.01235973796814485,"[-0.5017652930748209,-0.30617148562789354]","[-0.5017652930748209,-0.30617148562789354]",1.5002091184625308e-10,"[-0.7977089052722677,-0.6030427036697488]","[0.6030427036697488,-0.7977089052722677]","[-0.7331907436446519,0.0]",-2.4337653427380923e-05,0.38379515003543146,0.37761528105135905,"[0.0980590965622476,0.21053067104276063]",0.0,,0.0,0.9834786590348812,0.9834786590348812,,0.0,0.37761528183221277
FS-010,mover,rect,1,731,946,7.306055724881332,7.306055724881332,0.0,True,recontact_or_first_touch,"[6.665941511543792,9.198461192530075]","[6.665941511543792,9.198461192530075]",5.456024809621074,0.012365344088637514,"[-0.5017322452995123,-0.3061588575801235]","[-0.5017322452995123,-0.3061588575801235]",3.539289506949499e-10,"[-0.79768251231961,-0.603077614855232]","[0.603077614855232,-0.79768251231961]","[-0.73318590380893,0.0]",-1.1017790866180155e-05,0.3838020870067915,0.37761941496247287,"[0.0980590965622476,0.21053067104276063]",0.0,,0.0,0.9834786590348812,0.9834786590348812,,0.0,0.3776194151281828
FS-010,mover,rect,1,731,947,7.306055724881332,7.309999999999889,0.003944275118557186,False,sustained_or_free,"[6.665941511543792,9.198461192530075]","[6.663964615406234,9.197251820565398]",5.456024809621074,0.012365344088637514,"[-0.5017322452995123,-0.3061588575801235]","[-0.5012064519173457,-0.30661450540992247]",3.539289506949499e-10,"[-0.79768251231961,-0.603077614855232]","[0.603077614855232,-0.79768251231961]","[-0.73318590380893,0.0]",-1.1017790866180155e-05,0.3838020870067915,0.37761941496247287,"[0.0980590965622476,0.21053067104276063]",0.0022012209290446223,0.5580799672640046,2.4303042988106514e-05,0.9834786590348812,0.9834543559918931,,0.0,0.37810669954503706
FS-010,mover,rect,1,732,949,7.314417510625161,7.314417510625161,0.0,True,recontact_or_first_touch,"[6.661761791589429,9.19590168527116]","[6.661761791589429,9.19590168527116]",5.456133346185054,0.013183765306409028,"[-0.49865727638611496,-0.3056326082192345]","[-0.49865727638611496,-0.3056326082192345]",4.56713523745614e-12,"[-0.7937864070144839,-0.6081966294209761]","[0.6081966294209761,-0.7937864070144839]","[-0.7324749634996875,0.0]",-0.0002834204097605375,0.3848141391462948,0.3782222564930903,"[0.09636219415219442,0.20922166081663418]",0.0,,0.0,0.9834543559918931,0.9834543559918931,,0.0,0.3782223626833751
FS-010,mover,rect,1,732,952,7.315109122945653,7.315109122945653,0.0,True,recontact_or_first_touch,"[6.661417189395453,9.195690412044621]","[6.661417189395453,9.195690412044621]",5.456142510806831,0.013251096756802014,"[-0.49825918909450856,-0.30547926964115923]","[-0.49825918909450856,-0.30547926964115923]",2.916537186210144e-11,"[-0.7934624747081325,-0.6086191758645522]","[0.6086191758645522,-0.7934624747081325]","[-0.7324160602398985,0.0]",-0.0001258508837732597,0.3848986992010365,0.37827315082263546,"[0.09636219415219442,0.20922166081663418]",0.0,,0.0,0.9834543559918931,0.9834543559918931,,0.0,0.3782731717574126
FS-010,mover,rect,1,732,955,7.31541655341879,7.31541655341879,0.0,True,recontact_or_first_touch,"[6.6612640637114175,9.195596519352586]","[6.6612640637114175,9.195596519352586]",5.4561465937917095,0.013281002486629232,"[-0.49808232239735883,-0.3054111424853642]","[-0.49808232239735883,-0.3054111424853642]",6.560985078254924e-11,"[-0.7933184000974481,-0.6088069612503005]","[0.6088069612503005,-0.7933184000974481]","[-0.7323898720579151,0.0]",-5.593916103130425e-05,0.38493634623527007,0.37829584499195534,"[0.09636219415219442,0.20922166081663418]",0.0,,0.0,0.9834543559918931,0.9834543559918931,,0.0,0.37829584912766445
FS-010,mover,rect,1,732,958,7.315553314081104,7.315553314081104,0.0,True,recontact_or_first_touch,"[6.661195956400966,9.195554755266274]","[6.661195956400966,9.195554755266274]",5.456148411929165,0.013294301335929935,"[-0.4980036605524022,-0.3053808427466244]","[-0.4980036605524022,-0.3053808427466244]",1.4748519409175023e-10,"[-0.7932542920688154,-0.6088904894267957]","[0.6088904894267957,-0.7932542920688154]","[-0.7323782212509248,0.0]",-2.4864575713351433e-05,0.38495310519726544,0.3783059545293005,"[0.09636219415219442,0.20922166081663418]",0.0,,0.0,0.9834543559918931,0.9834543559918931,,0.0,0.3783059553503499
FS-010,mover,rect,1,732,961,7.315612292407118,7.315612292407118,0.0,True,recontact_or_first_touch,"[6.661166586979249,9.195536745185956]","[6.661166586979249,9.195536745185956]",5.456149196343,0.01330003559331384,"[-0.49796974078031037,-0.3053677771983822]","[-0.49796974078031037,-0.3053677771983822]",3.419907470063502e-10,"[-0.7932266422567947,-0.6089265095346164]","[0.6089265095346164,-0.7932266422567947]","[-0.7323731966302355,0.0]",-1.146847653035743e-05,0.3849603347540402,0.37831031695738326,"[0.09636219415219442,0.20922166081663418]",0.0,,0.0,0.9834543559918931,0.9834543559918931,,0.0,0.3783103171319137
FS-010,mover,rect,1,732,962,7.315612292407117,7.319999999999888,0.004387707592771104,False,sustained_or_free,"[6.661166586979249,9.195536745185956]","[6.658984238501256,9.194194649004988]",5.456149196343,0.01330003559331384,"[-0.49796974078031037,-0.3053677771983822]","[-0.4973778292765186,-0.30587639504040876]",3.419907470063502e-10,"[-0.7932266422567947,-0.6089265095346164]","[0.6089265095346164,-0.7932266422567947]","[-0.7323731966302355,0.0]",-1.146847653035743e-05,0.3849603347540402,0.37831031695738326,"[0.09636219415219442,0.20922166081663418]",0.002428003137724288,0.5533648463093814,2.6621524790630238e-05,0.9834543559918931,0.9834277344671025,,0.0,0.37886168209210275
FS-010,mover,rect,1,733,964,7.324992988045028,7.324992988045028,0.0,True,recontact_or_first_touch,"[6.656515105306595,9.192672953702326]","[6.656515105306595,9.192672953702326]",5.4562803588796625,0.014208067262354152,"[-0.49452014952539763,-0.3047664622676546]","[-0.49452014952539763,-0.3047664622676546]",4.038820089820941e-12,"[-0.7887967713654734,-0.6146540925458848]","[0.6146540925458848,-0.7887967713654734]","[-0.7315725924243142,0.0]",-0.00033975170058123116,0.386104055633022,0.3790000220018449,"[0.09459943470249453,0.20801349366308083]",0.0,,0.0,0.9834277344671025,0.9834277344671025,,0.0,0.3790001742857681
FS-010,mover,rect,1,733,967,7.325834960982701,7.325834960982701,0.0,True,recontact_or_first_touch,"[6.656099137286208,9.19241650572525]","[6.656099137286208,9.19241650572525]",5.45629238993731,0.014289126300385565,"[-0.4940396558785354,-0.3045798333911133]","[-0.4940396558785354,-0.3045798333911133]",2.394497217213479e-11,"[-0.7883968393440988,-0.6151669884773039]","[0.6151669884773039,-0.7883968393440988]","[-0.7315005953096215,0.0]",-0.0001540047429813285,0.38620790896431867,0.3790633458141258,"[0.09459943470249453,0.20801349366308083]",0.0,,0.0,0.9834277344671025,0.9834277344671025,,0.0,0.37906337709854176
FS-010,mover,rect,1,733,970,7.326217104361503,7.326217104361503,0.0,True,recontact_or_first_touch,"[6.6559104265898155,9.192300144908254]","[6.6559104265898155,9.192300144908254]",5.456297864477578,0.014325880208889247,"[-0.49382170897366534,-0.30449518021450517]","[-0.49382170897366534,-0.30449518021450517]",5.275563400814242e-11,"[-0.7882151970084764,-0.6153997101111509]","[0.6153997101111509,-0.7882151970084764]","[-0.7314679107201708,0.0]",-6.98979063111782e-05,0.3862551321247233,0.37909219202027866,"[0.09459943470249453,0.20801349366308083]",0.0,,0.0,0.9834277344671025,0.9834277344671025,,0.0,0.37909219846359127
FS-010,mover,rect,1,733,973,7.326390687800016,7.326390687800016,0.0,True,recontact_or_first_touch,"[6.655824724499457,9.192247296260748]","[6.655824724499457,9.192247296260748]",5.4563003541098025,0.014342567736602361,"[-0.49372273698968844,-0.30445673826369507]","[-0.49372273698968844,-0.30445673826369507]",1.1613926067519832e-10,"[-0.7881326623412382,-0.615505407409969]","[0.615505407409969,-0.7881326623412382]","[-0.7314530626418347,0.0]",-3.173424823027515e-05,0.38627660063972447,0.37910531677142323,"[0.09459943470249453,0.20801349366308083]",0.0,,0.0,0.9834277344671025,0.9834277344671025,,0.0,0.3791053180962138
FS-010,mover,rect,1,733,976,7.3264698371635175,7.3264698371635175,0.0,True,recontact_or_first_touch,"[6.655785650230524,9.192223200090895]","[6.655785650230524,9.192223200090895]",5.45630148991704,0.014350175255258911,"[-0.4936776141160551,-0.3044392119682229]","[-0.4936776141160551,-0.3044392119682229]",2.547043463237948e-10,"[-0.7880950233434663,-0.61555359976306]","[0.61555359976306,-0.7880950233434663]","[-0.7314462919979046,0.0]",-1.4341090427583136e-05,0.38628639344383897,0.37911130581620955,"[0.09459943470249453,0.20801349366308083]",0.0,,0.0,0.9834277344671025,0.9834277344671025,,0.0,0.37911130607767796
FS-010,mover,rect,1,733,979,7.326502413768361,7.326502413768361,0.0,True,recontact_or_first_touch,"[6.655769568494943,9.192213282729968]","[6.655769568494943,9.192213282729968]",5.456301957499021,0.014353306103620421,"[-0.4936590433146486,-0.30443199881702593]","[-0.4936590433146486,-0.30443199881702593]",6.188370953088085e-10,"[-0.7880795307688941,-0.6155734344357948]","[0.6155734344357948,-0.7880795307688941]","[-0.7314435052513846,0.0]",-7.183876713612314e-06,0.3862904246686224,0.3791137716168122,"[0.09459943470249453,0.20801349366308083]",0.0,,0.0,0.9834277344671025,0.9834277344671025,,0.0,0.37911377168620514
FS-010,mover,rect,1,733,980,7.3265024137683605,7.329999999999888,0.003497586231527396,False,sustained_or_free,"[6.655769568494943,9.192213282729968]","[6.654044624501855,9.191147077166882]",5.456301957499021,0.014353306103620421,"[-0.4936590433146486,-0.30443199881702593]","[-0.4931812624200126,-0.3048403934906646]",6.188370953088085e-10,"[-0.7880795307688941,-0.6155734344357948]","[0.6155734344357948,-0.7880795307688941]","[-0.7314435052513846,0.0]",-7.183876713612314e-06,0.3862904246686224,0.3791137716168122,"[0.09459943470249453,0.20801349366308083]",0.0019192969726447013,0.5487490073422848,2.0898008295257048e-05,0.9834277344671025,0.9834068364588072,,0.0,0.3795621484494077
FS-010,mover,rect,1,734,982,7.334043152216058,7.334043152216058,0.0,True,recontact_or_first_touch,"[6.652059897721134,9.189918193136517]","[6.652059897721134,9.189918193136517]",5.456414284729292,0.015075595197991017,"[-0.49088599058515353,-0.3039420641770466]","[-0.49088599058515353,-0.3039420641770466]",4.985280888234251e-12,"[-0.7844724929859116,-0.620163613692765]","[0.620163613692765,-0.7844724929859116]","[-0.7307975213272032,0.0]",-0.00028981225599364335,0.3872185906798041,0.3796807930808086,"[0.09289695843592118,0.20678113185016098]",0.0,,0.0,0.9834068364588072,0.9834068364588072,,0.0,0.3796809036883909
FS-010,mover,rect,1,734,985,7.334771124263786,7.334771124263786,0.0,True,recontact_or_first_touch,"[6.651702846572156,9.189697049277441]","[6.651702846572156,9.189697049277441]",5.456425309884317,0.01514502522302267,"[-0.49047370718843536,-0.3037807011489747]","[-0.49047370718843536,-0.3037807011489747]",2.7682950102508404e-11,"[-0.7841226403842558,-0.6206059013873645]","[0.6206059013873645,-0.7841226403842558]","[-0.7307350624623646,0.0]",-0.0001337275809518701,0.38730894044104125,0.3797364278295299,"[0.09289695843592118,0.20678113185016098]",0.0,,0.0,0.9834068364588072,0.9834068364588072,,0.0,0.3797364513751973
FS-010,mover,rect,1,734,988,7.335107407587399,7.335107407587399,0.0,True,recontact_or_first_touch,"[6.6515379724557455,9.189594917947243]","[6.6515379724557455,9.189594917947243]",5.4564304136801125,0.015177070753713273,"[-0.49028335582860466,-0.30370619958497125]","[-0.49028335582860466,-0.30370619958497125]",5.992483822764434e-11,"[-0.78396093028778,-0.6208101640455951]","[0.6208101640455951,-0.78396093028778]","[-0.7307062041424187,0.0]",-6.1775759474747e-05,0.3873507426628084,0.3797622072859518,"[0.09289695843592118,0.20678113185016098]",0.0,,0.0,0.9834068364588072,0.9834068364588072,,0.0,0.3797622123086282
FS-010,mover,rect,1,734,991,7.3352628563905045,7.3352628563905045,0.0,True,recontact_or_first_touch,"[6.651461772169634,9.18954771253418]","[6.651461772169634,9.18954771253418]",5.456432775239386,0.015191878137892134,"[-0.49019538644674154,-0.30367176922379]","[-0.49019538644674154,-0.30367176922379]",1.2963371010782719e-10,"[-0.7838861581260038,-0.6209045748731875]","[0.6209045748731875,-0.7838861581260038]","[-0.7306928630013643,0.0]",-2.8547835484171724e-05,0.3873700799463856,0.37977414087743955,"[0.09289695843592118,0.20678113185016098]",0.0,,0.0,0.9834068364588072,0.9834068364588072,,0.0,0.37977414195246273
FS-010,mover,rect,1,734,994,7.335334991186616,7.335334991186616,0.0,True,recontact_or_first_touch,"[6.651426414969695,9.1895258083854]","[6.651426414969695,9.1895258083854]",5.456433871597984,0.015198748132610516,"[-0.49015456957972586,-0.3036557939022734]","[-0.49015456957972586,-0.3036557939022734]",2.7935557972034467e-10,"[-0.7838514562241782,-0.6209483831811105]","[0.6209483831811105,-0.7838514562241782]","[-0.7306866718865526,0.0]",-1.3135605324038346e-05,0.3873790562717834,0.37977968220547814,"[0.09289695843592118,0.20678113185016098]",0.0,,0.0,0.9834068364588072,0.9834068364588072,,0.0,0.3797796824253883
FS-010,mover,rect,1,734,997,7.3353643146005805,7.3353643146005805,0.0,True,recontact_or_first_touch,"[6.651412042450866,9.189516904351272]","[6.651412042450866,9.189516904351272]",5.456434317359053,0.015201540634861595,"[-0.4901379780106122,-0.3036493000934501]","[-0.4901379780106122,-0.3036493000934501]",6.872047526284076e-10,"[-0.7838373488118653,-0.6209661911952906]","[0.6209661911952906,-0.7838373488118653]","[-0.7306841550975467,0.0]",-6.871623493331924e-06,0.38738270574609,0.37978193542865923,"[0.09289695843592118,0.20678113185016098]",0.0,,0.0,0.9834068364588072,0.9834068364588072,,0.0,0.37978193551122674
FS-010,mover,rect,1,734,998,7.3353643146005805,7.339999999999888,0.004635685399307305,False,sustained_or_free,"[6.651412042450866,9.189516904351272]","[6.649142875539522,9.188106763248246]",5.456434317359053,0.015201540634861595,"[-0.4901379780106122,-0.3036493000934501]","[-0.48949976451865435,-0.3041925802895892]",6.872047526284076e-10,"[-0.7838373488118653,-0.6209661911952906]","[0.6209661911952906,-0.7838373488118653]","[-0.7306841550975467,0.0]",-6.871623493331924e-06,0.38738270574609,0.37978193542865923,"[0.09289695843592118,0.20678113185016098]",0.002524259797106798,0.5445278485645273,2.730676894559944e-05,0.9834068364588072,0.9833795296898616,,0.0,0.38038421197858
FS-010,mover,rect,1,735,1000,7.34544935507106,7.34544935507106,0.0,True,recontact_or_first_touch,"[6.646492133154204,9.186455707970698]","[6.646492133154204,9.186455707970698]",5.456594879053712,0.016158478786496712,"[-0.4864323118419051,-0.3029817760055504]","[-0.4864323118419051,-0.3029817760055504]",3.697092389793881e-12,"[-0.778947949368832,-0.6270885839927974]","[0.6270885839927974,-0.778947949368832]","[-0.7298169356612126,0.0]",-0.00041245925898930613,0.3886307522321195,0.3805515128388711,"[0.09106035120239644,0.205706435431402]",0.0,,0.0,0.9833795296898616,0.9833795296898616,,0.0,0.38055173635985146
FS-010,mover,rect,1,735,1003,7.346503718797598,7.346503718797598,0.0,True,recontact_or_first_touch,"[6.64597988031247,9.186136501189532]","[6.64597988031247,9.186136501189532]",5.4566120209129485,0.016258013060023783,"[-0.4858407291919354,-0.302748257675585]","[-0.4858407291919354,-0.302748257675585]",1.910311620432213e-11,"[-0.7784335658807956,-0.6277269975953793]","[0.6277269975953793,-0.7784335658807956]","[-0.7297260821478935,0.0]",-0.00019470985032432608,0.3887628261551365,0.38063381962512466,"[0.09106035120239644,0.205706435431402]",0.0,,0.0,0.9833795296898616,0.9833795296898616,,0.0,0.38063386942547495
FS-010,mover,rect,1,735,1006,7.347002192793025,7.347002192793025,0.0,True,recontact_or_first_touch,"[6.645737840650308,9.185985644045594]","[6.645737840650308,9.185985644045594]",5.456620148537214,0.016305011574794314,"[-0.48556126173544983,-0.3026379416414824]","[-0.48556126173544983,-0.3026379416414824]",4.040459521807792e-11,"[-0.778190167666948,-0.628028711880665]","[0.628028711880665,-0.778190167666948]","[-0.7296831167320488,0.0]",-9.208938434634995e-05,0.3888254046837978,0.38067289889640055,"[0.09106035120239644,0.205706435431402]",0.0,,0.0,0.9833795296898616,0.9833795296898616,,0.0,0.3806729100360296
FS-010,mover,rect,1,735,1009,7.3472381090036665,7.3472381090036665,0.0,True,recontact_or_first_touch,"[6.645623320069554,9.185914259161914]","[6.645623320069554,9.185914259161914]",5.456624000398228,0.01632724179348786,"[-0.4854290446723587,-0.302585750621002]","[-0.4854290446723587,-0.302585750621002]",8.537001686472814e-11,"[-0.7780749254714026,-0.6281714816454751]","[0.6281714816454751,-0.7780749254714026]","[-0.7296627794219157,0.0]",-4.3594329539209387e-05,0.38885505238858176,0.3806914314918378,"[0.09106035120239644,0.205706435431402]",0.0,,0.0,0.9833795296898616,0.9833795296898616,,0.0,0.38069143398984445
FS-010,mover,rect,1,735,1012,7.347348222448557,7.347348222448557,0.0,True,recontact_or_first_touch,"[6.64556987459935,9.185880943084447]","[6.64556987459935,9.185880943084447]",5.456625799389278,0.016337614831100234,"[-0.4853673432548637,-0.30256139474754873]","[-0.4853673432548637,-0.30256139474754873]",1.829018147891742e-10,"[-0.7780211259845038,-0.6282381137131086]","[0.6282381137131086,-0.7780211259845038]","[-0.7296532864111267,0.0]",-2.0975361985003937e-05,0.3888688971560481,0.380700089740498,"[0.09106035120239644,0.205706435431402]",0.0,,0.0,0.9833795296898616,0.9833795296898616,,0.0,0.38070009031683
FS-010,mover,rect,1,735,1015,7.347403180517796,7.347403180517796,0.0,True,recontact_or_first_touch,"[6.645543201439612,9.185864315562387]","[6.645543201439612,9.185864315562387]",5.456626697557538,0.016342791371618363,"[-0.4853365503528087,-0.3025492396254941]","[-0.4853365503528087,-0.3025492396254941]",3.664583851875471e-10,"[-0.777994271932411,-0.6282713687892819]","[0.6282713687892819,-0.777994271932411]","[-0.7296485482655615,0.0]",-9.689965180831317e-06,0.38887580874643024,0.3807044130606211,"[0.09106035120239644,0.205706435431402]",0.0,,0.0,0.9833795296898616,0.9833795296898616,,0.0,0.38070441317712417
FS-010,mover,rect,1,735,1016,7.347403180517796,7.349999999999888,0.0025968194820916064,False,sustained_or_free,"[6.645543201439612,9.185864315562387]","[6.644283827000346,9.185077864912797]",5.456626697557538,0.016342791371618363,"[-0.4853365503528087,-0.3025492396254941]","[-0.4849680341473449,-0.3028514900684658]",3.664583851875471e-10,"[-0.777994271932411,-0.6282713687892819]","[0.6282713687892819,-0.777994271932411]","[-0.7296485482655615,0.0]",-9.689965180831317e-06,0.38887580874643024,0.3807044130606211,"[0.09106035120239644,0.205706435431402]",0.0013940323749820347,0.5368229808023515,1.4896550089182663e-05,0.9833795296898616,0.9833646331397725,,0.0,0.3810490612817795
FS-010,mover,rect,1,736,1018,7.353101292414298,7.353101292414298,0.0,True,recontact_or_first_touch,"[6.642785169294611,9.184140768262058]","[6.642785169294611,9.184140768262058]",5.456722115077581,0.016878258271864365,"[-0.48323650448813643,-0.3021632679283168]","[-0.48323650448813643,-0.3021632679283168]",6.493212441952352e-12,"[-0.7751978992784753,-0.6317184633634189]","[0.6317184633634189,-0.7751978992784753]","[-0.7291567677354922,0.0]",-0.00024524384118551623,0.38958870134569734,0.38114957220976514,"[0.08942912337520924,0.20446137144254659]",0.0,,0.0,0.9833646331397725,0.9833646331397725,,0.0,0.38114965110864274
FS-010,mover,rect,1,736,1021,7.353735869267179,7.353735869267179,0.0,True,recontact_or_first_touch,"[6.642478743006998,9.183949111643686]","[6.642478743006998,9.183949111643686]",5.456732863351814,0.01693770294901106,"[-0.4828828631584724,-0.30202270615624677]","[-0.4828828631584724,-0.30202270615624677]",3.172892519079208e-11,"[-0.774885374710318,-0.6321017766626272]","[0.6321017766626272,-0.774885374710318]","[-0.7291019357465508,0.0]",-0.00011753083057805536,0.3896684910620563,0.38119963958755076,"[0.08942912337520924,0.20446137144254659]",0.0,,0.0,0.9833646331397725,0.9833646331397725,,0.0,0.3811996577063223
FS-010,mover,rect,1,736,1024,7.354040141785524,7.354040141785524,0.0,True,recontact_or_first_touch,"[6.642331866592617,9.183857234932043]","[6.642331866592617,9.183857234932043]",5.456738025695518,0.0169661845656763,"[-0.4827133754297412,-0.3019553397155931]","[-0.4827133754297412,-0.3019553397155931]",6.617044070439517e-11,"[-0.7747354441687252,-0.6322855300801119]","[0.6322855300801119,-0.7747354441687252]","[-0.7290756398516974,0.0]",-5.64136792368386e-05,0.3897067991854516,0.3812237069026134,"[0.08942912337520924,0.20446137144254659]",0.0,,0.0,0.9833646331397725,0.9833646331397725,,0.0,0.38122371107640635
FS-010,mover,rect,1,736,1027,7.354186245129619,7.354186245129619,0.0,True,recontact_or_first_touch,"[6.642261352441941,9.18381312297217]","[6.642261352441941,9.18381312297217]",5.456740506509222,0.016979855725860686,"[-0.48263201032553704,-0.30192299941224765]","[-0.48263201032553704,-0.30192299941224765]",1.3780356372741943e-10,"[-0.7746634335341511,-0.6323737539976497]","[0.6323737539976497,-0.7746634335341511]","[-0.729063012229755,0.0]",-2.7094492170837148e-05,0.38972520516319353,0.3812352773002632,"[0.08942912337520924,0.20446137144254659]",0.0,,0.0,0.9833646331397725,0.9833646331397725,,0.0,0.381235278264805
FS-010,mover,rect,1,736,1030,7.354256673891874,7.354256673891874,0.0,True,recontact_or_first_touch,"[6.642227364028877,9.183791860006862]","[6.642227364028877,9.183791860006862]",5.456741702843499,0.01698644472340317,"[-0.4825927927099266,-0.3019074115144852]","[-0.4825927927099266,-0.3019074115144852]",2.858693514570439e-10,"[-0.7746287167874695,-0.6324162799360865]","[0.6324162799360865,-0.7746287167874695]","[-0.7290569248714077,0.0]",-1.2967644738515194e-05,0.389734080369332,0.3812408580076304,"[0.08942912337520924,0.20446137144254659]",0.0,,0.0,0.9833646331397725,0.9833646331397725,,0.0,0.38124085823280884
FS-010,mover,rect,1,736,1033,7.354285335464535,7.354285335464535,0.0,True,recontact_or_first_touch,"[6.642213532617897,9.183783207047458]","[6.642213532617897,9.183783207047458]",5.456742189778567,0.016989125963902535,"[-0.482576833572236,-0.30190106821658513]","[-0.482576833572236,-0.30190106821658513]",7.024512869610671e-10,"[-0.7746145877597186,-0.6324335857857658]","[0.6324335857857658,-0.7746145877597186]","[-0.7290544475247049,0.0]",-7.219800977231738e-06,0.3897376927086884,0.38124312972673713,"[0.08942912337520924,0.20446137144254659]",0.0,,0.0,0.9833646331397725,0.9833646331397725,,0.0,0.38124312979807795
FS-010,mover,rect,1,736,1034,7.354285335464535,7.3599999999998875,0.005714664535352625,False,sustained_or_free,"[6.642213532617897,9.183783207047458]","[6.639460368972585,9.182054103378682]",5.456742189778567,0.016989125963902535,"[-0.482576833572236,-0.30190106821658513]","[-0.48177169950759935,-0.30257308335058425]",7.024512869610671e-10,"[-0.7746145877597186,-0.6324335857857658]","[0.6324335857857658,-0.7746145877597186]","[-0.7290544475247049,0.0]",-7.219800977231738e-06,0.3897376927086884,0.38124312972673713,"[0.08942912337520924,0.20446137144254659]",0.003056678591040639,0.5348832940465903,3.2560249144049656e-05,0.9833646331397725,0.9833320728906285,,0.0,0.38200685047777955
FS-010,mover,rect,1,737,1036,7.366950371272261,7.366950371272261,0.0,True,recontact_or_first_touch,"[6.636138608231712,9.179961832820062]","[6.636138608231712,9.179961832820062]",5.456968603944043,0.01816967183775983,"[-0.47792565471663284,-0.3010300423714986]","[-0.47792565471663284,-0.3010300423714986]",2.8959570938420035e-12,"[-0.7683113212407513,-0.6400763342393554]","[0.6400763342393554,-0.7683113212407513]","[-0.7279571830129078,0.0]",-0.0005801521599113346,0.3913240536637488,0.38223921774486885,"[0.08745577872843649,0.2035657593082661]",0.0,,0.0,0.9833320728906285,0.9833320728906285,,0.0,0.38223965801407583
FS-010,mover,rect,1,737,1039,7.3684845239350585,7.3684845239350585,0.0,True,recontact_or_first_touch,"[6.635406694218916,9.179500527114556]","[6.635406694218916,9.179500527114556]",5.4569966970736195,0.018311821409733496,"[-0.477080300119284,-0.30069087431337976]","[-0.477080300119284,-0.30069087431337976]",1.311571423755617e-11,"[-0.7675417588630259,-0.6409989457100943]","[0.6409989457100943,-0.7675417588630259]","[-0.727823920217583,0.0]",-0.00028633422559209976,0.39151919867109464,0.38236328796622787,"[0.08745577872843649,0.2035657593082661]",0.0,,0.0,0.9833320728906285,0.9833320728906285,,0.0,0.3823633951771331
FS-010,mover,rect,1,737,1042,7.3692434492780965,7.3692434492780965,0.0,True,recontact_or_first_touch,"[6.635044942897858,9.17927245237904]","[6.635044942897858,9.17927245237904]",5.457010647648238,0.018382011809380858,"[-0.47666259188200455,-0.30052328283349244]","[-0.47666259188200455,-0.30052328283349244]",2.6511279845489763e-11,"[-0.7671605835037208,-0.6414550951689687]","[0.6414550951689687,-0.7671605835037208]","[-0.7277579690674095,0.0]",-0.0001417149138066287,0.39161602608394785,0.3824250201792574,"[0.08745577872843649,0.2035657593082661]",0.0,,0.0,0.9833320728906285,0.9833320728906285,,0.0,0.3824250464363244
FS-010,mover,rect,1,737,1045,7.369619450095614,7.369619450095614,0.0,True,recontact_or_first_touch,"[6.634865795142523,9.179159486581286]","[6.634865795142523,9.179159486581286]",5.457017572363253,0.018416755211712467,"[-0.4764557601711707,-0.3004402982424446]","[-0.4764557601711707,-0.3004402982424446]",5.3508865998496815e-11,"[-0.7669716161033353,-0.6416810267507042]","[0.6416810267507042,-0.7669716161033353]","[-0.7277252875184759,0.0]",-7.024358641577466e-05,0.39166406938495874,0.3824556917791025,"[0.08745577872843649,0.2035657593082661]",0.0,,0.0,0.9833320728906285,0.9833320728906285,,0.0,0.38245569822999675
FS-010,mover,rect,1,737,1048,7.369805867714632,7.369805867714632,0.0,True,recontact_or_first_touch,"[6.634776994505017,9.179103486883868]","[6.634776994505017,9.179103486883868]",5.45702100878059,0.01843397289680144,"[-0.47635324372286963,-0.3003991667355638]","[-0.47635324372286963,-0.3003991667355638]",1.0792449990749678e-10,"[-0.766877898757486,-0.6417930261363884]","[0.6417930261363884,-0.766877898757486]","[-0.727709082644814,0.0]",-3.485267518116286e-05,0.3916879062734342,0.38247091982503345,"[0.08745577872843649,0.2035657593082661]",0.0,,0.0,0.9833320728906285,0.9833320728906285,,0.0,0.3824709214170111
FS-010,mover,rect,1,737,1051,7.369898615343878,7.369898615343878,0.0,True,recontact_or_first_touch,"[6.634732818600876,9.17907562747105]","[6.634732818600876,9.17907562747105]",5.457022719282195,0.018442537228676555,"[-0.4763022462134847,-0.30037870556894636]","[-0.4763022462134847,-0.30037870556894636]",2.1692042636487352e-10,"[-0.7668312647385859,-0.6418487449698885]","[0.6418487449698885,-0.7668312647385859]","[-0.7277010198841212,0.0]",-1.7255617524247757e-05,0.3916997700594415,0.38247850144510326,"[0.08745577872843649,0.2035657593082661]",0.0,,0.0,0.9833320728906285,0.9833320728906285,,0.0,0.38247850184176213
FS-010,mover,rect,1,737,1054,7.3699454498492445,7.3699454498492445,0.0,True,recontact_or_first_touch,"[6.634710512426771,9.179061559866822]","[6.634710512426771,9.179061559866822]",5.457023583231827,0.01844686145569849,"[-0.4762764959270497,-0.30036837409083694]","[-0.4762764959270497,-0.30036837409083694]",4.2957151027679873e-10,"[-0.7668077142697536,-0.6418768802008653]","[0.6418768802008653,-0.7668077142697536]","[-0.7276969483505522,0.0]",-8.37242889953349e-06,0.39170576199580487,0.3824823312679556,"[0.08745577872843649,0.2035657593082661]",0.0,,0.0,0.9833320728906285,0.9833320728906285,,0.0,0.3824823313453344
FS-010,mover,rect,1,737,1055,7.3699454498492445,7.369999999999887,5.455015064308698e-05,False,sustained_or_free,"[6.634710512426771,9.179061559866822]","[6.63468453224941,9.17904517466431]",5.457023583231827,0.01844686145569849,"[-0.4762764959270497,-0.30036837409083694]","[-0.47626224776947124,-0.300369519038208]",4.2957151027679873e-10,"[-0.7668077142697536,-0.6418768802008653]","[0.6418768802008653,-0.7668077142697536]","[-0.7276969483505522,0.0]",-8.37242889953349e-06,0.39170576199580487,0.3824823312679556,"[0.08745577872843649,0.2035657593082661]",2.053025967063693e-05,0.3763556915720211,1.3785444019730372e-07,0.9833320728906285,0.9833319350361883,,0.0,0.3824898366971698
FS-010,mover,rect,1,738,1057,7.370066431750093,7.370066431750093,0.0,True,recontact_or_first_touch,"[6.634652895737827,9.179025221568333]","[6.634652895737827,9.179025221568333]",5.4570258159826635,0.018457996921619726,"[-0.47622577284145545,-0.30035481400805936]","[-0.47622577284145545,-0.30035481400805936]",3.0284728390940646e-10,"[-0.7667468725559801,-0.641949556760984]","[0.641949556760984,-0.7667468725559801]","[-0.7276864305273641,0.0]",-5.96687196113832e-06,0.3917211720421072,0.38249217358129733,"[0.08628554312003651,0.2019224037123141]",0.0,,0.0,0.9833319350361883,0.9833319350361883,,0.0,0.3824921736205901
FS-010,mover,rect,1,738,1058,7.370066431750093,7.379999999999887,0.009933568249794366,False,sustained_or_free,"[6.634652895737827,9.179025221568333]","[6.629936362989013,9.176030021029936]",5.4570258159826635,0.018457996921619726,"[-0.47622577284145545,-0.30035481400805936]","[-0.4748075042331092,-0.30152312473001447]",3.0284728390940646e-10,"[-0.7667468725559801,-0.641949556760984]","[0.641949556760984,-0.7667468725559801]","[-0.7276864305273641,0.0]",-5.96687196113832e-06,0.3917211720421072,0.38249217358129733,"[0.08628554312003651,0.2019224037123141]",0.005228143656236139,0.5263107399845335,5.489503187575096e-05,0.9833319350361883,0.9832770400043126,,0.0,0.38384618744477195
FS-010,mover,rect,1,740,1061,7.398432098216187,7.398432098216187,0.0,True,recontact_or_first_touch,"[6.62132325905031,9.170528981404258]","[6.62132325905031,9.170528981404258]",5.457598256527719,0.02103137950371537,"[-0.4648247719064808,-0.2974382095222839]","[-0.4648247719064808,-0.2974382095222839]",2.3837722410215693e-12,"[-0.7521937195656168,-0.6589420370913076]","[0.6589420370913076,-0.7521937195656168]","[-0.7252075181913217,0.0]",-0.00013627325270018642,0.3953082904218661,0.3847926006700084,"[0.0828486232525017,0.19973596566748886]",0.0,,0.0,0.9832770400043126,0.9832770400043126,,0.0,0.3847926248004032
FS-010,mover,rect,1,740,1064,7.398811758785722,7.398811758785722,0.0,True,recontact_or_first_touch,"[6.6211468606956965,9.170416087551963]","[6.6211468606956965,9.170416087551963]",5.4576062541340855,0.02106514873612925,"[-0.46462121370689485,-0.2973546935181737]","[-0.46462121370689485,-0.2973546935181737]",5.2922308400404696e-11,"[-0.7519958635290775,-0.659167824787555]","[0.659167824787555,-0.7519958635290775]","[-0.7251741653816809,0.0]",-7.190462701389677e-05,0.39535762192406887,0.3848250475560042,"[0.0828486232525017,0.19973596566748886]",0.0,,0.0,0.9832770400043126,0.9832770400043126,,0.0,0.38482505427408387
FS-010,mover,rect,1,740,1067,7.399013061880423,7.399013061880423,0.0,True,recontact_or_first_touch,"[6.621053352727938,9.170356238043421]","[6.621053352727938,9.170356238043421]",5.457610498216385,0.021083045474926055,"[-0.4645133145974944,-0.297310424516542]","[-0.4645133145974944,-0.297310424516542]",9.981052582382531e-11,"[-0.7518909235069429,-0.6592875238830753]","[0.6592875238830753,-0.7518909235069429]","[-0.7251564792416488,0.0]",-3.782383407152645e-05,0.3953837962932773,0.38484227355581424,"[0.0828486232525017,0.19973596566748886]",0.0,,0.0,0.9832770400043126,0.9832770400043126,,0.0,0.3848422754152287
FS-010,mover,rect,1,740,1070,7.399116536668675,7.399116536668675,0.0,True,recontact_or_first_touch,"[6.621005293049203,9.17032547626445]","[6.621005293049203,9.17032547626445]",5.457612680731722,0.02109224259674399,"[-0.46445786019201324,-0.2972876725903655]","[-0.46445786019201324,-0.2972876725903655]",1.9417275109197137e-10,"[-0.751836972866324,-0.6593490473423029]","[0.6593490473423029,-0.751836972866324]","[-0.7251473876250155,0.0]",-2.0318545886993666e-05,0.39539725539588044,0.38485113409750843,"[0.0828486232525017,0.19973596566748886]",0.0,,0.0,0.9832770400043126,0.9832770400043126,,0.0,0.3848511346273981
FS-010,mover,rect,1,740,1073,7.399173963463673,7.399173963463673,0.0,True,recontact_or_first_touch,"[6.620978622490122,9.170308404711289]","[6.620978622490122,9.170308404711289]",5.457613892284696,0.02109734618526319,"[-0.46442708638045327,-0.29727504663689525]","[-0.46442708638045327,-0.29727504663689525]",3.498696040200616e-10,"[-0.7518070285166505,-0.6593831904689142]","[0.6593831904689142,-0.7518070285166505]","[-0.7251423417812914,0.0]",-1.060724636750554e-05,0.3954047263743554,0.3848560532817238,"[0.0828486232525017,0.19973596566748886]",0.0,,0.0,0.9832770400043126,0.9832770400043126,,0.0,0.384856053427659
FS-010,mover,rect,1,740,1074,7.399173963463673,7.399999999999887,0.0008260365362138186,False,sustained_or_free,"[6.620978622490122,9.170308404711289]","[6.620595096854,9.170062768873628]",5.457613892284696,0.02109734618526319,"[-0.46442708638045327,-0.29727504663689525]","[-0.46429621367530505,-0.29736679540486743]",3.498696040200616e-10,"[-0.7518070285166505,-0.6593831904689142]","[0.6593831904689142,-0.7518070285166505]","[-0.7251423417812914,0.0]",-1.060724636750554e-05,0.3954047263743554,0.3848560532817238,"[0.0828486232525017,0.19973596566748886]",0.00041445135356987784,0.501734893555117,4.1588443903284635e-06,0.9832770400043126,0.9832728811599223,,0.0,0.38497464735996506
FS-010,mover,rect,1,741,1076,7.4010760058883145,7.4010760058883145,0.0,True,recontact_or_first_touch,"[6.6200961305313175,9.169743055830113]","[6.6200961305313175,9.169743055830113]",5.457654264880893,0.02126830385398855,"[-0.46372081049843605,-0.2971294552879657]","[-0.46372081049843605,-0.2971294552879657]",1.86719100301611e-11,"[-0.7508138274111336,-0.6605138882478133]","[0.6605138882478133,-0.7508138274111336]","[-0.7249751582821575,0.0]",-0.00010475503791368412,0.39565102863761514,0.3850168767106209,"[0.08050614602454094,0.1993502210763626]",0.0,,0.0,0.9832728811599223,0.9832728811599223,,0.0,0.3850168909616041
FS-010,mover,rect,1,741,1079,7.401369376043095,7.401369376043095,0.0,True,recontact_or_first_touch,"[6.619960134678543,9.169655905887009]","[6.619960134678543,9.169655905887009]",5.4576605121645,0.021294884653586546,"[-0.4635640352578261,-0.2970647889142518]","[-0.4635640352578261,-0.2970647889142518]",6.84804010531162e-11,"[-0.7506604545569018,-0.6606881881526457]","[0.6606881881526457,-0.7506604545569018]","[-0.7249493617339481,0.0]",-5.5569164635255186e-05,0.39568898723841917,0.3850415449116259,"[0.08050614602454094,0.1993502210763626]",0.0,,0.0,0.9832728811599223,0.9832728811599223,,0.0,0.3850415489191607
FS-010,mover,rect,1,741,1082,7.401524788856761,7.401524788856761,0.0,True,recontact_or_first_touch,"[6.619888103791919,9.169609743535117]","[6.619888103791919,9.169609743535117]",5.457663823850049,0.021308960765902468,"[-0.46348100214946364,-0.2970305395205428]","[-0.46348100214946364,-0.2970305395205428]",1.2926758392632758e-10,"[-0.7505791855960717,-0.660780512840639]","[0.660780512840639,-0.7505791855960717]","[-0.7249356949058334,0.0]",-2.9541874368765875e-05,0.3957091064146365,0.3850546260316853,"[0.08050614602454094,0.1993502210763626]",0.0,,0.0,0.9832728811599223,0.9832728811599223,,0.0,0.3850546271585751
FS-010,mover,rect,1,741,1085,7.401607590138803,7.401607590138803,0.0,True,recontact_or_first_touch,"[6.619849730633318,9.169585150536378]","[6.619849730633318,9.169585150536378]",5.45766558888017,0.021316458847392358,"[-0.4634367687833069,-0.2970122941703911]","[-0.4634367687833069,-0.2970122941703911]",2.426254407788124e-10,"[-0.7505358813083093,-0.6608296988398444]","[0.6608296988398444,-0.7505358813083093]","[-0.724928413140566,0.0]",-1.5683155916407232e-05,0.39571982855432053,0.3850615991306243,"[0.08050614602454094,0.1993502210763626]",0.0,,0.0,0.9832728811599223,0.9832728811599223,,0.0,0.38506159945251456
FS-010,mover,rect,1,741,1088,7.401652359573947,7.401652359573947,0.0,True,recontact_or_first_touch,"[6.6198289839016065,9.169571853905358]","[6.6198289839016065,9.169571853905358]",5.457666543387473,0.02132051254036869,"[-0.46341285397949666,-0.2970024298160315]","[-0.46341285397949666,-0.2970024298160315]",4.4873521786743393e-10,"[-0.7505124656967432,-0.6608562921193948]","[0.6608562921193948,-0.7505124656967432]","[-0.724924475906399,0.0]",-8.192337959400664e-06,0.3957256267318954,0.385065370461711,"[0.08050614602454094,0.1993502210763626]",0.0,,0.0,0.9832728811599223,0.9832728811599223,,0.0,0.3850653705519616
FS-010,mover,rect,1,741,1089,7.401652359573947,7.4099999999998865,0.008347640425939619,False,sustained_or_free,"[6.6198289839016065,9.169571853905358]","[6.615970964189727,9.167084378308969]",5.457666543387473,0.02132051254036869,"[-0.46341285397949666,-0.2970024298160315]","[-0.4621688902520159,-0.29798547487259497]",4.4873521786743393e-10,"[-0.7505124656967432,-0.6608562921193948]","[0.6608562921193948,-0.7505124656967432]","[-0.724924475906399,0.0]",-8.192337959400664e-06,0.3957256267318954,0.385065370461711,"[0.08050614602454094,0.1993502210763626]",0.004259085095338788,0.5102142495385912,4.344349977707767e-05,0.9832728811599223,0.9832294376601453,,0.0,0.38624994171990756
FS-010,mover,rect,1,743,1092,7.426166156029697,7.426166156029697,0.0,True,recontact_or_first_touch,"[6.608605079600558,9.162311133076132]","[6.608605079600558,9.162311133076132]",5.458225824765163,0.02354522584228655,"[-0.45363347076008337,-0.294424266741382]","[-0.45363347076008337,-0.294424266741382]",3.255347103810383e-12,"[-0.7374719769153111,-0.6753777337643159]","[0.6753777337643159,-0.7374719769153111]","[-0.7227590553301932,0.0]",-0.000375017145607337,0.3988910734505654,0.3871184605294221,"[0.0769367445643325,0.1990094134370667]",0.0,,0.0,0.9832294376601453,0.9832294376601453,,0.0,0.3871186421764958
FS-010,mover,rect,1,743,1095,7.4272641497889715,7.4272641497889715,0.0,True,recontact_or_first_touch,"[6.608107623586792,9.161988120785852]","[6.608107623586792,9.161988120785852]",5.458251786085275,0.02364432392457665,"[-0.4530590539004359,-0.2941840857948022]","[-0.4530590539004359,-0.2941840857948022]",1.8276475315166132e-11,"[-0.7368798260951508,-0.6760237583798222]","[0.6760237583798222,-0.7368798260951508]","[-0.722661618097619,0.0]",-0.00021074071410726036,0.3990360566978518,0.38721389473556345,"[0.0769367445643325,0.1990094134370667]",0.0,,0.0,0.9832294376601453,0.9832294376601453,,0.0,0.38721395208312825
FS-010,mover,rect,1,743,1098,7.427882231266606,7.427882231266606,0.0,True,recontact_or_first_touch,"[6.607827795863305,9.16180637454658]","[6.607827795863305,9.16180637454658]",5.458266434635717,0.023700031423092266,"[-0.45273597998409437,-0.29404899814551355]","[-0.45273597998409437,-0.29404899814551355]",3.2465741610008804e-11,"[-0.736546187901817,-0.6763872508314311]","[0.6763872508314311,-0.736546187901817]","[-0.7226067520226808,0.0]",-0.00011870509423941855,0.39911781821936176,0.3872678025078157,"[0.0769367445643325,0.1990094134370667]",0.0,,0.0,0.9832294376601453,0.9832294376601453,,0.0,0.3872678207015497
FS-010,mover,rect,1,743,1101,7.4282305740406525,7.4282305740406525,0.0,True,recontact_or_first_touch,"[6.60767015195197,9.161703971210793]","[6.60767015195197,9.161703971210793]",5.458274701298519,0.02373140314140337,"[-0.4525539872818153,-0.29397290088256356]","[-0.4525539872818153,-0.29397290088256356]",5.760395341240575e-11,"[-0.7363580567742489,-0.6765920574642095]","[0.6765920574642095,-0.7363580567742489]","[-0.7225758248728448,0.0]",-6.697423171347916e-05,0.3991639446941546,0.38729824312345296,"[0.0769367445643325,0.1990094134370667]",0.0,,0.0,0.9832294376601453,0.9832294376601453,,0.0,0.387298248913134
FS-010,mover,rect,1,743,1104,7.428428226866655,7.428428226866655,0.0,True,recontact_or_first_touch,"[6.607580723782397,9.161645875168169]","[6.607580723782397,9.161645875168169]",5.4582793953942135,0.02374919594789712,"[-0.4524507510555325,-0.29392973426680225]","[-0.4524507510555325,-0.29392973426680225]",1.0151946718742541e-10,"[-0.7362512783595536,-0.676708249627506]","[0.676708249627506,-0.7362512783595536]","[-0.7225582748193284,0.0]",-3.766632353746635e-05,0.3991901322192354,0.3873155342452868,"[0.0769367445643325,0.1990094134370667]",0.0,,0.0,0.9832294376601453,0.9832294376601453,,0.0,0.38731553607877683
FS-010,mover,rect,1,743,1107,7.4285386946377345,7.4285386946377345,0.0,True,recontact_or_first_touch,"[6.607530748929253,9.161613408070279]","[6.607530748929253,9.161613408070279]",5.458282020013215,0.023759137851446427,"[-0.45239306138685415,-0.29390561222141837]","[-0.45239306138685415,-0.29390561222141837]",1.816406066851565e-10,"[-0.7361915903314945,-0.6767731838106362]","[0.6767731838106362,-0.7361915903314945]","[-0.7225484655899376,0.0]",-2.1300265987844735e-05,0.3992047730948076,0.38732520416908445,"[0.0769367445643325,0.1990094134370667]",0.0,,0.0,0.9832294376601453,0.9832294376601453,,0.0,0.38732520474725624
FS-010,mover,rect,1,743,1110,7.428598271705244,7.428598271705244,0.0,True,recontact_or_first_touch,"[6.607503798530757,9.161595898810777]","[6.607503798530757,9.161595898810777]",5.4582834358323735,0.02376449895890125,"[-0.45236195104337146,-0.29389260387950467]","[-0.45236195104337146,-0.29389260387950467]",3.367962723237026e-10,"[-0.7361593967154002,-0.676808202246115]","[0.676808202246115,-0.7361593967154002]","[-0.7225431751522741,0.0]",-1.247794127906543e-05,0.3992126705408553,0.3873304210614047,"[0.0769367445643325,0.1990094134370667]",0.0,,0.0,0.9832294376601453,0.9832294376601453,,0.0,0.3873304212715611
FS-010,mover,rect,1,743,1113,7.428637674867087,7.428637674867087,0.0,True,recontact_or_first_touch,"[6.6074859748503005,9.16158431885193]","[6.6074859748503005,9.16158431885193]",5.458284372368474,0.023768044401250233,"[-0.45234137625917614,-0.29388400083346533]","[-0.45234137625917614,-0.29388400083346533]",5.092302263216279e-10,"[-0.7361381032964083,-0.6768313622130453]","[0.6768313622130453,-0.7361381032964083]","[-0.7225396760936195,0.0]",-6.644662692734116e-06,0.39921789430730237,0.38733387210667725,"[0.0769367445643325,0.1990094134370667]",0.0,,0.0,0.9832294376601453,0.9832294376601453,,0.0,0.38733387217391463
FS-010,mover,rect,1,743,1114,7.428637674867087,7.429999999999886,0.0013623251327992223,False,sustained_or_free,"[6.6074859748503005,9.16158431885193]","[6.606870032030581,9.161183737408612]",5.458284372368474,0.023768044401250233,"[-0.45234137625917614,-0.29388400083346533]","[-0.4521261517463764,-0.29404246730320466]",5.092302263216279e-10,"[-0.7361381032964083,-0.6768313622130453]","[0.6768313622130453,-0.7361381032964083]","[-0.7225396760936195,0.0]",-6.644662692734116e-06,0.39921789430730237,0.38733387210667725,"[0.0769367445643325,0.1990094134370667]",0.0006732840400210938,0.49421685309267616,6.654055136425764e-06,0.9832294376601453,0.9832227836050088,,0.0,0.38753497702333123
FS-010,mover,rect,1,744,1116,7.431878830908787,7.431878830908787,0.0,True,recontact_or_first_touch,"[6.60602240233117,9.1606320538548]","[6.60602240233117,9.1606320538548]",5.458362126034576,0.02406126827738806,"[-0.4511474105490717,-0.29363129550339984]","[-0.4511474105490717,-0.29363129550339984]",1.0678996484355962e-11,"[-0.7343824539103834,-0.6787358922206514]","[0.6787358922206514,-0.7343824539103834]","[-0.7222516881992039,0.0]",-0.00020387465109986125,0.3996458751123694,0.3876152409736754,"[0.07530817119685482,0.1985891157879501]",0.0,,0.0,0.9832227836050088,0.9832227836050088,,0.0,0.3876152945893673
FS-010,mover,rect,1,744,1119,7.432481963719564,7.432481963719564,0.0,True,recontact_or_first_touch,"[6.605750489790112,9.16045503469758]","[6.605750489790112,9.16045503469758]",5.458376671174849,0.024115982439788654,"[-0.45083360778916015,-0.29349946488714346]","[-0.45083360778916015,-0.29349946488714346]",3.326357436085995e-11,"[-0.7340550839419984,-0.6790899305238633]","[0.6790899305238633,-0.7340550839419984]","[-0.7221980610359003,0.0]",-0.00011607471209096332,0.39972564203663863,0.38766765081674437,"[0.07530817119685482,0.1985891157879501]",0.0,,0.0,0.9832227836050088,0.9832227836050088,,0.0,0.38766766819373694
FS-010,mover,rect,1,744,1122,7.432825470569373,7.432825470569373,0.0,True,recontact_or_first_touch,"[6.60559568672118,9.160354241400253]","[6.60559568672118,9.160354241400253]",5.458384965876171,0.02414712057696043,"[-0.4506549695251947,-0.2934244175451814]","[-0.4506549695251947,-0.2934244175451814]",5.840295628594336e-11,"[-0.7338685405642911,-0.679291517074987]","[0.679291517074987,-0.7338685405642911]","[-0.722167513196068,0.0]",-6.620357246858721e-05,0.39977111676488564,0.3876975564764054,"[0.07530817119685482,0.1985891157879501]",0.0,,0.0,0.9832227836050088,0.9832227836050088,,0.0,0.38769756212705575
FS-010,mover,rect,1,744,1125,7.4330226014355585,7.4330226014355585,0.0,True,recontact_or_first_touch,"[6.60550686892041,9.160296406878421]","[6.60550686892041,9.160296406878421]",5.458389729540065,0.024164982311682345,"[-0.4505524806330158,-0.29338136107391255]","[-0.4505524806330158,-0.29338136107391255]",1.0176746979557021e-10,"[-0.7337614566981905,-0.6794071862029054]","[0.6794071862029054,-0.7337614566981905]","[-0.7221499807888075,0.0]",-3.762766170475884e-05,0.3997972282302815,0.3877147370744404,"[0.07530817119685482,0.1985891157879501]",0.0,,0.0,0.9832227836050088,0.9832227836050088,,0.0,0.3877147389024388
FS-010,mover,rect,1,744,1128,7.433133872634584,7.433133872634584,0.0,True,recontact_or_first_touch,"[6.60545674184174,9.160263764686455]","[6.60545674184174,9.160263764686455]",5.458392419528193,0.024175061936904583,"[-0.45049463930414807,-0.2933570614143359]","[-0.45049463930414807,-0.2933570614143359]",1.802922412695807e-10,"[-0.7337010029528577,-0.6794724705725544]","[0.6794724705725544,-0.7337010029528577]","[-0.7221400840173879,0.0]",-2.1512045424249004e-05,0.3998119716220866,0.3877244406536343,"[0.07530817119685482,0.1985891157879501]",0.0,,0.0,0.9832227836050088,0.9832227836050088,,0.0,0.38772444124805866
FS-010,mover,rect,1,744,1131,7.433197515378233,7.433197515378233,0.0,True,recontact_or_first_touch,"[6.605428073232202,9.160245095522656]","[6.605428073232202,9.160245095522656]",5.458393958462322,0.024180826286439135,"[-0.45046155922918163,-0.2933431641755384]","[-0.45046155922918163,-0.2933431641755384]",3.152163718645505e-10,"[-0.7336664225751516,-0.6795098088959268]","[0.6795098088959268,-0.7336664225751516]","[-0.7221344232775881,0.0]",-1.2299152706674032e-05,0.39982040577928446,0.3877299926360649,"[0.07530817119685482,0.1985891157879501]",0.0,,0.0,0.9832227836050088,0.9832227836050088,,0.0,0.3877299928298419
FS-010,mover,rect,1,744,1134,7.4332297917994,7.4332297917994,0.0,True,recontact_or_first_touch,"[6.605413534486659,9.160235627682617]","[6.605413534486659,9.160235627682617]",5.458394739027204,0.024183749432205453,"[-0.4504447834654241,-0.2933361164852438]","[-0.4504447834654241,-0.2933361164852438]",6.215428271946296e-10,"[-0.7336488842623086,-0.679528744513924]","[0.679528744513924,-0.7336488842623086]","[-0.7221315523840334,0.0]",-7.628069838533369e-06,0.39982468355754486,0.3877328088414421,"[0.07530817119685482,0.1985891157879501]",0.0,,0.0,0.9832227836050088,0.9832227836050088,,0.0,0.387732808932624
FS-010,mover,rect,1,744,1135,7.4332297917994,7.439999999999886,0.0067702082004859766,False,sustained_or_free,"[6.605413534486659,9.160235627682617]","[6.602371056166765,9.158244265470918]",5.458394739027204,0.024183749432205453,"[-0.4504447834654241,-0.2933361164852438]","[-0.44939213533718037,-0.2941360372870382]",6.215428271946296e-10,"[-0.7336488842623086,-0.679528744513924]","[0.679528744513924,-0.7336488842623086]","[-0.7221315523840334,0.0]",-7.628069838533369e-06,0.39982468355754486,0.3877328088414421,"[0.07530817119685482,0.1985891157879501]",0.0033452599021325247,0.4941147750659125,3.305415704022061e-05,0.9832227836050088,0.9831897294479686,,0.0,0.38873012287577674
FS-010,mover,rect,1,745,1137,7.4495549556609815,7.4495549556609815,0.0,True,recontact_or_first_touch,"[6.598124215992528,9.155453775164755]","[6.598124215992528,9.155453775164755]",5.458807854072271,0.025668079037475238,"[-0.4444646657575651,-0.29204638986707715]","[-0.4444646657575651,-0.29204638986707715]",2.098923312844102e-12,"[-0.724673440879703,-0.6890924495911791]","[0.6890924495911791,-0.724673440879703]","[-0.7206752501135499,0.0]",-0.0010844876151197003,0.4019728904183466,0.38913885089960903,"[0.07297403840659045,0.19879092334459308]",0.0,,0.0,0.9831897294479686,0.9831897294479686,,0.0,0.3891403620711258
FS-010,mover,rect,1,746,1141,7.453507087959935,7.453507087959935,0.0,True,recontact_or_first_touch,"[6.596374827734843,9.154302630603903]","[6.596374827734843,9.154302630603903]",5.458910576109978,0.026027468665730805,"[-0.44244211351324014,-0.2911857596998303]","[-0.44244211351324014,-0.2911857596998303]",5.7159371276874205e-12,"[-0.7224772074973211,-0.6913947386601035]","[0.6913947386601035,-0.7224772074973211]","[-0.7203214289398396,0.0]",-0.0005628303985309724,0.4024993711993416,0.3894856368664762,"[0.07168153032036395,0.19793639341403887]",0.0,,0.0,0.9831897294479686,0.9831897294479686,,0.0,0.38948604352825716
FS-010,mover,rect,1,746,1144,7.455243147096381,7.455243147096381,0.0,True,recontact_or_first_touch,"[6.595608259916677,9.153797769577718]","[6.595608259916677,9.153797769577718]",5.458956034310985,0.026184707682283138,"[-0.44155628231405764,-0.2908086571396882]","[-0.44155628231405764,-0.2908086571396882]",1.1545235227568633e-11,"[-0.7215095721103612,-0.6924044608125541]","[0.6924044608125541,-0.7215095721103612]","[-0.7201658493530895,0.0]",-0.00033774194624386356,0.40273173682172514,0.38963938298058354,"[0.07168153032036395,0.19793639341403887]",0.0,,0.0,0.9831897294479686,0.9831897294479686,,0.0,0.3896395293587679
FS-010,mover,rect,1,746,1147,7.45628820349214,7.45628820349214,0.0,True,recontact_or_first_touch,"[6.595147365199089,9.153494095037216]","[6.595147365199089,9.153494095037216]",5.458983497504909,0.02627915013559761,"[-0.4410237758063545,-0.2905819645088465]","[-0.4410237758063545,-0.2905819645088465]",1.917761331078171e-11,"[-0.7209262315818175,-0.6930118098685187]","[0.6930118098685187,-0.7209262315818175]","[-0.7200721491223513,0.0]",-0.00020344093568763766,0.40287197887158915,0.3897324038037904,"[0.07168153032036395,0.19793639341403887]",0.0,,0.0,0.9831897294479686,0.9831897294479686,,0.0,0.3897324569014798
FS-010,mover,rect,1,746,1150,7.456918819705301,7.456918819705301,0.0,True,recontact_or_first_touch,"[6.594869450922187,9.153310935531369]","[6.594869450922187,9.153310935531369]",5.459000105453132,0.026336062848215228,"[-0.4407027144277019,-0.29044528514213996]","[-0.4407027144277019,-0.29044528514213996]",3.177966370133908e-11,"[-0.7205739174106148,-0.6933781288355729]","[0.6933781288355729,-0.7205739174106148]","[-0.7200155910976801,0.0]",-0.00012283461565734677,0.40295673669342547,0.3897887052693178,"[0.07168153032036395,0.19793639341403887]",0.0,,0.0,0.9831897294479686,0.9831897294479686,,0.0,0.3897887246244151
FS-010,mover,rect,1,746,1153,7.457300507697764,7.457300507697764,0.0,True,recontact_or_first_touch,"[6.594701314122467,9.153200107613594]","[6.594701314122467,9.153200107613594]",5.459010170749469,0.026370482005208952,"[-0.4405084860924378,-0.29036259972308054]","[-0.4405084860924378,-0.29036259972308054]",5.2504189314014396e-11,"[-0.7203605615345118,-0.6935997847358971]","[0.6935997847358971,-0.7203605615345118]","[-0.7199813525762224,0.0]",-7.420562936541475e-05,0.4030080854178161,0.3898228444152116,"[0.07168153032036395,0.19793639341403887]",0.0,,0.0,0.9831897294479686,0.9831897294479686,,0.0,0.3898228514794356
FS-010,mover,rect,1,746,1156,7.457530767840624,7.457530767840624,0.0,True,recontact_or_first_touch,"[6.594599909547292,9.15313326016214]","[6.594599909547292,9.15313326016214]",5.459016247599194,0.026391235796463148,"[-0.44039135004149405,-0.2903127333489716]","[-0.44039135004149405,-0.2903127333489716]",8.703149422207269e-11,"[-0.7202318093955256,-0.6937334796121976]","[0.6937334796121976,-0.7202318093955256]","[-0.7199606953475904,0.0]",-4.4927260577865e-05,0.4030390799425928,0.38984346204436127,"[0.07168153032036395,0.19793639341403887]",0.0,,0.0,0.9831897294479686,0.9831897294479686,,0.0,0.38984346463287
FS-010,mover,rect,1,746,1159,7.457669890815356,7.457669890815356,0.0,True,recontact_or_first_touch,"[6.594538650837038,9.153092875181974]","[6.594538650837038,9.153092875181974]",5.45901992097043,0.02640377150932629,"[-0.44032058955479264,-0.29028260963451774]","[-0.44032058955479264,-0.29028260963451774]",1.4404294251596841e-10,"[-0.7201540023727971,-0.6938142495412165]","[0.6938142495412165,-0.7201540023727971]","[-0.7199482134568429,0.0]",-2.7258431382098935e-05,0.4030578131761128,0.3898559274214497,"[0.07168153032036395,0.19793639341403887]",0.0,,0.0,0.9831897294479686,0.9831897294479686,,0.0,0.38985592837286404
FS-010,mover,rect,1,746,1162,7.457754194865251,7.457754194865251,0.0,True,recontact_or_first_touch,"[6.594501533642522,9.153068404721084]","[6.594501533642522,9.153068404721084]",5.459022147555579,0.026411366380764384,"[-0.4402777157411196,-0.29026435764629166]","[-0.4402777157411196,-0.29026435764629166]",2.377057906730038e-10,"[-0.7201068482823597,-0.6938631904466808]","[0.6938631904466808,-0.7201068482823597]","[-0.7199406495349195,0.0]",-1.6559433760832132e-05,0.4030691672452196,0.38986348405483745,"[0.07168153032036395,0.19793639341403887]",0.0,,0.0,0.9831897294479686,0.9831897294479686,,0.0,0.3898634844007886
FS-010,mover,rect,1,746,1165,7.457805868355523,7.457805868355523,0.0,True,recontact_or_first_touch,"[6.594478784314104,9.153053406326677]","[6.594478784314104,9.153053406326677]",5.459023512563588,0.026416021090101834,"[-0.44025143837333025,-0.29025317098057557]","[-0.44025143837333025,-0.29025317098057557]",3.878098212722661e-10,"[-0.7200779434909621,-0.6938931872398134]","[0.6938931872398134,-0.7200779434909621]","[-0.7199360131787801,0.0]",-1.000446612164918e-05,0.40307612748498906,0.3898681169399381,"[0.07168153032036395,0.19793639341403887]",0.0,,0.0,0.9831897294479686,0.9831897294479686,,0.0,0.389868117075837
FS-010,mover,rect,1,746,1166,7.457805868355523,7.459999999999885,0.002194131644362359,False,sustained_or_free,"[6.594478784314104,9.153053406326677]","[6.593513599793308,9.152415993761448]",5.459023512563588,0.026416021090101834,"[-0.44025143837333025,-0.29025317098057557]","[-0.43989362410219146,-0.2905078949419881]",3.878098212722661e-10,"[-0.7200779434909621,-0.6938931872398134]","[0.6938931872398134,-0.7200779434909621]","[-0.7199360131787801,0.0]",-1.000446612164918e-05,0.40307612748498906,0.3898681169399381,"[0.07168153032036395,0.19793639341403887]",0.0010508720130838478,0.4789466556320708,1.0046782039865163e-05,0.9831897294479686,0.9831796826659287,,0.0,0.39020118380607843
FS-010,mover,rect,1,747,1168,7.463217171117802,7.463217171117802,0.0,True,recontact_or_first_touch,"[6.592103632117694,9.151483626036592]","[6.592103632117694,9.151483626036592]",5.459168466870736,0.02690599706017771,"[-0.4382631895959863,-0.28980980205351653]","[-0.4382631895959863,-0.28980980205351653]",6.2283043603403055e-12,"[-0.7170392934771816,-0.6970327478746923]","[0.6970327478746923,-0.7170392934771816]","[-0.7194500223654585,0.0]",-0.0003849147822744814,0.40380144641870214,0.3903484478886133,"[0.06988736306339781,0.19753956137995293]",0.0,,0.0,0.9831796826659287,0.9831796826659287,,0.0,0.3903486376666308
FS-010,mover,rect,1,747,1171,7.464427317271988,7.464427317271988,0.0,True,recontact_or_first_touch,"[6.591574010144104,9.151133230896917]","[6.591574010144104,9.151133230896917]",5.459201159817238,0.02701570086299121,"[-0.43765124713091236,-0.2895477859949214]","[-0.43765124713091236,-0.2895477859949214]",1.6555614411565717e-11,"[-0.7163573897021366,-0.6977335381212093]","[0.6977335381212093,-0.7163573897021366]","[-0.7193412122960037,0.0]",-0.00023651302644864258,0.4039642322172341,0.3904563817857385,"[0.06988736306339781,0.19753956137995293]",0.0,,0.0,0.9831796826659287,0.9831796826659287,,0.0,0.3904564534176129
FS-010,mover,rect,1,747,1174,7.465172835903652,7.465172835903652,0.0,True,recontact_or_first_touch,"[6.591248013765745,9.15091748785059]","[6.591248013765745,9.15091748785059]",5.459221350831603,0.027083178753374598,"[-0.4372746226753684,-0.2893865252511594]","[-0.4372746226753684,-0.2893865252511594]",2.6872109351688503e-11,"[-0.7159368679502265,-0.6981650242669137]","[0.6981650242669137,-0.7159368679502265]","[-0.7192741561220531,0.0]",-0.00014568768524891862,0.4040646936273772,0.3905231042506899,"[0.06988736306339781,0.19753956137995293]",0.0,,0.0,0.9831796826659287,0.9831796826659287,,0.0,0.39052313142661044
FS-010,mover,rect,1,747,1177,7.465632489735561,7.465632489735561,0.0,True,recontact_or_first_touch,"[6.591047125482042,9.150784515899787]","[6.591047125482042,9.150784515899787]",5.459233818823416,0.027124742464228635,"[-0.43704255193325287,-0.28928715823211143]","[-0.43704255193325287,-0.28928715823211143]",4.3582816858137824e-11,"[-0.7156774292526645,-0.6984309681409447]","[0.6984309681409447,-0.7156774292526645]","[-0.7192328035103738,0.0]",-8.991618591969175e-05,0.4041267003283116,0.3905643290961973,"[0.06988736306339781,0.19753956137995293]",0.0,,0.0,0.9831796826659287,0.9831796826659287,,0.0,0.39056433944570346
FS-010,mover,rect,1,747,1180,7.465916147720243,7.465916147720243,0.0,True,recontact_or_first_touch,"[6.590923195481219,9.150702474675175]","[6.590923195481219,9.150702474675175]",5.459241520244542,0.02715037665633788,"[-0.4368993912225257,-0.2892258601633176]","[-0.4368993912225257,-0.2892258601633176]",7.062240314245387e-11,"[-0.7155172641912523,-0.6985950505437796]","[0.6985950505437796,-0.7155172641912523]","[-0.7192072809834249,0.0]",-5.558545803671655e-05,0.4041649907138418,0.39058980238567287,"[0.06988736306339781,0.19753956137995293]",0.0,,0.0,0.9831796826659287,0.9831796826659287,,0.0,0.3905898063380967
FS-010,mover,rect,1,747,1183,7.4660926701961285,7.4660926701961285,0.0,True,recontact_or_first_touch,"[6.590846088641749,9.150651426542387]","[6.590846088641749,9.150651426542387]",5.459246315711161,0.027166323123597215,"[-0.43681032165034406,-0.28918772259249037]","[-0.43681032165034406,-0.28918772259249037]",1.1348334840802547e-10,"[-0.7154175682415507,-0.6986971468750578]","[0.6986971468750578,-0.7154175682415507]","[-0.7191913968435122,0.0]",-3.425455453789916e-05,0.40418882883140933,0.39060566726961077,"[0.06988736306339781,0.19753956137995293]",0.0,,0.0,0.9831796826659287,0.9831796826659287,,0.0,0.3906056687721062
FS-010,mover,rect,1,747,1186,7.4662005242412635,7.4662005242412635,0.0,True,recontact_or_first_touch,"[6.590798982750287,9.150620238989541]","[6.590798982750287,9.150620238989541]",5.459249246759603,0.027176064082812056,"[-0.43675590844296747,-0.28916442407890824]","[-0.43675590844296747,-0.28916442407890824]",1.8573441521011094e-10,"[-0.7153566456467385,-0.6987595219594842]","[0.6987595219594842,-0.7153566456467385]","[-0.7191816912570959,0.0]",-2.1234098998318407e-05,0.40420339743769224,0.3906153653962862,"[0.06988736306339781,0.19753956137995293]",0.0,,0.0,0.9831796826659287,0.9831796826659287,,0.0,0.3906153659667152
FS-010,mover,rect,1,747,1189,7.466267263836823,7.466267263836823,0.0,True,recontact_or_first_touch,"[6.5907698360845695,9.15060094123493]","[6.5907698360845695,9.15060094123493]",5.459251060881356,0.027182090902102368,"[-0.43672224071988514,-0.289150008305635]","[-0.43672224071988514,-0.289150008305635]",3.0015336436017646e-10,"[-0.7153189435762546,-0.698798117456645]","[0.698798117456645,-0.7153189435762546]","[-0.7191756853003001,0.0]",-1.3181879814389008e-05,0.40421241381819084,0.3906213683671397,"[0.06988736306339781,0.19753956137995293]",0.0,,0.0,0.9831796826659287,0.9831796826659287,,0.0,0.3906213685795081
FS-010,mover,rect,1,747,1192,7.466307315874557,7.466307315874557,0.0,True,recontact_or_first_touch,"[6.590752345278105,9.150589360534369]","[6.590752345278105,9.150589360534369]",5.459252149724336,0.027185707439541244,"[-0.43670203699003346,-0.2891413575174498]","[-0.43670203699003346,-0.2891413575174498]",5.001507339150822e-10,"[-0.7152963164004976,-0.6988212788287712]","[0.6988212788287712,-0.7152963164004976]","[-0.719172080913596,0.0]",-8.351310620158259e-06,0.4042178252767543,0.3906249715569836,"[0.06988736306339781,0.19753956137995293]",0.0,,0.0,0.9831796826659287,0.9831796826659287,,0.0,0.39062497163770526
FS-010,mover,rect,1,747,1193,7.466307315874557,7.469999999999885,0.00369268412532778,False,sustained_or_free,"[6.590752345278105,9.150589360534369]","[6.589141962109484,9.149520053432461]",5.459252149724336,0.027185707439541244,"[-0.43670203699003346,-0.2891413575174498]","[-0.43610098074060866,-0.28957448447144163]",5.001507339150822e-10,"[-0.7152963164004976,-0.6988212788287712]","[0.6988212788287712,-0.7152963164004976]","[-0.719172080913596,0.0]",-8.351310620158259e-06,0.4042178252767543,0.3906249715569836,"[0.06988736306339781,0.19753956137995293]",0.0017589897482296335,0.4763444932007276,1.671637433795377e-05,0.9831796826659287,0.9831629662915907,,0.0,0.39118861461168336
FS-010,mover,rect,1,748,1195,7.47553629380019,7.47553629380019,0.0,True,recontact_or_first_touch,"[6.586742961945244,9.147923517698182]","[6.586742961945244,9.147923517698182]",5.45950890986936,0.02802313681441501,"[-0.4333224085955291,-0.28837626612073175]","[-0.4333224085955291,-0.28837626612073175]",3.617728541200004e-12,"[-0.7100483099674163,-0.7041529645697844]","[0.7041529645697844,-0.7100483099674163]","[-0.7183401924848196,0.0]",-0.0006846069392293097,0.4054571978744935,0.39144562946728595,"[0.06788572450057337,0.19732684173857754]",0.0,,0.0,0.9831629662915907,0.9831629662915907,,0.0,0.3914462281280927
FS-010,mover,rect,1,748,1198,7.477744296798538,7.477744296798538,0.0,True,recontact_or_first_touch,"[6.585788622179845,9.147287833167892]","[6.585788622179845,9.147287833167892]",5.459571226980467,0.02822329097993576,"[-0.4322185097177635,-0.28790021153277595]","[-0.4322185097177635,-0.28790021153277595]",9.06883571649561e-12,"[-0.7087852351462779,-0.7054243336025741]","[0.7054243336025741,-0.7087852351462779]","[-0.7181407679044711,0.0]",-0.0004343398621282357,0.4057559375734231,0.3916442920834552,"[0.06788572450057337,0.19732684173857754]",0.0,,0.0,0.9831629662915907,0.9831629662915907,,0.0,0.39164453292854656
FS-010,mover,rect,1,748,1201,7.479151247387445,7.479151247387445,0.0,True,recontact_or_first_touch,"[6.585181499977173,9.146883197824337]","[6.585181499977173,9.146883197824337]",5.459611114678464,0.028350461140215766,"[-0.43151636415613237,-0.2875974087117967]","[-0.43151636415613237,-0.2875974087117967]",1.4230854788988759e-11,"[-0.7079788812233301,-0.7062336042286307]","[0.7062336042286307,-0.7079788812233301]","[-0.7180136134501363,0.0]",-0.0002769524926163891,0.4059468766329995,0.3917716460628916,"[0.06788572450057337,0.19732684173857754]",0.0,,0.0,0.9831629662915907,0.9831629662915907,,0.0,0.39177174395519015
FS-010,mover,rect,1,749,1205,7.480660668605215,7.480660668605215,0.0,True,recontact_or_first_touch,"[6.584531015823353,9.14644946164775]","[6.584531015823353,9.14644946164775]",5.459654062572174,0.02848685423653122,"[-0.4307645565275753,-0.2872726056743868]","[-0.4307645565275753,-0.2872726056743868]",3.0302884822849856e-11,"[-0.7071124856528732,-0.7071010766742016]","[0.7071010766742016,-0.7071124856528732]","[-0.7178771287963637,0.0]",-0.0001098841321891253,0.4061516552363531,0.3919082281180875,"[0.06653042193535551,0.19638338818390466]",0.0,,0.0,0.9831629662915907,0.9831629662915907,,0.0,0.39190824352266845
FS-010,mover,rect,1,749,1208,7.481018601579833,7.481018601579833,0.0,True,recontact_or_first_touch,"[6.5843768946947465,9.14634666489772]","[6.5843768946947465,9.14634666489772]",5.4596642705465115,0.028519234218942546,"[-0.4305865609932777,-0.2871955291049368]","[-0.4305865609932777,-0.2871955291049368]",5.593112984364471e-11,"[-0.7069068356914924,-0.7073066701598688]","[0.7073066701598688,-0.7069068356914924]","[-0.7178447533117046,0.0]",-7.053361773720623e-05,0.40620011818920454,0.39194050107973327,"[0.06653042193535551,0.19638338818390466]",0.0,,0.0,0.9831629662915907,0.9831629662915907,,0.0,0.3919405074270918
FS-010,mover,rect,1,749,1211,7.481248180274988,7.481248180274988,0.0,True,recontact_or_first_touch,"[6.5842780673964745,9.146280742269283]","[6.5842780673964745,9.146280742269283]",5.459670822720865,0.02853999300281549,"[-0.43047242779025907,-0.28714610644783434]","[-0.43047242779025907,-0.28714610644783434]",8.720011025609864e-11,"[-0.7067748912924069,-0.7074385153768533]","[0.7074385153768533,-0.7067748912924069]","[-0.7178239855083764,0.0]",-4.534927277360934e-05,0.40623121755303715,0.3919612210516294,"[0.06653042193535551,0.19638338818390466]",0.0,,0.0,0.9831629662915907,0.9831629662915907,,0.0,0.39196122367216957
FS-010,mover,rect,1,749,1214,7.481395335215014,7.481395335215014,0.0,True,recontact_or_first_touch,"[6.58421473201556,9.146238491962041]","[6.58421473201556,9.146238491962041]",5.459675024479266,0.02855329491486996,"[-0.4303992846077604,-0.28711443349722826]","[-0.4303992846077604,-0.28711443349722826]",1.3604089623575723e-10,"[-0.7066903012725984,-0.7075230159417036]","[0.7075230159417036,-0.7066903012725984]","[-0.7178106729262658,0.0]",-2.9229308372319407e-05,0.4062511577869687,0.3919745103295337,"[0.06653042193535551,0.19638338818390466]",0.0,,0.0,0.9831629662915907,0.9831629662915907,,0.0,0.39197451141657524
FS-010,mover,rect,1,749,1217,7.481492578724882,7.481492578724882,0.0,True,recontact_or_first_touch,"[6.584172883178152,9.146210573981879]","[6.584172883178152,9.146210573981879]",5.459677801956506,0.028562083412992753,"[-0.4303509557181214,-0.2870935057818704]","[-0.4303509557181214,-0.2870935057818704]",2.0586426089342186e-10,"[-0.7066343950230555,-0.707578851980753]","[0.707578851980753,-0.7066343950230555]","[-0.717801875278908,0.0]",-1.8586589608043935e-05,0.40626433743685325,0.39198329573035684,"[0.06653042193535551,0.19638338818390466]",0.0,,0.0,0.9831629662915907,0.9831629662915907,,0.0,0.3919832961662367
FS-010,mover,rect,1,749,1220,7.481552801757065,7.481552801757065,0.0,True,recontact_or_first_touch,"[6.584146967941038,9.146193285120905]","[6.584146967941038,9.146193285120905]",5.459679522379511,0.028567525456017324,"[-0.4303210279172169,-0.2870805462139118]","[-0.4303210279172169,-0.2870805462139118]",3.32412349227472e-10,"[-0.7065997694031301,-0.7076134296912711]","[0.7076134296912711,-0.7065997694031301]","[-0.7177964267351585,0.0]",-1.199939023915908e-05,0.4062725006643044,0.39198873793629574,"[0.06653042193535551,0.19638338818390466]",0.0,,0.0,0.9831629662915907,0.9831629662915907,,0.0,0.3919887381242323
FS-010,mover,rect,1,749,1223,7.481588377235634,7.481588377235634,0.0,True,recontact_or_first_touch,"[6.584131659693448,9.146183072365423]","[6.584131659693448,9.146183072365423]",5.459680538797259,0.028570739989323878,"[-0.4303033495603724,-0.28707289101923555]","[-0.4303033495603724,-0.28707289101923555]",5.627142231425398e-10,"[-0.706579314054709,-0.7076338551468389]","[0.7076338551468389,-0.706579314054709]","[-0.7177932080698813,0.0]",-8.109556755842018e-06,0.4062773233127767,0.39199195331811476,"[0.06653042193535551,0.19638338818390466]",0.0,,0.0,0.9831629662915907,0.9831629662915907,,0.0,0.39199195340267395
FS-010,mover,rect,1,749,1224,7.481588377235634,7.489999999999885,0.008411622764250616,False,sustained_or_free,"[6.584131659693448,9.146183072365423]","[6.58052370957243,9.143760036993376]",5.459680538797259,0.028570739989323878,"[-0.4303033495603724,-0.28707289101923555]","[-0.42892438500116553,-0.2880580168602909]",5.627142231425398e-10,"[-0.706579314054709,-0.7076338551468389]","[0.7076338551468389,-0.706579314054709]","[-0.7177932080698813,0.0]",-8.109556755842018e-06,0.4062773233127767,0.39199195331811476,"[0.06653042193535551,0.19638338818390466]",0.003939235869542921,0.46830867003269183,3.672660356960535e-05,0.9831629662915907,0.9831262396880212,,0.0,0.39328644548842473
FS-010,mover,rect,1,752,1228,7.51603686038555,7.51603686038555,0.0,True,recontact_or_first_touch,"[6.569579803749052,9.136358191786057]","[6.569579803749052,9.136358191786057]",5.460732153368049,0.03167465871980237,"[-0.4162148209297264,-0.28247234139101474]","[-0.4162148209297264,-0.28247234139101474]",3.3120856929186096e-12,"[-0.6863370464436483,-0.7272836163966636]","[0.7272836163966636,-0.6863370464436483]","[-0.714657832555499,0.0]",-0.0006050108479100091,0.4109239452758344,0.3950866159159332,"[0.06152603239809803,0.19468217439336416]",0.0,,0.0,0.9831262396880212,0.9831262396880212,,0.0,0.3950870791535322
FS-010,mover,rect,1,752,1231,7.518169374576953,7.518169374576953,0.0,True,recontact_or_first_touch,"[6.56869440572984,9.13575678076045]","[6.56869440572984,9.13575678076045]",5.460800103192852,0.03186371517583354,"[-0.41518974306563955,-0.28201970614336414]","[-0.41518974306563955,-0.28201970614336414]",9.3736932086694e-12,"[-0.6850602229577498,-0.7284864383920117]","[0.7284864383920117,-0.6850602229577498]","[-0.7144625144590971,0.0]",-0.0004276597887553357,0.41121663810917874,0.39528478052126204,"[0.06152603239809803,0.19468217439336416]",0.0,,0.0,0.9831262396880212,0.9831262396880212,,0.0,0.39528501186464426
FS-010,mover,rect,1,752,1234,7.519684094876977,7.519684094876977,0.0,True,recontact_or_first_touch,"[6.568066610282449,9.135330085901389]","[6.568066610282449,9.135330085901389]",5.460848570621534,0.031997609513279214,"[-0.4144629522559732,-0.2816987790121353]","[-0.4144629522559732,-0.2816987790121353]",1.319566935567184e-11,"[-0.684151602401467,-0.7293398281538622]","[0.7293398281538622,-0.684151602401467]","[-0.7143236938587729,0.0]",-0.0003039322110158782,0.41142505280636477,0.39542624804972515,"[0.06152603239809803,0.19468217439336416]",0.0,,0.0,0.9831262396880212,0.9831262396880212,,0.0,0.39542636485404575
FS-010,mover,rect,1,753,1238,7.52119242211544,7.52119242211544,0.0,True,recontact_or_first_touch,"[6.5674423733639085,9.134905594320255]","[6.5674423733639085,9.134905594320255]",5.460897001592256,0.03213119992539428,"[-0.413740891526253,-0.28137906396096096]","[-0.413740891526253,-0.28137906396096096]",1.6761025757156332e-11,"[-0.683245417025589,-0.7301888112765965]","[0.7301888112765965,-0.683245417025589]","[-0.7141853877307467,0.0]",-0.0001825191294932138,0.4116321654364319,0.3955665654737347,"[0.060335441834991586,0.19396664351853124]",0.0,,0.0,0.9831262396880212,0.9831262396880212,,0.0,0.3955666075817021
FS-010,mover,rect,1,753,1241,7.521843293491541,7.521843293491541,0.0,True,recontact_or_first_touch,"[6.567173283800256,9.1347225424882]","[6.567173283800256,9.1347225424882]",5.460917952369724,0.032188813699332755,"[-0.41342970905344356,-0.28124117725283676]","[-0.41342970905344356,-0.28124117725283676]",3.070533292331586e-11,"[-0.682853949393282,-0.730554914977647]","[0.730554914977647,-0.682853949393282]","[-0.7141256840390573,0.0]",-0.00013069025056963723,0.4117215710588514,0.395627164209185,"[0.060335441834991586,0.19396664351853124]",0.0,,0.0,0.9831262396880212,0.9831262396880212,,0.0,0.39562718579449824
FS-010,mover,rect,1,753,1244,7.522309571331473,7.522309571331473,0.0,True,recontact_or_first_touch,"[6.566980614577222,9.134591451993403]","[6.566980614577222,9.134591451993403]",5.460932980528142,0.032230050693280304,"[-0.4132069048402579,-0.2811424510682275]","[-0.4132069048402579,-0.2811424510682275]",4.2860023662814805e-11,"[-0.6825733457595765,-0.7308170958992253]","[0.7308170958992253,-0.6825733457595765]","[-0.7140829047439655,0.0]",-9.377171064031686e-05,0.4117856679360913,0.39567064258945106,"[0.060335441834991586,0.19396664351853124]",0.0,,0.0,0.9831262396880212,0.9831262396880212,,0.0,0.39567065370001625
FS-010,mover,rect,1,753,1247,7.522645145743719,7.522645145743719,0.0,True,recontact_or_first_touch,"[6.566842006700707,9.134497131614426]","[6.566842006700707,9.134497131614426]",5.460943806061156,0.03225970937873546,"[-0.41304661933894987,-0.2810714271864266]","[-0.41304661933894987,-0.2810714271864266]",5.955248573795266e-11,"[-0.6823713159952197,-0.7310057367127512]","[0.7310057367127512,-0.6823713159952197]","[-0.71405211279849,0.0]",-6.731100554124847e-05,0.41183182215883285,0.3957019674694651,"[0.060335441834991586,0.19396664351853124]",0.0,,0.0,0.9831262396880212,0.9831262396880212,,0.0,0.3957019731936165
FS-010,mover,rect,1,753,1250,7.522885163454126,7.522885163454126,0.0,True,recontact_or_first_touch,"[6.566742895705388,9.134429681683308]","[6.566742895705388,9.134429681683308]",5.460951554051936,0.03228091280167732,"[-0.4129320088548931,-0.2810206421987867]","[-0.4129320088548931,-0.2810206421987867]",8.326056691016091e-11,"[-0.6822267728967819,-0.7311406365008328]","[0.7311406365008328,-0.6822267728967819]","[-0.7140300868691252,0.0]",-4.8441118020686735e-05,0.4118648462531625,0.39572438985232383,"[0.060335441834991586,0.19396664351853124]",0.0,,0.0,0.9831262396880212,0.9831262396880212,,0.0,0.39572439281510047
FS-010,mover,rect,1,753,1253,7.523059442116144,7.523059442116144,0.0,True,recontact_or_first_touch,"[6.566670944967781,9.134380712207061]","[6.566670944967781,9.134380712207061]",5.460957182608525,0.032296303653407105,"[-0.41284880647065336,-0.28098377437431776]","[-0.41284880647065336,-0.28098377437431776]",1.146658480945899e-10,"[-0.6821217968034591,-0.7312385755180184]","[0.7312385755180184,-0.6821217968034591]","[-0.7140140925456686,0.0]",-3.476884483524789e-05,0.411888831833798,0.3957406800070945,"[0.060335441834991586,0.19396664351853124]",0.0,,0.0,0.9831262396880212,0.9831262396880212,,0.0,0.3957406815381168
FS-010,mover,rect,1,753,1256,7.523182812285924,7.523182812285924,0.0,True,recontact_or_first_touch,"[6.566620019005633,9.134346050410398]","[6.566620019005633,9.134346050410398]",5.460961168352792,0.03230719609248351,"[-0.4127899170289403,-0.28095767983991593]","[-0.4127899170289403,-0.28095767983991593]",1.6198133945705686e-10,"[-0.6820474739925507,-0.7313078990550979]","[0.7313078990550979,-0.6820474739925507]","[-0.7140027697446021,0.0]",-2.5105238316419642e-05,0.4119058143215057,0.3957522162752639,"[0.060335441834991586,0.19396664351853124]",0.0,,0.0,0.9831262396880212,0.9831262396880212,,0.0,0.3957522170773186
FS-010,mover,rect,1,753,1259,7.523274323130657,7.523274323130657,0.0,True,recontact_or_first_touch,"[6.566582248248554,9.134320341506863]","[6.566582248248554,9.134320341506863]",5.460964125550837,0.032315274253023565,"[-0.4127462399639989,-0.2809383260631016]","[-0.4127462399639989,-0.2809383260631016]",2.1837370871725866e-10,"[-0.6819923383378389,-0.7313593169219128]","[0.7313593169219128,-0.6819923383378389]","[-0.7139943706552426,0.0]",-1.7945176671391172e-05,0.41191841300684406,0.3957607758803322,"[0.060335441834991586,0.19396664351853124]",0.0,,0.0,0.9831262396880212,0.9831262396880212,,0.0,0.3957607762862145
FS-010,mover,rect,1,753,1262,7.52333764024078,7.52333764024078,0.0,True,recontact_or_first_touch,"[6.5665561162627535,9.13430255415175]","[6.5665561162627535,9.13430255415175]",5.460966172014473,0.03232086290563027,"[-0.4127160217694893,-0.2809249360505541]","[-0.4127160217694893,-0.2809249360505541]",3.156095764408574e-10,"[-0.6819541865337565,-0.7313948916071827]","[0.7313948916071827,-0.6819541865337565]","[-0.7139885591023517,0.0]",-1.2995030656770545e-05,0.411927131028193,0.3957666995753778,"[0.060335441834991586,0.19396664351853124]",0.0,,0.0,0.9831262396880212,0.9831262396880212,,0.0,0.395766699782568
FS-010,mover,rect,1,753,1265,7.5233828569343695,7.5233828569343695,0.0,True,recontact_or_first_touch,"[6.5665374555845695,9.134289852087344]","[6.5665374555845695,9.134289852087344]",5.460967633637473,0.03232485359728043,"[-0.4126944432012964,-0.28091537435350317]","[-0.4126944432012964,-0.28091537435350317]",4.419481384089567e-10,"[-0.6819269396509178,-0.731420295711251]","[0.731420295711251,-0.6819269396509178]","[-0.713984408817038,0.0]",-9.46197960316475e-06,0.41193335727927466,0.39577093048063444,"[0.060335441834991586,0.19396664351853124]",0.0,,0.0,0.9831262396880212,0.9831262396880212,,0.0,0.39577093058824975
FS-010,mover,rect,1,753,1266,7.523382856934369,7.529999999999884,0.006617143065514934,False,sustained_or_free,"[6.5665374555845695,9.134289852087344]","[6.563814114076194,9.132425947393168]",5.460967633637473,0.03232485359728043,"[-0.4126944432012964,-0.28091537435350317]","[-0.4115585051452875,-0.2816781616660873]",4.419481384089567e-10,"[-0.6819269396509178,-0.731420295711251]","[0.731420295711251,-0.6819269396509178]","[-0.713984408817038,0.0]",-9.46197960316475e-06,0.41193335727927466,0.39577093048063444,"[0.060335441834991586,0.19396664351853124]",0.002949638699615064,0.4457571296874368,2.5907058664726605e-05,0.9831262396880212,0.9831003326293565,,0.0,0.3968315448070576
FS-010,mover,rect,1,755,1269,7.54866531275668,7.54866531275668,0.0,True,recontact_or_first_touch,"[6.556255783772738,9.127223599990444]","[6.556255783772738,9.127223599990444]",5.461822794137338,0.0345588064690385,"[-0.4027645135878751,-0.2777422444854722]","[-0.4027645135878751,-0.2777422444854722]",2.304548539302216e-12,"[-0.6664465639457346,-0.7455527998773285]","[0.7455527998773285,-0.6664465639457346]","[-0.711653802276544,0.0]",-0.0012133029341518387,0.41539363853387257,0.39811423529935336,"[0.057487659296258944,0.19381064375341564]",0.0,,0.0,0.9831003326293565,0.9831003326293565,,0.0,0.39811608414131905
FS-010,mover,rect,1,756,1273,7.555200994988523,7.555200994988523,0.0,True,recontact_or_first_touch,"[6.553640072518308,9.125415834139387]","[6.553640072518308,9.125415834139387]",5.462051786180303,0.03513004582850711,"[-0.3997268232777632,-0.27637772659774557]","[-0.3997268232777632,-0.27637772659774557]",3.838006784153384e-12,"[-0.6623796576590177,-0.7491683316314983]","[0.7491683316314983,-0.6623796576590177]","[-0.7110480766223023,0.0]",-0.0008405751230073089,0.41629900789794766,0.3987339849836941,"[0.056562756560233504,0.1933599985396174]",0.0,,0.0,0.9831003326293565,0.9831003326293565,,0.0,0.39873487099524946
FS-010,mover,rect,1,756,1276,7.5584651840873756,7.5584651840873756,0.0,True,recontact_or_first_touch,"[6.552340216001251,9.124515899582207]","[6.552340216001251,9.124515899582207]",5.462167382337967,0.03541343781350919,"[-0.3982172838927758,-0.27569927168028735]","[-0.3982172838927758,-0.27569927168028735]",6.113991924833982e-12,"[-0.6603383688960593,-0.7509682007673109]","[0.7509682007673109,-0.6603383688960593]","[-0.7107450533287534,0.0]",-0.0006673085025262482,0.41675322407034954,0.39904650516359497,"[0.056562756560233504,0.1933599985396174]",0.0,,0.0,0.9831003326293565,0.9831003326293565,,0.0,0.39904706311871796
FS-010,mover,rect,1,757,1280,7.562889627337745,7.562889627337745,0.0,True,recontact_or_first_touch,"[6.550585300338338,9.123299222326228]","[6.550585300338338,9.123299222326228]",5.462325378533161,0.03579678143113737,"[-0.39617988668535836,-0.27478217689970896]","[-0.39617988668535836,-0.27478217689970896]",6.905159780653999e-12,"[-0.6575607170294748,-0.7534015552278103]","[0.7534015552278103,-0.6575607170294748]","[-0.710333790321016,0.0]",-0.0004460532928524663,0.4173700048490847,0.39947161413351606,"[0.055682546804118604,0.19300868857496198]",0.0,,0.0,0.9831003326293565,0.9831003326293565,,0.0,0.39947186316669164
FS-010,mover,rect,1,757,1283,7.564656000798395,7.564656000798395,0.0,True,recontact_or_first_touch,"[6.549886930700217,9.122814499496]","[6.549886930700217,9.122814499496]",5.462388878600375,0.03594940063854424,"[-0.3953691864593293,-0.27441695713047404]","[-0.3953691864593293,-0.27441695713047404]",1.1294897208391088e-11,"[-0.6564483170906854,-0.7543710008933318]","[0.7543710008933318,-0.6564483170906854]","[-0.7101694311285891,0.0]",-0.00036210377974660313,0.41761672534206173,0.39964202502278956,"[0.055682546804118604,0.19300868857496198]",0.0,,0.0,0.9831003326293565,0.9831003326293565,,0.0,0.39964218906819166
FS-010,mover,rect,1,757,1286,7.566096621543786,7.566096621543786,0.0,True,recontact_or_first_touch,"[6.549318304657012,9.122419597168287]","[6.549318304657012,9.122419597168287]",5.462440846911187,0.03607355438847671,"[-0.3947090481826775,-0.27411956198509524]","[-0.3947090481826775,-0.27411956198509524]",1.3847908117122542e-11,"[-0.6555395927815122,-0.7551608055876903]","[0.7551608055876903,-0.6555395927815122]","[-0.7100353109216512,0.0]",-0.0002954993867863853,0.4178182606300749,0.3997814834358365,"[0.055682546804118604,0.19300868857496198]",0.0,,0.0,0.9831003326293565,0.9831003326293565,,0.0,0.3997815926454743
FS-010,mover,rect,1,757,1289,7.567276707599134,7.567276707599134,0.0,True,recontact_or_first_touch,"[6.548853151317428,9.122096399606633]","[6.548853151317428,9.122096399606633]",5.462483536573377,0.036175041638507356,"[-0.39416899935040894,-0.27387626537008275]","[-0.39416899935040894,-0.27387626537008275]",1.6904211943209136e-11,"[-0.654794223642306,-0.7558072007361862]","[0.7558072007361862,-0.654794223642306]","[-0.7099253980458393,0.0]",-0.00024218753357838074,0.41798355636958995,0.39989603555033626,"[0.055682546804118604,0.19300868857496198]",0.0,,0.0,0.9831003326293565,0.9831003326293565,,0.0,0.39989610888769733
FS-010,mover,rect,1,757,1292,7.5682469022446845,7.5682469022446845,0.0,True,recontact_or_first_touch,"[6.548471160966248,9.121830880176397]","[6.548471160966248,9.121830880176397]",5.462518714215422,0.03625833455879628,"[-0.393725478626829,-0.27367645395080636]","[-0.393725478626829,-0.27367645395080636]",2.056028306293047e-11,"[-0.6541807604162873,-0.7563382396131827]","[0.7563382396131827,-0.6541807604162873]","[-0.7098350019124362,0.0]",-0.0001991990869225635,0.41811959112037006,0.39999042384097194,"[0.055682546804118604,0.19300868857496198]",0.0,,0.0,0.9831003326293565,0.9831003326293565,,0.0,0.39999047344231037
FS-010,mover,rect,1,757,1295,7.569046634947778,7.569046634947778,0.0,True,recontact_or_first_touch,"[6.548156577945816,9.121612143770907]","[6.548156577945816,9.121612143770907]",5.462547766021898,0.03632689567859588,"[-0.3933602054966415,-0.27351189296564066]","[-0.3933602054966415,-0.27351189296564066]",2.494170564271014e-11,"[-0.6536746294645868,-0.7567757123443744]","[0.7567757123443744,-0.6536746294645868]","[-0.7097604662257931,0.0]",-0.0001643344391041579,0.41823181798772235,0.40006837014842445,"[0.055682546804118604,0.19300868857496198]",0.0,,0.0,0.9831003326293565,0.9831003326293565,,0.0,0.40006840390009846
FS-010,mover,rect,1,757,1298,7.5697081621660764,7.5697081621660764,0.0,True,recontact_or_first_touch,"[6.547896559197646,9.12143129819296]","[6.547896559197646,9.12143129819296]",5.462571834725258,0.03638354204392633,"[-0.39305827633087626,-0.2733758686647469]","[-0.39305827633087626,-0.2733758686647469]",3.015152755243042e-11,"[-0.6532556560534446,-0.7571374035366261]","[0.7571374035366261,-0.6532556560534446]","[-0.7096987963458662,0.0]",-0.0001358847549000619,0.4183247136124061,0.4001329425904429,"[0.055682546804118604,0.19300868857496198]",0.0,,0.0,0.9831003326293565,0.9831003326293565,,0.0,0.4001329656637246
FS-010,mover,rect,1,758,1302,7.570618563796949,7.570618563796949,0.0,True,recontact_or_first_touch,"[6.547539013872658,9.121182549679855]","[6.547539013872658,9.121182549679855]",5.462605014038927,0.036461771982859326,"[-0.3926432554722566,-0.2731886298958507]","[-0.3926432554722566,-0.2731886298958507]",3.2244518728709084e-11,"[-0.6526786020397997,-0.7576349004892613]","[0.7576349004892613,-0.6526786020397997]","[-0.7096139032479135,0.0]",-9.728114807497357e-05,0.41845239823911856,0.4002215122476889,"[0.054841440991472576,0.1927456585055944]",0.0,,0.0,0.9831003326293565,0.9831003326293565,,0.0,0.40022152407118944
FS-010,mover,rect,1,758,1305,7.571011662140542,7.571011662140542,0.0,True,recontact_or_first_touch,"[6.547384736843055,9.121075191457205]","[6.547384736843055,9.121075191457205]",5.4626193603952045,0.03649559076249113,"[-0.3924642067758687,-0.273107797067839]","[-0.3924642067758687,-0.273107797067839]",5.073742187220571e-11,"[-0.6524292744123493,-0.7578496169358243]","[0.7578496169358243,-0.6524292744123493]","[-0.7095772396529448,0.0]",-8.081344335836294e-05,0.418507512368575,0.4002597169873294,"[0.054841440991472576,0.1927456585055944]",0.0,,0.0,0.9831003326293565,0.9831003326293565,,0.0,0.4002597251459555
FS-010,mover,rect,1,758,1308,7.571338933380013,7.571338933380013,0.0,True,recontact_or_first_touch,"[6.5472563433631095,9.120985833146426]","[6.5472563433631095,9.120985833146426]",5.462631313561623,0.03652373009544563,"[-0.39231519443366814,-0.2730405241954423]","[-0.39231519443366814,-0.2730405241954423]",6.094174909133613e-11,"[-0.6522216229576494,-0.7580283336040218]","[0.7580283336040218,-0.6522216229576494]","[-0.7095467119678136,0.0]",-6.719834280133341e-05,0.418553412427042,0.4002915473793192,"[0.054841440991472576,0.1927456585055944]",0.0,,0.0,0.9831003326293565,0.9831003326293565,,0.0,0.400291553021475
FS-010,mover,rect,1,758,1311,7.57161130061223,7.57161130061223,0.0,True,recontact_or_first_touch,"[6.547149523326613,9.120911481099071]","[6.547149523326613,9.120911481099071]",5.462641267804291,0.03654713743403359,"[-0.3921912178153462,-0.2729845537926383]","[-0.3921912178153462,-0.2729845537926383]",7.322547448269866e-11,"[-0.6520487554302966,-0.7581770377305034]","[0.7581770377305034,-0.6520487554302966]","[-0.7095213031573007,0.0]",-5.5933132874552705e-05,0.41859162263951555,0.4003180539224987,"[0.054841440991472576,0.1927456585055944]",0.0,,0.0,0.9831003326293565,0.9831003326293565,,0.0,0.4003180578302036
FS-010,mover,rect,1,758,1314,7.571838171516712,7.571838171516712,0.0,True,recontact_or_first_touch,"[6.547060569972879,9.120849559420805]","[6.547060569972879,9.120849559420805]",5.462649563708033,0.03656662700177877,"[-0.3920879759248822,-0.2729379441940379]","[-0.3920879759248822,-0.2729379441940379]",8.790903316872574e-11,"[-0.6519047274789653,-0.7583008811089277]","[0.7583008811089277,-0.6519047274789653]","[-0.7095001368817715,0.0]",-4.6595283287875766e-05,0.4186234574567812,0.40034014395589185,"[0.054841440991472576,0.1927456585055944]",0.0,,0.0,0.9831003326293565,0.9831003326293565,,0.0,0.40034014666472056
FS-010,mover,rect,1,758,1317,7.572025826687606,7.572025826687606,0.0,True,recontact_or_first_touch,"[6.546987008658454,9.120798348437416]","[6.546987008658454,9.120798348437416]",5.4626564286488,0.036582742347144155,"[-0.39200259749774746,-0.27289939916860645]","[-0.39200259749774746,-0.27289939916860645]",1.0627908771132053e-10,"[-0.6517855705797109,-0.7584033029886412]","[0.7584033029886412,-0.6517855705797109]","[-0.7094826280889165,0.0]",-3.890282655763522e-05,0.4186497944312479,0.4003584232576758,"[0.054841440991472576,0.1927456585055944]",0.0,,0.0,0.9831003326293565,0.9831003326293565,,0.0,0.40035842515213776
FS-010,mover,rect,1,758,1320,7.572184339791635,7.572184339791635,0.0,True,recontact_or_first_touch,"[6.546924882539859,9.120755095466734]","[6.546924882539859,9.120755095466734]",5.462662229650036,0.03659635126931654,"[-0.39193049039138833,-0.27286684559933955]","[-0.39193049039138833,-0.27286684559933955]",1.2581717069728267e-10,"[-0.6516849006109658,-0.7584898089728533]","[0.7584898089728533,-0.6516849006109658]","[-0.7094678374848555,0.0]",-3.2427112792166035e-05,0.41867204489310395,0.40037386925844565,"[0.054841440991472576,0.1927456585055944]",0.0,,0.0,0.9831003326293565,0.9831003326293565,,0.0,0.4003738705707601
FS-010,mover,rect,1,758,1323,7.572316498291855,7.572316498291855,0.0,True,recontact_or_first_touch,"[6.546873093538078,9.120719037380082]","[6.546873093538078,9.120719037380082]",5.462667067668091,0.03660769490764559,"[-0.39187038059706186,-0.2728397083168348]","[-0.39187038059706186,-0.2728397083168348]",1.5090624866080208e-10,"[-0.6516009558581398,-0.7585619251747077]","[0.7585619251747077,-0.6516009558581398]","[-0.7094555053889515,0.0]",-2.7043524201963987e-05,0.41869059840429124,0.40038675095046844,"[0.054841440991472576,0.1927456585055944]",0.0,,0.0,0.9831003326293565,0.9831003326293565,,0.0,0.4003867518616644
FS-010,mover,rect,1,758,1326,7.572424452259838,7.572424452259838,0.0,True,recontact_or_first_touch,"[6.546830794875553,9.120689585643694]","[6.546830794875553,9.120689585643694]",5.462671020614133,0.03661695920458617,"[-0.3918212856439493,-0.2728175437977749]","[-0.3918212856439493,-0.2728175437977749]",1.8474020167590978e-10,"[-0.651532377133808,-0.7586208285740442]","[0.7586208285740442,-0.651532377133808]","[-0.7094454314853557,0.0]",-2.265635025680557e-05,0.4187057555277018,0.40039727592540875,"[0.054841440991472576,0.1927456585055944]",0.0,,0.0,0.9831003326293565,0.9831003326293565,,0.0,0.40039727656728724
FS-010,mover,rect,1,758,1329,7.572517640092241,7.572517640092241,0.0,True,recontact_or_first_touch,"[6.5467942858481285,9.120664164150915]","[6.5467942858481285,9.120664164150915]",5.462674433614303,0.03662495502344508,"[-0.39177891021841216,-0.27279841288101414]","[-0.39177891021841216,-0.27279841288101414]",2.1401239825816653e-10,"[-0.6514731726708511,-0.7586716716012107]","[0.7586716716012107,-0.6514731726708511]","[-0.7094367352165415,0.0]",-1.8876835342934717e-05,0.4187188406277027,0.40040636311598016,"[0.054841440991472576,0.1927456585055944]",0.0,,0.0,0.9831003326293565,0.9831003326293565,,0.0,0.40040636355913556
FS-010,mover,rect,1,758,1332,7.57259532701789,7.57259532701789,0.0,True,recontact_or_first_touch,"[6.546763852493247,9.120642972519795]","[6.546763852493247,9.120642972519795]",5.462677279412235,0.036631619899303226,"[-0.39174358654536695,-0.2727824655569231]","[-0.39174358654536695,-0.2727824655569231]",2.5671342805187485e-10,"[-0.6514238120514891,-0.7587140548930844]","[0.7587140548930844,-0.6514238120514891]","[-0.7094294852825168,0.0]",-1.5731356068721114e-05,0.41872974998711165,0.40041394003746,"[0.054841440991472576,0.1927456585055944]",0.0,,0.0,0.9831003326293565,0.9831003326293565,,0.0,0.40041394034296346
FS-010,mover,rect,1,758,1335,7.572657358258791,7.572657358258791,0.0,True,recontact_or_first_touch,"[6.546739553901938,9.120626052274785]","[6.546739553901938,9.120626052274785]",5.462679552047152,0.03663694105909566,"[-0.3917153833457115,-0.2727697328615455]","[-0.3917153833457115,-0.2727697328615455]",3.2150275576262076e-10,"[-0.6513843959733494,-0.758747895339707]","[0.758747895339707,-0.6513843959733494]","[-0.7094236962404542,0.0]",-1.3223230417858112e-05,0.41873846142064486,0.40041999089109703,"[0.054841440991472576,0.1927456585055944]",0.0,,0.0,0.9831003326293565,0.9831003326293565,,0.0,0.40041999109776355
FS-010,mover,rect,1,758,1338,7.572712463591724,7.572712463591724,0.0,True,recontact_or_first_touch,"[6.546717969675866,9.120611021831106]","[6.546717969675866,9.120611021831106]",5.462681571198447,0.036641667649219514,"[-0.39169033055750996,-0.27275842244027704]","[-0.39169033055750996,-0.27275842244027704]",3.619098959131639e-10,"[-0.6513493786753436,-0.7587779562554805]","[0.7587779562554805,-0.6513493786753436]","[-0.7094185534556956,0.0]",-1.0997758348119113e-05,0.4187462006003124,0.4004253667757026,"[0.054841440991472576,0.1927456585055944]",0.0,,0.0,0.9831003326293565,0.9831003326293565,,0.0,0.4004253669182759
FS-010,mover,rect,1,758,1341,7.572753263791529,7.572753263791529,0.0,True,recontact_or_first_touch,"[6.546701989388892,9.120599893574628]","[6.546701989388892,9.120599893574628]",5.462683066328581,0.03664516697302098,"[-0.391671782253396,-0.27275004856425084]","[-0.391671782253396,-0.27275004856425084]",4.887995978930223e-10,"[-0.6513234505163369,-0.7588002127091773]","[0.7588002127091773,-0.6513234505163369]","[-0.7094147456572575,0.0]",-9.351565502774273e-06,0.41875193097706076,0.40042934749055026,"[0.054841440991472576,0.1927456585055944]",0.0,,0.0,0.9831003326293565,0.9831003326293565,,0.0,0.40042934758680115
FS-010,mover,rect,1,758,1342,7.572753263791529,7.579999999999883,0.007246736208354335,False,sustained_or_free,"[6.546701989388892,9.120599893574628]","[6.5438731205469285,9.118617408957265]",5.462683066328581,0.03664516697302098,"[-0.391671782253396,-0.27275004856425084]","[-0.3903645393773993,-0.2735693090466804]",4.887995978930223e-10,"[-0.6513234505163369,-0.7588002127091773]","[0.7588002127091773,-0.6513234505163369]","[-0.7094147456572575,0.0]",-9.351565502774273e-06,0.41875193097706076,0.40042934749055026,"[0.054841440991472576,0.1927456585055944]",0.003032660088634288,0.4184863366681007,2.4419520730914082e-05,0.9831003326293565,0.9830759131086255,,0.0,0.40164598621413766
