life_id,collider,collider_type,material,native_index,event_index,onset,end,duration,instant,event_kind,position_start,position_end,orientation,omega,velocity_before,velocity_after,velocity_uncertainty,normal,tangent,collider_velocity,closing_normal_velocity,tangential_centre_velocity,tangential_surface_velocity,command,impulse,force,damage,event_integrity_before,event_integrity_after,restoration,joint_event_restoration,relative_surface_speed_after_recorded
FS-002,wall-2,wall,1,16081,16082,160.8075353959947,160.8075353959947,0.0,True,recontact_or_first_touch,"[5.887078005589958,0.5000000000447363]","[5.887078005589958,0.5000000000447363]",1.1211460774156647,-0.09057635145213648,"[-0.024802545120922184,-0.05443220312476922]","[-0.024802545120922184,2.435551760271437e-15]",1.3928389809046757e-12,"[0.0,1.0]","[-1.0,0.0]","[0.0,0.0]",0.05443220312476922,0.024802545120922184,0.07009072084699042,"[0.1048776077418713,-0.1956090087110589]",0.05443220312477166,,0.0010886440624954332,1.0,0.9989113559375046,,0.0,0.07009072084697923
FS-002,wall-2,wall,1,16081,16083,160.8075353959947,160.80999999999872,0.002464604004021431,False,sustained_or_free,"[5.887078005589958,0.5000000000447363]","[5.887016961799661,0.5000000000447363]",1.1211460774156647,-0.09057635145213648,"[-0.024802545120922184,2.435551760271437e-15]","[-0.024768194077735475,0.0]",1.3928389809046757e-12,"[0.0,1.0]","[-1.0,0.0]","[0.0,0.0]",-2.435551760271437e-15,0.024802545120922184,0.07009072084699042,"[0.1048776077418713,-0.1956090087110589]",5.5327033635397955e-05,0.022448650389726807,0.0,0.9989113559375046,0.9989113559375046,,0.0,0.07016262355735878
FS-002,wall-2,wall,1,16082,16084,160.80999999999872,160.8199999999987,0.01,False,sustained_or_free,"[5.887016961799661,0.5000000000447363]","[5.88677074551797,0.5000000000447363]",1.120922318830353,-0.09078885895937512,"[-0.024768194077671214,0.0]","[-0.024621628169096965,0.0]",0.0,"[0.0,1.0]","[-1.0,0.0]","[0.0,0.0]",-0.0,0.024768194077671214,0.07016262355735878,"[0.11162728589057914,-0.19554543864533788]",0.00020683745213856888,0.020683745213856887,0.0,0.9989113559375046,0.9989113559375046,,0.0,0.0704684210359702
FS-002,wall-2,wall,1,16083,16085,160.8199999999987,160.8299999999987,0.01,False,sustained_or_free,"[5.88677074551797,0.5000000000447363]","[5.886526053815504,0.5000000000447363]",1.1200053829730154,-0.09169358573374675,"[-0.02462162816909683,0.0]","[-0.024469170246632643,0.0]",0.0,"[0.0,1.0]","[-1.0,0.0]","[0.0,0.0]",-0.0,0.02462162816909683,0.0704684210359702,"[0.1153307308424256,-0.19292388941284355]",0.0001911682971951982,0.019116829719519817,0.0,0.9989113559375046,0.9989113559375046,,0.0,0.07076524490909757
FS-002,wall-2,wall,1,16084,16086,160.8299999999987,160.8399999999987,0.01,False,sustained_or_free,"[5.886526053815504,0.5000000000447363]","[5.886282941208093,0.5000000000447363]",1.119079461479766,-0.09259214932494836,"[-0.02446917024662339,0.0]","[-0.02431126074107226,0.0]",0.0,"[0.0,1.0]","[-1.0,0.0]","[0.0,0.0]",-0.0,0.02446917024662339,0.07076524490909757,"[0.11887395259071544,-0.19048424965858263]",0.0001763547760804796,0.01763547760804796,0.0,0.9989113559375046,0.9989113559375046,,0.0,0.07105366732451202
FS-002,wall-2,wall,1,16085,16087,160.8399999999987,160.8499999999987,0.01,False,sustained_or_free,"[5.886282941208093,0.5000000000447363]","[5.886041458205042,0.5000000000447363]",1.1181446133480966,-0.0934848131669322,"[-0.02431126074104592,0.0]","[-0.024148300305082415,0.0]",0.0,"[0.0,1.0]","[-1.0,0.0]","[0.0,0.0]",-0.0,0.02431126074104592,0.07105366732451202,"[0.12227030981865405,-0.18820868423605328]",0.00016231919215541825,0.016231919215541825,0.0,0.9989113559375046,0.9989113559375046,,0.0,0.07133420144475355
FS-002,wall-2,wall,1,16086,16088,160.8499999999987,160.85999999999868,0.01,False,sustained_or_free,"[5.886041458205042,0.5000000000447363]","[5.885801651670621,0.5000000000447363]",1.1172008953253034,-0.09437180227931533,"[-0.024148300305095887,0.0]","[-0.023980653442112754,0.0]",0.0,"[0.0,1.0]","[-1.0,0.0]","[0.0,0.0]",-0.0,0.024148300305095887,0.07133420144475355,"[0.12553193209721852,-0.18608102531969006]",0.0001489910919237254,0.014899109192372539,0.0,0.9989113559375046,0.9989113559375046,,0.0,0.0716073070571459
FS-002,wall-2,wall,1,16087,16089,160.85999999999868,160.86999999999867,0.01,False,sustained_or_free,"[5.885801651670621,0.5000000000447363]","[5.885563565152589,0.5000000000447363]",1.1162483622530024,-0.09525330723009236,"[-0.02398065344209972,0.0]","[-0.023808651803225445,0.0]",0.0,"[0.0,1.0]","[-1.0,0.0]","[0.0,0.0]",-0.0,0.02398065344209972,0.0716073070571459,"[0.1286698322483753,-0.18408661692674533]",0.00013630659351210876,0.013630659351210874,0.0,0.9989113559375046,0.9989113559375046,,0.0,0.0718733956559425
FS-002,wall-2,wall,1,16088,16090,160.86999999999867,160.87999999999866,0.01,False,sustained_or_free,"[5.885563565152589,0.5000000000447363]","[5.8853272391807545,0.5000000000447363]",1.1152870673759474,-0.09612948770550671,"[-0.02380865180318914,0.0]","[-0.023632597183453896,0.0]",0.0,"[0.0,1.0]","[-1.0,0.0]","[0.0,0.0]",-0.0,0.02380865180318914,0.0718733956559425,"[0.13169400848684046,-0.18221217397099937]",0.00012420777732090782,0.012420777732090781,0.0,0.9989113559375046,0.9989113559375046,,0.0,0.07213283504659061
FS-002,wall-2,wall,1,16089,16091,160.87999999999866,160.88999999999865,0.01,False,sustained_or_free,"[5.8853272391807545,0.5000000000447363]","[5.885092711538309,0.5000000000447363]",1.1143170626186845,-0.09700047572630519,"[-0.02363259718343802,0.0]","[-0.023452764244513702,0.0]",0.0,"[0.0,1.0]","[-1.0,0.0]","[0.0,0.0]",-0.0,0.02363259718343802,0.07213283504659061,"[0.13461353726452382,-0.180445654485162]",0.00011264213309474337,0.011264213309474337,0.0,0.9989113559375046,0.9989113559375046,,0.0,0.07238595351731505
FS-002,wall-2,wall,1,16090,16092,160.88999999999865,160.89999999999864,0.01,False,sustained_or_free,"[5.885092711538309,0.5000000000447363]","[5.884860017508421,0.5000000000447363]",1.1133383988332284,-0.09786637854561832,"[-0.023452764244505903,0.0]","[-0.02326940298882363,0.0]",0.0,"[0.0,1.0]","[-1.0,0.0]","[0.0,0.0]",-0.0,0.023452764244505903,0.07238595351731505,"[0.1374366576590062,-0.17877614377744888]",0.00010156205819420557,0.010156205819420557,0.0,0.9989113559375046,0.9989113559375046,,0.0,0.07263304361890255
FS-002,wall-2,wall,1,16091,16093,160.89999999999864,160.90999999999863,0.01,False,sustained_or_free,"[5.884860017508421,0.5000000000447363]","[5.88462919009834,0.5000000000447363]",1.112351126020627,-0.09872728126013978,"[-0.023269402988832656,0.0]","[-0.023082741008106922,0.0]",0.0,"[0.0,1.0]","[-1.0,0.0]","[0.0,0.0]",-0.0,0.023269402988832656,0.07263304361890255,"[0.14017084807193306,-0.17719374940419172]",9.092440233189413e-05,0.009092440233189412,0.0,0.9989113559375046,0.9989113559375046,,0.0,0.07287436558966735
FS-002,wall-2,wall,1,16092,16094,160.90999999999863,160.91999999999862,0.01,False,sustained_or_free,"[5.88462919009834,0.5000000000447363]","[5.884400260243072,0.5000000000447363]",1.111355293528996,-0.0995832491630795,"[-0.0230827410081276,0.0]","[-0.022892985526823395,0.0]",0.0,"[0.0,1.0]","[-1.0,0.0]","[0.0,0.0]",-0.0,0.0230827410081276,0.07287436558966735,"[0.14282289593442604,-0.1756895059456492]",8.069005447386093e-05,0.008069005447386092,0.0,0.9989113559375046,0.9989113559375046,,0.0,0.07311015045905589
FS-002,wall-2,wall,1,16093,16095,160.91999999999862,160.9299999999986,0.01,False,sustained_or_free,"[5.884400260243072,0.5000000000447363]","[5.88417325699048,0.5000000000447363]",1.110350950230351,-0.10043432986449624,"[-0.02289298552680776,0.0]","[-0.02270032525917287,0.0]",0.0,"[0.0,1.0]","[-1.0,0.0]","[0.0,0.0]",-0.0,0.02289298552680776,0.07311015045905589,"[0.14539896105393094,-0.17425528866749362]",7.082356800484231e-05,0.007082356800484231,0.0,0.9989113559375046,0.9989113559375046,,0.0,0.07334060286016521
FS-002,wall-2,wall,1,16094,16096,160.9299999999986,160.9399999999986,0.01,False,sustained_or_free,"[5.88417325699048,0.5000000000447363]","[5.883948207669508,0.5000000000447363]",1.1093381446783306,-0.10128055520204211,"[-0.02270032525914415,0.0]","[-0.022504932097167085,0.0]",0.0,"[0.0,1.0]","[-1.0,0.0]","[0.0,0.0]",-0.0,0.02270032525914415,0.07334060286016521,"[0.1479046331798055,-0.17288373523671688]",6.129282061631002e-05,0.006129282061631002,0.0,0.9989113559375046,0.9989113559375046,,0.0,0.07356590357857512
FS-002,wall-2,wall,1,16095,16097,160.9399999999986,160.9499999999986,0.01,False,sustained_or_free,"[5.883948207669508,0.5000000000447363]","[5.8837251380430615,0.5000000000447363]",1.1083169252487022,-0.10212194296284235,"[-0.022504932097153936,0.0]","[-0.022306962644691453,0.0]",0.0,"[0.0,1.0]","[-1.0,0.0]","[0.0,0.0]",-0.0,0.022504932097153936,0.07356590357857512,"[0.15034498431291543,-0.17156817473879438]",5.206870570370813e-05,0.005206870570370813,0.0,0.9989113559375046,0.9989113559375046,,0.0,0.073786211862294
FS-002,wall-2,wall,1,16096,16098,160.9499999999986,160.9599999999986,0.01,False,sustained_or_free,"[5.8837251380430615,0.5000000000447363]","[5.883504072446942,0.5000000000447363]",1.1072873402643506,-0.10295849843516024,"[-0.022306962644713893,0.0]","[-0.022106559611945187,0.0]",0.0,"[0.0,1.0]","[-1.0,0.0]","[0.0,0.0]",-0.0,0.022306962644713893,0.073786211862294,"[0.1527246162371073,-0.1703025633136551]",4.312485235637568e-05,0.004312485235637568,0.0,0.9989113559375046,0.9989113559375046,,0.0,0.07400166751526957
FS-002,wall-2,wall,1,16097,16099,160.9599999999986,160.96999999999858,0.01,False,sustained_or_free,"[5.883504072446942,0.5000000000447363]","[5.883285033916115,0.5000000000447363]",1.1062494381062842,-0.1037902158066352,"[-0.022106559611951977,0.0]","[-0.02190385308269427,0.0]",0.0,"[0.0,1.0]","[-1.0,0.0]","[0.0,0.0]",-0.0,0.022106559611951977,0.07400166751526957,"[0.1550477037072599,-0.16908142579202978]",3.4437371293319646e-05,0.0034437371293319645,0.0,0.9989113559375046,0.9989113559375046,,0.0,0.07421239279479058
FS-002,wall-2,wall,1,16098,16100,160.96999999999858,160.97999999999857,0.01,False,sustained_or_free,"[5.883285033916115,0.5000000000447363]","[5.88306804429945,0.5000000000447363]",1.105203267312042,-0.10461707942420972,"[-0.021903853082685717,0.0]","[-0.021698961666505312,0.0]",0.0,"[0.0,1.0]","[-1.0,0.0]","[0.0,0.0]",-0.0,0.021903853082685717,0.07421239279479058,"[0.1573180336893039,-0.16789980277173222]",2.5984624342793737e-05,0.0025984624342793735,0.0,0.9989113559375046,0.9989113559375046,,0.0,0.07441849413118519
FS-002,wall-2,wall,1,16099,16101,160.97999999999857,160.98999999999856,0.01,False,sustained_or_free,"[5.88306804429945,0.5000000000447363]","[5.882853124363989,0.5000000000447363]",1.1041488766627485,-0.10543906492935733,"[-0.021698961666506523,0.0]","[-0.021491993546085553,0.0]",0.0,"[0.0,1.0]","[-1.0,0.0]","[0.0,0.0]",-0.0,0.021698961666506523,0.07441849413118519,"[0.15953904101181085,-0.16675320262594162]",1.7747015285790836e-05,0.0017747015285790836,0.0,0.9989113559375046,0.9989113559375046,,0.0,0.07462006368648294
FS-002,wall-2,wall,1,16100,16102,160.98999999999856,160.99999999999855,0.01,False,sustained_or_free,"[5.882853124363989,0.5000000000447363]","[5.8826402938897,0.5000000000447363]",1.1030863152599397,-0.10625614028087225,"[-0.02149199354604682,0.0]","[-0.02128304742896603,0.0]",0.0,"[0.0,1.0]","[-1.0,0.0]","[0.0,0.0]",-0.0,0.02149199354604682,0.07462006368648294,"[0.1617138407561712,-0.16563755798312232]",9.706800085212927e-06,0.0009706800085212927,0.0,0.9989113559375046,0.9989113559375046,,0.0,0.0748171807671359
FS-002,wall-2,wall,1,16101,16103,160.99999999999855,161.00999999999854,0.01,False,sustained_or_free,"[5.8826402938897,0.5000000000447363]","[5.882429392921262,0.5000000000447363]",1.1020156325931771,-0.1070682666762671,"[-0.021283047429002343,0.0]","[-0.021090096843767725,0.0]",0.0,"[0.0,1.0]","[-1.0,0.0]","[0.0,0.0]",-0.0,0.021283047429002343,0.0748171807671359,"[0.15716544216239547,-0.17234609548061255]",3.716044931233234e-05,0.0037160449312332337,0.0,0.9989113559375046,0.9989113559375046,,0.0,0.07503206887666747
FS-002,wall-2,wall,1,16102,16104,161.00999999999854,161.01999999999853,0.01,False,sustained_or_free,"[5.882429392921262,0.5000000000447363]","[5.882220376702306,0.5000000000447363]",1.1009367931525185,-0.10788394406585791,"[-0.021090096843738512,0.0]","[-0.020901621895585976,0.0]",0.0,"[0.0,1.0]","[-1.0,0.0]","[0.0,0.0]",-0.0,0.021090096843738512,0.07503206887666747,"[0.1569933486558155,-0.17420628749972716]",4.209428193823989e-05,0.004209428193823989,0.0,0.9989113559375046,0.9989113559375046,,0.0,0.07525137229973505
FS-002,wall-2,wall,1,16103,16105,161.01999999999853,161.02999999999852,0.01,False,sustained_or_free,"[5.882220376702306,0.5000000000447363]","[5.882013207804026,0.5000000000447363]",1.0998497981444357,-0.10869950080826413,"[-0.020901621895602986,0.0]","[-0.020716889827987472,0.0]",0.0,"[0.0,1.0]","[-1.0,0.0]","[0.0,0.0]",-0.0,0.020901621895602986,0.07525137229973505,"[0.15698921533330062,-0.17567088677136738]",4.564905242878115e-05,0.0045649052428781145,0.0,0.9989113559375046,0.9989113559375046,,0.0,0.0754734898552772
FS-002,wall-2,wall,1,16104,16106,161.02999999999852,161.0399999999985,0.01,False,sustained_or_free,"[5.882013207804026,0.5000000000447363]","[5.881807855425503,0.5000000000447363]",1.0987546661438896,-0.10951320005461879,"[-0.020716889827967808,0.0]","[-0.020535237852303823,0.0]",0.0,"[0.0,1.0]","[-1.0,0.0]","[0.0,0.0]",-0.0,0.020716889827967808,0.0754734898552772,"[0.15713638696320484,-0.17677715060629043]",4.7958366500184975e-05,0.004795836650018498,0.0,0.9989113559375046,0.9989113559375046,,0.0,0.07569698283400994
FS-002,wall-2,wall,1,16105,16107,161.0399999999985,161.0499999999985,0.01,False,sustained_or_free,"[5.881807855425503,0.5000000000447363]","[5.881604294757996,0.5000000000447363]",1.097651431244255,-0.11032348996346765,"[-0.020535237852276112,0.0]","[-0.020356066750704116,0.0]",0.0,"[0.0,1.0]","[-1.0,0.0]","[0.0,0.0]",-0.0,0.020535237852276112,0.07569698283400994,"[0.15741971597287108,-0.17755885877077485]",4.914343236820943e-05,0.004914343236820943,0.0,0.9989113559375046,0.9989113559375046,,0.0,0.07592055960479546
FS-002,wall-2,wall,1,16106,16108,161.0499999999985,161.0599999999985,0.01,False,sustained_or_free,"[5.881604294757996,0.5000000000447363]","[5.881402506407372,0.5000000000447363]",1.0965401413871738,-0.11112898570810084,"[-0.020356066750745038,0.0]","[-0.020178835062445444,0.0]",0.0,"[0.0,1.0]","[-1.0,0.0]","[0.0,0.0]",-0.0,0.020356066750745038,0.07592055960479546,"[0.15782542543534359,-0.17804663788803432]",4.931421221373028e-05,0.004931421221373028,0.0,0.9989113559375046,0.9989113559375046,,0.0,0.07614306166344521
FS-002,wall-2,wall,1,16107,16109,161.0599999999985,161.0699999999985,0.01,False,sustained_or_free,"[5.881402506407372,0.5000000000447363]","[5.881202475869375,0.5000000000447363]",1.0954208568551538,-0.11192845320200347,"[-0.02017883506244348,0.0]","[-0.02000305379965539,0.0]",0.0,"[0.0,1.0]","[-1.0,0.0]","[0.0,0.0]",-0.0,0.02017883506244348,0.07614306166344521,"[0.15834098459738755,-0.17826825564862306]",4.8570466575582075e-05,0.004857046657558208,0.0,0.9989113559375046,0.9989113559375046,,0.0,0.07636345098979196
FS-002,wall-2,wall,1,16108,16110,161.0699999999985,161.07999999999848,0.01,False,sustained_or_free,"[5.881202475869375,0.5000000000447363]","[5.88100419305291,0.5000000000447363]",1.0942936489113517,-0.11272079438020044,"[-0.020003053799691733,0.0]","[-0.01982828164655004,0.0]",0.0,"[0.0,1.0]","[-1.0,0.0]","[0.0,0.0]",-0.0,0.020003053799691733,0.07636345098979196,"[0.15895499578186878,-0.1782488876242827]",4.70027016496776e-05,0.004700270164967759,0.0,0.9989113559375046,0.9989113559375046,,0.0,0.07658079859117216
FS-002,wall-2,wall,1,16109,16111,161.07999999999848,161.08999999999847,0.01,False,sustained_or_free,"[5.88100419305291,0.5000000000447363]","[5.880807651846956,0.5000000000447363]",1.0931585985724588,-0.11350503388929216,"[-0.01982828164652608,0.0]","[-0.019654120595369307,0.0]",0.0,"[0.0,1.0]","[-1.0,0.0]","[0.0,0.0]",-0.0,0.01982828164652608,0.07658079859117216,"[0.159657091610326,-0.17801135922450464]",4.4693028538624304e-05,0.00446930285386243,0.0,0.9989113559375046,0.9989113559375046,,0.0,0.07679427412167622
FS-002,wall-2,wall,1,16110,16112,161.08999999999847,161.09999999999846,0.01,False,sustained_or_free,"[5.880807651846956,0.5000000000447363]","[5.880612849727138,0.5000000000447363]",1.092015795501932,-0.11428030705267171,"[-0.01965412059534036,0.0]","[-0.019480211981814932,0.0]",0.0,"[0.0,1.0]","[-1.0,0.0]","[0.0,0.0]",-0.0,0.01965412059534036,0.07679427412167622,"[0.16043784159252053,-0.1775763651024058]",4.171594264978969e-05,0.004171594264978969,0.0,0.9989113559375046,0.9989113559375046,,0.0,0.07700313647673673
FS-002,wall-2,wall,1,16111,16113,161.09999999999846,161.10999999999845,0.01,False,sustained_or_free,"[5.880612849727138,0.5000000000447363]","[5.880419787398321,0.5000000000447363]",1.0908653370120331,-0.11504584898988329,"[-0.01948021198179508,0.0]","[-0.019306232881710628,0.0]",0.0,"[0.0,1.0]","[-1.0,0.0]","[0.0,0.0]",-0.0,0.01948021198179508,0.07700313647673673,"[0.1612886672203163,-0.1769626681045491]",3.813903067346844e-05,0.003813903067346844,0.0,0.9989113559375046,0.9989113559375046,,0.0,0.07720672527191857
FS-002,wall-2,wall,1,16112,16114,161.10999999999845,161.11999999999844,0.01,False,sustained_or_free,"[5.880419787398321,0.5000000000447363]","[5.8802284684699515,0.5000000000447363]",1.0897073271642288,-0.11580098478042405,"[-0.019306232881706544,0.0]","[-0.01913189283690997,0.0]",0.0,"[0.0,1.0]","[-1.0,0.0]","[0.0,0.0]",-0.0,0.019306232881706544,0.07720672527191857,"[0.16220176478465567,-0.17618727966638248]",3.402361187874823e-05,0.0034023611878748234,0.0,0.9989113559375046,0.9989113559375046,,0.0,0.07740445312322558
FS-002,wall-2,wall,1,16113,16115,161.11999999999844,161.12999999999843,0.01,False,sustained_or_free,"[5.8802284684699515,0.5000000000447363]","[5.880038899161149,0.5000000000447363]",1.0885418759585028,-0.11654512057260108,"[-0.01913189283692504,0.0]","[-0.018956930880253964,0.0]",0.0,"[0.0,1.0]","[-1.0,0.0]","[0.0,0.0]",-0.0,0.01913189283692504,0.07740445312322558,"[0.16317003520769413,-0.17526562337942694]",2.942531983593019e-05,0.002942531983593019,0.0,0.9989113559375046,0.9989113559375046,,0.0,0.07759579865391972
FS-002,wall-2,wall,1,16114,16116,161.12999999999843,161.13999999999842,0.01,False,sustained_or_free,"[5.880038899161149,0.5000000000447363]","[5.87985108803283,0.5000000000447363]",1.0873690986030287,-0.1172777355474186,"[-0.01895693088021042,0.0]","[-0.01878111283186712,0.0]",0.0,"[0.0,1.0]","[-1.0,0.0]","[0.0,0.0]",-0.0,0.01895693088021042,0.07759579865391972,"[0.16418702024824788,-0.1742116832967312]",2.439463010469671e-05,0.002439463010469671,0.0,0.9989113559375046,0.9989113559375046,,0.0,0.07778030015982763
FS-002,wall-2,wall,1,16115,16117,161.13999999999842,161.1499999999984,0.01,False,sustained_or_free,"[5.87985108803283,0.5000000000447363]","[5.879665045744399,0.5000000000447363]",1.0861891148564689,-0.11799837465597057,"[-0.018781112831842348,0.0]","[-0.01860422884316648,0.0]",0.0,"[0.0,1.0]","[-1.0,0.0]","[0.0,0.0]",-0.0,0.018781112831842348,0.07778030015982763,"[0.1652468444983684,-0.17303813839803656]",1.8977338910981078e-05,0.0018977338910981078,0.0,0.9989113559375046,0.9989113559375046,,0.0,0.07795754987144689
FS-002,wall-2,wall,1,16116,16118,161.1499999999984,161.1599999999984,0.01,False,sustained_or_free,"[5.879665045744399,0.5000000000447363]","[5.879480784832752,0.5000000000447363]",1.0850020484359035,-0.11870664205652508,"[-0.018604228843184353,0.0]","[-0.018426091164691627,0.0]",0.0,"[0.0,1.0]","[-1.0,0.0]","[0.0,0.0]",-0.0,0.018604228843184353,0.07795754987144689,"[0.16634416264277263,-0.1717564845042959]",1.321499736763539e-05,0.0013214997367635391,0.0,0.9989113559375046,0.9989113559375046,,0.0,0.07812718875691836
FS-002,wall-2,wall,1,16117,16119,161.1599999999984,161.1699999999984,0.01,False,sustained_or_free,"[5.879480784832752,0.5000000000447363]","[5.879298319511574,0.5000000000447363]",1.0838080264840588,-0.1194021951844807,"[-0.01842609116467801,0.0]","[-0.018246532117771608,0.0]",0.0,"[0.0,1.0]","[-1.0,0.0]","[0.0,0.0]",-0.0,0.01842609116467801,0.07812718875691836,"[0.16747411150161964,-0.17037714481147775]",7.145305369900473e-06,0.0007145305369900473,0.0,0.9989113559375046,0.9989113559375046,,0.0,0.07828890181515337
FS-002,wall-2,wall,1,16118,16120,161.1699999999984,161.1799999999984,0.01,False,sustained_or_free,"[5.879298319511574,0.5000000000447363]","[5.8791176654890505,0.5000000000447363]",1.0826071790901117,-0.12008473939471473,"[-0.018246532117796,0.0]","[-0.01806540225235409,0.0]",0.0,"[0.0,1.0]","[-1.0,0.0]","[0.0,0.0]",-0.0,0.018246532117796,0.07828890181515337,"[0.16863226642126355,-0.16890957010488825]",8.024689122473309e-07,8.02468912247331e-05,0.0,0.9989113559375046,0.9989113559375046,,0.0,0.07844241381314314
FS-002,wall-2,wall,1,22481,22485,224.80426875135157,224.80426875135157,0.0,True,recontact_or_first_touch,"[5.79933623191444,0.5000000000414327]","[5.79933623191444,0.5000000000414327]",0.8549800738014194,-0.09601647037719234,"[-0.012948035588963742,-0.017624767914961037]","[-0.012948035588963742,6.4705185653934905e-15]",2.422257922806294e-12,"[0.0,1.0]","[-1.0,0.0]","[0.0,0.0]",0.017624767914961037,0.012948035588963742,0.06095627077755991,"[0.19392165738599804,-0.10104984243842402]",0.017624767914967508,,0.0003524953582993502,0.9989113559375046,0.9985588605792052,,0.0,0.06095627077749879
FS-002,wall-2,wall,1,23647,23654,236.46376291711957,236.46376291711957,0.0,True,recontact_or_first_touch,"[5.802943752011775,0.5000000000354031]","[5.802943752011775,0.5000000000354031]",0.8891179139366903,0.11021277772409584,"[-0.00335546425607686,-0.002865481493947373]","[-0.00335546425607686,1.1554125711743524e-14]",2.7495466061568105e-12,"[0.0,1.0]","[-1.0,0.0]","[0.0,0.0]",0.002865481493947373,0.00335546425607686,-0.051750924605971055,"[-0.09501352346418183,0.2085532831506243]",0.002865481493958927,,5.730962987917854e-05,0.9985588605792052,0.998501550949326,,0.0,0.051750924605927236
FS-002,wall-2,wall,1,33452,33462,334.51580667591276,334.51580667591276,0.0,True,recontact_or_first_touch,"[5.731029479717015,0.5000000000417738]","[5.731029479717015,0.5000000000417738]",0.713177588422455,0.07875607391073569,"[-0.01685727382723798,-0.013153329069039882]","[-0.01685727382723798,9.558326352632207e-15]",1.7599068953047025e-12,"[0.0,1.0]","[-1.0,0.0]","[0.0,0.0]",0.013153329069039882,0.01685727382723798,-0.022520763128129867,"[-0.1998254441836008,0.13105762961822648]",0.01315332906904944,,0.0002630665813809888,0.998501550949326,0.998238484367945,,0.0,0.022520763128100706
FS-002,wall-2,wall,1,33452,33463,334.51580667591276,334.51999999984076,0.004193323928014573,False,sustained_or_free,"[5.731029479717015,0.5000000000417738]","[5.7309589401212095,0.5000000000417738]",0.713177588422455,0.07875607391073569,"[-0.01685727382723798,9.558326352632207e-15]","[-0.016821880926996314,0.0]",1.7599068953047025e-12,"[0.0,1.0]","[-1.0,0.0]","[0.0,0.0]",-9.558326352632207e-15,0.01685727382723798,-0.022520763128129867,"[-0.1998254441836008,0.13105762961822648]",3.0404672201931398e-05,0.007250733004146236,0.0,0.998238484367945,0.998238484367945,,0.0,0.02260588332204026
FS-002,wall-2,wall,1,33453,33464,334.51999999984076,334.52999999984075,0.01,False,sustained_or_free,"[5.7309589401212095,0.5000000000417738]","[5.730791577494576,0.5000000000417738]",0.7135082551969621,0.07885552849805208,"[-0.01682188092698578,0.0]","[-0.016736262663386015,0.0]",0.0,"[0.0,1.0]","[-1.0,0.0]","[0.0,0.0]",-0.0,0.01682188092698578,-0.02260588332204026,"[-0.19784510269259087,0.1305465270067694]",7.077726605041612e-05,0.007077726605041612,0.0,0.998238484367945,0.998238484367945,,0.0,0.022803143266394692
FS-002,wall-2,wall,1,33454,33465,334.52999999984075,334.53999999984075,0.01,False,sustained_or_free,"[5.730791577494576,0.5000000000417738]","[5.7306250947658395,0.5000000000417738]",0.7142990433155583,0.07907881185961482,"[-0.01673626266341272,0.0]","[-0.016648272873620584,0.0]",0.0,"[0.0,1.0]","[-1.0,0.0]","[0.0,0.0]",-0.0,0.01673626266341272,-0.022803143266394692,"[-0.1965867406983422,0.13189103306798397]",6.809562413354063e-05,0.006809562413354063,0.0,0.998238484367945,0.998238484367945,,0.0,0.023001167350295695
FS-002,wall-2,wall,1,33455,33466,334.53999999984075,334.54999999984074,0.01,False,sustained_or_free,"[5.7306250947658395,0.5000000000417738]","[5.730459515873935,0.5000000000417738]",0.7150920321200358,0.0792988804477519,"[-0.016648272873580252,0.0]","[-0.01655788919041612,0.0]",0.0,"[0.0,1.0]","[-1.0,0.0]","[0.0,0.0]",-0.0,0.016648272873580252,-0.023001167350295695,"[-0.1951909257980986,0.13313961810294103]",6.536557529831e-05,0.006536557529831,0.0,0.998238484367945,0.998238484367945,,0.0,0.023199479391256033
FS-002,wall-2,wall,1,33456,33467,334.54999999984074,334.5599999998407,0.01,False,sustained_or_free,"[5.730459515873935,0.5000000000417738]","[5.730294864925843,0.5000000000417738]",0.7158871794916697,0.07951473716338693,"[-0.016557889190437432,0.0]","[-0.016465094809259284,0.0]",0.0,"[0.0,1.0]","[-1.0,0.0]","[0.0,0.0]",-0.0,0.016557889190437432,-0.023199479391256033,"[-0.1936705613593718,0.1343008932775065]",6.259151223014106e-05,0.006259151223014106,0.0,0.998238484367945,0.998238484367945,,0.0,0.02339765393366849
FS-002,wall-2,wall,1,33457,33468,334.5599999998407,334.5699999998407,0.01,False,sustained_or_free,"[5.730294864925843,0.5000000000417738]","[5.730131166146353,0.5000000000417738]",0.7166844344665283,0.07972549748586116,"[-0.01646509480926209,0.0]","[-0.016369877948996248,0.0]",0.0,"[0.0,1.0]","[-1.0,0.0]","[0.0,0.0]",-0.0,0.01646509480926209,-0.02339765393366849,"[-0.19203733763355663,0.1353826437010405]",5.9777434505036565e-05,0.005977743450503657,0.0,0.998238484367945,0.998238484367945,,0.0,0.023595311307234686
FS-002,wall-2,wall,1,33458,33469,334.5699999998407,334.5799999998407,0.01,False,sustained_or_free,"[5.730131166146353,0.5000000000417738]","[5.729968443832712,0.5000000000417738]",0.717483738251653,0.07993037851246806,"[-0.016369877948999346,0.0]","[-0.016272231364045098,0.0]",0.0,"[0.0,1.0]","[-1.0,0.0]","[0.0,0.0]",-0.0,0.016369877948999346,-0.023595311307234686,"[-0.19030184666825173,0.1363919072618143]",5.692698522098406e-05,0.0056926985220984066,0.0,0.998238484367945,0.998238484367945,,0.0,0.023792113157907788
FS-002,wall-2,wall,1,33459,33470,334.5799999998407,334.5899999998407,0.01,False,sustained_or_free,"[5.729968443832712,0.5000000000417738]","[5.729806722313696,0.5000000000417738]",0.7182850251420918,0.08012868904388167,"[-0.016272231364033045,0.0]","[-0.016172151901638898,0.0]",0.0,"[0.0,1.0]","[-1.0,0.0]","[0.0,0.0]",-0.0,0.016272231364033045,-0.023792113157907788,"[-0.18847368634888154,0.13733504593995127]",5.404348425219575e-05,0.005404348425219575,0.0,0.998238484367945,0.998238484367945,,0.0,0.023987758406354462
FS-002,wall-2,wall,1,33460,33471,334.5899999998407,334.5999999998407,0.01,False,sustained_or_free,"[5.729806722313696,0.5000000000417738]","[5.729646025912684,0.5000000000417738]",0.7190882233482525,0.08031982061607501,"[-0.016172151901683043,0.0]","[-0.016069640101168403,0.0]",0.0,"[0.0,1.0]","[-1.0,0.0]","[0.0,0.0]",-0.0,0.016172151901683043,-0.023987758406354462,"[-0.18656155459748322,0.13821781031658834]",5.112995843484315e-05,0.005112995843484315,0.0,0.998238484367945,0.998238484367945,,0.0,0.024181979593224403
FS-002,wall-2,wall,1,33461,33472,334.5999999998407,334.6099999998407,0.01,False,sustained_or_free,"[5.729646025912684,0.5000000000417738]","[5.729486455178779,0.5000000000417738]",0.7198932557421401,0.08050323938876713,"[-0.016069640101159164,0.0]","[-0.01595707339054897,0.0]",0.0,"[0.0,1.0]","[-1.0,0.0]","[0.0,0.0]",-0.0,0.016069640101159164,-0.024181979593224403,"[-0.17415780019643115,0.13493997934509355]",4.1501703790149715e-05,0.004150170379014971,0.0,0.998238484367945,0.998238484367945,,0.0,0.024349569154398284
FS-002,wall-2,wall,1,33462,33473,334.6099999998407,334.6199999998407,0.01,False,sustained_or_free,"[5.729486455178779,0.5000000000417738]","[5.7293280331456105,0.5000000000417738]",0.7206993885930385,0.0806132850898337,"[-0.015957073390518568,0.0]","[-0.015842203316829284,0.0]",0.0,"[0.0,1.0]","[-1.0,0.0]","[0.0,0.0]",-0.0,0.015957073390518568,-0.024349569154398284,"[-0.1684191086167166,0.13200721534690144]",3.8562430741136215e-05,0.0038562430741136216,0.0,0.998238484367945,0.998238484367945,,0.0,0.02449909473820527
FS-002,wall-2,wall,1,33463,33474,334.6199999998407,334.62999999984066,0.01,False,sustained_or_free,"[5.7293280331456105,0.5000000000417738]","[5.729170782754369,0.5000000000417738]",0.72150621455414,0.08068259611014965,"[-0.015842203316869554,0.0]","[-0.015725039124170337,0.0]",0.0,"[0.0,1.0]","[-1.0,0.0]","[0.0,0.0]",-0.0,0.015842203316869554,-0.02449909473820527,"[-0.16297223265725658,0.12938159752847403]",3.560148867815596e-05,0.003560148867815596,0.0,0.998238484367945,0.998238484367945,,0.0,0.024632216660305815
FS-002,wall-2,wall,1,33464,33475,334.62999999984066,334.63999999984065,0.01,False,sustained_or_free,"[5.729170782754369,0.5000000000417738]","[5.729014726829613,0.5000000000417738]",0.7223133596698301,0.0807145115690125,"[-0.015725039124200438,0.0]","[-0.015605592475598229,0.0]",0.0,"[0.0,1.0]","[-1.0,0.0]","[0.0,0.0]",-0.0,0.015725039124200438,-0.024632216660305815,"[-0.15778940239736972,0.12703334410707226]",3.2620973915044425e-05,0.0032620973915044424,0.0,0.998238484367945,0.998238484367945,,0.0,0.02475043694852877
FS-002,wall-2,wall,1,33465,33476,334.63999999984065,334.64999999984065,0.01,False,sustained_or_free,"[5.729014726829613,0.5000000000417738]","[5.728859888057474,0.5000000000417738]",0.7231204802583128,0.08071205884826008,"[-0.015605592475601266,0.0]","[-0.015483877213906538,0.0]",0.0,"[0.0,1.0]","[-1.0,0.0]","[0.0,0.0]",-0.0,0.015605592475601266,-0.02475043694852877,"[-0.1528455062544633,0.1249354984089727]",2.9622817608301414e-05,0.0029622817608301413,0.0,0.998238484367945,0.998238484367945,,0.0,0.024855114387892906
FS-002,wall-2,wall,1,33466,33477,334.64999999984065,334.65999999984064,0.01,False,sustained_or_free,"[5.728859888057474,0.5000000000417738]","[5.728706288966039,0.5000000000417738]",0.7239272600903484,0.080677983203555,"[-0.015483877213884594,0.0]","[-0.015359909143430883,0.0]",0.0,"[0.0,1.0]","[-1.0,0.0]","[0.0,0.0]",-0.0,0.015483877213884594,-0.024855114387892906,"[-0.14811783739724274,0.12306366079463202]",2.6608799960215166e-05,0.0026608799960215167,0.0,0.998238484367945,0.998238484367945,,0.0,0.024947478135686284
FS-002,wall-2,wall,1,33467,33478,334.65999999984064,334.6699999998406,0.01,False,sustained_or_free,"[5.728706288966039,0.5000000000417738]","[5.728553951907726,0.5000000000417738]",0.7247334078359302,0.08061477455818562,"[-0.01535990914340653,0.0]","[-0.015233705831363409,0.0]",0.0,"[0.0,1.0]","[-1.0,0.0]","[0.0,0.0]",-0.0,0.01535990914340653,-0.024947478135686284,"[-0.14358586436804985,0.12139574596502198]",2.3580563290099994e-05,0.0023580563290099992,0.0,0.998238484367945,0.998238484367945,,0.0,0.02502864004236012
FS-002,wall-2,wall,1,33468,33479,334.6699999998406,334.6799999998406,0.01,False,sustained_or_free,"[5.728553951907726,0.5000000000417738]","[5.728402899043458,0.5000000000417738]",0.7255386547534042,0.08052469174739216,"[-0.015233705831335957,0.0]","[-0.015105286426742026,0.0]",0.0,"[0.0,1.0]","[-1.0,0.0]","[0.0,0.0]",-0.0,0.015233705831335957,-0.02502864004236012,"[-0.13923102360162276,0.11991176325921901]",2.0539624046683968e-05,0.0020539624046683968,0.0,0.998238484367945,0.998238484367945,,0.0,0.02509960580115044
FS-002,wall-2,wall,1,33469,33480,334.6799999998406,334.6899999998406,0.01,False,sustained_or_free,"[5.728402899043458,0.5000000000417738]","[5.728253152328499,0.5000000000417738]",0.726342752597962,0.08040978445578292,"[-0.015105286426741018,0.0]","[-0.014974671495959768,0.0]",0.0,"[0.0,1.0]","[-1.0,0.0]","[0.0,0.0]",-0.0,0.015105286426741018,-0.02509960580115044,"[-0.1350365317486981,0.11859361777547403]",1.74873838339271e-05,0.0017487383833927098,0.0,0.998238484367945,0.998238484367945,,0.0,0.025161285037701812
FS-002,wall-2,wall,1,33470,33481,334.6899999998406,334.6999999998406,0.01,False,sustained_or_free,"[5.728253152328499,0.5000000000417738]","[5.728104733499769,0.5000000000417738]",0.7271454717286356,0.08027191306736367,"[-0.014974671495980023,0.0]","[-0.014841882873017909,0.0]",0.0,"[0.0,1.0]","[-1.0,0.0]","[0.0,0.0]",-0.0,0.014974671495980023,-0.025161285037701812,"[-0.13098721591283627,0.11742493035013474]",1.4425139520640699e-05,0.0014425139520640698,0.0,0.998238484367945,0.998238484367945,,0.0,0.025214500440423032
FS-002,wall-2,wall,1,33471,33482,334.6999999998406,334.7099999998406,0.01,False,sustained_or_free,"[5.728104733499769,0.5000000000417738]","[5.727957664064536,0.5000000000417738]",0.727946599394904,0.08011276662684141,"[-0.014841882872997675,0.0]","[-0.014706943523279392,0.0]",0.0,"[0.0,1.0]","[-1.0,0.0]","[0.0,0.0]",-0.0,0.014841882872997675,-0.025214500440423032,"[-0.12706936008967393,0.11639087461259559]",1.1354092501575962e-05,0.0011354092501575962,0.0,0.998238484367945,0.998238484367945,,0.0,0.02525999602275307
FS-002,wall-2,wall,1,33472,33483,334.7099999998406,334.7199999998406,0.01,False,sustained_or_free,"[5.727957664064536,0.5000000000417738]","[5.727811965290336,0.5000000000417738]",0.7287459381858238,0.07993387909197791,"[-0.014706943523235887,0.0]","[-0.014569877420012034,0.0]",0.0,"[0.0,1.0]","[-1.0,0.0]","[0.0,0.0]",-0.0,0.014706943523235887,-0.02525999602275307,"[-0.12327056626132049,0.11547802950145425]",8.275357174437428e-06,0.0008275357174437428,0.0,0.998238484367945,0.998238484367945,,0.0,0.025298444599864783
FS-002,wall-2,wall,1,33473,33484,334.7199999998406,334.7299999998406,0.01,False,sustained_or_free,"[5.727811965290336,0.5000000000417738]","[5.727667658196016,0.5000000000417738]",0.7295433046262205,0.07973664403967139,"[-0.01456987741997091,0.0]","[-0.014430709431945132,0.0]",0.0,"[0.0,1.0]","[-1.0,0.0]","[0.0,0.0]",-0.0,0.01456987741997091,-0.025298444599864783,"[-0.11957962874648351,0.114674245778705]",5.189968693765171e-06,0.000518996869376517,0.0,0.998238484367945,0.998238484367945,,0.0,0.025330454554500493
FS-002,wall-2,wall,1,33474,33485,334.7299999998406,334.73999999984056,0.01,False,sustained_or_free,"[5.727667658196016,0.5000000000417738]","[5.7275247635438005,0.5000000000417738]",0.7303385279059502,0.07952232797297057,"[-0.014430709431984792,0.0]","[-0.014289465221573039,0.0]",0.0,"[0.0,1.0]","[-1.0,0.0]","[0.0,0.0]",-0.0,0.014430709431984792,-0.025330454554500493,"[-0.1159864205406247,0.11396852521644238]",2.0988900589633976e-06,0.00020988900589633975,0.0,0.998238484367945,0.998238484367945,,0.0,0.02535657595954057
FS-002,wall-2,wall,1,34235,34248,342.34273548480826,342.34273548480826,0.0,True,recontact_or_first_touch,"[5.698669726292215,0.5000000000342406]","[5.698669726292215,0.5000000000342406]",0.7312996308516091,0.007669220974419471,"[-0.026754245142758367,-0.023753012339120663]","[-0.026754245142758367,-6.83481049534862e-15]",3.714844065614731e-12,"[0.0,1.0]","[-1.0,0.0]","[0.0,0.0]",0.023753012339120663,0.026754245142758367,0.02291963465554863,"[-0.032526835025204044,-0.03719572176882399]",0.023753012339113828,,0.00047506024678227655,0.998238484367945,0.9977634241211628,,0.0,0.022919634655532272
FS-002,wall-2,wall,1,34235,34249,342.3427354848082,342.34999999983364,0.007264515025412052,False,sustained_or_free,"[5.698669726292215,0.5000000000342406]","[5.698476349237615,0.5000000000342406]",0.7312996308516091,0.007669220974419471,"[-0.026754245142758367,-6.83481049534862e-15]","[-0.026619403211773533,0.0]",3.714844065614731e-12,"[0.0,1.0]","[-1.0,0.0]","[0.0,0.0]",6.83481049534862e-15,0.026754245142758367,0.02291963465554863,"[-0.032526835025204044,-0.03719572176882399]",5.276829658317518e-05,0.00726384299551808,0.0,0.9977634241211628,0.9977634241211628,,0.0,0.022836533512864597
FS-002,wall-2,wall,1,34236,34250,342.34999999983364,342.35999999983363,0.01,False,sustained_or_free,"[5.698476349237615,0.5000000000342406]","[5.698212021196246,0.5000000000342406]",0.7313545922791429,0.007565739397811739,"[-0.026619403211770466,0.0]","[-0.026432804136877763,0.0]",0.0,"[0.0,1.0]","[-1.0,0.0]","[0.0,0.0]",-0.0,0.026619403211770466,0.022836533512864597,"[-0.02940304286405461,-0.03810102485243308]",7.023493850562244e-05,0.0070234938505622435,0.0,0.9977634241211628,0.9977634241211628,,0.0,0.02272894071001306
FS-002,wall-2,wall,1,34237,34251,342.35999999983363,342.3699999998336,0.01,False,sustained_or_free,"[5.698212021196246,0.5000000000342406]","[5.697949582591945,0.5000000000342406]",0.7314286695476807,0.007407726853780609,"[-0.026432804136903364,0.0]","[-0.02624386043015292,0.0]",0.0,"[0.0,1.0]","[-1.0,0.0]","[0.0,0.0]",-0.0,0.026432804136903364,0.02272894071001306,"[-0.02712559739894095,-0.036761235959250904]",6.647474440809226e-05,0.0066474744408092255,0.0,0.9977634241211628,0.9977634241211628,,0.0,0.022619784590373768
FS-002,wall-2,wall,1,34238,34252,342.3699999998336,342.3799999998336,0.01,False,sustained_or_free,"[5.697949582591945,0.5000000000342406]","[5.697689055828277,0.5000000000342406]",0.7315011510644759,0.00724815167952285,"[-0.026243860430135192,0.0]","[-0.02605267636681674,0.0]",0.0,"[0.0,1.0]","[-1.0,0.0]","[0.0,0.0]",-0.0,0.026243860430135192,0.022619784590373768,"[-0.024908626545518217,-0.03542996754443044]",6.278588547873583e-05,0.006278588547873583,0.0,0.9977634241211628,0.9977634241211628,,0.0,0.02250904396065644
FS-002,wall-2,wall,1,34239,34253,342.3799999998336,342.3899999998336,0.01,False,sustained_or_free,"[5.697689055828277,0.5000000000342406]","[5.697430462349146,0.5000000000342406]",0.7315720237125988,0.00708726481229144,"[-0.02605267636680216,0.0]","[-0.025859347913037567,0.0]",0.0,"[0.0,1.0]","[-1.0,0.0]","[0.0,0.0]",-0.0,0.02605267636680216,0.02250904396065644,"[-0.022746521662572582,-0.034106589463151094]",5.916189914565317e-05,0.005916189914565316,0.0,0.9977634241211628,0.9977634241211628,,0.0,0.022396702142713623
FS-002,wall-2,wall,1,34240,34254,342.3899999998336,342.3999999998336,0.01,False,sustained_or_free,"[5.697430462349146,0.5000000000342406]","[5.69717382271406,0.5000000000342406]",0.7316412766280057,0.0069252915406969595,"[-0.025859347913062103,0.0]","[-0.025663963508648635,0.0]",0.0,"[0.0,1.0]","[-1.0,0.0]","[0.0,0.0]",-0.0,0.025859347913062103,0.022396702142713623,"[-0.020634210875267785,-0.032790536144202485]",5.55969470293281e-05,0.00555969470293281,0.0,0.9977634241211628,0.9977634241211628,,0.0,0.022282746524880635
FS-002,wall-2,wall,1,34241,34255,342.3999999998336,342.4099999998336,0.01,False,sustained_or_free,"[5.69717382271406,0.5000000000342406]","[5.696919168549216,0.5000000000342406]",0.7317089009676809,0.006762433967519571,"[-0.02566396350864042,0.0]","[-0.025465416484404813,0.0]",0.0,"[0.0,1.0]","[-1.0,0.0]","[0.0,0.0]",-0.0,0.02566396350864042,0.022282746524880635,"[-0.017733673315283305,-0.03128908545778242]",5.101867080647412e-05,0.005101867080647412,0.0,0.9977634241211628,0.9977634241211628,,0.0,0.022167373098411523
FS-002,wall-2,wall,1,34242,34256,342.4099999998336,342.4199999998336,0.01,False,sustained_or_free,"[5.696919168549216,0.5000000000342406]","[5.696666507377575,0.5000000000342406]",0.7317748618354007,0.006596086771985956,"[-0.0254654164844045,0.0]","[-0.025266117164068902,0.0]",0.0,"[0.0,1.0]","[-1.0,0.0]","[0.0,0.0]",-0.0,0.0254654164844045,0.022167373098411523,"[-0.015795072036368474,-0.030877740815002896]",4.8575487223851876e-05,0.004857548722385188,0.0,0.9977634241211628,0.9977634241211628,,0.0,0.022053244379512678
FS-002,wall-2,wall,1,34243,34257,342.4199999998336,342.42999999983357,0.01,False,sustained_or_free,"[5.696666507377575,0.5000000000342406]","[5.696415847057204,0.5000000000342406]",0.7318391192910925,0.006425745569171452,"[-0.025266117164098403,0.0]","[-0.025066032037113217,0.0]",0.0,"[0.0,1.0]","[-1.0,0.0]","[0.0,0.0]",-0.0,0.025266117164098403,0.022053244379512678,"[-0.013894627742356728,-0.03039236196572856]",4.609467206115195e-05,0.004609467206115195,0.0,0.9977634241211628,0.9977634241211628,,0.0,0.021940050996909377
FS-002,wall-2,wall,1,34244,34258,342.42999999983357,342.43999999983356,0.01,False,sustained_or_free,"[5.696415847057204,0.5000000000342406]","[5.696167195736749,0.5000000000342406]",0.7319016389118961,0.006251962080360123,"[-0.025066032037089438,0.0]","[-0.024865132045537308,0.0]",0.0,"[0.0,1.0]","[-1.0,0.0]","[0.0,0.0]",-0.0,0.025066032037089438,0.021940050996909377,"[-0.012028694612345243,-0.029840146325946507]",4.357993400930789e-05,0.004357993400930789,0.0,0.9977634241211628,0.9977634241211628,,0.0,0.021827516012023783
FS-002,wall-2,wall,1,34245,34259,342.43999999983356,342.44999999983355,0.01,False,sustained_or_free,"[5.696167195736749,0.5000000000342406]","[5.695920561814894,0.5000000000342406]",0.7319623912325658,0.006075232066969951,"[-0.024865132045508758,0.0]","[-0.02466339218543112,0.0]",0.0,"[0.0,1.0]","[-1.0,0.0]","[0.0,0.0]",-0.0,0.024865132045508758,0.021827516012023783,"[-0.010193998702472857,-0.02922761586918465]",4.103466691092339e-05,0.004103466691092339,0.0,0.9977634241211628,0.9977634241211628,,0.0,0.021715391795616445
FS-002,wall-2,wall,1,34246,34260,342.44999999983355,342.45999999983354,0.01,False,sustained_or_free,"[5.695920561814894,0.5000000000342406]","[5.695675953903449,0.5000000000342406]",0.7320213512403615,0.00589600077957341,"[-0.02466339218540315,0.0]","[-0.024460791144509386,0.0]",0.0,"[0.0,1.0]","[-1.0,0.0]","[0.0,0.0]",-0.0,0.02466339218540315,0.021715391795616445,"[-0.008387601779963316,-0.028560681221740082]",3.846197866937249e-05,0.0038461978669372485,0.0,0.9977634241211628,0.9977634241211628,,0.0,0.021603457202719622
FS-002,wall-2,wall,1,34247,34261,342.45999999983354,342.46999999983353,0.01,False,sustained_or_free,"[5.695675953903449,0.5000000000342406]","[5.695433380793714,0.5000000000342406]",0.732078497919198,0.005714667883649944,"[-0.024460791144544594,0.0]","[-0.024257310973485602,0.0]",0.0,"[0.0,1.0]","[-1.0,0.0]","[0.0,0.0]",-0.0,0.024460791144544594,0.021603457202719622,"[-0.006606868663731681,-0.027844699672009136]",3.5864717489860975e-05,0.0035864717489860975,0.0,0.9977634241211628,0.9977634241211628,,0.0,0.021491515017420124
FS-002,wall-2,wall,1,34248,34262,342.46999999983353,342.4799999998335,0.01,False,sustained_or_free,"[5.695433380793714,0.5000000000342406]","[5.695192851425845,0.5000000000342406]",0.7321338138383198,0.005531591912180052,"[-0.024257310973510148,0.0]","[-0.024052936786933543,0.0]",0.0,"[0.0,1.0]","[-1.0,0.0]","[0.0,0.0]",-0.0,0.024257310973510148,0.021491515017420124,"[-0.004849437731635214,-0.02708452767176758]",3.3245495698711595e-05,0.0033245495698711594,0.0,0.9977634241211628,0.9977634241211628,,0.0,0.021379389641760244
FS-002,wall-2,wall,1,34249,34263,342.4799999998335,342.4899999998335,0.01,False,sustained_or_free,"[5.695192851425845,0.5000000000342406]","[5.694954374860922,0.5000000000342406]",0.7321872847812237,0.0053470942903942,"[-0.024052936786957343,0.0]","[-0.023847656492304026,0.0]",0.0,"[0.0,1.0]","[-1.0,0.0]","[0.0,0.0]",-0.0,0.024052936786957343,0.021379389641760244,"[-0.003113194287380844,-0.026284568352384914]",3.0606711364352526e-05,0.0030606711364352525,0.0,0.9977634241211628,0.9977634241211628,,0.0,0.021266925005477846
FS-002,wall-2,wall,1,34250,34264,342.4899999998335,342.4999999998335,0.01,False,sustained_or_free,"[5.694954374860922,0.5000000000342406]","[5.694717960255489,0.5000000000342406]",0.7322388994109603,0.0051614629736523605,"[-0.023847656492304026,0.0]","[-0.02364146054327776,0.0]",0.0,"[0.0,1.0]","[-1.0,0.0]","[0.0,0.0]",-0.0,0.023847656492304026,0.021266925005477846,"[-0.0013962465098439753,-0.025448814529300146]",2.7950567922824608e-05,0.0027950567922824607,0.0,0.9977634241211628,0.9977634241211628,,0.0,0.02115398267552561
FS-002,wall-2,wall,1,34251,34265,342.4999999998335,342.5099999998335,0.01,False,sustained_or_free,"[5.694717960255489,0.5000000000342406]","[5.694483616838329,0.5000000000342406]",0.7322886489683154,0.004974955735507628,"[-0.023641460543279424,0.0]","[-0.023434341716033202,0.0]",0.0,"[0.0,1.0]","[-1.0,0.0]","[0.0,0.0]",-0.0,0.023641460543279424,0.02115398267552561,"[0.00030309626558366664,-0.024580887623143487]",2.5279091991877606e-05,0.0025279091991877605,0.0,0.9977634241211628,0.9977634241211628,,0.0,0.021040440146316813
FS-002,wall-2,wall,1,34252,34266,342.5099999998335,342.5199999998335,0.01,False,sustained_or_free,"[5.694483616838329,0.5000000000342406]","[5.694251355599972,0.5000000000342406]",0.73233652699971,0.004787803139460428,"[-0.023434341716047028,0.0]","[-0.023226123835673462,0.0]",0.0,"[0.0,1.0]","[-1.0,0.0]","[0.0,0.0]",-0.0,0.023434341716047028,0.021040440146316813,"[0.0021341637322136236,-0.023684072885212536]",2.2440334541707106e-05,0.0022440334541707105,0.0,0.9977634241211628,0.9977634241211628,,0.0,0.020926339333016818
FS-002,wall-2,wall,1,34253,34267,342.5199999998335,342.5299999998335,0.01,False,sustained_or_free,"[5.694251355599972,0.5000000000342406]","[5.694021189080387,0.5000000000342406]",0.7323825226897632,0.0045995690053252745,"[-0.023226123835679454,0.0]","[-0.023016651958496226,0.0]",0.0,"[0.0,1.0]","[-1.0,0.0]","[0.0,0.0]",-0.0,0.023226123835679454,0.020926339333016818,"[0.0040830486326538015,-0.02276126864617928]",1.945179418370897e-05,0.001945179418370897,0.0,0.9977634241211628,0.9977634241211628,,0.0,0.020811715982959854
FS-002,wall-2,wall,1,34254,34268,342.5299999998335,342.53999999983347,0.01,False,sustained_or_free,"[5.694021189080387,0.5000000000342406]","[5.693793131176632,0.5000000000342406]",0.7324266214092736,0.004409871951040345,"[-0.023016651958480027,0.0]","[-0.02280579037554631,0.0]",0.0,"[0.0,1.0]","[-1.0,0.0]","[0.0,0.0]",-0.0,0.023016651958480027,0.020811715982959854,"[0.0061371212014001255,-0.021815114057393135]",1.6329374250992077e-05,0.0016329374250992077,0.0,0.9977634241211628,0.9977634241211628,,0.0,0.020696600331176124
FS-002,wall-2,wall,1,34255,34269,342.53999999983347,342.54999999983346,0.01,False,sustained_or_free,"[5.693793131176632,0.5000000000342406]","[5.6935671969686314,0.5000000000342406]",0.732468805210161,0.004218380088733834,"[-0.02280579037554304,0.0]","[-0.022593420800021136,0.0]",0.0,"[0.0,1.0]","[-1.0,0.0]","[0.0,0.0]",-0.0,0.02280579037554304,0.020696600331176124,"[0.00828491120458423,-0.02084801288283575]",1.3087528978655053e-05,0.0013087528978655053,0.0,0.9977634241211628,0.9977634241211628,,0.0,0.02058101769073975
FS-002,wall-2,wall,1,34256,34270,342.54999999983346,342.55999999983345,0.01,False,sustained_or_free,"[5.6935671969686314,0.5000000000342406]","[5.6933434025614105,0.5000000000342406]",0.7325090532723466,0.0040248062185651995,"[-0.02259342080002235,0.0]","[-0.022379440722097854,0.0]",0.0,"[0.0,1.0]","[-1.0,0.0]","[0.0,0.0]",-0.0,0.02259342080002235,0.02058101769073975,"[0.01051600089843297,-0.019862155105366847]",9.739397090539257e-06,0.0009739397090539258,0.0,0.9977634241211628,0.9977634241211628,,0.0,0.02046498898677171
FS-002,wall-2,wall,1,34257,34271,342.55999999983345,342.56999999983344,0.01,False,sustained_or_free,"[5.6933434025614105,0.5000000000342406]","[5.693121764942248,0.5000000000342406]",0.7325473423070534,0.0038289034706866466,"[-0.02237944072211503,0.0]","[-0.022163761916260682,0.0]",0.0,"[0.0,1.0]","[-1.0,0.0]","[0.0,0.0]",-0.0,0.02237944072211503,0.02046498898677171,"[0.012820927895105033,-0.01885953654792122]",6.2969230493188315e-06,0.0006296923049318832,0.0,0.9977634241211628,0.9977634241211628,,0.0,0.02034853123937464
FS-002,wall-2,wall,1,34258,34272,342.56999999983344,342.57999999983343,0.01,False,sustained_or_free,"[5.693121764942248,0.5000000000342406]","[5.692902301851385,0.5000000000342406]",0.7325836469205906,0.0036304613537187524,"[-0.022163761916234016,0.0]","[-0.021946309086295912,0.0]",0.0,"[0.0,1.0]","[-1.0,0.0]","[0.0,0.0]",-0.0,0.022163761916234016,0.02034853123937464,"[0.015191097017953884,-0.017841976691520305]",2.7709671080384396e-06,0.00027709671080384396,0.0,0.9977634241211628,0.9977634241211628,,0.0,0.020231658000282888
FS-002,wall-2,wall,1,34932,34948,349.31446669804245,349.31446669804245,0.0,True,recontact_or_first_touch,"[5.681700296135143,0.5000000000728897]","[5.681700296135143,0.5000000000728897]",0.8543715058458617,-0.019086388159628574,"[-0.02716306154997034,-0.030436640756844404]","[-0.02716306154997034,4.649058915617843e-16]",2.2683350988137903e-12,"[0.0,1.0]","[-1.0,0.0]","[0.0,0.0]",0.030436640756844404,0.02716306154997034,0.03670625562978463,"[-0.029286567440520505,-0.20250647905788735]",0.03043664075684487,,0.0006087328151368974,0.9977634241211628,0.997154691306026,,0.0,0.03670625562974457
FS-002,wall-2,wall,1,34932,34949,349.3144666980424,349.3199999998273,0.005533301784887572,False,sustained_or_free,"[5.681700296135143,0.5000000000728897]","[5.681550117339829,0.5000000000728897]",0.8543715058458617,-0.019086388159628574,"[-0.02716306154997034,4.649058915617843e-16]","[-0.0271409008856826,0.0]",2.2683350988137903e-12,"[0.0,1.0]","[-1.0,0.0]","[0.0,0.0]",-4.649058915617843e-16,0.02716306154997034,0.03670625562978463,"[-0.029286567440520505,-0.20250647905788735]",0.00014668261582826908,0.026509057617078707,0.0,0.997154691306026,0.997154691306026,,0.0,0.0368031827293253
FS-002,wall-2,wall,1,34933,34950,349.3199999998273,349.3299999998273,0.01,False,sustained_or_free,"[5.681550117339829,0.5000000000728897]","[5.681279138925718,0.5000000000728897]",0.8542645772031183,-0.019324563687356813,"[-0.02714090088564689,0.0]","[-0.027097841411105605,0.0]",0.0,"[0.0,1.0]","[-1.0,0.0]","[0.0,0.0]",-0.0,0.02714090088564689,0.0368031827293253,"[-0.024995975053423804,-0.20343022232706232]",0.00026063140958279383,0.02606314095827938,0.0,0.997154691306026,0.997154691306026,,0.0,0.03698368417508858
FS-002,wall-2,wall,1,34934,34951,349.3299999998273,349.3399999998273,0.01,False,sustained_or_free,"[5.681279138925718,0.5000000000728897]","[5.681008617931352,0.5000000000728897]",0.8540668603478393,-0.019771685527903506,"[-0.027097841411136823,0.0]","[-0.027052099436630783,0.0]",0.0,"[0.0,1.0]","[-1.0,0.0]","[0.0,0.0]",-0.0,0.027097841411136823,0.03698368417508858,"[-0.02316859482042359,-0.20208422864307937]",0.0002569569091611984,0.02569569091611984,0.0,0.997154691306026,0.997154691306026,,0.0,0.03715895204641906
FS-002,wall-2,wall,1,34935,34952,349.3399999998273,349.3499999998273,0.01,False,sustained_or_free,"[5.681008617931352,0.5000000000728897]","[5.680738580514074,0.5000000000728897]",0.8538647232956428,-0.020213705219654852,"[-0.02705209943659163,0.0]","[-0.027003741727771313,0.0]",0.0,"[0.0,1.0]","[-1.0,0.0]","[0.0,0.0]",-0.0,0.02705209943659163,0.03715895204641906,"[-0.021378398319777888,-0.20074143884226775]",0.0002533290207805715,0.02533290207805715,0.0,0.997154691306026,0.997154691306026,,0.0,0.037329021833478665
FS-002,wall-2,wall,1,34936,34953,349.3499999998273,349.35999999982727,0.01,False,sustained_or_free,"[5.680738580514074,0.5000000000728897]","[5.68046905221216,0.5000000000728897]",0.8536582176935283,-0.020650560211448406,"[-0.02700374172775446,0.0]","[-0.02695283019136241,0.0]",0.0,"[0.0,1.0]","[-1.0,0.0]","[0.0,0.0]",-0.0,0.02700374172775446,0.037329021833478665,"[-0.019621707257183135,-0.19940134814338456]",0.0002497429993541025,0.02497429993541025,0.0,0.997154691306026,0.997154691306026,,0.0,0.03749393136838789
FS-002,wall-2,wall,1,34937,34954,349.35999999982727,349.36999999982726,0.01,False,sustained_or_free,"[5.68046905221216,0.5000000000728897]","[5.680200057988946,0.5000000000728897]",0.8534473956699882,-0.021082202354014448,"[-0.02695283019138067,0.0]","[-0.026899422321413624,0.0]",0.0,"[0.0,1.0]","[-1.0,0.0]","[0.0,0.0]",-0.0,0.02695283019138067,0.03749393136838789,"[-0.0178952029684679,-0.19806349384179872]",0.00024619456020140467,0.024619456020140467,0.0,0.997154691306026,0.997154691306026,,0.0,0.03765372048597168
FS-002,wall-2,wall,1,34938,34955,349.36999999982726,349.37999999982725,0.01,False,sustained_or_free,"[5.680200057988946,0.5000000000728897]","[5.679931622272908,0.5000000000728897]",0.8532323097066963,-0.0215085963291917,"[-0.02689942232137583,0.0]","[-0.026843571603851757,0.0]",0.0,"[0.0,1.0]","[-1.0,0.0]","[0.0,0.0]",-0.0,0.02689942232137583,0.03765372048597168,"[-0.01619589303137333,-0.1967274516144834]",0.00024267983644714886,0.024267983644714886,0.0,0.997154691306026,0.997154691306026,,0.0,0.03780843071867489
FS-002,wall-2,wall,1,34939,34956,349.37999999982725,349.38999999982724,0.01,False,sustained_or_free,"[5.679931622272908,0.5000000000728897]","[5.679663768994059,0.5000000000728897]",0.8530130125243998,-0.021929718229648017,"[-0.026843571603850876,0.0]","[-0.026785327884848442,0.0]",0.0,"[0.0,1.0]","[-1.0,0.0]","[0.0,0.0]",-0.0,0.026843571603850876,0.03780843071867489,"[-0.014521080971372658,-0.19539283215782677]",0.00023919534035739902,0.0239195340357399,0.0,0.997154691306026,0.997154691306026,,0.0,0.03795810502240924
FS-002,wall-2,wall,1,34940,34957,349.38999999982724,349.39999999982723,0.01,False,sustained_or_free,"[5.679663768994059,0.5000000000728897]","[5.679396521617014,0.5000000000728897]",0.8527895569816494,-0.022345554275034575,"[-0.026785327884891953,0.0]","[-0.026724737704508783,0.0]",0.0,"[0.0,1.0]","[-1.0,0.0]","[0.0,0.0]",-0.0,0.026785327884891953,0.03795810502240924,"[-0.012868338774606832,-0.19405927812819784]",0.00023573792824949262,0.02357379282494926,0.0,0.997154691306026,0.997154691306026,,0.0,0.03810278753039713
FS-002,wall-2,wall,1,34941,34958,349.39999999982723,349.4099999998272,0.01,False,sustained_or_free,"[5.679396521617014,0.5000000000728897]","[5.679129952602513,0.5000000000728897]",0.8525619959851313,-0.022756099651812633,"[-0.026724737704490815,0.0]","[-0.026656901450117232,0.0]",0.0,"[0.0,1.0]","[-1.0,0.0]","[0.0,0.0]",-0.0,0.026724737704490815,0.03810278753039713,"[-0.013235721861596135,-0.18576214048792095]",0.00022664865984148308,0.022664865984148307,0.0,0.997154691306026,0.997154691306026,,0.0,0.03821865558609175
FS-002,wall-2,wall,1,34942,34959,349.4099999998272,349.4199999998272,0.01,False,sustained_or_free,"[5.679129952602513,0.5000000000728897]","[5.678864061503051,0.5000000000728897]",0.8523307609024124,-0.023123508271887888,"[-0.026656901450147808,0.0]","[-0.026589109946240086,0.0]",0.0,"[0.0,1.0]","[-1.0,0.0]","[0.0,0.0]",-0.0,0.026656901450147808,0.03821865558609175,"[-0.013846542593695154,-0.18447459963810495]",0.00022582212220145155,0.022582212220145153,0.0,0.997154691306026,0.997154691306026,,0.0,0.03832763017241117
FS-002,wall-2,wall,1,34943,34960,349.4199999998272,349.4299999998272,0.01,False,sustained_or_free,"[5.678864061503051,0.5000000000728897]","[5.6785988497017765,0.5000000000728897]",0.852095990497889,-0.023477040452349256,"[-0.026589109946236544,0.0]","[-0.026521180127403454,0.0]",0.0,"[0.0,1.0]","[-1.0,0.0]","[0.0,0.0]",-0.0,0.026589109946236544,0.03832763017241117,"[-0.014271647646578648,-0.18318875734021267]",0.00022478594458632642,0.02247859445863264,0.0,0.997154691306026,0.997154691306026,,0.0,0.038430034039457134
FS-002,wall-2,wall,1,34944,34961,349.4299999998272,349.4399999998272,0.01,False,sustained_or_free,"[5.6785988497017765,0.5000000000728897]","[5.678334320229782,0.5000000000728897]",0.8518578134196475,-0.02381770782414624,"[-0.026521180127384015,0.0]","[-0.026452947199473442,0.0]",0.0,"[0.0,1.0]","[-1.0,0.0]","[0.0,0.0]",-0.0,0.026521180127384015,0.038430034039457134,"[-0.014528229787228989,-0.18190411343915244]",0.00022355929907982654,0.022355929907982654,0.0,0.997154691306026,0.997154691306026,,0.0,0.03852616280885911
FS-002,wall-2,wall,1,34945,34962,349.4399999998272,349.4499999998272,0.01,False,sustained_or_free,"[5.678334320229782,0.5000000000728897]","[5.6780704776002935,0.5000000000728897]",0.8516163491074596,-0.02414643121878966,"[-0.02645294719946428,0.0]","[-0.026384262948830894,0.0]",0.0,"[0.0,1.0]","[-1.0,0.0]","[0.0,0.0]",-0.0,0.02645294719946428,0.03852616280885911,"[-0.014631898267826779,-0.18062022150629067]",0.00022215960081110728,0.02221596008111073,0.0,0.997154691306026,0.997154691306026,,0.0,0.0386162874633533
FS-002,wall-2,wall,1,34946,34963,349.4499999998272,349.4599999998272,0.01,False,sustained_or_free,"[5.6780704776002935,0.5000000000728897]","[5.67780732765821,0.5000000000728897]",0.8513717086171698,-0.024464049028987526,"[-0.026384262948859538,0.0]","[-0.026314994208309628,0.0]",0.0,"[0.0,1.0]","[-1.0,0.0]","[0.0,0.0]",-0.0,0.026384262948859538,0.0386162874633533,"[-0.01459682628695861,-0.17933668299147615]",0.0002206026705970508,0.02206026705970508,0.0,0.997154691306026,0.997154691306026,,0.0,0.03870065660255568
FS-002,wall-2,wall,1,34947,34964,349.4599999998272,349.46999999982717,0.01,False,sustained_or_free,"[5.67780732765821,0.5000000000728897]","[5.67754487744356,0.5000000000728897]",0.8511239953692857,-0.024771324788410577,"[-0.02631499420835039,0.0]","[-0.026245021465065577,0.0]",0.0,"[0.0,1.0]","[-1.0,0.0]","[0.0,0.0]",-0.0,0.02631499420835039,0.03870065660255568,"[-0.014435884706366442,-0.1780531420101436]",0.00021890288254664057,0.021890288254664058,0.0,0.997154691306026,0.997154691306026,,0.0,0.03877949848700191
FS-002,wall-2,wall,1,34948,34965,349.46999999982717,349.47999999982716,0.01,False,sustained_or_free,"[5.67754487744356,0.5000000000728897]","[5.677283135067584,0.5000000000728897]",0.8508733058288478,-0.02506895404379801,"[-0.0262450214651029,0.0]","[-0.02617423759758708,0.0]",0.0,"[0.0,1.0]","[-1.0,0.0]","[0.0,0.0]",-0.0,0.0262450214651029,0.03877949848700191,"[-0.014160763305194926,-0.17676928069745904]",0.00021707329801463969,0.02170732980146397,0.0,0.997154691306026,0.997154691306026,,0.0,0.03885302289044332
FS-002,wall-2,wall,1,34949,34966,349.47999999982716,349.48999999982715,0.01,False,sustained_or_free,"[5.677283135067584,0.5000000000728897]","[5.67702210960029,0.5000000000728897]",0.8506197301229904,-0.02535757058574057,"[-0.02617423759757303,0.0]","[-0.026102546729411813,0.0]",0.0,"[0.0,1.0]","[-1.0,0.0]","[0.0,0.0]",-0.0,0.02617423759757303,0.03885302289044332,"[-0.013782080733909286,-0.17548481506866467]",0.00021512578716421983,0.02151257871642198,0.0,0.997154691306026,0.997154691306026,,0.0,0.03892142277850059
FS-002,wall-2,wall,1,34950,34967,349.48999999982715,349.49999999982714,0.01,False,sustained_or_free,"[5.67702210960029,0.5000000000728897]","[5.676761810968397,0.5000000000728897]",0.8503633526020079,-0.025637752098251202,"[-0.026102546729374985,0.0]","[-0.026029863189247493,0.0]",0.0,"[0.0,1.0]","[-1.0,0.0]","[0.0,0.0]",-0.0,0.026102546729374985,0.03892142277850059,"[-0.013309484221515067,-0.17419949133123455]",0.0002130711392823072,0.02130711392823072,0.0,0.997154691306026,0.997154691306026,,0.0,0.03898487583006746
FS-002,wall-2,wall,1,34951,34968,349.49999999982714,349.50999999982713,0.01,False,sustained_or_free,"[5.676761810968397,0.5000000000728897]","[5.676502249862723,0.5000000000728897]",0.850104252349192,-0.02591002528159194,"[-0.026029863189271488,0.0]","[-0.025956110567459945,0.0]",0.0,"[0.0,1.0]","[-1.0,0.0]","[0.0,0.0]",-0.0,0.026029863189271488,0.03898487583006746,"[-0.01275173999134484,-0.17291308260023147]",0.00021091916288615504,0.021091916288615502,0.0,0.997154691306026,0.997154691306026,,0.0,0.03904354581630845
FS-002,wall-2,wall,1,34952,34969,349.50999999982713,349.5199999998271,0.01,False,sustained_or_free,"[5.676502249862723,0.5000000000728897]","[5.676243439128857,0.5000000000728897]",0.8498425036442148,-0.026174870497714327,"[-0.02595611056745129,0.0]","[-0.02588107338654666,0.0]",0.0,"[0.0,1.0]","[-1.0,0.0]","[0.0,0.0]",-0.0,0.02595611056745129,0.03904354581630845,"[-0.011968931681863137,-0.1716253859734328]",0.00020851095700552316,0.020851095700552314,0.0,0.997154691306026,0.997154691306026,,0.0,0.039097748215779556
FS-002,wall-2,wall,1,34953,34970,349.5199999998271,349.5299999998271,0.01,False,sustained_or_free,"[5.676243439128857,0.5000000000728897]","[5.675985393526344,0.5000000000728897]",0.8495781701476308,-0.02643334965839133,"[-0.02588107338658389,0.0]","[-0.025804560251341258,0.0]",0.0,"[0.0,1.0]","[-1.0,0.0]","[0.0,0.0]",-0.0,0.02588107338658389,0.039097748215779556,"[-0.010983520899204338,-0.1703361386030189]",0.00020587194368448667,0.020587194368448667,0.0,0.997154691306026,0.997154691306026,,0.0,0.03914776618609034
FS-002,wall-2,wall,1,34954,34971,349.5299999998271,349.5399999998271,0.01,False,sustained_or_free,"[5.675985393526344,0.5000000000728897]","[5.675728129510455,0.5000000000728897]",0.8493113060289352,-0.026686411869557666,"[-0.025804560251311507,0.0]","[-0.025726401588865855,0.0]",0.0,"[0.0,1.0]","[-1.0,0.0]","[0.0,0.0]",-0.0,0.025804560251311507,0.03914776618609034,"[-0.00981588816171268,-0.1690451125547056]",0.0002030251976322438,0.02030251976322438,0.0,0.997154691306026,0.997154691306026,,0.0,0.039193853669447686
FS-002,wall-2,wall,1,34955,34972,349.5399999998271,349.5499999998271,0.01,False,sustained_or_free,"[5.675728129510455,0.5000000000728897]","[5.675471665034465,0.5000000000728897]",0.8490419569873243,-0.02693490416109332,"[-0.025726401588901028,0.0]","[-0.025646447599037003,0.0]",0.0,"[0.0,1.0]","[-1.0,0.0]","[0.0,0.0]",-0.0,0.025726401588901028,0.039193853669447686,"[-0.008484526543477451,-0.16775211047317065]",0.00019999166372012747,0.019999166372012746,0.0,0.997154691306026,0.997154691306026,,0.0,0.03923623820382992
FS-002,wall-2,wall,1,34956,34973,349.5499999998271,349.5599999998271,0.01,False,sustained_or_free,"[5.675471665034465,0.5000000000728897]","[5.675216019370532,0.5000000000728897]",0.8487701611752284,-0.027179581209593653,"[-0.02564644759903309,0.0]","[-0.025564566393310173,0.0]",0.0,"[0.0,1.0]","[-1.0,0.0]","[0.0,0.0]",-0.0,0.02564644759903309,0.03923623820382992,"[-0.007006217270352474,-0.166456961767067]",0.0001967903543386436,0.01967903543386436,0.0,0.997154691306026,0.997154691306026,,0.0,0.03927512346765738
FS-002,wall-2,wall,1,34957,34974,349.5599999998271,349.5699999998271,0.01,False,sustained_or_free,"[5.675216019370532,0.5000000000728897]","[5.674961212947459,0.5000000000728897]",0.8484959500337423,-0.027421114148606856,"[-0.02556456639335395,0.0]","[-0.025480642307229573,0.0]",0.0,"[0.0,1.0]","[-1.0,0.0]","[0.0,0.0]",-0.0,0.02556456639335395,0.03927512346765738,"[-0.005396188952210259,-0.1651595192531766]",0.00019343852847497647,0.019343852847497647,0.0,0.997154691306026,0.997154691306026,,0.0,0.039310691583188534
FS-002,wall-2,wall,1,34958,34975,349.5699999998271,349.57999999982707,0.01,False,sustained_or_free,"[5.674961212947459,0.5000000000728897]","[5.674707267203782,0.5000000000728897]",0.8482193490482229,-0.027660098551943672,"[-0.025480642307216694,0.0]","[-0.025394574367698652,0.0]",0.0,"[0.0,1.0]","[-1.0,0.0]","[0.0,0.0]",-0.0,0.025480642307216694,0.039310691583188534,"[-0.0036682619777949387,-0.16385965620617363]",0.00018995185420025775,0.018995185420025776,0.0,0.997154691306026,0.997154691306026,,0.0,0.03934310520148281
FS-002,wall-2,wall,1,34959,34976,349.57999999982707,349.58999999982706,0.01,False,sustained_or_free,"[5.674707267203782,0.5000000000728897]","[5.67445420445475,0.5000000000728897]",0.8479403784315467,-0.027897061667624453,"[-0.025394574367670585,0.0]","[-0.025306274903247328,0.0]",0.0,"[0.0,1.0]","[-1.0,0.0]","[0.0,0.0]",-0.0,0.025394574367670585,0.03934310520148281,"[-0.0018349794559337084,-0.16255726376661098]",0.00018634455610040416,0.018634455610040415,0.0,0.997154691306026,0.997154691306026,,0.0,0.03937250938960999
FS-002,wall-2,wall,1,34960,34977,349.58999999982706,349.59999999982705,0.01,False,sustained_or_free,"[5.67445420445475,0.5000000000728897]","[5.674202047771926,0.5000000000728897]",0.8476590537418193,-0.028132468972745413,"[-0.025306274903237284,0.0]","[-0.025215668282374537,0.0]",0.0,"[0.0,1.0]","[-1.0,0.0]","[0.0,0.0]",-0.0,0.025306274903237284,0.03937250938960999,"[9.227404236284142e-05,-0.16125224866519264]",0.00018262954904307255,0.018262954904307255,0.0,0.997154691306026,0.997154691306026,,0.0,0.03939903333882826
FS-002,wall-2,wall,1,34961,34978,349.59999999982705,349.60999999982704,0.01,False,sustained_or_free,"[5.674202047771926,0.5000000000728897]","[5.673950827980598,0.5000000000728897]",0.8473753864406898,-0.02836673011294795,"[-0.02521566828235428,0.0]","[-0.02512197913278058,0.0]",0.0,"[0.0,1.0]","[-1.0,0.0]","[0.0,0.0]",-0.0,0.02521566828235428,0.03939903333882826,"[0.004554458877993966,-0.16168344854898098]",0.0001780138888232786,0.017801388882327858,0.0,0.997154691306026,0.997154691306026,,0.0,0.03943091686389692
FS-002,wall-2,wall,1,34962,34979,349.60999999982704,349.61999999982703,0.01,False,sustained_or_free,"[5.673950827980598,0.5000000000728897]","[5.673700591629019,0.5000000000728897]",0.8470892076860675,-0.028617875462226654,"[-0.025121979132783596,0.0]","[-0.025023635157950253,0.0]",0.0,"[0.0,1.0]","[-1.0,0.0]","[0.0,0.0]",-0.0,0.025121979132783596,0.03943091686389692,"[0.008860416420645388,-0.16035867753833072]",0.00017158854014579351,0.017158854014579353,0.0,0.997154691306026,0.997154691306026,,0.0,0.039462419110229865
FS-002,wall-2,wall,1,34963,34980,349.61999999982703,349.629999999827,0.01,False,sustained_or_free,"[5.673700591629019,0.5000000000728897]","[5.673451383483477,0.5000000000728897]",0.8468004320070217,-0.028877567904587537,"[-0.025023635157936097,0.0]","[-0.02492081455418571,0.0]",0.0,"[0.0,1.0]","[-1.0,0.0]","[0.0,0.0]",-0.0,0.025023635157936097,0.039462419110229865,"[0.013027631783773946,-0.15902979150573507]",0.00016531884249012293,0.016531884249012294,0.0,0.997154691306026,0.997154691306026,,0.0,0.0394933487960792
FS-002,wall-2,wall,1,34964,34981,349.629999999827,349.639999999827,0.01,False,sustained_or_free,"[5.673451383483477,0.5000000000728897]","[5.673203246655619,0.5000000000728897]",0.8465089813221832,-0.029145068483850796,"[-0.024920814554153806,0.0]","[-0.024813682785840285,0.0]",0.0,"[0.0,1.0]","[-1.0,0.0]","[0.0,0.0]",-0.0,0.024920814554153806,0.0394933487960792,"[0.0170673218697749,-0.1576969723866575]",0.0001591922144730114,0.01591922144730114,0.0,0.997154691306026,0.997154691306026,,0.0,0.0395235318346904
FS-002,wall-2,wall,1,34965,34982,349.639999999827,349.649999999827,0.01,False,sustained_or_free,"[5.673203246655619,0.5000000000728897]","[5.672956222718359,0.5000000000728897]",0.8462147843412059,-0.029419698097730436,"[-0.024813682785825186,0.0]","[-0.024702393725917204,0.0]",0.0,"[0.0,1.0]","[-1.0,0.0]","[0.0,0.0]",-0.0,0.024813682785825186,0.0395235318346904,"[0.020989653020722795,-0.15636037810022213]",0.00015319725067422857,0.015319725067422857,0.0,0.997154691306026,0.997154691306026,,0.0,0.03955280973110455
FS-002,wall-2,wall,1,34966,34983,349.649999999827,349.659999999827,0.01,False,sustained_or_free,"[5.672956222718359,0.5000000000728897]","[5.672710351811444,0.5000000000728897]",0.845917776021102,-0.029700832010390435,"[-0.024702393725909336,0.0]","[-0.024587090691507996,0.0]",0.0,"[0.0,1.0]","[-1.0,0.0]","[0.0,0.0]",-0.0,0.024702393725909336,0.03955280973110455,"[0.024803838981128038,-0.15502014542424072]",0.00014732361238427885,0.014732361238427884,0.0,0.997154691306026,0.997154691306026,,0.0,0.0395810381305278
FS-002,wall-2,wall,1,34967,34984,349.659999999827,349.669999999827,0.01,False,sustained_or_free,"[5.672710351811444,0.5000000000728897]","[5.672465672737603,0.5000000000728897]",0.8456178970723215,-0.02998789487805281,"[-0.024587090691501397,0.0]","[-0.02446790738410698,0.0]",0.0,"[0.0,1.0]","[-1.0,0.0]","[0.0,0.0]",-0.0,0.024587090691501397,0.0395810381305278,"[0.028518229739111046,-0.15367639255569676]",0.00014156192850284932,0.014156192850284932,0.0,0.997154691306026,0.997154691306026,,0.0,0.03960808550394412
FS-002,wall-2,wall,1,34968,34985,349.669999999827,349.679999999827,0.01,False,sustained_or_free,"[5.672465672737603,0.5000000000728897]","[5.672222223050168,0.5000000000728897]",0.8453150935099251,-0.03028035623964055,"[-0.024467907384123844,0.0]","[-0.024344968743506,0.0]",0.0,"[0.0,1.0]","[-1.0,0.0]","[0.0,0.0]",-0.0,0.024467907384123844,0.03960808550394412,"[0.032140392095797596,-0.1523292213893636]",0.00013590370564196754,0.013590370564196753,0.0,0.997154691306026,0.997154691306026,,0.0,0.03963383195800005
FS-002,wall-2,wall,1,34969,34986,349.679999999827,349.68999999982697,0.01,False,sustained_or_free,"[5.672222223050168,0.5000000000728897]","[5.671980039132938,0.5000000000728897]",0.8450093162456358,-0.03057772642893075,"[-0.024344968743534673,0.0]","[-0.024218391722996557,0.0]",0.0,"[0.0,1.0]","[-1.0,0.0]","[0.0,0.0]",-0.0,0.024344968743534673,0.03963383195800005,"[0.035677182733442774,-0.1509787195440603]",0.00013034124657658127,0.013034124657658127,0.0,0.997154691306026,0.997154691306026,,0.0,0.039658168157415075
FS-002,wall-2,wall,1,34970,34987,349.68999999982697,349.69999999982696,0.01,False,sustained_or_free,"[5.671980039132938,0.5000000000728897]","[5.671739156273003,0.5000000000728897]",0.8447005207169481,-0.030879552868765626,"[-0.02421839172303226,0.0]","[-0.024088285993517644,0.0]",0.0,"[0.0,1.0]","[-1.0,0.0]","[0.0,0.0]",-0.0,0.02421839172303226,0.039658168157415075,"[0.03913481448091947,-0.14962496216314403]",0.00012486757626557795,0.012486757626557795,0.0,0.997154691306026,0.997154691306026,,0.0,0.039680994349280754
FS-002,wall-2,wall,1,34971,34988,349.69999999982696,349.70999999982695,0.01,False,sustained_or_free,"[5.671739156273003,0.5000000000728897]","[5.671499608727175,0.5000000000728897]",0.8443886665498325,-0.03118541671156053,"[-0.024088285993500488,0.0]","[-0.02395475458278895,0.0]",0.0,"[0.0,1.0]","[-1.0,0.0]","[0.0,0.0]",-0.0,0.024088285993500488,0.039680994349280754,"[0.042518916410060274,-0.14826801351319]",0.0001194763747389582,0.011947637473895819,0.0,0.997154691306026,0.997154691306026,,0.0,0.03970221947961655
FS-002,wall-2,wall,1,34972,34989,349.70999999982695,349.71999999982694,0.01,False,sustained_or_free,"[5.671499608727175,0.5000000000728897]","[5.6712614297826125,0.5000000000728897]",0.8440737172518955,-0.031494929793694705,"[-0.023954754582769196,0.0]","[-0.023817894456268363,0.0]",0.0,"[0.0,1.0]","[-1.0,0.0]","[0.0,0.0]",-0.0,0.023954754582769196,0.03970221947961655,"[0.04583458833728496,-0.14690792840240033]",0.00011416191621269751,0.011416191621269752,0.0,0.997154691306026,0.997154691306026,,0.0,0.039721760393460315
FS-002,wall-2,wall,1,34973,34990,349.71999999982694,349.72999999982693,0.01,False,sustained_or_free,"[5.6712614297826125,0.5000000000728897]","[5.67102465181217,0.5000000000728897]",0.8437556399331515,-0.031807731874403604,"[-0.023817894456258516,0.0]","[-0.023677797044285853,0.0]",0.0,"[0.0,1.0]","[-1.0,0.0]","[0.0,0.0]",-0.0,0.023817894456258516,0.039721760393460315,"[0.04908645025140689,-0.14554475343809553]",0.00010891901385244311,0.010891901385244311,0.0,0.997154691306026,0.997154691306026,,0.0,0.03973954111059548
FS-002,wall-2,wall,1,34974,34991,349.72999999982693,349.7399999998269,0.01,False,sustained_or_free,"[5.67102465181217,0.5000000000728897]","[5.6707893063249575,0.5000000000728897]",0.8434344050518261,-0.032123488132541414,"[-0.02367779704432477,0.0]","[-0.023534548721215742,0.0]",0.0,"[0.0,1.0]","[-1.0,0.0]","[0.0,0.0]",-0.0,0.02367779704432477,0.03973954111059548,"[0.05227868713997259,-0.14417852814066212]",0.00010374296966119754,0.010374296966119754,0.0,0.997154691306026,0.997154691306026,,0.0,0.03975549216976321
FS-002,wall-2,wall,1,34975,34992,349.7399999998269,349.7499999998269,0.01,False,sustained_or_free,"[5.6707893063249575,0.5000000000728897]","[5.670555424012556,0.5000000000728897]",0.8431099861828554,-0.03244188689707485,"[-0.023534548721225783,0.0]","[-0.023388231240151214,0.0]",0.0,"[0.0,1.0]","[-1.0,0.0]","[0.0,0.0]",-0.0,0.023534548721225783,0.03975549216976321,"[0.05541508964247992,-0.14280928592953693]",9.862952901506283e-05,0.009862952901506282,0.0,0.997154691306026,0.997154691306026,,0.0,0.03976955003488386
FS-002,wall-2,wall,1,34976,34993,349.7499999998269,349.7599999998269,0.01,False,sustained_or_free,"[5.670555424012556,0.5000000000728897]","[5.670323034791271,0.5000000000728897]",0.8427823598069611,-0.0327626375894283,"[-0.023388231240169706,0.0]","[-0.023238922128498984,0.0]",0.0,"[0.0,1.0]","[-1.0,0.0]","[0.0,0.0]",-0.0,0.023388231240169706,0.03976955003488386,"[0.05849909091891831,-0.1414370549951906]",9.357483941545739e-05,0.009357483941545739,0.0,0.997154691306026,0.997154691306026,,0.0,0.03978165655742373
FS-002,wall-2,wall,1,34977,34994,349.7599999998269,349.7699999998269,0.01,False,sustained_or_free,"[5.670323034791271,0.5000000000728897]","[5.670092167840804,0.5000000000728897]",0.8424515051183826,-0.03308546885784863,"[-0.023238922128499418,0.0]","[-0.023086695046714567,0.0]",0.0,"[0.0,1.0]","[-1.0,0.0]","[0.0,0.0]",-0.0,0.023238922128499418,0.03978165655742373,"[0.06153380008589418,-0.14006185906961394]",8.857541306639971e-05,0.00885754130663997,0.0,0.997154691306026,0.997154691306026,,0.0,0.03979175848959765
FS-002,wall-2,wall,1,34978,34995,349.7699999998269,349.7799999998269,0.01,False,sustained_or_free,"[5.670092167840804,0.5000000000728897]","[5.6698628516396585,0.5000000000728897]",0.8421174038495245,-0.033410126885813726,"[-0.02308669504669079,0.0]","[-0.022931620114530205,0.0]",0.0,"[0.0,1.0]","[-1.0,0.0]","[0.0,0.0]",-0.0,0.02308669504669079,0.03979175848959765,"[0.06452203253979735,-0.13868371810649477]",8.362809292187284e-05,0.008362809292187284,0.0,0.997154691306026,0.997154691306026,,0.0,0.03979980704359948
FS-002,wall-2,wall,1,34979,34996,349.7799999998269,349.7899999998269,0.01,False,sustained_or_free,"[5.6698628516396585,0.5000000000728897]","[5.669635113997585,0.5000000000728897]",0.8417800401109425,-0.033736373858191795,"[-0.022931620114503583,0.0]","[-0.022773764207340008,0.0]",0.0,"[0.0,1.0]","[-1.0,0.0]","[0.0,0.0]",-0.0,0.022931620114503583,0.03979980704359948,"[0.06746633745671717,-0.1373026488810908]",7.873002188130113e-05,0.007873002188130113,0.0,0.997154691306026,0.997154691306026,,0.0,0.03980575749250731
FS-002,wall-2,wall,1,34980,34997,349.7899999998269,349.79999999982687,0.01,False,sustained_or_free,"[5.669635113997585,0.5000000000728897]","[5.669408982085331,0.5000000000728897]",0.8414394002452387,-0.034063986570383266,"[-0.022773764207315673,0.0]","[-0.022613191225406837,0.0]",0.0,"[0.0,1.0]","[-1.0,0.0]","[0.0,0.0]",-0.0,0.022773764207315673,0.03980575749250731,"[0.0703690227318404,-0.13591866551873977]",7.387861484110319e-05,0.007387861484110319,0.0,0.997154691306026,0.997154691306026,,0.0,0.039809568808921406
FS-002,wall-2,wall,1,34981,34998,349.79999999982687,349.80999999982686,0.01,False,sustained_or_free,"[5.669408982085331,0.5000000000728897]","[5.66918443504017,0.5000000000728897]",0.8410954726935681,-0.03439275516705948,"[-0.02261319122539167,0.0]","[-0.0224547045161394,0.0]",0.0,"[0.0,1.0]","[-1.0,0.0]","[0.0,0.0]",-0.0,0.02261319122539167,0.039809568808921406,"[0.0733633846010754,-0.13937327533673555]",7.437373504981918e-05,0.007437373504981917,0.0,0.997154691306026,0.997154691306026,,0.0,0.03982642729218412
FS-002,wall-2,wall,1,34982,34999,349.80999999982686,349.81999999982685,0.01,False,sustained_or_free,"[5.66918443504017,0.5000000000728897]","[5.668961507728211,0.5000000000728897]",0.8407480382380479,-0.0347434455520194,"[-0.022454704516174418,0.0]","[-0.02229273119587205,0.0]",0.0,"[0.0,1.0]","[-1.0,0.0]","[0.0,0.0]",-0.0,0.022454704516174418,0.03982642729218412,"[0.07698070095844212,-0.13793673306403556]",6.866414982355342e-05,0.0068664149823553415,0.0,0.997154691306026,0.997154691306026,,0.0,0.03984158717213121
FS-002,wall-2,wall,1,34983,35000,349.81999999982685,349.82999999982684,0.01,False,sustained_or_free,"[5.668961507728211,0.5000000000728897]","[5.668740233604197,0.5000000000728897]",0.8403970611185222,-0.035097711952568236,"[-0.022292731195847088,0.0]","[-0.02212741240139593,0.0]",0.0,"[0.0,1.0]","[-1.0,0.0]","[0.0,0.0]",-0.0,0.022292731195847088,0.03984158717213121,"[0.08048518718802233,-0.13649639727479823]",6.308091205117235e-05,0.006308091205117235,0.0,0.997154691306026,0.997154691306026,,0.0,0.03985491519554096
FS-002,wall-2,wall,1,34984,35001,349.82999999982684,349.83999999982683,0.01,False,sustained_or_free,"[5.668740233604197,0.5000000000728897]","[5.668520644811394,0.5000000000728897]",0.8400425110626395,-0.03545500558826458,"[-0.022127412401408673,0.0]","[-0.02195887928033713,0.0]",0.0,"[0.0,1.0]","[-1.0,0.0]","[0.0,0.0]",-0.0,0.022127412401408673,0.03985491519554096,"[0.08388555907298781,-0.13505239769664085]",5.761429785461014e-05,0.005761429785461013,0.0,0.997154691306026,0.997154691306026,,0.0,0.039866291133986896
FS-002,wall-2,wall,1,34985,35002,349.83999999982683,349.8499999998268,0.01,False,sustained_or_free,"[5.668520644811394,0.5000000000728897]","[5.668302772272568,0.5000000000728897]",0.8396843628255665,-0.035814823707307424,"[-0.021958879280333184,0.0]","[-0.021787253882532553,0.0]",0.0,"[0.0,1.0]","[-1.0,0.0]","[0.0,0.0]",-0.0,0.021958879280333184,0.039866291133986896,"[0.0871897183860931,-0.13360484750072749]",5.225549137052039e-05,0.005225549137052039,0.0,0.997154691306026,0.997154691306026,,0.0,0.03987560655832476
FS-002,wall-2,wall,1,34986,35003,349.8499999998268,349.8599999998268,0.01,False,sustained_or_free,"[5.668302772272568,0.5000000000728897]","[5.668086645772866,0.5000000000728897]",0.83932259577205,-0.03617670535164797,"[-0.021787253882500777,0.0]","[-0.021612649970226272,0.0]",0.0,"[0.0,1.0]","[-1.0,0.0]","[0.0,0.0]",-0.0,0.021787253882500777,0.03987560655832476,"[0.09040482879822581,-0.1321538454129624]",4.699650042144176e-05,0.004699650042144176,0.0,0.997154691306026,0.997154691306026,,0.0,0.039882763729512105
FS-002,wall-2,wall,1,34987,35004,349.8599999998268,349.8699999998268,0.01,False,sustained_or_free,"[5.668086645772866,0.5000000000728897]","[5.6678722940353286,0.5000000000728897]",0.8389571934968638,-0.03654022751862597,"[-0.021612649970199117,0.0]","[-0.021435173753747705,0.0]",0.0,"[0.0,1.0]","[-1.0,0.0]","[0.0,0.0]",-0.0,0.021612649970199117,0.039882763729512105,"[0.0935373847214158,-0.130699477584327]",4.183008000768514e-05,0.004183008000768514,0.0,0.997154691306026,0.997154691306026,,0.0,0.03988767459473945
FS-002,wall-2,wall,1,34988,35005,349.8699999998268,349.8799999998268,0.01,False,sustained_or_free,"[5.6678722940353286,0.5000000000728897]","[5.667659744789733,0.5000000000728897]",0.838588143480044,-0.036905001681986314,"[-0.021435173753746293,0.0]","[-0.02125492455959943,0.0]",0.0,"[0.0,1.0]","[-1.0,0.0]","[0.0,0.0]",-0.0,0.021435173753746293,0.03988767459473945,"[0.09659327374375869,-0.12924181924652922]",3.674966289392753e-05,0.0036749662893927532,0.0,0.997154691306026,0.997154691306026,,0.0,0.039890259878895155
FS-002,wall-2,wall,1,34989,35006,349.8799999998268,349.8899999998268,0.01,False,sustained_or_free,"[5.667659744789733,0.5000000000728897]","[5.667449024835362,0.5000000000728897]",0.8382154367736578,-0.037270670638608665,"[-0.021254924559590823,0.0]","[-0.021071995437083046,0.0]",0.0,"[0.0,1.0]","[-1.0,0.0]","[0.0,0.0]",-0.0,0.021254924559590823,0.039890259878895155,"[0.0995778332525169,-0.12778093617642017]",3.174929663210817e-05,0.003174929663210817,0.0,0.997154691306026,0.997154691306026,,0.0,0.039890448262330035
FS-002,wall-2,wall,1,34990,35007,349.8899999998268,349.8999999998268,0.01,False,sustained_or_free,"[5.667449024835362,0.5000000000728897]","[5.667240160098264,0.5000000000728897]",0.8378390677171534,-0.03763690565043468,"[-0.021071995437112696,0.0]","[-0.02088647370976915,0.0]",0.0,"[0.0,1.0]","[-1.0,0.0]","[0.0,0.0]",-0.0,0.021071995437112696,0.039890448262330035,"[0.10249590178617006,-0.12631688599018265]",2.6823586423486326e-05,0.0026823586423486328,0.0,0.997154691306026,0.997154691306026,,0.0,0.03988817563674306
FS-002,wall-2,wall,1,34991,35008,349.8999999998268,349.90999999982677,0.01,False,sustained_or_free,"[5.667240160098264,0.5000000000728897]","[5.667033175683507,0.5000000000728897]",0.8374590336786141,-0.038003403853934595,"[-0.020886473709775765,0.0]","[-0.02069844147571942,0.0]",0.0,"[0.0,1.0]","[-1.0,0.0]","[0.0,0.0]",-0.0,0.020886473709775765,0.03988817563674306,"[0.10535186560586322,-0.12484971928608524]",2.196764327825012e-05,0.002196764327825012,0.0,0.997154691306026,0.997154691306026,,0.0,0.039883384431783415
FS-002,wall-2,wall,1,34992,35009,349.90999999982677,349.91999999982676,0.01,False,sustained_or_free,"[5.667033175683507,0.5000000000728897]","[5.666828095922879,0.5000000000728897]",0.8370753348194936,-0.03836988591204461,"[-0.02069844147576111,0.0]","[-0.020507976062766886,0.0]",0.0,"[0.0,1.0]","[-1.0,0.0]","[0.0,0.0]",-0.0,0.02069844147576111,0.039883384431783415,"[0.10814970093106478,-0.12337948065260615]",1.7177036981402595e-05,0.0017177036981402595,0.0,0.997154691306026,0.997154691306026,,0.0,0.0398760230056652
FS-002,wall-2,wall,1,34993,35010,349.91999999982676,349.92999999982675,0.01,False,sustained_or_free,"[5.666828095922879,0.5000000000728897]","[5.666624944418469,0.5000000000728897]",0.8366879738806351,-0.0387360938858539,"[-0.020507976062738246,0.0]","[-0.020315150440985974,0.0]",0.0,"[0.0,1.0]","[-1.0,0.0]","[0.0,0.0]",-0.0,0.020507976062738246,0.0398760230056652,"[0.11089301224285629,-0.1219062095569419]",1.2447753419288315e-05,0.0012447753419288314,0.0,0.997154691306026,0.997154691306026,,0.0,0.039866045093725794
FS-002,wall-2,wall,1,34994,35011,349.92999999982675,349.93999999982674,0.01,False,sustained_or_free,"[5.666624944418469,0.5000000000728897]","[5.666423744082481,0.5000000000728897]",0.8362969559875806,-0.039101789305448054,"[-0.020315150441001763,0.0]","[-0.020120033598836073,0.0]",0.0,"[0.0,1.0]","[-1.0,0.0]","[0.0,0.0]",-0.0,0.020315150441001763,0.039866045093725794,"[0.11358506702074077,-0.12042994112730701]",7.776155862503378e-06,0.0007776155862503377,0.0,0.997154691306026,0.997154691306026,,0.0,0.0398534093094333
FS-002,wall-2,wall,1,34995,35012,349.93999999982674,349.94999999982673,0.01,False,sustained_or_free,"[5.666423744082481,0.5000000000728897]","[5.666224517173647,0.5000000000728897]",0.8359022884733681,-0.039466751421244096,"[-0.02012003359881125,0.0]","[-0.01992269088342269,0.0]",0.0,"[0.0,1.0]","[-1.0,0.0]","[0.0,0.0]",-0.0,0.02012003359881125,0.0398534093094333,"[0.11622882724481298,-0.11895070684098864]",3.158949838455058e-06,0.00031589498384550576,0.0,0.997154691306026,0.997154691306026,,0.0,0.039838078692868935
FS-002,wall-2,wall,1,36275,36294,362.7429775602577,362.7429775602577,0.0,True,recontact_or_first_touch,"[5.658454015154959,0.5000000000311682]","[5.658454015154959,0.5000000000311682]",0.8954427087995788,0.08552853733330695,"[-0.0038624327876717835,-0.003963064403717075]","[-0.0038624327876717835,-9.574806225653987e-15]",3.3888885856710218e-12,"[0.0,1.0]","[-1.0,0.0]","[0.0,0.0]",0.003963064403717075,0.0038624327876717835,-0.038901835878981696,"[-0.14720968736508092,0.15106421306707293]",0.0039630644037075,,7.926128807415001e-05,0.997154691306026,0.9970754300179518,,0.0,0.038901835878932645
FS-002,wall-2,wall,1,36909,36931,369.0807332728944,369.0807332728944,0.0,True,recontact_or_first_touch,"[5.647602943039029,0.500000000039066]","[5.647602943039029,0.500000000039066]",0.8636854906472323,0.03643293098964952,"[-0.018199551176566877,-0.020662259315313045]","[-0.018199551176566877,-3.0954405705330146e-14]",1.3734888372188338e-11,"[0.0,1.0]","[-1.0,0.0]","[0.0,0.0]",0.020662259315313045,0.018199551176566877,-1.6914318257881672e-05,"[-0.1550624133656501,0.08605578617653988]",0.02066225931528209,,0.00041324518630564183,0.9970754300179518,0.9966621848316463,,0.0,1.691431858422826e-05
FS-002,wall-2,wall,1,36909,36932,369.0807332728944,369.0899999998093,0.009266726914911629,False,sustained_or_free,"[5.647602943039029,0.500000000039066]","[5.647435316258043,0.500000000039066]",0.8636854906472323,0.03643293098964952,"[-0.018199551176566877,-3.0954405705330146e-14]","[-0.018089103361483113,0.0]",1.3734888372188338e-11,"[0.0,1.0]","[-1.0,0.0]","[0.0,0.0]",3.0954405705330146e-14,0.018199551176566877,-1.6914318257881672e-05,"[-0.1550624133656501,0.08605578617653988]",6.719985210957644e-05,0.007251735453803139,0.0,0.9966621848316463,0.9966621848316463,,0.0,0.0002911581974889728
FS-002,wall-2,wall,1,36910,36933,369.0899999998093,369.0999999998093,0.01,False,sustained_or_free,"[5.647435316258043,0.500000000039066]","[5.647255614156306,0.500000000039066]",0.8640261403762162,0.03676052311800919,"[-0.01808910336151562,0.0]","[-0.01797021017369005,0.0]",0.0,"[0.0,1.0]","[-1.0,0.0]","[0.0,0.0]",-0.0,0.01808910336151562,-0.0002911581974889728,"[-0.153343248858815,0.08525117531836471]",7.154746268690409e-05,0.0071547462686904085,0.0,0.9966621848316463,0.9966621848316463,,0.0,0.0005792101275890124
FS-002,wall-2,wall,1,36911,36934,369.0999999998093,369.1099999998093,0.01,False,sustained_or_free,"[5.647255614156306,0.500000000039066]","[5.647077099825551,0.500000000039066]",0.8643971287822422,0.03709884060260233,"[-0.017970210173712153,0.0]","[-0.017851433075488643,0.0]",0.0,"[0.0,1.0]","[-1.0,0.0]","[0.0,0.0]",-0.0,0.017970210173712153,-0.0005792101275890124,"[-0.153741147419826,0.08680295027891129]",7.035087404249721e-05,0.00703508740424972,0.0,0.9966621848316463,0.9966621848316463,,0.0,0.0008682072840172916
FS-002,wall-2,wall,1,36912,36935,369.1099999998093,369.1199999998093,0.01,False,sustained_or_free,"[5.647077099825551,0.500000000039066]","[5.646899773644521,0.500000000039066]",0.864771521589433,0.03743928071908506,"[-0.01785143307552524,0.0]","[-0.01773261810296134,0.0]",0.0,"[0.0,1.0]","[-1.0,0.0]","[0.0,0.0]",-0.0,0.01785143307552524,-0.0008682072840172916,"[-0.1539661114260793,0.08835289098510439]",6.897371079765723e-05,0.006897371079765723,0.0,0.9966621848316463,0.9966621848316463,,0.0,0.0011579489620584839
FS-002,wall-2,wall,1,36913,36936,369.1199999998093,369.1299999998093,0.01,False,sustained_or_free,"[5.646899773644521,0.500000000039066]","[5.646723637377552,0.500000000039066]",0.8651493329307329,0.03778113412999277,"[-0.0177326181029379,0.0]","[-0.017613626696899587,0.0]",0.0,"[0.0,1.0]","[-1.0,0.0]","[0.0,0.0]",-0.0,0.0177326181029379,-0.0011579489620584839,"[-0.15403330220495393,0.08990095885596848]",6.743181937666705e-05,0.006743181937666705,0.0,0.9966621848316463,0.9966621848316463,,0.0,0.0014482539281568084
FS-002,wall-2,wall,1,36914,36937,369.1299999998093,369.1399999998093,0.01,False,sustained_or_free,"[5.646723637377552,0.500000000039066]","[5.6465486940348155,0.500000000039066]",0.8655305705432347,0.038123761250171265,"[-0.017613626696928824,0.0]","[-0.017494334273671086,0.0]",0.0,"[0.0,1.0]","[-1.0,0.0]","[0.0,0.0]",-0.0,0.017613626696928824,-0.0014482539281568084,"[-0.15395647223251938,0.09144710487285086]",6.573958780766645e-05,0.0065739587807666445,0.0,0.9966621848316463,0.9966621848316463,,0.0,0.0017389585504450425
FS-002,wall-2,wall,1,36915,36938,369.1399999998093,369.14999999980927,0.01,False,sustained_or_free,"[5.6465486940348155,0.500000000039066]","[5.64637494774554,0.500000000039066]",0.8659152363997171,0.03846658564825009,"[-0.017494334273680003,0.0]","[-0.017374628927591118,0.0]",0.0,"[0.0,1.0]","[-1.0,0.0]","[0.0,0.0]",-0.0,0.017494334273680003,-0.0017389585504450425,"[-0.15374809649467971,0.09299127139203735]",6.391008064338807e-05,0.006391008064338807,0.0,0.9966621848316463,0.9966621848316463,,0.0,0.0020299151065685805
FS-002,wall-2,wall,1,36916,36939,369.14999999980927,369.15999999980926,0.01,False,sustained_or_free,"[5.64637494774554,0.500000000039066]","[5.646202403642992,0.500000000039066]",0.8663033272804005,0.03880908806833145,"[-0.017374628927597145,0.0]","[-0.01725441025479668,0.0]",0.0,"[0.0,1.0]","[-1.0,0.0]","[0.0,0.0]",-0.0,0.017374628927597145,-0.0020299151065685805,"[-0.15341949161578947,0.09453339370373831]",6.195516143391743e-05,0.006195516143391744,0.0,0.9966621848316463,0.9966621848316463,,0.0,0.0023209902520358143
FS-002,wall-2,wall,1,36917,36940,369.15999999980926,369.16999999980925,0.01,False,sustained_or_free,"[5.646202403642992,0.500000000039066]","[5.6460310677601315,0.500000000039066]",0.8666948352905375,0.03915080101370085,"[-0.01725441025481461,0.0]","[-0.017133588286011303,0.0]",0.0,"[0.0,1.0]","[-1.0,0.0]","[0.0,0.0]",-0.0,0.01725441025481461,-0.0023209902520358143,"[-0.1529809238937621,0.0960734013704188]",5.988560389698573e-05,0.0059885603896985724,0.0,0.9966621848316463,0.9966621848316463,,0.0,0.0026120636339138775
FS-002,wall-2,wall,1,36918,36941,369.16999999980925,369.17999999980924,0.01,False,sustained_or_free,"[5.6460310677601315,0.500000000039066]","[5.645860946934948,0.500000000039066]",0.8670897483289358,0.03949130383982895,"[-0.017133588286000596,0.0]","[-0.017012082518341742,0.0]",0.0,"[0.0,1.0]","[-1.0,0.0]","[0.0,0.0]",-0.0,0.017133588286000596,-0.0026120636339138775,"[-0.15244170727464043,0.09761121937328526]",5.7711192826422436e-05,0.005771119282642244,0.0,0.9966621848316463,0.9966621848316463,,0.0,0.0029030266361256517
FS-002,wall-2,wall,1,36919,36942,369.17999999980924,369.18999999980923,0.01,False,sustained_or_free,"[5.645860946934948,0.500000000039066]","[5.645692048724575,0.500000000039066]",0.8674880505120246,0.039830218308883836,"[-0.017012082518316266,0.0]","[-0.016889821037313624,0.0]",0.0,"[0.0,1.0]","[-1.0,0.0]","[0.0,0.0]",-0.0,0.017012082518316266,-0.0029030266361256517,"[-0.15181029220342543,0.09914676909210034]",5.5440815684031e-05,0.0055440815684031,0.0,0.9966621848316463,0.9966621848316463,,0.0,0.0031937812439047884
FS-002,wall-2,wall,1,36920,36943,369.18999999980923,369.1999999998092,0.01,False,sustained_or_free,"[5.645692048724575,0.500000000039066]","[5.64552438132737,0.500000000039066]",0.8678897225576492,0.04016720456245743,"[-0.016889821037323928,0.0]","[-0.016766739720530666,0.0]",0.0,"[0.0,1.0]","[-1.0,0.0]","[0.0,0.0]",-0.0,0.016889821037323928,-0.0031937812439047884,"[-0.15109434620074172,0.10067996914031048]",5.3082545733451015e-05,0.0053082545733451015,0.0,0.9966621848316463,0.9966621848316463,,0.0,0.0034842390161427816
FS-002,wall-2,wall,1,36921,36944,369.1999999998092,369.2099999998092,0.01,False,sustained_or_free,"[5.64552438132737,0.500000000039066]","[5.645357965043064,0.500000000039066]",0.8682947421323819,0.04050195747327256,"[-0.016766739720493497,0.0]","[-0.01664162843058037,0.0]",0.0,"[0.0,1.0]","[-1.0,0.0]","[0.0,0.0]",-0.0,0.016766739720493497,-0.0034842390161427816,"[-0.14381000513578723,0.09701574872827716]",4.928165764079369e-05,0.004928165764079368,0.0,0.9966621848316463,0.9966621848316463,,0.0,0.003752908874083017
FS-002,wall-2,wall,1,36922,36945,369.2099999998092,369.2199999998092,0.01,False,sustained_or_free,"[5.645357965043064,0.500000000039066]","[5.645192795715321,0.500000000039066]",0.8687026328784757,0.04078907460938464,"[-0.016641628430609304,0.0]","[-0.016516932774290893,0.0]",0.0,"[0.0,1.0]","[-1.0,0.0]","[0.0,0.0]",-0.0,0.016641628430609304,-0.003752908874083017,"[-0.14215108234127016,0.09626154007881209]",4.8342098517538785e-05,0.004834209851753878,0.0,0.9966621848316463,0.9966621848316463,,0.0,0.004014204063935482
FS-002,wall-2,wall,1,36923,36946,369.2199999998092,369.2299999998092,0.01,False,sustained_or_free,"[5.645192795715321,0.500000000039066]","[5.645028870947695,0.500000000039066]",0.8691132556152406,0.04106227367648597,"[-0.0165169327743075,0.0]","[-0.016392476762572272,0.0]",0.0,"[0.0,1.0]","[-1.0,0.0]","[0.0,0.0]",-0.0,0.0165169327743075,-0.004014204063935482,"[-0.14051014671695575,0.09571847005479724]",4.719788266475712e-05,0.004719788266475711,0.0,0.9966621848316463,0.9966621848316463,,0.0,0.004268854076866724
FS-002,wall-2,wall,1,36924,36947,369.2299999998092,369.2399999998092,0.01,False,sustained_or_free,"[5.645028870947695,0.500000000039066]","[5.644866189928306,0.500000000039066]",0.8695264822320288,0.041322661678818366,"[-0.01639247676254246,0.0]","[-0.016268101938887725,0.0]",0.0,"[0.0,1.0]","[-1.0,0.0]","[0.0,0.0]",-0.0,0.01639247676254246,-0.004268854076866724,"[-0.13888421595218323,0.09536621079167867]",4.586715690781991e-05,0.0045867156907819905,0.0,0.9966621848316463,0.9966621848316463,,0.0,0.004517516999030101
FS-002,wall-2,wall,1,36925,36948,369.2399999998092,369.2499999998092,0.01,False,sustained_or_free,"[5.644866189928306,0.500000000039066]","[5.644704753270798,0.500000000039066]",0.8699421946107878,0.041571237875907115,"[-0.016268101938923456,0.0]","[-0.016143665750867342,0.0]",0.0,"[0.0,1.0]","[-1.0,0.0]","[0.0,0.0]",-0.0,0.016268101938923456,-0.004517516999030101,"[-0.1372706322091675,0.0951863533462744]",4.4366402136239e-05,0.0044366402136239,0.0,0.9966621848316463,0.9966621848316463,,0.0,0.004760786336918312
FS-002,wall-2,wall,1,36926,36949,369.2499999998092,369.25999999980917,0.01,False,sustained_or_free,"[5.644704753270798,0.500000000039066]","[5.644544562870076,0.500000000039066]",0.8703602836525444,0.04180890417565322,"[-0.0161436657509083,0.0]","[-0.016019040072201562,0.0]",0.0,"[0.0,1.0]","[-1.0,0.0]","[0.0,0.0]",-0.0,0.0161436657509083,-0.004760786336918312,"[-0.1356670281365372,0.09516222606672997]",4.2710587418805366e-05,0.0042710587418805365,0.0,0.9966621848316463,0.9966621848316463,,0.0,0.004999197191569146
FS-002,wall-2,wall,1,36927,36950,369.25999999980917,369.26999999980916,0.01,False,sustained_or_free,"[5.644544562870076,0.500000000039066]","[5.644385621771452,0.500000000039066]",0.8707806483978198,0.042036474527541494,"[-0.0160190400722016,0.0]","[-0.015894109862379935,0.0]",0.0,"[0.0,1.0]","[-1.0,0.0]","[0.0,0.0]",-0.0,0.0160190400722016,-0.004999197191569146,"[-0.13407129640998255,0.09527873014799794]",4.091330985751785e-05,0.004091330985751785,0.0,0.9966621848316463,0.9966621848316463,,0.0,0.005233231843686643
FS-002,wall-2,wall,1,36928,36951,369.26999999980916,369.27999999980915,0.01,False,sustained_or_free,"[5.644385621771452,0.500000000039066]","[5.644227934051943,0.500000000039066]",0.8712031952319406,0.04225468341208024,"[-0.015894109862353477,0.0]","[-0.01576877195086368,0.0]",0.0,"[0.0,1.0]","[-1.0,0.0]","[0.0,0.0]",-0.0,0.015894109862353477,-0.005233231843686643,"[-0.13248156243926773,0.09552219074885572]",3.8986921503473235e-05,0.0038986921503473236,0.0,0.9966621848316463,0.9966621848316463,,0.0,0.005463324805837708
FS-002,wall-2,wall,1,36929,36952,369.27999999980915,369.28999999980914,0.01,False,sustained_or_free,"[5.644227934051943,0.500000000039066]","[5.644071504712602,0.500000000039066]",0.8716278371670743,0.04246419351336878,"[-0.015768771950846684,0.0]","[-0.01564293393414573,0.0]",0.0,"[0.0,1.0]","[-1.0,0.0]","[0.0,0.0]",-0.0,0.015768771950846684,-0.005463324805837708,"[-0.1308961599170737,0.0958802221994724]",3.6942644534518916e-05,0.0036942644534518915,0.0,0.9966621848316463,0.9966621848316463,,0.0,0.005689867392540959
FS-002,wall-2,wall,1,36930,36953,369.28999999980914,369.29999999980913,0.01,False,sustained_or_free,"[5.644071504712602,0.500000000039066]","[5.6439163395808505,0.500000000039066]",0.8720544931936077,0.04266560265335005,"[-0.015642933934134066,0.0]","[-0.015516513175128921,0.0]",0.0,"[0.0,1.0]","[-1.0,0.0]","[0.0,0.0]",-0.0,0.015642933934134066,-0.005689867392540959,"[-0.1293136089178284,0.09634160596722484]",3.479067578270882e-05,0.0034790675782708823,0.0,0.9966621848316463,0.9966621848316463,,0.0,0.0059132118542273415
FS-002,wall-2,wall,1,36931,36954,369.29999999980913,369.3099999998091,0.01,False,sustained_or_free,"[5.6439163395808505,0.500000000039066]","[5.643762445221892,0.500000000039066]",0.8724830876941954,0.04285945005876347,"[-0.015516513175154392,0.0]","[-0.015389435895851733,0.0]",0.0,"[0.0,1.0]","[-1.0,0.0]","[0.0,0.0]",-0.0,0.015516513175154392,-0.0059132118542273415,"[-0.12773259628416717,0.0968961801741582]",3.254028159833461e-05,0.003254028159833461,0.0,0.9966621848316463,0.9966621848316463,,0.0,0.006133675116673936
FS-002,wall-2,wall,1,36932,36955,369.3099999998091,369.3199999998091,0.01,False,sustained_or_free,"[5.643762445221892,0.500000000039066]","[5.643609828858353,0.500000000039066]",0.8729135499144453,0.04304622202499322,"[-0.015389435895822673,0.0]","[-0.015261636353880448,0.0]",0.0,"[0.0,1.0]","[-1.0,0.0]","[0.0,0.0]",-0.0,0.015389435895822673,-0.006133675116673936,"[-0.12615195806524598,0.0975347395733864]",3.01998839455321e-05,0.00301998839455321,0.0,0.9966621848316463,0.9966621848316463,,0.0,0.006351542163549485
FS-002,wall-2,wall,1,36933,36956,369.3199999998091,369.3299999998091,0.01,False,sustained_or_free,"[5.643609828858353,0.500000000039066]","[5.643458498297391,0.500000000039066]",0.8733458134847937,0.043226357034839485,"[-0.015261636353870258,0.0]","[-0.015133056096239272,0.0]",0.0,"[0.0,1.0]","[-1.0,0.0]","[0.0,0.0]",-0.0,0.015261636353870258,-0.006351542163549485,"[-0.12457066379507456,0.0982489449949236]",2.777713854128368e-05,0.0027777138541283677,0.0,0.9966621848316463,0.9966621848316463,,0.0,0.0065670690961239595
FS-002,wall-2,wall,1,36934,36957,369.3299999998091,369.3399999998091,0.01,False,sustained_or_free,"[5.643458498297391,0.500000000039066]","[5.6433084618645735,0.500000000039066]",0.8737798159886403,0.04340025038466406,"[-0.01513305609620807,0.0]","[-0.015003643281730206,0.0]",0.0,"[0.0,1.0]","[-1.0,0.0]","[0.0,0.0]",-0.0,0.01513305609620807,-0.0065670690961239595,"[-0.12298780242059894,0.09903124136492567]",2.5279005774237384e-05,0.002527900577423738,0.0,0.9966621848316463,0.9966621848316463,,0.0,0.006780485900949077
FS-002,wall-2,wall,1,36935,36958,369.3399999998091,369.3499999998091,0.01,False,sustained_or_free,"[5.6433084618645735,0.500000000039066]","[5.643159728343904,0.500000000039066]",0.8742154985722935,0.04356825836532004,"[-0.015003643281710942,0.0]","[-0.014873352066935297,0.0]",0.0,"[0.0,1.0]","[-1.0,0.0]","[0.0,0.0]",-0.0,0.015003643281710942,-0.006780485900949077,"[-0.12140256970866754,0.09987478348700374]",2.2711815071403965e-05,0.0022711815071403967,0.0,0.9966621848316463,0.9966621848316463,,0.0,0.006991998953379756
FS-002,wall-2,wall,1,36936,36959,369.3499999998091,369.3599999998091,0.01,False,sustained_or_free,"[5.643159728343904,0.500000000039066]","[5.643012306923412,0.500000000039066]",0.8746528055927006,0.043730702040717016,"[-0.014873352066978752,0.0]","[-0.014742142049239959,0.0]",0.0,"[0.0,1.0]","[-1.0,0.0]","[0.0,0.0]",-0.0,0.014873352066978752,-0.006991998953379756,"[-0.11981425697847553,0.10077336885097476]",2.0081323318814545e-05,0.0020081323318814543,0.0,0.9966621848316463,0.9966621848316463,,0.0,0.007201793282149255
FS-002,wall-2,wall,1,36937,36960,369.3599999998091,369.36999999980907,0.01,False,sustained_or_free,"[5.643012306923412,0.500000000039066]","[5.642866207145802,0.500000000039066]",0.8750916842993282,0.04388787066275268,"[-0.014742142049227086,0.0]","[-0.014609977761015358,0.0]",0.0,"[0.0,1.0]","[-1.0,0.0]","[0.0,0.0]",-0.0,0.014742142049227086,-0.007201793282149255,"[-0.11822224102178515,0.10172137680388141]",1.7392767886018947e-05,0.0017392767886018946,0.0,0.9966621848316463,0.9966621848316463,,0.0,0.007410034617806125
FS-002,wall-2,wall,1,36938,36961,369.36999999980907,369.37999999980906,0.01,False,sustained_or_free,"[5.642866207145802,0.500000000039066]","[5.642721438863682,0.500000000039066]",0.8755320845469043,0.04404002475761634,"[-0.014609977761002046,0.0]","[-0.014476828211940074,0.0]",0.0,"[0.0,1.0]","[-1.0,0.0]","[0.0,0.0]",-0.0,0.014609977761002046,-0.007410034617806125,"[-0.1166259750873394,0.10271371348102673]",1.4650914753335823e-05,0.0014650914753335824,0.0,0.9966621848316463,0.9966621848316463,,0.0,0.007616871245645727
FS-002,wall-2,wall,1,36939,36962,369.37999999980906,369.38999999980905,0.01,False,sustained_or_free,"[5.642721438863682,0.500000000039066]","[5.642578012198952,0.500000000039066]",0.8759739585360554,0.04418739891510267,"[-0.014476828211905608,0.0]","[-0.014342666472977328,0.0]",0.0,"[0.0,1.0]","[-1.0,0.0]","[0.0,0.0]",-0.0,0.014476828211905608,-0.007616871245645727,"[-0.11502498081857787,0.10374576195174119]",1.186010219454098e-05,0.001186010219454098,0.0,0.9966621848316463,0.9966621848316463,,0.0,0.007822435681800662
FS-002,wall-2,wall,1,36940,36963,369.38999999980905,369.39999999980904,0.01,False,sustained_or_free,"[5.642578012198952,0.500000000039066]","[5.642435937505955,0.500000000039066]",0.8764172605791507,0.0443302043095299,"[-0.014342666472964288,0.0]","[-0.014207469299698516,0.0]",0.0,"[0.0,1.0]","[-1.0,0.0]","[0.0,0.0]",-0.0,0.014342666472964288,-0.007822435681800662,"[-0.11341884104516937,0.10481333708619114]",9.024280425753599e-06,0.0009024280425753598,0.0,0.9966621848316463,0.9966621848316463,,0.0,0.008026846189373698
FS-002,wall-2,wall,1,36941,36964,369.39999999980904,369.40999999980903,0.01,False,sustained_or_free,"[5.642435937505955,0.500000000039066]","[5.642295170557992,0.500000000039066]",0.8768619468889317,0.04446863097810519,"[-0.014207469299678897,0.0]","[-0.014076694796383293,0.0]",0.0,"[0.0,1.0]","[-1.0,0.0]","[0.0,0.0]",-0.0,0.014207469299678897,-0.008026846189373698,"[-0.11707704385267453,0.10498335499385471]",1.2731410549116766e-05,0.0012731410549116765,0.0,0.9966621848316463,0.9966621848316463,,0.0,0.008233098120537213
FS-002,wall-2,wall,1,36942,36965,369.40999999980903,369.419999999809,0.01,False,sustained_or_free,"[5.642295170557992,0.500000000039066]","[5.6421557079742355,0.500000000039066]",0.8773081427472695,0.04461958583378044,"[-0.014076694796353005,0.0]","[-0.013946258375607812,0.0]",0.0,"[0.0,1.0]","[-1.0,0.0]","[0.0,0.0]",-0.0,0.014076694796353005,-0.008233098120537213,"[-0.11627753562514075,0.10526730718582336]",1.1584254131962952e-05,0.0011584254131962951,0.0,0.9966621848316463,0.9966621848316463,,0.0,0.008436800560084253
FS-002,wall-2,wall,1,36943,36966,369.419999999809,369.429999999809,0.01,False,sustained_or_free,"[5.6421557079742355,0.500000000039066]","[5.642017548082446,0.500000000039066]",0.8777558039259832,0.044766117871363066,"[-0.01394625837559728,0.0]","[-0.013815989178933563,0.0]",0.0,"[0.0,1.0]","[-1.0,0.0]","[0.0,0.0]",-0.0,0.01394625837559728,-0.008436800560084253,"[-0.11539207884505648,0.10565624504738098]",1.0233347976163584e-05,0.0010233347976163583,0.0,0.9966621848316463,0.9966621848316463,,0.0,0.0086381964710771
FS-002,wall-2,wall,1,36944,36967,369.429999999809,369.439999999809,0.01,False,sustained_or_free,"[5.642017548082446,0.500000000039066]","[5.641880690746098,0.500000000039066]",0.8782048876389839,0.0449083713000652,"[-0.013815989178955499,0.0]","[-0.013685733634805075,0.0]",0.0,"[0.0,1.0]","[-1.0,0.0]","[0.0,0.0]",-0.0,0.013815989178955499,-0.0086381964710771,"[-0.11442766072452165,0.10613983727025204]",8.696910387795519e-06,0.0008696910387795519,0.0,0.9966621848316463,0.9966621848316463,,0.0,0.008837503912617652
FS-002,wall-2,wall,1,36945,36968,369.439999999809,369.449999999809,0.01,False,sustained_or_free,"[5.641880690746098,0.500000000039066]","[5.641745137207589,0.500000000039066]",0.8786553523899314,0.04504647509475719,"[-0.013685733634760944,0.0]","[-0.013555353850946972,0.0]",0.0,"[0.0,1.0]","[-1.0,0.0]","[0.0,0.0]",-0.0,0.013685733634760944,-0.008837503912617652,"[-0.11339064849548312,0.1067087207792999]",6.991492972859951e-06,0.0006991492972859951,0.0,0.9966621848316463,0.9966621848316463,,0.0,0.009034918442470244
FS-002,wall-2,wall,1,36946,36969,369.449999999809,369.459999999809,0.01,False,sustained_or_free,"[5.641745137207589,0.500000000039066]","[5.641610889946018,0.500000000039066]",0.8791071578357991,0.04518054458676826,"[-0.013555353850913887,0.0]","[-0.013424726157040823,0.0]",0.0,"[0.0,1.0]","[-1.0,0.0]","[0.0,0.0]",-0.0,0.013555353850913887,-0.009034918442470244,"[-0.11228684520441093,0.10735440953401493]",5.132134548304905e-06,0.0005132134548304904,0.0,0.9966621848316463,0.9966621848316463,,0.0,0.009230615289104094
FS-002,wall-2,wall,1,36947,36970,369.459999999809,369.469999999809,0.01,False,sustained_or_free,"[5.641610889946018,0.500000000039066]","[5.641477952548198,0.500000000039066]",0.8795602646647217,0.04531068289226188,"[-0.013424726157026846,0.0]","[-0.01329373978204984,0.0]",0.0,"[0.0,1.0]","[-1.0,0.0]","[0.0,0.0]",-0.0,0.013424726157026846,-0.009230615289104094,"[-0.11112154050301494,0.10806921191960703]",3.132500851869814e-06,0.00031325008518698144,0.0,0.9966621848316463,0.9966621848316463,,0.0,0.00942475131526388
FS-002,wall-2,wall,1,36948,36971,369.469999999809,369.47999999980897,0.01,False,sustained_or_free,"[5.641477952548198,0.500000000039066]","[5.641346329591649,0.500000000039066]",0.8800146344866683,0.04543698219466028,"[-0.013293739782066261,0.0]","[-0.01316229565491156,0.0]",0.0,"[0.0,1.0]","[-1.0,0.0]","[0.0,0.0]",-0.0,0.013293739782066261,-0.00942475131526388,"[-0.10989955688365012,0.1088461559195862]",1.0050113614786292e-06,0.00010050113614786293,0.0,0.9966621848316463,0.9966621848316463,,0.0,0.009617466793062619
