life_id,collider,collider_type,material,native_index,event_index,onset,end,duration,instant,event_kind,position_start,position_end,orientation,omega,velocity_before,velocity_after,velocity_uncertainty,normal,tangent,collider_velocity,closing_normal_velocity,tangential_centre_velocity,tangential_surface_velocity,command,impulse,force,damage,event_integrity_before,event_integrity_after,restoration,joint_event_restoration,relative_surface_speed_after_recorded
FS-015,mover,rect,1,678,679,6.7724581879461745,6.7724581879461745,0.0,True,recontact_or_first_touch,"[5.439965067365343,10.914673158144781]","[5.439965067365343,10.914673158144781]",2.5463574382894745,-0.005146885662175156,"[-0.096674294058859,0.0644716173330586]","[-0.18624957897553807,0.19743079466903457]",8.812611991567235e-12,"[-0.5587348993740302,0.8293463162162671]","[-0.8293463162162671,-0.5587348993740302]","[-0.47930179828304537,0.0]",0.16031804173476008,-0.3533532537344206,-0.350779810903333,"[0.18606126518464958,0.241888361198931]",0.1603180417350578,,0.003206360834701156,1.0,0.9967936391652988,,0.0,0.35077981090331994
FS-015,mover,rect,1,12764,12768,127.63814766745307,127.63814766745307,0.0,True,recontact_or_first_touch,"[5.24008419883752,10.985295617348992]","[5.24008419883752,10.985295617348992]",2.0485109563106896,-0.008194038640788978,"[0.011683481085115006,-0.025082594310210267]","[-0.014995619727681675,0.08248238142849743]",2.6535738316980697e-12,"[-0.24073357725809583,0.9705912346505714]","[-0.9705912346505714,-0.24073357725809583]","[-0.3475486326449208,0.0]",0.11082417798400504,-0.3426293181361595,-0.33853229881576496,"[-0.19464989970929555,-0.12858014868336978]",0.11082417798408496,,0.0022164835596816994,0.9967936391652988,0.9945771556056171,,0.0,0.3385322988157464
FS-015,mover,rect,1,12764,12769,127.63814766745307,127.6400000000284,0.0018523325753231987,False,sustained_or_free,"[5.24008419883752,10.985295617348992]","[5.240056494183935,10.985448352128104]",2.0485109563106896,-0.008194038640788978,"[-0.014995619727681675,0.08248238142849743]","[-0.014956630334402468,0.08245537607386833]",2.6535738316980697e-12,"[-0.24073357725809583,0.9705912346505714]","[-0.9705912346505714,-0.24073357725809583]","[-0.3475486326449208,0.0]",-7.994993556081909e-14,-0.3426293181361595,-0.338532298815765,"[-0.19464989970929555,-0.12858014868336978]",0.0002914308247247143,0.15733180348235515,0.0,0.9945771556056171,0.9945771556056171,,0.0,0.33862620875969446
FS-015,mover,rect,1,12858,12864,128.5736439517028,128.5736439517028,0.0,True,recontact_or_first_touch,"[5.249330149770037,11.000000000096575]","[5.249330149770037,11.000000000096575]",2.058336280828193,0.024402606320039016,"[0.030410008711428925,-0.03705450910154735]","[0.030410008711428925,6.22002449546244e-14]",5.941615785698416e-12,"[0.0,1.0]","[-1.0,0.0]","[-0.192502168884991,0.0]",0.03705450910154735,-0.22291217759641993,-0.23511348075643942,"[-0.2725995973502793,-0.18609896024718103]",0.03705450910160955,,0.0007410901820321911,0.9945771556056171,0.9938360654235849,,0.0,0.235113480756435
FS-015,mover,rect,1,12858,12865,128.5736439517028,128.58000000002804,0.0063560483252431315,False,sustained_or_free,"[5.249330149770037,11.000000000096575]","[5.249524767366089,11.000000000096575]",2.058336280828193,0.024402606320039016,"[0.030410008711428925,6.22002449546244e-14]","[0.030619275702983284,0.0]",5.941615785698416e-12,"[0.0,1.0]","[-1.0,0.0]","[-0.192502168884991,0.0]",-6.22002449546244e-14,-0.22291217759641993,-0.23511348075643942,"[-0.2725995973502793,-0.18609896024718103]",0.0007580478773568912,0.11926402043645482,0.0,0.9938360654235849,0.9938360654235849,,0.0,0.23542431495299487
FS-015,mover,rect,1,12859,12866,128.58000000002804,128.59000000002803,0.01,False,sustained_or_free,"[5.249524767366089,11.000000000096575]","[5.249834174188567,11.000000000096575]",2.058492676105351,0.02460574072996276,"[0.030619275703022506,0.0]","[0.03094068224775981,0.0]",0.0,"[0.0,1.0]","[-1.0,0.0]","[-0.1914166100512027,0.0]",-0.0,-0.2220358857542252,-0.23433875611920657,"[-0.2692998643706627,-0.18552457048592896]",0.0011803069395919354,0.11803069395919354,0.0,0.9938360654235849,0.9938360654235849,,0.0,0.23480671541323656
FS-015,mover,rect,1,12860,12867,128.59000000002803,128.60000000002802,0.01,False,sustained_or_free,"[5.249834174188567,11.000000000096575]","[5.2501467405936495,11.000000000096575]",2.0587416645676364,0.024898846228554383,"[0.03094068224775667,0.0]","[0.03125664050829258,0.0]",0.0,"[0.0,1.0]","[-1.0,0.0]","[-0.1897080094350086,0.0]",-0.0,-0.22064869168276527,-0.23309811479704245,"[-0.268157446256874,-0.1848301096406188]",0.0011753576306089287,0.11753576306089288,0.0,0.9938360654235849,0.9938360654235849,,0.0,0.23355646160390198
FS-015,mover,rect,1,12861,12868,128.60000000002802,128.610000000028,0.01,False,sustained_or_free,"[5.2501467405936495,11.000000000096575]","[5.250462396555947,11.000000000096575]",2.058993500800848,0.025183623321148815,"[0.03125664050831898,0.0]","[0.03156559622974342,0.0]",0.0,"[0.0,1.0]","[-1.0,0.0]","[-0.18799857666667788,0.0]",-0.0,-0.21925521717499685,-0.23184702883557126,"[-0.2610203710313299,-0.1889522745723867]",0.001167377336006813,0.11673773360068129,0.0,0.9938360654235849,0.9938360654235849,,0.0,0.23224994467154222
FS-015,mover,rect,1,12862,12869,128.610000000028,128.620000000028,0.01,False,sustained_or_free,"[5.250462396555947,11.000000000096575]","[5.250781098634486,11.000000000096575]",2.0592472162363498,0.025371543550165767,"[0.031565596229781466,0.0]","[0.03187020785393457,0.0]",0.0,"[0.0,1.0]","[-1.0,0.0]","[-0.18628831924461323,0.0]",-0.0,-0.2178539154743947,-0.23053968724947757,"[-0.26059862813779067,-0.18824876831675919]",0.0011642728861609,0.11642728861608999,0.0,0.9938360654235849,0.9938360654235849,,0.0,0.2309379204481234
FS-015,mover,rect,1,12863,12870,128.620000000028,128.630000000028,0.01,False,sustained_or_free,"[5.250781098634486,11.000000000096575]","[5.251102802398967,11.000000000096575]",2.0595028041033414,0.025558786699150262,"[0.031870207853935045,0.0]","[0.03217037644809295,0.0]",0.0,"[0.0,1.0]","[-1.0,0.0]","[-0.18457724467084038,0.0]",-0.0,-0.21644745252477543,-0.22922684587435055,"[-0.2600712273852817,-0.1875472321255491]",0.0011608994487903816,0.11608994487903815,0.0,0.9938360654235849,0.9938360654235849,,0.0,0.2296198618790402
FS-015,mover,rect,1,12864,12871,128.630000000028,128.64000000002798,0.01,False,sustained_or_free,"[5.251102802398967,11.000000000096575]","[5.251427462559777,11.000000000096575]",2.059760248918544,0.025744481520245926,"[0.03217037644807685,0.0]","[0.03246601608095645,0.0]",0.0,"[0.0,1.0]","[-1.0,0.0]","[-0.18286536045096377,0.0]",-0.0,-0.21503573689904062,-0.2279079776591636,"[-0.2594476610388125,-0.1868470600500876]",0.0011572801931500477,0.11572801931500477,0.0,0.9938360654235849,0.9938360654235849,,0.0,0.22829530323431885
FS-015,mover,rect,1,12865,12872,128.64000000002798,128.65000000002797,0.01,False,sustained_or_free,"[5.251427462559777,11.000000000096575]","[5.251755033085122,11.000000000096575]",2.0600195274525923,0.02592785340484496,"[0.03246601608093261,0.0]","[0.03275705253455996,0.0]",0.0,"[0.0,1.0]","[-1.0,0.0]","[-0.1811526740941567,0.0]",-0.0,-0.2136186901750893,-0.2265826168775118,"[-0.25873652142932524,-0.1861476978312588]",0.0011534360826511438,0.11534360826511438,0.0,0.9938360654235849,0.9938360654235849,,0.0,0.22696383415081473
FS-015,mover,rect,1,12866,12873,128.65000000002797,128.66000000002796,0.01,False,sustained_or_free,"[5.251755033085122,11.000000000096575]","[5.2520854673065065,11.000000000096575]",2.0602806096030344,0.026108215044224937,"[0.03275705253454555,0.0]","[0.03304342213841238,0.0]",0.0,"[0.0,1.0]","[-1.0,0.0]","[-0.17943919311309367,0.0]",-0.0,-0.21219624564763923,-0.22525035316975167,"[-0.25794558570777665,-0.18544863826121075]",0.0011493860832898,0.11493860832898001,0.0,0.9938360654235849,0.9938360654235849,,0.0,0.22562509423740243
FS-015,mover,rect,1,12867,12874,128.66000000002796,128.67000000002795,0.01,False,sustained_or_free,"[5.2520854673065065,11.000000000096575]","[5.25241871801365,11.000000000096575]",2.0605434591827523,0.026284957971804784,"[0.03304342213840636,0.0]","[0.033325070714340654,0.0]",0.0,"[0.0,1.0]","[-1.0,0.0]","[-0.17772492502394052,0.0]",-0.0,-0.21076834716234688,-0.22391082614824928,"[-0.25708189263451364,-0.18474941696959357]",0.0011451473524325972,0.11451473524325972,0.0,0.9938360654235849,0.9938360654235849,,0.0,0.22427876819038198
FS-015,mover,rect,1,12868,12875,128.67000000002795,128.68000000002795,0.01,False,sustained_or_free,"[5.25241871801365,11.000000000096575]","[5.252754737539868,11.000000000096575]",2.060808034631794,0.026457544904186073,"[0.033325070714348426,0.0]","[0.03360195262178678,0.0]",0.0,"[0.0,1.0]","[-1.0,0.0]","[-0.17600987734631,0.0]",-0.0,-0.20933494806065842,-0.22256372051275145,"[-0.25615181215248745,-0.18404960859504396]",0.0011407354098110012,0.11407354098110012,0.0,0.9938360654235849,0.9938360654235849,,0.0,0.22292458137107812
FS-015,mover,rect,1,12869,12876,128.68000000002795,128.69000000002794,0.01,False,sustained_or_free,"[5.252754737539868,11.000000000096575]","[5.253093477838807,11.000000000096575]",2.0610742896598535,0.026625502805926387,"[0.03360195262180494,0.0]","[0.033874029893965485,0.0]",0.0,"[0.0,1.0]","[-1.0,0.0]","[-0.17429405760325192,0.0]",-0.0,-0.20789601022505685,-0.22120876162802006,"[-0.2551611084225075,-0.18334882330635088]",0.0011361642924017316,0.11361642924017315,0.0,0.9938360654235849,0.9938360654235849,,0.0,0.2215622958022698
FS-015,mover,rect,1,12870,12877,128.69000000002794,128.70000000002793,0.01,False,sustained_or_free,"[5.253093477838807,11.000000000096575]","[5.253434890553373,11.000000000096575]",2.061342173825954,0.026788416610041072,"[0.03387402989399734,0.0]","[0.03414127145653367,0.0]",0.0,"[0.0,1.0]","[-1.0,0.0]","[-0.17257747332118534,0.0]",-0.0,-0.20645150321518269,-0.2198457115202032,"[-0.25411499693499895,-0.18264670364108612]",0.0011314466947119682,0.11314466947119682,0.0,0.9938360654235849,0.9938360654235849,,0.0,0.22019170654400103
FS-015,mover,rect,1,12871,12878,128.70000000002793,128.71000000002792,0.01,False,sustained_or_free,"[5.253434890553373,11.000000000096575]","[5.253778927077578,11.000000000096575]",2.06161163306128,0.026945923532616278,"[0.034141271456507555,0.0]","[0.03440365242051158,0.0]",0.0,"[0.0,1.0]","[-1.0,0.0]","[-0.17086013202988867,0.0]",-0.0,-0.20500140348639623,-0.21847436525270436,"[-0.25301819625498273,-0.1819429216325047]",0.001126594095845064,0.11265940958450639,0.0,0.9938360654235849,0.9938360654235849,,0.0,0.21881263841322685
FS-015,mover,rect,1,12872,12879,128.71000000002792,128.7200000000279,0.01,False,sustained_or_free,"[5.253778927077578,11.000000000096575]","[5.254125538612013,11.000000000096575]",2.061882610140537,0.027097707925702937,"[0.03440365242048672,0.0]","[0.034661153443504844,0.0]",0.0,"[0.0,1.0]","[-1.0,0.0]","[-0.16914204126245524,0.0]",-0.0,-0.20354569368294195,-0.21709454764579345,"[-0.251874974904673,-0.18123717619825055]",0.001121616874592727,0.1121616874592727,0.0,0.9938360654235849,0.9938360654235849,,0.0,0.21742494301488677
FS-015,mover,rect,1,12873,12880,128.7200000000279,128.7300000000279,0.01,False,sustained_or_free,"[5.254125538612013,11.000000000096575]","[5.254474676213528,11.000000000096575]",2.062155045106716,0.027243496617904137,"[0.03466115344347945,0.0]","[0.034913760151500384,0.0]",0.0,"[0.0,1.0]","[-1.0,0.0]","[-0.1674232085552834,0.0]",-0.0,-0.20208436199876284,-0.21570611030771492,"[-0.2506891938406852,-0.18052919076686652]",0.0011165244136821717,0.11165244136821717,0.0,0.9938360654235849,0.9938360654235849,,0.0,0.21602849605519342
FS-015,mover,rect,1,12874,12881,128.7300000000279,128.7400000000279,0.01,False,sustained_or_free,"[5.254474676213528,11.000000000096575]","[5.254826290839694,11.000000000096575]",2.062428875653684,0.027383054696818575,"[0.03491376015150075,0.0]","[0.035161462616617456,0.0]",0.0,"[0.0,1.0]","[-1.0,0.0]","[-0.16570364144800842,0.0]",-0.0,-0.20061740159950917,-0.21430892894791848,"[-0.24946434493989422,-0.1798187111203383]",0.0011113251942003338,0.11113251942003338,0.0,0.9938360654235849,0.9938360654235849,,0.0,0.21462319491051163
FS-015,mover,rect,1,12875,12882,128.7400000000279,128.75000000002788,0.01,False,sustained_or_free,"[5.254826290839694,11.000000000096575]","[5.255180333388541,11.000000000096575]",2.062704037470602,0.027516181691806904,"[0.03516146261659975,0.0]","[0.03540425488468557,0.0]",0.0,"[0.0,1.0]","[-1.0,0.0]","[-0.16398334748349297,0.0]",-0.0,-0.19914481010009272,-0.21290290094599618,"[-0.24820358586906927,-0.1791055034329175]",0.0011060268811209167,0.11060268811209166,0.0,0.9938360654235849,0.9938360654235849,,0.0,0.21320895642790208
FS-015,mover,rect,1,12876,12883,128.75000000002788,128.76000000002787,0.01,False,sustained_or_free,"[5.255180333388541,11.000000000096575]","[5.25553675473403,11.000000000096575]",2.062980464551796,0.027642708119447502,"[0.035404254884685356,0.0]","[0.03564213454891885,0.0]",0.0,"[0.0,1.0]","[-1.0,0.0]","[-0.16226233420778213,0.0]",-0.0,-0.19766658909246748,-0.21148794315219124,"[-0.2469097716781538,-0.17838935248829443]",0.001100636400772753,0.1100636400772753,0.0,0.9938360654235849,0.9938360654235849,,0.0,0.21178571493545262
FS-015,mover,rect,1,12877,12884,128.76000000002787,128.77000000002786,0.01,False,sustained_or_free,"[5.25553675473403,11.000000000096575]","[5.255895505757671,11.000000000096575]",2.063258089475372,0.027762492357581697,"[0.03564213454887963,0.0]","[0.035875102364091305,0.0]",0.0,"[0.0,1.0]","[-1.0,0.0]","[-0.16054060917009388,0.0]",-0.0,-0.1961827437189735,-0.21006398989776437,"[-0.24558548342511394,-0.17767006005884356]",0.001095160011008933,0.10951600110089331,0.0,0.9938360654235849,0.9938360654235849,,0.0,0.2103534204427279
FS-015,mover,rect,1,12878,12885,128.77000000002786,128.78000000002785,0.01,False,sustained_or_free,"[5.255895505757671,11.000000000096575]","[5.256256537376662,11.000000000096575]",2.063536843653542,0.027875417817050097,"[0.03587510236410897,0.0]","[0.03610316189908147,0.0]",0.0,"[0.0,1.0]","[-1.0,0.0]","[-0.15881817992275066,0.0]",-0.0,-0.19469328228685961,-0.20863099119538467,"[-0.24423305411133653,-0.17694744343216207]",0.0010896033647645757,0.10896033647645757,0.0,0.9938360654235849,0.9938360654235849,,0.0,0.2089120370133584
FS-015,mover,rect,1,12879,12886,128.78000000002785,128.79000000002785,0.01,False,sustained_or_free,"[5.256256537376662,11.000000000096575]","[5.256619800568881,11.000000000096575]",2.0638166575573735,0.027981390383122647,"[0.036103161899046415,0.0]","[0.03632631922192431,0.0]",0.0,"[0.0,1.0]","[-1.0,0.0]","[-0.157095054021164,0.0]",-0.0,-0.19319821592021041,-0.20718891111177173,"[-0.2428545921803364,-0.17622133407147883]",0.001083971567626272,0.10839715676262719,0.0,0.9938360654235849,0.9938360654235849,,0.0,0.20746154129367422
FS-015,mover,rect,1,12880,12887,128.79000000002785,128.80000000002784,0.01,False,sustained_or_free,"[5.256619800568881,11.000000000096575]","[5.256985246395049,11.000000000096575]",2.064097460918386,0.028080336101253708,"[0.03632631922188337,0.0]","[0.036544582616748755,0.0]",0.0,"[0.0,1.0]","[-1.0,0.0]","[-0.15537123902382471,0.0]",-0.0,-0.19169755824570808,-0.20573772629633494,"[-0.2414520028087726,-0.17549157639774157]",0.0010782692299775155,0.10782692299775155,0.0,0.9938360654235849,0.9938360654235849,,0.0,0.2060019211826523
FS-015,mover,rect,1,12881,12888,128.80000000002784,128.81000000002783,0.01,False,sustained_or_free,"[5.256985246395049,11.000000000096575]","[5.257352807111983,11.000000000096575]",2.0643791829092275,0.02817219908417509,"[0.03654458261674002,0.0]","[0.036756071693400116,0.0]",0.0,"[0.0,1.0]","[-1.0,0.0]","[-0.15364674249220528,0.0]",-0.0,-0.1901913251089453,-0.20427742465103285,"[-0.24540615842041272,-0.16803119757493618]",0.001068986318369366,0.10689863183693661,0.0,0.9938360654235849,0.9938360654235849,,0.0,0.2045809102673024
FS-015,mover,rect,1,12882,12889,128.81000000002783,128.82000000002782,0.01,False,sustained_or_free,"[5.257352807111983,11.000000000096575]","[5.257722393914395,11.000000000096575]",2.064662744830862,0.028356192163442425,"[0.0367560716933759,0.0]","[0.036958680241205855,0.0]",0.0,"[0.0,1.0]","[-1.0,0.0]","[-0.15192157199080877,0.0]",-0.0,-0.18867764368418466,-0.20285573976590587,"[-0.2431067690493573,-0.16525486457084373]",0.0010556736035288962,0.10556736035288962,0.0,0.9938360654235849,0.9938360654235849,,0.0,0.20315085152812357
FS-015,mover,rect,1,12883,12890,128.82000000002782,128.8300000000278,0.01,False,sustained_or_free,"[5.257722393914395,11.000000000096575]","[5.258093922227682,11.000000000096575]",2.064948156816784,0.028541198592157813,"[0.03695868024123587,0.0]","[0.03715283132876834,0.0]",0.0,"[0.0,1.0]","[-1.0,0.0]","[-0.15019573508706538,0.0]",-0.0,-0.18715441532830124,-0.20142501462438017,"[-0.24085970794286282,-0.1626701571046765]",0.0010429954105132119,0.10429954105132118,0.0,0.9938360654235849,0.9938360654235849,,0.0,0.20171159561282373
FS-015,mover,rect,1,12884,12891,128.8300000000278,128.8400000000278,0.01,False,sustained_or_free,"[5.258093922227682,11.000000000096575]","[5.258467311336566,11.000000000096575]",2.065235417400724,0.0287260583940398,"[0.03715283132873846,0.0]","[0.037338910888351506,0.0]",0.0,"[0.0,1.0]","[-1.0,0.0]","[-0.14846923935135756,0.0]",-0.0,-0.185622070680096,-0.1999850998771159,"[-0.23865980559267358,-0.16025830758143747]",0.0010308895386505516,0.10308895386505515,0.0,0.9938360654235849,0.9938360654235849,,0.0,0.20026302110547273
FS-015,mover,rect,1,12885,12892,128.8400000000278,128.8500000000278,0.01,False,sustained_or_free,"[5.258467311336566,11.000000000096575]","[5.258842484047927,11.000000000096575]",2.0655245148180392,0.02890974173150985,"[0.03733891088836024,0.0]","[0.03751727113607828,0.0]",0.0,"[0.0,1.0]","[-1.0,0.0]","[-0.14674209235691693,0.0]",-0.0,-0.18408100324527718,-0.1985358741110321,"[-0.23650234376149254,-0.15800233519659362]",0.0010192996204121257,0.10192996204121257,0.0,0.9938360654235849,0.9938360654235849,,0.0,0.19880503142568356
FS-015,mover,rect,1,12886,12893,128.8500000000278,128.86000000002778,0.01,False,sustained_or_free,"[5.258842484047927,11.000000000096575]","[5.259219366384659,11.000000000096575]",2.0658154281766925,0.029091335865336812,"[0.03751727113609824,0.0]","[0.03768823367327201,0.0]",0.0,"[0.0,1.0]","[-1.0,0.0]","[-0.14501430167987278,0.0]",-0.0,-0.18253157281597102,-0.19707724074863942,"[-0.2343830161612446,-0.15588687584017213]",0.0010081745744880634,0.10081745744880634,0.0,0.9938360654235849,0.9938360654235849,,0.0,0.19733755205121667
FS-015,mover,rect,1,12887,12894,128.86000000002778,128.87000000002777,0.01,False,sustained_or_free,"[5.259219366384659,11.000000000096575]","[5.259597887307663,11.000000000096575]",2.0661081285106535,0.029270033396094082,"[0.03768823367329683,0.0]","[0.03785209230038333,0.0]",0.0,"[0.0,1.0]","[-1.0,0.0]","[-0.1432858748991486,0.0]",-0.0,-0.18097410857244542,-0.19560912527049246,"[-0.23229789255128755,-0.1538980281783067]",0.0009974681101585536,0.09974681101585535,0.0,0.9938360654235849,0.9938360654235849,,0.0,0.19586052803061313
FS-015,mover,rect,1,12888,12895,128.87000000002777,128.88000000002776,0.01,False,sustained_or_free,"[5.259597887307663,11.000000000096575]","[5.259977978463355,11.000000000096575]",2.0664025797272756,0.02944512166220901,"[0.03785209230036002,0.0]","[0.03800911556917086,0.0]",0.0,"[0.0,1.0]","[-1.0,0.0]","[-0.14155681959648156,0.0]",-0.0,-0.17940891189684158,-0.1941314727279461,"[-0.2302433859615135,-0.15202321437755736]",0.0009871382781542655,0.09871382781542655,0.0,0.9938360654235849,0.9938360654235849,,0.0,0.19437392175640641
FS-015,mover,rect,1,12889,12896,128.88000000002776,128.89000000002775,0.01,False,sustained_or_free,"[5.259977978463355,11.000000000096575]","[5.2603595739543385,11.000000000096575]",2.0666987394590914,0.029615973181564812,"[0.03800911556914246,0.0]","[0.038159549098359946,0.0]",0.0,"[0.0,1.0]","[-1.0,0.0]","[-0.1398271433563483,0.0]",-0.0,-0.17783625892549076,-0.19264424551627315,"[-0.228216222770552,-0.1502510540821675]",0.000977147063649778,0.0977147063649778,0.0,0.9938360654235849,0.9938360654235849,,0.0,0.19287771097199158
FS-015,mover,rect,1,12890,12897,128.89000000002775,128.90000000002775,0.01,False,sustained_or_free,"[5.2603595739543385,11.000000000096575]","[5.260742610131078,11.000000000096575]",2.0669965598294375,0.029782037034618753,"[0.0381595490983339,0.0]","[0.03830361767391821,0.0]",0.0,"[0.0,1.0]","[-1.0,0.0]","[-0.13809685376595504,0.0]",-0.0,-0.17625640286428895,-0.19114742138159832,"[-0.2262134153923817,-0.14857125038573954]",0.0009674600174413957,0.09674600174413957,0.0,0.9938360654235849,0.9938360654235849,,0.0,0.19137188698832414
FS-015,mover,rect,1,12891,12898,128.90000000002775,128.91000000002774,0.01,False,sustained_or_free,"[5.260742610131078,11.000000000096575]","[5.261127025402623,11.000000000096575]",2.067295988140407,0.029942831096939376,"[0.03830361767389941,0.0]","[0.03844152715455351,0.0]",0.0,"[0.0,1.0]","[-1.0,0.0]","[-0.13636595841519847,0.0]",-0.0,-0.1746695760890979,-0.18964099163756756,"[-0.22423223734578124,-0.14697448665783866]",0.000958045921730289,0.0958045921730289,0.0,0.9938360654235849,0.9938360654235849,,0.0,0.189856453088811
FS-015,mover,rect,1,12892,12899,128.91000000002774,128.92000000002773,0.01,False,sustained_or_free,"[5.261127025402623,11.000000000096575]","[5.2615127600646305,11.000000000096575]",2.0675969674907875,0.030097935038041427,"[0.0384415271545918,0.0]","[0.03857346620073088,0.0]",0.0,"[0.0,1.0]","[-1.0,0.0]","[-0.13463446489662653,0.0]",-0.0,-0.17307599205121832,-0.18812495957023906,"[-0.22227020050037485,-0.14545233319389775]",0.0009488764872669307,0.09488764872669306,0.0,0.9938360654235849,0.9938360654235849,,0.0,0.1883314231030722
FS-015,mover,rect,1,12893,12900,128.92000000002773,128.93000000002772,0.01,False,sustained_or_free,"[5.2615127600646305,11.000000000096575]","[5.261899756143055,11.000000000096575]",2.0678994373309023,0.030246984011502394,"[0.038573466200694455,0.0]","[0.03869960784248505,0.0]",0.0,"[0.0,1.0]","[-1.0,0.0]","[-0.13290238080542868,0.0]",-0.0,-0.17147584700612314,-0.18659933901187434,"[-0.22032503431070735,-0.1439971627545253]",0.0009399260789165207,0.09399260789165206,0.0,0.9938360654235849,0.9938360654235849,,0.0,0.18679682013222604
FS-015,mover,rect,1,12894,12901,128.93000000002772,128.9400000000277,0.01,False,sustained_or_free,"[5.261899756143055,11.000000000096575]","[5.262287957252088,11.000000000096575]",2.068203333960589,0.03038966296866296,"[0.03869960784246588,0.0]","[0.03882011090325932,0.0]",0.0,"[0.0,1.0]","[-1.0,0.0]","[-0.13116971373936723,0.0]",-0.0,-0.1698693215818331,-0.18506415306616458,"[-0.21839466686596104,-0.14260207414884796]",0.0009311714669804273,0.09311714669804272,0.0,0.9938360654235849,0.9938360654235849,,0.0,0.18525267541000318
FS-015,mover,rect,1,12895,12902,128.9400000000277,128.9500000000277,0.01,False,sustained_or_free,"[5.262287957252088,11.000000000096575]","[5.262677308464994,11.000000000096575]",2.068508590975937,0.03052570153482081,"[0.038820110903225534,0.0]","[0.03893512129060639,0.0]",0.0,"[0.0,1.0]","[-1.0,0.0]","[-0.12943647129876765,0.0]",-0.0,-0.1682565822019932,-0.1835194329694036,"[-0.21647720759773187,-0.1412608230967072]",0.0009225916018582744,0.09225916018582744,0.0,0.9938360654235849,0.9938360654235849,,0.0,0.18369902728579426
FS-015,mover,rect,1,12896,12903,128.9500000000277,128.9600000000277,0.01,False,sustained_or_free,"[5.262677308464994,11.000000000096575]","[5.263067756196678,11.000000000096575]",2.068815139669865,0.030654869392791908,"[0.03893512129063067,0.0]","[0.039044773168406266,0.0]",0.0,"[0.0,1.0]","[-1.0,0.0]","[-0.1277026610864734,0.0]",-0.0,-0.16663778237710408,-0.18196521707350002,"[-0.2145709315018265,-0.13996775967714642]",0.0009141674098615374,0.09141674098615374,0.0,0.9938360654235849,0.9938360654235849,,0.0,0.18213592031695447
FS-015,mover,rect,1,12897,12904,128.9600000000277,128.97000000002768,0.01,False,sustained_or_free,"[5.263067756196678,11.000000000096575]","[5.2634592480968765,11.000000000096575]",2.0691229093911057,0.030776972124097586,"[0.03904477316843225,0.0]","[0.03914919001983819,0.0]",0.0,"[0.0,1.0]","[-1.0,0.0]","[-0.12596829070783608,0.0]",-0.0,-0.16501306387626832,-0.18040154993831714,"[-0.2126742647424378,-0.13871777173638555]",0.0009058816081946348,0.09058816081946348,0.0,0.9938360654235849,0.9938360654235849,,0.0,0.18056340445913746
FS-015,mover,rect,1,12898,12905,128.97000000002768,128.98000000002767,0.01,False,sustained_or_free,"[5.2634592480968765,11.000000000096575]","[5.263851732953003,11.000000000096575]",2.0694318278657344,0.030891847462895777,"[0.0391491900198535,0.0]","[0.03924848561265293,0.0]",0.0,"[0.0,1.0]","[-1.0,0.0]","[-0.12423336777064677,0.0]",-0.0,-0.16338255779050026,-0.17882848152194816,"[-0.21078577151839628,-0.13750623368801923]",0.000897718537305378,0.0897718537305378,0.0,0.9938360654235849,0.9938360654235849,,0.0,0.17898153434442343
FS-015,mover,rect,1,12899,12906,128.98000000002767,128.99000000002766,0.01,False,sustained_or_free,"[5.263851732953003,11.000000000096575]","[5.264245160601757,11.000000000096575]",2.069741821484956,0.0309993619221612,"[0.03924848561269605,0.0]","[0.039342764875360814,0.0]",0.0,"[0.0,1.0]","[-1.0,0.0]","[-0.12249789988512633,0.0]",-0.0,-0.1617463854978224,-0.17724606645890298,"[-0.20890414208156854,-0.1363289601920792]",0.0008896640089751811,0.08896640089751812,0.0,0.9938360654235849,0.9938360654235849,,0.0,0.17739036863825225
FS-015,mover,rect,1,12900,12907,128.99000000002766,129.00000000002765,0.01,False,sustained_or_free,"[5.264245160601757,11.000000000096575]","[5.2646394818486755,11.000000000096575]",2.0700528155625117,0.0310994077555784,"[0.039342764875336715,0.0]","[0.03943212469188495,0.0]",0.0,"[0.0,1.0]","[-1.0,0.0]","[-0.12076189466388006,0.0]",-0.0,-0.16010465953921676,-0.17565436341700597,"[-0.2070281818069658,-0.13518216424840082]",0.0008817051686721597,0.08817051686721597,0.0,0.9938360654235849,0.9938360654235849,,0.0,0.1757899694668955
FS-015,mover,rect,1,12901,12908,129.00000000002765,129.01000000002765,0.01,False,sustained_or_free,"[5.2646394818486755,11.000000000096575]","[5.265034595896729,11.000000000096575]",2.0703647345647336,0.03119190022218438,"[0.039432124691923254,0.0]","[0.03951140480538129,0.0]",0.0,"[0.0,1.0]","[-1.0,0.0]","[-0.11902535972188791,0.0]",-0.0,-0.15845748441381116,-0.17405343452490335,"[-0.1985862969898761,-0.13689062744749997]",0.0008642107762418459,0.08642107762418459,0.0,0.9938360654235849,0.9938360654235849,,0.0,0.17413665953512392
FS-015,mover,rect,1,12902,12909,129.01000000002765,129.02000000002764,0.01,False,sustained_or_free,"[5.265034595896729,11.000000000096575]","[5.2654304588092025,11.000000000096575]",2.0706767324648907,0.03119979001572622,"[0.03951140480537289,0.0]","[0.03958629124731772,0.0]",0.0,"[0.0,1.0]","[-1.0,0.0]","[-0.11728830267643592,0.0]",-0.0,-0.15679970748180883,-0.17239960248967193,"[-0.19568896252639673,-0.13703878583840268]",0.0008569694714090272,0.08569694714090272,0.0,0.9938360654235849,0.9938360654235849,,0.0,0.17246589880137592
FS-015,mover,rect,1,12903,12910,129.02000000002764,129.03000000002763,0.01,False,sustained_or_free,"[5.2654304588092025,11.000000000096575]","[5.26582702910895,11.000000000096575]",2.070988558562443,0.03118260975522335,"[0.03958629124732832,0.0]","[0.039657029974726754,0.0]",0.0,"[0.0,1.0]","[-1.0,0.0]","[-0.11555073114710607,0.0]",-0.0,-0.1551370223944344,-0.17072832727204607,"[-0.1930363420884883,-0.13708936969588567]",0.0008501090575415848,0.08501090575415848,0.0,0.9938360654235849,0.9938360654235849,,0.0,0.17077954211614327
FS-015,mover,rect,1,12904,12911,129.03000000002763,129.04000000002762,0.01,False,sustained_or_free,"[5.26582702910895,11.000000000096575]","[5.266224267527935,11.000000000096575]",2.0712999941823296,0.03114356198867847,"[0.03965702997469798,0.0]","[0.03972384189854239,0.0]",0.0,"[0.0,1.0]","[-1.0,0.0]","[-0.11381265275573131,0.0]",-0.0,-0.1534696827304293,-0.16904146372476853,"[-0.1906035369600189,-0.13705108798910492]",0.0008435878069265886,0.08435878069265886,0.0,0.9938360654235849,0.9938360654235849,,0.0,0.16907925615343147
FS-015,mover,rect,1,12905,12912,129.04000000002762,129.0500000000276,0.01,False,sustained_or_free,"[5.266224267527935,11.000000000096575]","[5.266622136780661,11.000000000096575]",2.071610849412313,0.031085522998366765,"[0.03972384189851677,0.0]","[0.0397869252726224,0.0]",0.0,"[0.0,1.0]","[-1.0,0.0]","[-0.11207407512638559,0.0]",-0.0,-0.15179791702490236,-0.16734067852408574,"[-0.18836800892357894,-0.13693182507073065]",0.0008373679548129009,0.0837367954812901,0.0,0.9938360654235849,0.9938360654235849,,0.0,0.16736653744387572
FS-015,mover,rect,1,12906,12913,129.0500000000276,129.0600000000276,0.01,False,sustained_or_free,"[5.266622136780661,11.000000000096575]","[5.267020601359232,11.000000000096575]",2.0719209601532103,0.031011074089724644,"[0.0397869252726278,0.0]","[0.039846457857084516,0.0]",0.0,"[0.0,1.0]","[-1.0,0.0]","[-0.11033500588531507,0.0]",-0.0,-0.15012193115794287,-0.1656274682028052,"[-0.18630935757622444,-0.1367387186958807]",0.0008314153259984467,0.08314153259984466,0.0,0.9938360654235849,0.9938360654235849,,0.0,0.16564272870141777
FS-015,mover,rect,1,12907,12914,129.0600000000276,129.0700000000276,0.01,False,sustained_or_free,"[5.267020601359232,11.000000000096575]","[5.26741962734801,11.000000000096575]",2.07223018545239,0.030922529917982677,"[0.03984645785711138,0.0]","[0.03990259887780567,0.0]",0.0,"[0.0,1.0]","[-1.0,0.0]","[-0.10859545266092827,0.0]",-0.0,-0.14844191051803965,-0.16390317547703098,"[-0.18440911866794202,-0.13647823068208623]",0.0008256989966430178,0.08256989966430178,0.0,0.9938360654235849,0.9938360654235849,,0.0,0.16390903360493073
FS-015,mover,rect,1,12908,12915,129.0700000000276,129.08000000002758,0.01,False,sustained_or_free,"[5.26741962734801,11.000000000096575]","[5.267819182256025,11.000000000096575]",2.0725384050937135,0.030821964132335015,"[0.039902598877834955,0.0]","[0.03995549080144656,0.0]",0.0,"[0.0,1.0]","[-1.0,0.0]","[-0.10685542308375083,0.0]",-0.0,-0.14675802196158577,-0.1621690040277533,"[-0.18265058147526536,-0.13615621090073993]",0.0008201909879790286,0.08201909879790285,0.0,0.9938360654235849,0.9938360654235849,,0.0,0.1621665301807002
FS-015,mover,rect,1,12909,12916,129.08000000002758,129.09000000002757,0.01,False,sustained_or_free,"[5.267819182256025,11.000000000096575]","[5.268219234865457,11.000000000096575]",2.0728455174196236,0.030711232591026566,"[0.03995549080143608,0.0]","[0.0400052609432322,0.0]",0.0,"[0.0,1.0]","[-1.0,0.0]","[-0.10511492478641551,0.0]",-0.0,-0.1450704155878516,-0.16042603188336488,"[-0.1810186234110831,-0.13577795522653505]",0.0008148659889085703,0.08148659889085702,0.0,0.9938360654235849,0.9938360654235849,,0.0,0.1604161829180198
FS-015,mover,rect,1,12910,12917,129.09000000002757,129.10000000002756,0.01,False,sustained_or_free,"[5.268219234865457,11.000000000096575]","[5.268619755094693,11.000000000096575]",2.073151437363392,0.030591994376820163,"[0.040005260943194176,0.0]","[0.04005202292356458,0.0]",0.0,"[0.0,1.0]","[-1.0,0.0]","[-0.1033739654035935,0.0]",-0.0,-0.14337922634678768,-0.15867522353519775,"[-0.1794995602422313,-0.1353482580131873]",0.0008097011047605798,0.08097011047605798,0.0,0.9938360654235849,0.9938360654235849,,0.0,0.15865885373749056
FS-015,mover,rect,1,12911,12918,129.10000000002756,129.11000000002755,0.01,False,sustained_or_free,"[5.268619755094693,11.000000000096575]","[5.26902071387457,11.000000000096575]",2.0734560946715983,0.030465730820643622,"[0.040052022923575244,0.0]","[0.040095877987766926,0.0]",0.0,"[0.0,1.0]","[-1.0,0.0]","[-0.10163255257197851,0.0]",-0.0,-0.14168457549555374,-0.15691744090587556,"[-0.1780810104407193,-0.1348714596107763]",0.000804675629739989,0.0804675629739989,0.0,0.9938360654235849,0.9938360654235849,,0.0,0.15689531192050366
FS-015,mover,rect,1,12912,12919,129.11000000002755,129.12000000002755,0.01,False,sustained_or_free,"[5.26902071387457,11.000000000096575]","[5.269422083036579,11.000000000096575]",2.0737594322988144,0.030333762721598646,"[0.04009587798772582,0.0]","[0.04013691620086135,0.0]",0.0,"[0.0,1.0]","[-1.0,0.0]","[-0.09989069393027687,0.0]",-0.0,-0.13998657191800268,-0.155153453278802,"[-0.1767517723339902,-0.13435148939190675]",0.0007997708408341138,0.07997708408341138,0.0,0.9938360654235849,0.9938360654235849,,0.0,0.155126243097983
FS-015,mover,rect,1,12913,12920,129.12000000002755,129.13000000002754,0.01,False,sustained_or_free,"[5.269422083036579,11.000000000096575]","[5.26982383521189,11.000000000096575]",2.074061404958152,0.03019726593374686,"[0.040136916200832706,0.0]","[0.04017521753105768,0.0]",0.0,"[0.0,1.0]","[-1.0,0.0]","[-0.09814839711910918,0.0]",-0.0,-0.13828531331994187,-0.15338394628681531,"[-0.1755017128458818,-0.13379190471016392]",0.0007949698111526759,0.0794969811152676,0.0,0.9938360654235849,0.9938360654235849,,0.0,0.15335225738714564
FS-015,mover,rect,1,12914,12921,129.13000000002754,129.14000000002753,0.01,False,sustained_or_free,"[5.26982383521189,11.000000000096575]","[5.270225943740194,11.000000000096575]",2.0743619778128917,0.030057285473998514,"[0.04017521753103722,0.0]","[0.04021085283048009,0.0]",0.0,"[0.0,1.0]","[-1.0,0.0]","[-0.09640566978105937,0.0]",-0.0,-0.13658088731209658,-0.15160953004909583,"[-0.17432166673421984,-0.13319592617463422]",0.0007902572408689341,0.07902572408689341,0.0,0.9938360654235849,0.9938360654235849,,0.0,0.15157389675697264
FS-015,mover,rect,1,12915,12922,129.14000000002753,129.15000000002752,0.01,False,sustained_or_free,"[5.270225943740194,11.000000000096575]","[5.270628382587435,11.000000000096575]",2.0746611252958003,0.029914748290858197,"[0.04021085283048415,0.0]","[0.040243884724056045,0.0]",0.0,"[0.0,1.0]","[-1.0,0.0]","[-0.09466251956057033,0.0]",-0.0,-0.13487337239105449,-0.1498307465364836,"[-0.17320334533439125,-0.1325664695882319]",0.0007856193041023316,0.07856193041023316,0.0,0.9938360654235849,0.9938360654235849,,0.0,0.14979164169494724
FS-015,mover,rect,1,12916,12923,129.15000000002752,129.1600000000275,0.01,False,sustained_or_free,"[5.270628382587435,11.000000000096575]","[5.271031126271581,11.000000000096575]",2.074958830044006,0.02977047482058615,"[0.04024388472408383,0.0]","[0.04027436841465004,0.0]",0.0,"[0.0,1.0]","[-1.0,0.0]","[-0.09291895410396948,0.0]",-0.0,-0.1331628388280533,-0.14804807623834637,"[-0.172139253911853,-0.1319061748648838]",0.0007810435102396419,0.0781043510239642,0.0,0.9938360654235849,0.9938360654235849,,0.0,0.14800591724132173
FS-015,mover,rect,1,12917,12924,129.1600000000275,129.1700000000275,0.01,False,sustained_or_free,"[5.271031126271581,11.000000000096575]","[5.271434149795705,11.000000000096575]",2.07525508193846,0.029625189445383695,"[0.04027436841466039,0.0]","[0.04030235241234692,0.0]",0.0,"[0.0,1.0]","[-1.0,0.0]","[-0.09117498105936432,0.0]",-0.0,-0.1314493494740247,-0.14626194419671656,"[-0.17112261681126892,-0.13121743221097737]",0.0007765185783333442,0.07765185783333442,0.0,0.9938360654235849,0.9938360654235849,,0.0,0.1462170984503994
FS-015,mover,rect,1,12918,12925,129.1700000000275,129.1800000000275,0.01,False,sustained_or_free,"[5.271434149795705,11.000000000096575]","[5.2718374285876575,11.000000000096575]",2.075549877238034,0.0294795299573891,"[0.04030235241234053,0.0]","[0.0403278791952566,0.0]",0.0,"[0.0,1.0]","[-1.0,0.0]","[-0.08943060807669155,0.0]",-0.0,-0.12973296048903207,-0.14447272546772663,"[-0.17014730966668037,-0.13050240582959743]",0.0007720343233443191,0.0772034323344319,0.0,0.9938360654235849,0.9938360654235849,,0.0,0.1444255153332231
FS-015,mover,rect,1,12919,12926,129.1800000000275,129.19000000002748,0.01,False,sustained_or_free,"[5.2718374285876575,11.000000000096575]","[5.272240938445741,11.000000000096575]",2.0758432177992585,0.029334056122469827,"[0.04032787919529662,0.0]","[0.04035098580832397,0.0]",0.0,"[0.0,1.0]","[-1.0,0.0]","[-0.08768584280761269,0.0]",-0.0,-0.1280137220029093,-0.1426807500641442,"[-0.16920779800656924,-0.12976305538170987]",0.0007675815531122014,0.07675815531122014,0.0,0.9938360654235849,0.9938360654235849,,0.0,0.14263145733036175
FS-015,mover,rect,1,12920,12927,129.19000000002748,129.20000000002747,0.01,False,sustained_or_free,"[5.272240938445741,11.000000000096575]","[5.272644655489789,11.000000000096575]",2.076135110373548,0.029189257428921873,"[0.04035098580828815,0.0]","[0.04037170440485127,0.0]",0.0,"[0.0,1.0]","[-1.0,0.0]","[-0.08594069290553363,0.0]",-0.0,-0.1262916787138218,-0.14088630742828273,"[-0.16829908165055485,-0.12900115541636506]",0.0007631519750419794,0.07631519750419795,0.0,0.9938360654235849,0.9938360654235849,,0.0,0.14083517735944748
FS-015,mover,rect,1,12921,12928,129.20000000002747,129.21000000002746,0.01,False,sustained_or_free,"[5.272644655489789,11.000000000096575]","[5.273048556094345,11.000000000096575]",2.0764255659745294,0.02904556009814949,"[0.0403717044048391,0.0]","[0.04039006045557514,0.0]",0.0,"[0.0,1.0]","[-1.0,0.0]","[-0.08419516602552973,0.0]",-0.0,-0.12456687043036883,-0.13908965047944358,"[-0.16741533290301658,-0.1282180170758509]",0.0007587339883253887,0.07587339883253887,0.0,0.9938360654235849,0.9938360654235849,,0.0,0.13903688904183134
FS-015,mover,rect,1,12922,12929,129.21000000002746,129.22000000002745,0.01,False,sustained_or_free,"[5.273048556094345,11.000000000096575]","[5.2734526168929925,11.000000000096575]",2.076714599225744,0.02890332512148571,"[0.040390060455558756,0.0]","[0.04040607986475209,0.0]",0.0,"[0.0,1.0]","[-1.0,0.0]","[-0.08244926982433588,0.0]",-0.0,-0.12283933027989463,-0.1372909928406375,"[-0.1665546923064891,-0.12741595208107578]",0.0007543287437719032,0.07543287437719032,0.0,0.9938360654235849,0.9938360654235849,,0.0,0.13723678647350812
FS-015,mover,rect,1,12923,12930,129.22000000002745,129.23000000002745,0.01,False,sustained_or_free,"[5.2734526168929925,11.000000000096575]","[5.273856814721985,11.000000000096575]",2.077002227961432,0.02876287356880261,"[0.040406079864770926,0.0]","[0.04041978289928139,0.0]",0.0,"[0.0,1.0]","[-1.0,0.0]","[-0.08070301196030699,0.0]",-0.0,-0.12110909182507792,-0.13549052860947922,"[-0.16571261038973834,-0.12659569372332652]",0.0007499264406008045,0.07499264406008045,0.0,0.9938360654235849,0.9938360654235849,,0.0,0.1354350339364293
FS-015,mover,rect,1,12924,12931,129.23000000002745,129.24000000002744,0.01,False,sustained_or_free,"[5.273856814721985,11.000000000096575]","[5.274261126588346,11.000000000096575]",2.07728847274297,0.028624478153763875,"[0.04041978289924037,0.0]","[0.040431186636080696,0.0]",0.0,"[0.0,1.0]","[-1.0,0.0]","[-0.07895640009337844,0.0]",-0.0,-0.11937618299261882,-0.13368842206950074,"[-0.16488576222743945,-0.12575843847525378]",0.0007455216120390996,0.07455216120390996,0.0,0.9938360654235849,0.9938360654235849,,0.0,0.13363177184343145
FS-015,mover,rect,1,12925,12932,129.24000000002744,129.25000000002743,0.01,False,sustained_or_free,"[5.274261126588346,11.000000000096575]","[5.274665529641282,11.000000000096575]",2.0775733564452485,0.028488370227882715,"[0.040431186636111636,0.0]","[0.040440305293554246,0.0]",0.0,"[0.0,1.0]","[-1.0,0.0]","[-0.07720944188505628,0.0]",-0.0,-0.11764062852116791,-0.1318848136351093,"[-0.16407114897220548,-0.12490527028422993]",0.0007411093411637862,0.07411093411637862,0.0,0.9938360654235849,0.9938360654235849,,0.0,0.13182711919397094
FS-015,mover,rect,1,12926,12933,129.25000000002743,129.26000000002742,0.01,False,sustained_or_free,"[5.274665529641282,11.000000000096575]","[5.275070001146583,11.000000000096575]",2.077856903885556,0.02835474403075567,"[0.04044030529353684,0.0]","[0.04044715053010961,0.0]",0.0,"[0.0,1.0]","[-1.0,0.0]","[-0.07546214499834793,0.0]",-0.0,-0.11590245029188477,-0.13007982230726262,"[-0.1632660671391,-0.12403717129281235]",0.0007366852093719755,0.07366852093719756,0.0,0.9938360654235849,0.9938360654235849,,0.0,0.13002117579504613
FS-015,mover,rect,1,12927,12934,129.26000000002742,129.2700000000274,0.01,False,sustained_or_free,"[5.275070001146583,11.000000000096575]","[5.27547451846374,11.000000000096575]",2.0781391414908885,0.028223760533243242,"[0.040447150530076574,0.0]","[0.04045173171576266,0.0]",0.0,"[0.0,1.0]","[-1.0,0.0]","[-0.07371451709775242,0.0]",-0.0,-0.114161667627829,-0.1282735478944506,"[-0.16246808078809852,-0.12315503154427904]",0.0007322452497114537,0.07322452497114537,0.0,0.9938360654235849,0.9938360654235849,,0.0,0.12821402426962353
FS-015,mover,rect,1,12928,12935,129.2700000000274,129.2800000000274,0.01,False,sustained_or_free,"[5.27547451846374,11.000000000096575]","[5.2758790590255185,11.000000000096575]",2.0784200970000097,0.02809555091213373,"[0.040451731715804226,0.0]","[0.04045405617780773,0.0]",0.0,"[0.0,1.0]","[-1.0,0.0]","[-0.07196656584921478,0.0]",-0.0,-0.112418297565019,-0.12646607302108587,"[-0.16167499633118632,-0.1222596577692874]",0.0007277859046133367,0.07277859046133367,0.0,0.9938360654235849,0.9938360654235849,,0.0,0.12640573187257775
FS-015,mover,rect,1,12929,12936,129.2800000000274,129.2900000000274,0.01,False,sustained_or_free,"[5.2758790590255185,11.000000000096575]","[5.276283600319741,11.000000000096575]",2.0786997991969214,0.027970219691186394,"[0.04045405617776978,0.0]","[0.04045412942224047,0.0]",0.0,"[0.0,1.0]","[-1.0,0.0]","[-0.07021829892011623,0.0]",-0.0,-0.110672355097886,-0.12465746494347921,"[-0.16088483971655893,-0.12135178134062148]",0.000723303987611668,0.0723303987611668,0.0,0.9938360654235849,0.9938360654235849,,0.0,0.12459635213242323
FS-015,mover,rect,1,12930,12937,129.2900000000274,129.30000000002738,0.01,False,sustained_or_free,"[5.276283600319741,11.000000000096575]","[5.276688119873099,11.000000000096575]",2.078978277672723,0.027847847580153674,"[0.04045412942223017,0.0]","[0.04045195533581847,0.0]",0.0,"[0.0,1.0]","[-1.0,0.0]","[-0.06846972397920491,0.0]",-0.0,-0.10892385340143508,-0.12284777719151191,"[-0.1600958357657364,-0.12043206547476566]",0.0007187966486739624,0.07187966486739623,0.0,0.9938360654235849,0.9938360654235849,,0.0,0.1227859263352313
FS-015,mover,rect,1,12931,12938,129.30000000002738,129.31000000002737,0.01,False,sustained_or_free,"[5.276688119873099,11.000000000096575]","[5.277092595236776,11.000000000096575]",2.0792555626131266,0.027728494040396918,"[0.04045195533582795,0.0]","[0.040447536367693715,0.0]",0.0,"[0.0,1.0]","[-1.0,0.0]","[-0.066720848696586,0.0]",-0.0,-0.10717280403241394,-0.1210370510526124,"[-0.15930638946054584,-0.11950111175159261]",0.0007142613428021258,0.07142613428021258,0.0,0.9938360654235849,0.9938360654235849,,0.0,0.12097448486578499
FS-015,mover,rect,1,12932,12939,129.31000000002737,129.32000000002736,0.01,False,sustained_or_free,"[5.277092595236776,11.000000000096575]","[5.277497003973719,11.000000000096575]",2.0795316846091567,0.027612199603006777,"[0.0404475363676956,0.0]","[0.04044087369425853,0.0]",0.0,"[0.0,1.0]","[-1.0,0.0]","[-0.06497168074367615,0.0]",-0.0,-0.10541921711137175,-0.11922531691287513,"[-0.15851506899607415,-0.11855946601670767]",0.0007096958015953025,0.07096958015953025,0.0,0.9938360654235849,0.9938360654235849,,0.0,0.11916204841939987
FS-015,mover,rect,1,12933,12940,129.32000000002736,129.33000000002735,0.01,False,sustained_or_free,"[5.277497003973719,11.000000000096575]","[5.277901323647404,11.000000000096575]",2.0798066744887858,0.027498987962891307,"[0.040440873694278054,0.0]","[0.04043196736853716,0.0]",0.0,"[0.0,1.0]","[-1.0,0.0]","[-0.06322222779319366,0.0]",-0.0,-0.10366310148747171,-0.11741259546891736,"[-0.1577205904330358,-0.11760762372488333]",0.0007050980074952719,0.07050980074952719,0.0,0.9938360654235849,0.9938360654235849,,0.0,0.11734862909673013
FS-015,mover,rect,1,12934,12941,129.33000000002735,129.34000000002735,0.01,False,sustained_or_free,"[5.277901323647404,11.000000000096575]","[5.278305531811951,11.000000000096575]",2.0800805631674866,0.027388867870077858,"[0.04043196736849756,0.0]","[0.04042081645474482,0.0]",0.0,"[0.0,1.0]","[-1.0,0.0]","[-0.06147249751908913,0.0]",-0.0,-0.10190446488758668,-0.11559889882262561,"[-0.15692180379870546,-0.11664603477748794]",0.0007004661704613581,0.07004661704613581,0.0,0.9938360654235849,0.9938360654235849,,0.0,0.11553423139255632
FS-015,mover,rect,1,12935,12942,129.34000000002735,129.35000000002734,0.01,False,sustained_or_free,"[5.278305531811951,11.000000000096575]","[5.278709606003461,11.000000000096575]",2.0803533815158612,0.02728183483746724,"[0.040420816454733575,0.0]","[0.040407419150945145,0.0]",0.0,"[0.0,1.0]","[-1.0,0.0]","[-0.0597224975965356,0.0]",-0.0,-0.10014331405126917,-0.1137842314700028,"[-0.15611768049979005,-0.11567510790180427]",0.0006957987068456708,0.06957987068456709,0.0,0.9938360654235849,0.9938360654235849,,0.0,0.11371885308871804
FS-015,mover,rect,1,12936,12943,129.35000000002734,129.36000000002733,0.01,False,sustained_or_free,"[5.278709606003461,11.000000000096575]","[5.279113523732453,11.000000000096575]",2.0806251602426857,0.027177872682460625,"[0.04040741915095213,0.0]","[0.040391772899184275,0.0]",0.0,"[0.0,1.0]","[-1.0,0.0]","[-0.05797223570188293,0.0]",-0.0,-0.09837965485283506,-0.11196859119406538,"[-0.15530730192349812,-0.11469521461560091]",0.0006910942202611088,0.06910942202611088,0.0,0.9938360654235849,0.9938360654235849,,0.0,0.11190248606019378
FS-015,mover,rect,1,12937,12944,129.36000000002733,129.37000000002732,0.01,False,sustained_or_free,"[5.279113523732453,11.000000000096575]","[5.279517262477308,11.000000000096575]",2.080895929791868,0.02707695491823324,"[0.040391772899194225,0.0]","[0.04037387448549978,0.0]",0.0,"[0.0,1.0]","[-1.0,0.0]","[-0.05622171951264799,0.0]",-0.0,-0.09661349241184222,-0.11015196987095884,"[-0.15448984911473176,-0.11370669281621415]",0.0006863514842541128,0.06863514842541128,0.0,0.9938360654235849,0.9938360654235849,,0.0,0.11008511700263665
FS-015,mover,rect,1,12938,12945,129.37000000002732,129.3800000000273,0.01,False,sustained_or_free,"[5.279517262477308,11.000000000096575]","[5.279920799678612,11.000000000096575]",2.081165720251957,0.026979046008937947,"[0.0403738744855197,0.0]","[0.04035372013042604,0.0]",0.0,"[0.0,1.0]","[-1.0,0.0]","[-0.054470956707445284,0.0]",-0.0,-0.09484483119296498,-0.10833435419743395,"[-0.1536645934278939,-0.11270985002968206]",0.0006815694266118979,0.06815694266118978,0.0,0.9938360654235849,0.9938360654235849,,0.0,0.10826672808873129
FS-015,mover,rect,1,12939,12946,129.3800000000273,129.3900000000273,0.01,False,sustained_or_free,"[5.279920799678612,11.000000000096575]","[5.280324112734316,11.000000000096575]",2.081434561276975,0.02688410250177179,"[0.04035372013040011,0.0]","[0.04033130557044018,0.0]",0.0,"[0.0,1.0]","[-1.0,0.0]","[-0.05271995496597699,0.0]",-0.0,-0.0930736750963771,-0.106515726347263,"[-0.15283088806137463,-0.11170496635210761]",0.000676747115149937,0.0676747115149937,0.0,0.9938360654235849,0.9938360654235849,,0.0,0.10644729756024623
FS-015,mover,rect,1,12940,12947,129.3900000000273,129.4000000000273,0.01,False,sustained_or_free,"[5.280324112734316,11.000000000096575]","[5.28072717899564,11.000000000096575]",2.0817024820174512,0.026792074047615827,"[0.04033130557046133,0.0]","[0.04030662613239144,0.0]",0.0,"[0.0,1.0]","[-1.0,0.0]","[-0.0509687219689875,0.0]",-0.0,-0.09130002753944882,-0.10469606456325675,"[-0.15198816039144855,-0.1106922971123814]",0.0006718837448400084,0.06718837448400083,0.0,0.9938360654235849,0.9938360654235849,,0.0,0.10462680026180518
FS-015,mover,rect,1,12941,12948,129.4000000000273,129.41000000002728,0.01,False,sustained_or_free,"[5.28072717899564,11.000000000096575]","[5.281130042946863,11.000000000096575]",2.0819695110606595,0.026702904320851352,"[0.040306626132392,0.0]","[0.04028639512227983,0.0]",0.0,"[0.0,1.0]","[-1.0,0.0]","[-0.04921726539825338,0.0]",-0.0,-0.08952389153064538,-0.10287534369107104,"[-0.15414667295810994,-0.1113455063315943]",0.0006789563810436775,0.06789563810436774,0.0,0.9938360654235849,0.9938360654235849,,0.0,0.10281738288535078
FS-015,mover,rect,1,12942,12949,129.41000000002728,129.42000000002727,0.01,False,sustained_or_free,"[5.281130042946863,11.000000000096575]","[5.281532668443746,11.000000000096575]",2.0822357855079567,0.026627444729709893,"[0.04028639512224246,0.0]","[0.0402625496882969,0.0]",0.0,"[0.0,1.0]","[-1.0,0.0]","[-0.047465592936514096,0.0]",-0.0,-0.08775198805875656,-0.10106571042361151,"[-0.15241198811498458,-0.11030094495144854]",0.0006717342392633938,0.06717342392633938,0.0,0.9938360654235849,0.9938360654235849,,0.0,0.10100191589520752
FS-015,mover,rect,1,12943,12950,129.42000000002727,129.43000000002726,0.01,False,sustained_or_free,"[5.281532668443746,11.000000000096575]","[5.281935020544155,11.000000000096575]",2.082501260973364,0.026547546540734684,"[0.04026254968832607,0.0]","[0.04023521004086206,0.0]",0.0,"[0.0,1.0]","[-1.0,0.0]","[-0.045713712267456116,0.0]",-0.0,-0.08597626195578219,-0.09925003522614953,"[-0.15074578458751173,-0.1092495437548053]",0.0006646722327373593,0.06646722327373593,0.0,0.9938360654235849,0.9938360654235849,,0.0,0.09918087060894307
FS-015,mover,rect,1,12944,12951,129.43000000002726,129.44000000002725,0.01,False,sustained_or_free,"[5.281935020544155,11.000000000096575]","[5.282337065387515,11.000000000096575]",2.082765899939377,0.02646389660132106,"[0.040235210040826426,0.0]","[0.04020448433603718,0.0]",0.0,"[0.0,1.0]","[-1.0,0.0]","[-0.043961631075702966,0.0]",-0.0,-0.08419684111652939,-0.09742878941718992,"[-0.14914029905865567,-0.10819142236990645]",0.0006577507644414259,0.06577507644414259,0.0,0.9938360654235849,0.9938360654235849,,0.0,0.09735466858285118
FS-015,mover,rect,1,12945,12952,129.44000000002725,129.45000000002725,0.01,False,sustained_or_free,"[5.282337065387515,11.000000000096575]","[5.282738770085871,11.000000000096575]",2.0830296710027985,0.02637710634214233,"[0.04020448433607705,0.0]","[0.04017046983557648,0.0]",0.0,"[0.0,1.0]","[-1.0,0.0]","[-0.042209357046716175,0.0]",-0.0,-0.08241384138279323,-0.09560239455386438,"[-0.14758850972237514,-0.1071266932888312]",0.0006509521235612266,0.06509521235612266,0.0,0.9938360654235849,0.9938360654235849,,0.0,0.09552368643368848
FS-015,mover,rect,1,12946,12953,129.45000000002725,129.46000000002724,0.01,False,sustained_or_free,"[5.282738770085871,11.000000000096575]","[5.283140102625432,11.000000000096575]",2.083292548193827,0.026287719102862227,"[0.0401704698355412,0.0]","[0.040133253956131654,0.0]",0.0,"[0.0,1.0]","[-1.0,0.0]","[-0.04045689786684476,0.0]",-0.0,-0.08062736770238596,-0.09377122725381706,"[-0.1460840668555279,-0.10605546241554681]",0.000644260308329934,0.06442603083299339,0.0,0.9938360654235849,0.9938360654235849,,0.0,0.09368826020728019
FS-015,mover,rect,1,12947,12954,129.46000000002724,129.47000000002723,0.01,False,sustained_or_free,"[5.283140102625432,11.000000000096575]","[5.283541031777653,11.000000000096575]",2.083554510361513,0.02619621676858696,"[0.040133253956141944,0.0]","[0.04009291522208969,0.0]",0.0,"[0.0,1.0]","[-1.0,0.0]","[-0.03870426122322016,0.0]",-0.0,-0.0788375151793621,-0.09193562356365559,"[-0.14462122989575454,-0.10497782958006482]",0.0006376608655298773,0.06376608655298774,0.0,0.9938360654235849,0.9938360654235849,,0.0,0.09184868933612618
FS-015,mover,rect,1,12948,12955,129.47000000002723,129.48000000002722,0.01,False,sustained_or_free,"[5.283541031777653,11.000000000096575]","[5.28394152701893,11.000000000096575]",2.0838155406193284,0.026103025781559583,"[0.04009291522212623,0.0]","[0.040049524127727665,0.0]",0.0,"[0.0,1.0]","[-1.0,0.0]","[-0.036951454803781994,0.0]",-0.0,-0.07704437002590822,-0.09009588291668802,"[-0.14319481041583634,-0.10389388902009918]",0.0006311407450917647,0.06311407450917647,0.0,0.9938360654235849,0.9938360654235849,,0.0,0.0900052402247581
FS-015,mover,rect,1,12949,12956,129.48000000002722,129.4900000000272,0.01,False,sustained_or_free,"[5.28394152701893,11.000000000096575]","[5.2843415584581175,11.000000000096575]",2.0840756258451942,0.026008522586571048,"[0.04004952412769058,0.0]","[0.04000314391872095,0.0]",0.0,"[0.0,1.0]","[-1.0,0.0]","[-0.03519848629717299,0.0]",-0.0,-0.07524801042486357,-0.08825227171814909,"[-0.1418001204421042,-0.10280372983168727]",0.0006246881683722417,0.06246881683722417,0.0,0.9938360654235849,0.9938360654235849,,0.0,0.088158149497451
FS-015,mover,rect,1,12950,12957,129.4900000000272,129.5000000000272,0.01,False,sustained_or_free,"[5.2843415584581175,11.000000000096575]","[5.28474109677113,11.000000000096575]",2.084334756230825,0.025913038563096704,"[0.04000314391872966,0.0]","[0.03995383130126484,0.0]",0.0,"[0.0,1.0]","[-1.0,0.0]","[-0.03344536339278847,0.0]",-0.0,-0.07344850731151813,-0.08640502659306648,"[-0.14043292561621165,-0.1017074363902711]",0.0006182925088237514,0.061829250882375134,0.0,0.9938360654235849,0.9938360654235849,,0.0,0.08630762694017882
FS-015,mover,rect,1,12951,12958,129.5000000000272,129.5100000000272,0.01,False,sustained_or_free,"[5.28474109677113,11.000000000096575]","[5.285140113141965,11.000000000096575]",2.0845929248757473,0.02581686449221202,"[0.03995383130128434,0.0]","[0.039901637083517016,0.0]",0.0,"[0.0,1.0]","[-1.0,0.0]","[-0.0316920937806713,0.0]",-0.0,-0.07164592508195564,-0.08455435732806166,"[-0.13908940274647777,-0.10060508874374278]",0.0006119441838914012,0.06119441838914012,0.0,0.9938360654235849,0.9938360654235849,,0.0,0.08445385816515143
FS-015,mover,rect,1,12952,12959,129.5100000000272,129.52000000002718,0.01,False,sustained_or_free,"[5.285140113141965,11.000000000096575]","[5.285538579209542,11.000000000096575]",2.084850127421766,0.025720254601848926,"[0.03990163708355566,0.0]","[0.03984660675770968,0.0]",0.0,"[0.0,1.0]","[-1.0,0.0]","[-0.02993868515153167,0.0]",-0.0,-0.06984032223508732,-0.0827004495360118,"[-0.13776610133750694,-0.09949676297895027]",0.0006056345570809935,0.06056345570809935,0.0,0.9938360654235849,0.9938360654235849,,0.0,0.08259700702417942
FS-015,mover,rect,1,12953,12960,129.52000000002718,129.53000000002717,0.01,False,sustained_or_free,"[5.285538579209542,11.000000000096575]","[5.2859364670198135,11.000000000096575]",2.0851063617240646,0.02562343022988154,"[0.03984660675770699,0.0]","[0.03978878102710581,0.0]",0.0,"[0.0,1.0]","[-1.0,0.0]","[-0.02818514519667172,0.0]",-0.0,-0.0680317519543787,-0.08084346706931947,"[-0.13645990872531444,-0.0983825315631331]",0.0005993558492415301,0.059935584924153004,0.0,0.9938360654235849,0.9938360654235849,,0.0,0.08073721779418445
FS-015,mover,rect,1,12954,12961,129.53000000002717,129.54000000002716,0.01,False,sustained_or_free,"[5.2859364670198135,11.000000000096575]","[5.286333748982654,11.000000000096575]",2.085361627555473,0.025526583140837812,"[0.039788781027093836,0.0]","[0.039728196284016803,0.0]",0.0,"[0.0,1.0]","[-1.0,0.0]","[-0.026431481607975597,0.0]",-0.0,-0.06622026263506943,-0.07898355420548833,"[-0.13516801848010196,-0.09726246366172278]",0.0005931010581954021,0.05931010581954021,0.0,0.9938360654235849,0.9938360654235849,,0.0,0.07887461715635101
FS-015,mover,rect,1,12955,12962,129.54000000002716,129.55000000002715,0.01,False,sustained_or_free,"[5.286333748982654,11.000000000096575]","[5.286730397833081,11.000000000096575]",2.08561592634076,0.025429878528686407,"[0.039728196284032215,0.0]","[0.039664885042700604,0.0]",0.0,"[0.0,1.0]","[-1.0,0.0]","[-0.02467770207786976,0.0]",-0.0,-0.06440589836190197,-0.07712083762624518,"[-0.13388790177047352,-0.09613662543389828]",0.0005868638859309203,0.058686388593092026,0.0,0.9938360654235849,0.9938360654235849,,0.0,0.07700931598816434
FS-015,mover,rect,1,12956,12963,129.55000000002715,129.56000000002715,0.01,False,sustained_or_free,"[5.286730397833081,11.000000000096575]","[5.287126386596397,11.000000000096575]",2.085869260918111,0.025333457735113616,"[0.039664885042737776,0.0]","[0.03959887633167014,0.0]",0.0,"[0.0,1.0]","[-1.0,0.0]","[-0.022923814299283304,0.0]",-0.0,-0.06258869934202108,-0.07525542820957788,"[-0.13261728141156418,-0.09500508030723727]",0.0005806386726456397,0.058063867264563966,0.0,0.9938360654235849,0.9938360654235849,,0.0,0.07514141098589455
FS-015,mover,rect,1,12957,12964,129.56000000002715,129.57000000002714,0.01,False,sustained_or_free,"[5.287126386596397,11.000000000096575]","[5.287521688556886,11.000000000096575]",2.0861216353252106,0.02523744070995422,"[0.039598876331634135,0.0]","[0.039530196048875865,0.0]",0.0,"[0.0,1.0]","[-1.0,0.0]","[-0.021169825965638003,0.0]",-0.0,-0.06076870229727214,-0.07338742265224925,"[-0.13135410834555122,-0.09386788923275005]",0.0005744203369958328,0.05744203369958328,0.0,0.9938360654235849,0.9938360654235849,,0.0,0.07327098613344679
FS-015,mover,rect,1,12958,12965,129.57000000002714,129.58000000002713,0.01,False,sustained_or_free,"[5.287521688556886,11.000000000096575]","[5.287916277229729,11.000000000096575]",2.08637305460759,0.025141928237946313,"[0.039530196048835634,0.0]","[0.039458867284292154,0.0]",0.0,"[0.0,1.0]","[-1.0,0.0]","[-0.01941574477077886,0.0]",-0.0,-0.05894594081961449,-0.07151690493858764,"[-0.13009654032658033,-0.0927251109215267]",0.0005682043219680601,0.056820432196806006,0.0,0.9938360654235849,0.9938360654235849,,0.0,0.07139811403189203
FS-015,mover,rect,1,12959,12966,129.58000000002713,129.59000000002712,0.01,False,sustained_or_free,"[5.287916277229729,11.000000000096575]","[5.288310126335843,11.000000000096575]",2.0866235246471274,0.025047003953719376,"[0.039458867284253483,0.0]","[0.03938491061141747,0.0]",0.0,"[0.0,1.0]","[-1.0,0.0]","[-0.017661578408964162,0.0]",-0.0,-0.05712044569321764,-0.06964394767007734,"[-0.12884292260349373,-0.0915768020641703]",0.0005619865458437001,0.05619865458437001,0.0,0.9938360654235849,0.9938360654235849,,0.0,0.06952285710285329
FS-015,mover,rect,1,12960,12967,129.59000000002712,129.6000000000271,0.01,False,sustained_or_free,"[5.288310126335843,11.000000000096575]","[5.288703209779364,11.000000000096575]",2.086873052008776,0.024952736164875398,"[0.03938491061145143,0.0]","[0.039308344352040336,0.0]",0.0,"[0.0,1.0]","[-1.0,0.0]","[-0.01590733457481984,0.0]",-0.0,-0.05529224518627127,-0.06776861326870898,"[-0.12759177041310546,-0.09042301753413097]",0.0005557633577770683,0.05557633577770683,0.0,0.9938360654235849,0.9938360654235849,,0.0,0.06764526867748666
FS-015,mover,rect,1,12961,12968,129.6000000000271,129.6100000000271,0.01,False,sustained_or_free,"[5.288703209779364,11.000000000096575]","[5.289095401167518,11.000000000096575]",2.087121643803788,0.02485917950116491,"[0.039308344352084364,0.0]","[0.03921913881548278,0.0]",0.0,"[0.0,1.0]","[-1.0,0.0]","[-0.014153020963329491,0.0]",-0.0,-0.05346136531541386,-0.0658909550659963,"[-0.12311647019572407,-0.08554765457237969]",0.0005318353040525295,0.05318353040525295,0.0,0.9938360654235849,0.9938360654235849,,0.0,0.06575738275966536
FS-015,mover,rect,1,12962,12969,129.6100000000271,129.6200000000271,0.01,False,sustained_or_free,"[5.289095401167518,11.000000000096575]","[5.289486645134791,11.000000000096575]",2.0873693482634055,0.024770445961764455,"[0.03921913881545365,0.0]","[0.039124396727263644,0.0]",0.0,"[0.0,1.0]","[-1.0,0.0]","[-0.012398645269764953,0.0]",-0.0,-0.0516177840852186,-0.06400300706610082,"[-0.12188788951673327,-0.08225436839681693]",0.0005202188531697404,0.05202188531697404,0.0,0.9938360654235849,0.9938360654235849,,0.0,0.06387306397781231
FS-015,mover,rect,1,12963,12970,129.6200000000271,129.63000000002708,0.01,False,sustained_or_free,"[5.289486645134791,11.000000000096575]","[5.289876889651191,11.000000000096575]",2.0876163487030204,0.024700043961508163,"[0.03912439672729327,0.0]","[0.039024451640035096,0.0]",0.0,"[0.0,1.0]","[-1.0,0.0]","[-0.010644215189676332,0.0]",-0.0,-0.0497686119169696,-0.06211863389772368,"[-0.12065619237200437,-0.07916027764227072]",0.0005091064961783173,0.05091064961783173,0.0,0.9938360654235849,0.9938360654235849,,0.0,0.061991679249428056
FS-015,mover,rect,1,12964,12971,129.63000000002708,129.64000000002707,0.01,False,sustained_or_free,"[5.289876889651191,11.000000000096575]","[5.290266085705428,11.000000000096575]",2.087862808951415,0.02464602483946972,"[0.03902445164001687,0.0]","[0.03891960542361517,0.0]",0.0,"[0.0,1.0]","[-1.0,0.0]","[-0.008889738418846344,0.0]",-0.0,-0.047914190058863215,-0.06023720247859807,"[-0.11942096138511174,-0.07624592612558873]",0.0004984472488577372,0.04984472488577372,0.0,0.9938360654235849,0.9938360654235849,,0.0,0.06011265729849993
FS-015,mover,rect,1,12965,12972,129.64000000002707,129.65000000002706,0.01,False,sustained_or_free,"[5.290266085705428,11.000000000096575]","[5.290654187017909,11.000000000096575]",2.088108875220536,0.024606626912092734,"[0.03891960542360722,0.0]","[0.03881013124811261,0.0]",0.0,"[0.0,1.0]","[-1.0,0.0]","[-0.007135222653280376,0.0]",-0.0,-0.0460548280768876,-0.05835814153293397,"[-0.11818180233919548,-0.07349371753756014]",0.00048819497096607524,0.048819497096607524,0.0,0.9938360654235849,0.9938360654235849,,0.0,0.05823548262561991
FS-015,mover,rect,1,12966,12973,129.65000000002706,129.66000000002705,0.01,False,sustained_or_free,"[5.290654187017909,11.000000000096575]","[5.291041149780796,11.000000000096575]",2.0883546777950204,0.02458025744844471,"[0.03881013124811718,0.0]","[0.03869627628869665,0.0]",0.0,"[0.0,1.0]","[-1.0,0.0]","[-0.005380675589137002,0.0]",-0.0,-0.04419080683725418,-0.056480935561476535,"[-0.11693834505527913,-0.07088773818163495]",0.00047830791120749056,0.047830791120749054,0.0,0.9938360654235849,0.9938360654235849,,0.0,0.05635969007392959
FS-015,mover,rect,1,12967,12974,129.66000000002705,129.67000000002704,0.01,False,sustained_or_free,"[5.291041149780796,11.000000000096575]","[5.291426932422584,11.000000000096575]",2.088600332558942,0.02456547639218771,"[0.038696276288698726,0.0]","[0.03857826417883459,0.0]",0.0,"[0.0,1.0]","[-1.0,0.0]","[-0.0036261049227180454,0.0]",-0.0,-0.04232238121141677,-0.05460511940751063,"[-0.11569024389764279,-0.06841359659006586]",0.0004687482949495035,0.04687482949495035,0.0,0.9938360654235849,0.9938360654235849,,0.0,0.054484859932080534
FS-015,mover,rect,1,12968,12975,129.67000000002704,129.68000000002704,0.01,False,sustained_or_free,"[5.291426932422584,11.000000000096575]","[5.291811495394934,11.000000000096575]",2.0888459423755528,0.024560981661070045,"[0.03857826417882747,0.0]","[0.0384562972350011,0.0]",0.0,"[0.0,1.0]","[-1.0,0.0]","[-0.0018715183504229042,0.0]",-0.0,-0.04044978252925037,-0.05273027335978539,"[-0.11443717796938559,-0.0660582784145136]",0.0004594819506751374,0.045948195067513735,0.0,0.9938360654235849,0.9938360654235849,,0.0,0.05261061352101255
FS-015,mover,rect,1,12969,12976,129.68000000002704,129.69000000002703,0.01,False,sustained_or_free,"[5.291811495394934,11.000000000096575]","[5.2921948009796775,11.000000000096575]",2.0890915983342637,0.024565595871095892,"[0.03845629723504171,0.0]","[0.03833055847435318,0.0]",0.0,"[0.0,1.0]","[-1.0,0.0]","[-0.00011692356873860598,0.0]",-0.0,-0.03857322080378031,-0.050856018739328254,"[-0.11317885105271941,-0.06381001513961973]",0.0004504779715319043,0.04504779715319043,0.0,0.9938360654235849,0.9938360654235849,,0.0,0.05073660921677107
FS-015,mover,rect,1,12970,12977,129.69000000002703,129.70000000002702,0.01,False,sustained_or_free,"[5.2921948009796775,11.000000000096575]","[5.292576813114115,11.000000000096575]",2.089337380877737,0.024578254347309484,"[0.038330558474377725,0.0]","[0.03820121344375593,0.0]",0.0,"[0.0,1.0]","[-1.0,0.0]","[0.0016376717258296683,0.0]",-0.0,-0.03669288674854806,-0.0489820139222028,"[-0.11191499134097259,-0.06165816530536157]",0.0004417084086811508,0.044170840868115076,0.0,0.9938360654235849,0.9938360654235849,,0.0,0.04886253886615077
FS-015,mover,rect,1,12971,12978,129.70000000002702,129.710000000027,0.01,False,sustained_or_free,"[5.292576813114115,11.000000000096575]","[5.292957497232901,11.000000000096575]",2.089583360820702,0.024597994296486982,"[0.03820121344373695,0.0]","[0.03806841187863341,0.0]",0.0,"[0.0,1.0]","[-1.0,0.0]","[0.0033922598367685363,0.0]",-0.0,-0.03480895360696841,-0.0471079507552119,"[-0.11064535100264469,-0.059593107048449584]",0.0004331479934607473,0.04331479934607473,0.0,0.9938360654235849,0.9938360654235849,,0.0,0.04698812455643073
FS-015,mover,rect,1,12972,12979,129.710000000027,129.720000000027,0.01,False,sustained_or_free,"[5.292957497232901,11.000000000096575]","[5.293336820124974,11.000000000096575]",2.089829600270993,0.024623945029097948,"[0.03806841187865029,0.0]","[0.037932289207276426,0.0]",0.0,"[0.0,1.0]","[-1.0,0.0]","[0.005146833067602079,0.0]",-0.0,-0.03292157881104821,-0.045233551325597185,"[-0.1093697056120405,-0.057606140885788054]",0.00042477388565453466,0.04247738856545347,0.0,0.9938360654235849,0.9938360654235849,,0.0,0.04511311570409439
FS-015,mover,rect,1,12973,12980,129.720000000027,129.730000000027,0.01,False,sustained_or_free,"[5.293336820124974,11.000000000096575]","[5.293714749804116,11.000000000096575]",2.090076153462281,0.02465531912880286,"[0.037932289207295036,0.0]","[0.037792967914196396,0.0]",0.0,"[0.0,1.0]","[-1.0,0.0]","[0.00690138372190179,0.0]",-0.0,-0.031030905485393247,-0.04335856504979468,"[-0.10808785347593343,-0.05568940176517168]",0.00041656544541604463,0.04165654454160446,0.0,0.9938360654235849,0.9938360654235849,,0.0,0.043237286431056246
FS-015,mover,rect,1,12974,12981,129.730000000027,129.74000000002698,0.01,False,sustained_or_free,"[5.293714749804116,11.000000000096575]","[5.29409125539188,11.000000000096575]",2.090323067507057,0.024691404477604772,"[0.03779296791415565,0.0]","[0.037650558776380905,0.0]",0.0,"[0.0,1.0]","[-1.0,0.0]","[0.008655904103356054,0.0]",-0.0,-0.0291370638107996,-0.041482766049601986,"[-0.10679961488128088,-0.05383577950091598]",0.00040850402662428195,0.0408504026624282,0.0,0.9938360654235849,0.9938360654235849,,0.0,0.041360433199869956
FS-015,mover,rect,1,12975,12982,129.74000000002698,129.75000000002697,0.01,False,sustained_or_free,"[5.29409125539188,11.000000000096575]","[5.294466307011727,11.000000000096575]",2.0905703830775937,0.024731557053673078,"[0.03765055877638947,0.0]","[0.03750516198470777,0.0]",0.0,"[0.0,1.0]","[-1.0,0.0]","[0.010410386515786045,0.0]",-0.0,-0.02724017226060342,-0.03960595078743996,"[-0.10550483128516226,-0.052038846795911815]",0.00040057278965799717,0.04005727896579971,0.0,0.9938360654235849,0.9938360654235849,,0.0,0.03948237268241184
FS-015,mover,rect,1,12976,12983,129.75000000002697,129.76000000002696,0.01,False,sustained_or_free,"[5.294466307011727,11.000000000096575]","[5.2948398756933255,11.000000000096575]",2.0908181350218626,0.024775194426896997,"[0.03750516198474938,0.0]","[0.037356868159843515,0.0]",0.0,"[0.0,1.0]","[-1.0,0.0]","[0.012164823263161633,0.0]",-0.0,-0.02534033872158775,-0.03772793593503625,"[-0.10420336446476637,-0.05029279412746914]",0.00039275653176395965,0.03927565317639597,0.0,0.9938360654235849,0.9938360654235849,,0.0,0.037602939838899826
FS-015,mover,rect,1,12977,12984,129.76000000002696,129.77000000002695,0.01,False,sustained_or_free,"[5.2948398756933255,11.000000000096575]","[5.295211933286058,11.000000000096575]",2.0910663529207074,0.024821789884488563,"[0.03735686815981718,0.0]","[0.0372057592732844,0.0]",0.0,"[0.0,1.0]","[-1.0,0.0]","[0.013919206649670854,0.0]",-0.0,-0.023437661510146326,-0.03584855645239061,"[-0.10289509564235785,-0.04859237084301171]",0.0003850415333660666,0.03850415333660666,0.0,0.9938360654235849,0.9938360654235849,,0.0,0.03572198618639031
FS-015,mover,rect,1,12978,12985,129.77000000002695,129.78000000002694,0.01,False,sustained_or_free,"[5.295211933286058,11.000000000096575]","[5.295582452380891,11.000000000096575]",2.0913150615919625,0.024870867125514416,"[0.037205759273303954,0.0]","[0.03705190948330994,0.0]",0.0,"[0.0,1.0]","[-1.0,0.0]","[0.015673528979729855,0.0]",-0.0,-0.0215322302935741,-0.03396766385633131,"[-0.10157992459764675,-0.04693283187387602]",0.00037741541881736873,0.037741541881736874,0.0,0.9938360654235849,0.9938360654235849,,0.0,0.03383937823811847
FS-015,mover,rect,1,12979,12986,129.78000000002694,129.79000000002694,0.01,False,sustained_or_free,"[5.295582452380891,11.000000000096575]","[5.295951406239804,11.000000000096575]",2.091564281546654,0.02492199546916062,"[0.037051909483268024,0.0]","[0.03689538589126684,0.0]",0.0,"[0.0,1.0]","[-1.0,0.0]","[0.01742778255802856,0.0]",-0.0,-0.019624126925239464,-0.032085124659819775,"[-0.10025776877782522,-0.04530988953176525]",0.0003698670302377753,0.03698670302377753,0.0,0.9938360654235849,0.9938360654235849,,0.0,0.03195499609669304
FS-015,mover,rect,1,12980,12987,129.79000000002694,129.80000000002693,0.01,False,sustained_or_free,"[5.295951406239804,11.000000000096575]","[5.2963187687320925,11.000000000096575]",2.091814029401923,0.02497478552688583,"[0.036895385891278686,0.0]","[0.036736249228841444,0.0]",0.0,"[0.0,1.0]","[-1.0,0.0]","[0.01918195968953467,0.0]",-0.0,-0.017713426201744015,-0.030200818965186928,"[-0.09892856241367577,-0.0437196699033669]",0.00036238631320767217,0.03623863132076722,0.0,0.9938360654235849,0.9938360654235849,,0.0,0.030068732185998426
FS-015,mover,rect,1,12981,12988,129.80000000002693,129.81000000002692,0.01,False,sustained_or_free,"[5.2963187687320925,11.000000000096575]","[5.296684595592343,11.000000000096575]",2.0920643182548573,0.025028885293451302,"[0.036736249228807444,0.0]","[0.03658268602508841,0.0]",0.0,"[0.0,1.0]","[-1.0,0.0]","[0.020936052679592875,0.0]",-0.0,-0.01580019654921457,-0.02831463919594022,"[-0.10112286899413711,-0.04420238622568328]",0.00036912458227871285,0.036912458227871286,0.0,0.9938360654235849,0.9938360654235849,,0.0,0.02819468167044863
FS-015,mover,rect,1,12982,12989,129.81000000002692,129.8200000000269,0.01,False,sustained_or_free,"[5.296684595592343,11.000000000096575]","[5.297048872776962,11.000000000096575]",2.092315279221357,0.025096096649970274,"[0.03658268602505637,0.0]","[0.03642771846186221,0.0]",0.0,"[0.0,1.0]","[-1.0,0.0]","[0.02269005383387529,0.0]",-0.0,-0.01389263219118108,-0.026440680516166215,"[-0.0997387446558782,-0.04351666010887939]",0.0003638067198488091,0.03638067198488091,0.0,0.9938360654235849,0.9938360654235849,,0.0,0.02631593185847233
FS-015,mover,rect,1,12983,12990,129.8200000000269,129.8300000000269,0.01,False,sustained_or_free,"[5.297048872776962,11.000000000096575]","[5.297411585366452,11.000000000096575]",2.0925668445659666,0.025156534460995413,"[0.03642771846184991,0.0]","[0.036271258948961105,0.0]",0.0,"[0.0,1.0]","[-1.0,0.0]","[0.024443955458486624,0.0]",-0.0,-0.011983763003363287,-0.024562030233860995,"[-0.09834763034826251,-0.04277000518150194]",0.0003583178117133932,0.03583178117133932,0.0,0.9938360654235849,0.9938360654235849,,0.0,0.024432677583695484
FS-015,mover,rect,1,12984,12991,129.8300000000269,129.8400000000269,0.01,False,sustained_or_free,"[5.297411585366452,11.000000000096575]","[5.297772717649564,11.000000000096575]",2.0928189520478306,0.025210748186413365,"[0.03627125894897543,0.0]","[0.03611322831122976,0.0]",0.0,"[0.0,1.0]","[-1.0,0.0]","[0.02619774985994437,0.0]",-0.0,-0.010073509089031058,-0.02267888318223774,"[-0.09694934507180943,-0.041967866889766316]",0.0003526713458771303,0.03526713458771303,0.0,0.9938360654235849,0.9938360654235849,,0.0,0.022545094689907435
FS-015,mover,rect,1,12985,12992,129.8400000000269,129.85000000002688,0.01,False,sustained_or_free,"[5.297772717649564,11.000000000096575]","[5.298132253199845,11.000000000096575]",2.0930715443726027,0.025259232477209834,"[0.03611322831124689,0.0]","[0.035953555028100936,0.0]",0.0,"[0.0,1.0]","[-1.0,0.0]","[0.027951429345254207,0.0]",-0.0,-0.00816179896599268,-0.020791415204597596,"[-0.09554375003811827,-0.041115175422726816]",0.0003468795975409978,0.03468795975409978,0.0,0.9938360654235849,0.9938360654235849,,0.0,0.020653341989053255
FS-015,mover,rect,1,12986,12993,129.85000000002688,129.86000000002687,0.01,False,sustained_or_free,"[5.298132253199845,11.000000000096575]","[5.298490174945287,11.000000000096575]",2.093324568698727,0.025302432612451752,"[0.035953555028081584,0.0]","[0.03579217454419137,0.0]",0.0,"[0.0,1.0]","[-1.0,0.0]","[0.029704986221919933,0.0]",-0.0,-0.006248568806161651,-0.01889978511238753,"[-0.09413074394582785,-0.04021639495193157]",0.00034095374332835835,0.03409537433283583,0.0,0.9938360654235849,0.9938360654235849,,0.0,0.018757563026175126
FS-015,mover,rect,1,12987,12994,129.86000000002687,129.87000000002686,0.01,False,sustained_or_free,"[5.298490174945287,11.000000000096575]","[5.298846465231735,11.000000000096575]",2.093577976192805,0.025340749407788198,"[0.03579217454420096,0.0]","[0.035629028644823535,0.0]",0.0,"[0.0,1.0]","[-1.0,0.0]","[0.031458412797983185,0.0]",-0.0,-0.0043337617462177735,-0.017004136450111874,"[-0.09271025877562444,-0.03927556816985805]",0.00033490396476921537,0.033490396476921536,0.0,0.9938360654235849,0.9938360654235849,,0.0,0.01685788767012699
FS-015,mover,rect,1,12988,12995,129.87000000002686,129.88000000002685,0.01,False,sustained_or_free,"[5.298846465231735,11.000000000096575]","[5.299201105880626,11.000000000096575]",2.0938317216292717,0.0253745436466412,"[0.035629028644789576,0.0]","[0.035464064889101365,0.0]",0.0,"[0.0,1.0]","[-1.0,0.0]","[0.033211701382063086,0.0]",-0.0,-0.0024173272627264902,-0.01510459908604709,"[-0.0912822560483394,-0.038296356576008626]",0.00032873954205198553,0.03287395420519855,0.0,0.9938360654235849,0.9938360654235849,,0.0,0.014954433547163054
FS-015,mover,rect,1,12989,12996,129.88000000002685,129.89000000002684,0.01,False,sustained_or_free,"[5.299201105880626,11.000000000096575]","[5.299554078241594,11.000000000096575]",2.094085763030075,0.02540414008030728,"[0.0354640648890725,0.0]","[0.03529723609680957,0.0]",0.0,"[0.0,1.0]","[-1.0,0.0]","[0.03496484428336624,0.0]",-0.0,-0.0004992206057062576,-0.013201290645859898,"[-0.08984672349608994,-0.03728207691666284]",0.0003224689389572865,0.03224689389572865,0.0,0.9938360654235849,0.9938360654235849,,0.0,0.013047307332831937
FS-015,mover,rect,1,12990,12997,129.89000000002684,129.90000000002684,0.01,False,sustained_or_free,"[5.299554078241594,11.000000000096575]","[5.299905363240423,11.000000000096575]",2.094340061340462,0.02542983103871881,"[0.035297236096838776,0.0]","[0.03512849988291933,0.0]",0.0,"[0.0,1.0]","[-1.0,0.0]","[0.03671783381175611,0.0]",-0.0,0.0014205977149173363,-0.011294317804442067,"[-0.08840367210171694,-0.0362357341455011]",0.00031609987980232336,0.03160998798023233,0.0,0.9938360654235849,0.9938360654235849,,0.0,0.011136605915983325
FS-015,mover,rect,1,12991,12998,129.90000000002684,129.91000000002683,0.01,False,sustained_or_free,"[5.299905363240423,11.000000000096575]","[5.300254941422777,11.000000000096575]",2.0945945801373576,0.025451879689574915,"[0.035128499882951976,0.0]","[0.03495781823534827,0.0]",0.0,"[0.0,1.0]","[-1.0,0.0]","[0.038470662277763,0.0]",-0.0,0.003342162394811027,-0.009383777449976434,"[-0.08695313346652195,-0.0351600512372414]",0.0003096394191466049,0.03096394191466049,0.0,0.9938360654235849,0.9938360654235849,,0.0,0.009222417447542729
FS-015,mover,rect,1,12992,12999,129.91000000002683,129.92000000002682,0.01,False,sustained_or_free,"[5.300254941422777,11.000000000096575]","[5.300602792994102,11.000000000096575]",2.0948492853671565,0.02547052297990291,"[0.03495781823535428,0.0]","[0.03478515713251085,0.0]",0.0,"[0.0,1.0]","[-1.0,0.0]","[0.040223321992629645,0.0]",-0.0,0.005265503757275365,-0.007469757732676087,"[-0.08549515747056038,-0.03405749615470987]",0.0003030940049391832,0.03030940049391832,0.0,0.9938360654235849,0.9938360654235849,,0.0,0.007304822285269637
FS-015,mover,rect,1,12993,13000,129.92000000002682,129.9300000000268,0.01,False,sustained_or_free,"[5.300602792994102,11.000000000096575]","[5.300948897856067,11.000000000096575]",2.0951041451100645,0.02548597429081523,"[0.03478515713249167,0.0]","[0.03461048619648466,0.0]",0.0,"[0.0,1.0]","[-1.0,0.0]","[0.041975805268321155,0.0]",-0.0,0.007190648135829487,-0.005552339009578126,"[-0.0840298101935573,-0.032930306241077754]",0.000296469535723703,0.0296469535723703,0.0,0.9938360654235849,0.9938360654235849,,0.0,0.0053838938447733214
FS-015,mover,rect,1,12994,13001,129.9300000000268,129.9400000000268,0.01,False,sustained_or_free,"[5.300948897856067,11.000000000096575]","[5.301293235639853,11.000000000096575]",2.095359129368397,0.02549842583324968,"[0.034610486196469635,0.0]","[0.03443377837859529,0.0]",0.0,"[0.0,1.0]","[-1.0,0.0]","[0.04372810441759446,0.0]",-0.0,0.009117618221124828,-0.0036315946955000136,"[-0.08255717206792347,-0.03178051028304998]",0.00028977141245964004,0.028977141245964004,0.0,0.9938360654235849,0.9938360654235849,,0.0,0.00345969936589563
FS-015,mover,rect,1,12995,13002,129.9400000000268,129.9500000000268,0.01,False,sustained_or_free,"[5.301293235639853,11.000000000096575]","[5.301635785736596,11.000000000096575]",2.095614209876495,0.025508050809791447,"[0.03443377837859437,0.0]","[0.034255009674311054,0.0]",0.0,"[0.0,1.0]","[-1.0,0.0]","[0.04548021175400819,0.0]",-0.0,0.01104643337541382,-0.0017075920294819039,"[-0.08107733623840248,-0.030609948467323306]",0.0002830045854656413,0.02830045854656413,0.0,0.9938360654235849,0.9938360654235849,,0.0,0.0015323006028827926
FS-015,mover,rect,1,12996,13003,129.9500000000268,129.96000000002678,0.01,False,sustained_or_free,"[5.301635785736596,11.000000000096575]","[5.301976527325241,11.000000000096575]",2.0958693599301474,0.02551500536524618,"[0.034255009674267894,0.0]","[0.03407415886451659,0.0]",0.0,"[0.0,1.0]","[-1.0,0.0]","[0.047232119591968304,0.0]",-0.0,0.01297710991770041,0.00021960723507732233,"[-0.07959040710561216,-0.029420290431406065]",0.0002761735969433464,0.027617359694334643,0.0,0.9938360654235849,0.9938360654235849,,0.0,0.00039824555425954644
FS-015,mover,rect,1,12997,13004,129.96000000002678,129.97000000002677,0.01,False,sustained_or_free,"[5.301976527325241,11.000000000096575]","[5.302315439398056,11.000000000096575]",2.096124554233612,0.02551943034643911,"[0.0340741588644892,0.0]","[0.033891207281477875,0.0]",0.0,"[0.0,1.0]","[-1.0,0.0]","[0.04898382024673802,0.0]",-0.0,0.01490966138224882,0.002149946209029266,"[-0.0780964990331881,-0.02821305159069353]",0.00026928261949699496,0.026928261949699495,0.0,0.9938360654235849,0.9938360654235849,,0.0,0.002331886520400589
FS-015,mover,rect,1,12998,13005,129.97000000002677,129.98000000002676,0.01,False,sustained_or_free,"[5.302315439398056,11.000000000096575]","[5.302652500784017,11.000000000096575]",2.0963797687625094,0.025521452889733162,"[0.03389120728147085,0.0]","[0.03370613859612348,0.0]",0.0,"[0.0,1.0]","[-1.0,0.0]","[0.05073530603450724,0.0]",-0.0,0.016844098753036385,0.004083372308169804,"[-0.0765957352004232,-0.02698960790632865]",0.00026233549102510636,0.026233549102510634,0.0,0.9938360654235849,0.9938360654235849,,0.0,0.004268573511909554
FS-015,mover,rect,1,12999,13006,129.98000000002676,129.99000000002675,0.01,False,sustained_or_free,"[5.302652500784017,11.000000000096575]","[5.30298769017027,11.000000000096575]",2.096634980641039,0.025521187852968825,"[0.03370613859611327,0.0]","[0.03351893862530986,0.0]",0.0,"[0.0,1.0]","[-1.0,0.0]","[0.05248656927240236,0.0]",-0.0,0.018780430676289088,0.006019836749804677,"[-0.07508824658425313,-0.025751209242671713]",0.00025533574632515547,0.025533574632515547,0.0,0.9938360654235849,0.9938360654235849,,0.0,0.00620826109365627
FS-015,mover,rect,1,13000,13007,129.99000000002675,130.00000000002674,0.01,False,sustained_or_free,"[5.30298769017027,11.000000000096575]","[5.303320986121841,11.000000000096575]",2.096890168032108,0.02551873910691119,"[0.0335189386252905,0.0]","[0.03332959515711664,0.0]",0.0,"[0.0,1.0]","[-1.0,0.0]","[0.054237602278531985,0.0]",-0.0,0.020718663653241487,0.007959294099785894,"[-0.07357417105618512,-0.02449899144899646]",0.00024828664572013786,0.024828664572013784,0.0,0.9938360654235849,0.9938360654235849,,0.0,0.00815090677152526
FS-015,mover,rect,1,13001,13008,130.00000000002674,130.01000000002674,0.01,False,sustained_or_free,"[5.303320986121841,11.000000000096575]","[5.303652364620554,11.000000000096575]",2.097145310039106,0.025514200699829105,"[0.033329595157092176,0.0]","[0.03313784987124535,0.0]",0.0,"[0.0,1.0]","[-1.0,0.0]","[0.0559883973719968,0.0]",-0.0,0.02265880221490462,0.009901701864990071,"[-0.07188547831312454,-0.02323351034474147]",0.00024076450345303954,0.024076450345303955,0.0,0.9938360654235849,0.9938360654235849,,0.0,0.010097403469385334
FS-015,mover,rect,1,13002,13009,130.01000000002674,130.02000000002673,0.01,False,sustained_or_free,"[5.303652364620554,11.000000000096575]","[5.303981836099022,11.000000000096575]",2.0974003729197337,0.025506288062750522,"[0.0331378498712362,0.0]","[0.032947147846851266,0.0]",0.0,"[0.0,1.0]","[-1.0,0.0]","[0.05773894687295889,0.0]",-0.0,0.024601097001722694,0.01184795297034743,"[-0.07253746490157369,-0.02195619966728436]",0.0002391359383878703,0.02391359383878703,0.0,0.9938360654235849,0.9938360654235849,,0.0,0.012034663335508337
FS-015,mover,rect,1,13003,13010,130.02000000002673,130.03000000002672,0.01,False,sustained_or_free,"[5.303981836099022,11.000000000096575]","[5.304309407695987,11.000000000096575]",2.0976555156335452,0.025514271381167235,"[0.032947147846866934,0.0]","[0.03275715969648374,0.0]",0.0,"[0.0,1.0]","[-1.0,0.0]","[0.059489243102651704,0.0]",-0.0,0.02654209525578477,0.01378495956520115,"[-0.07298509548490514,-0.020666957979498943]",0.0002369607998909721,0.02369607998909721,0.0,0.9938360654235849,0.9938360654235849,,0.0,0.0139639203621158
FS-015,mover,rect,1,13004,13011,130.03000000002672,130.0400000000267,0.01,False,sustained_or_free,"[5.304309407695987,11.000000000096575]","[5.304635083575236,11.000000000096575]",2.097910878894426,0.02553632608807872,"[0.03275715969649654,0.0]","[0.03256758792486991,0.0]",0.0,"[0.0,1.0]","[-1.0,0.0]","[0.061239278383425605,0.0]",-0.0,0.028482118686929063,0.0157139556428897,"[-0.07324711564962644,-0.019366727752983526]",0.00023428913852606873,0.023428913852606873,0.0,0.9938360654235849,0.9938360654235849,,0.0,0.015886289418560524
FS-015,mover,rect,1,13005,13012,130.0400000000267,130.0500000000267,0.01,False,sustained_or_free,"[5.304635083575236,11.000000000096575]","[5.304958865214801,11.000000000096575]",2.0981665869152257,0.02557080207998799,"[0.032567587924871085,0.0]","[0.03237816395653681,0.0]",0.0,"[0.0,1.0]","[-1.0,0.0]","[0.06298904503875778,0.0]",-0.0,0.030421457113886698,0.0176360560738927,"[-0.07334053032084427,-0.018056360144763264]",0.00023116634229242736,0.023116634229242736,0.0,0.9938360654235849,0.9938360654235849,,0.0,0.017802777349634688
FS-015,mover,rect,1,13006,13013,130.0500000000267,130.0600000000267,0.01,False,sustained_or_free,"[5.304958865214801,11.000000000096575]","[5.305280751669221,11.000000000096575]",2.098422748989877,0.02561620746513796,"[0.032378163956554115,0.0]","[0.0321886454419662,0.0]",0.0,"[0.0,1.0]","[-1.0,0.0]","[0.06473853539332157,0.0]",-0.0,0.032360371436767454,0.019552267704198475,"[-0.07328076701130841,-0.016736624414253803]",0.00022763357699770033,0.02276335769977003,0.0,0.9938360654235849,0.9938360654235849,,0.0,0.019714293037685758
FS-015,mover,rect,1,13007,13014,130.0600000000267,130.07000000002668,0.01,False,sustained_or_free,"[5.305280751669221,11.000000000096575]","[5.305600739807376,11.000000000096575]",2.0986794609281514,0.025671193827424044,"[0.03218864544192379,0.0]","[0.03199881381554803,0.0]",0.0,"[0.0,1.0]","[-1.0,0.0]","[0.06648774177300229,0.0]",-0.0,0.0342990963310785,0.02146349941736648,"[-0.07308182374793351,-0.015408216373903551]",0.00022372818494566064,0.022372818494566064,0.0,0.9938360654235849,0.9938360654235849,,0.0,0.021621656525168384
FS-015,mover,rect,1,13008,13015,130.07000000002668,130.08000000002667,0.01,False,sustained_or_free,"[5.305600739807376,11.000000000096575]","[5.305918824528211,11.000000000096575]",2.0989368063567966,0.025734542864531133,"[0.03199881381556834,0.0]","[0.03180847208348325,0.0]",0.0,"[0.0,1.0]","[-1.0,0.0]","[0.06823665650491308,0.0]",-0.0,0.03623784268934473,0.02337057125707917,"[-0.07275640311643243,-0.014071765973240995]",0.000219484045902895,0.0219484045902895,0.0,0.9938360654235849,0.9938360654235849,,0.0,0.02352560728540142
FS-015,mover,rect,1,13009,13016,130.08000000002667,130.09000000002666,0.01,False,sustained_or_free,"[5.305918824528211,11.000000000096575]","[5.306234998956388,11.000000000096575]",2.099194857899517,0.02580515427205468,"[0.031808472083484314,0.0]","[0.03161744281765522,0.0]",0.0,"[0.0,1.0]","[-1.0,0.0]","[0.06998527191746426,0.0]",-0.0,0.038176799833979945,0.025274222697952604,"[-0.07231603372867884,-0.012727844105524267]",0.00021493190392771354,0.021493190392771352,0.0,0.9938360654235849,0.9938360654235849,,0.0,0.02542681172111516
FS-015,mover,rect,1,13010,13017,130.09000000002666,130.10000000002665,0.01,False,sustained_or_free,"[5.306234998956388,11.000000000096575]","[5.3065492546197754,11.000000000096575]",2.0994536782470905,0.025882034757341032,"[0.03161744281767858,0.0]","[0.031425566338771915,0.0]",0.0,"[0.0,1.0]","[-1.0,0.0]","[0.07173358034037308,0.0]",-0.0,0.0401161375226945,0.027175120144023984,"[-0.07177118029436554,-0.01137696871683714]",0.0002100996633011014,0.02100996633011014,0.0,0.9938360654235849,0.9938360654235849,,0.0,0.027325869962785986
FS-015,mover,rect,1,13011,13018,130.10000000002665,130.11000000002664,0.01,False,sustained_or_free,"[5.3065492546197754,11.000000000096575]","[5.306861581610465,11.000000000096575]",2.099713321127867,0.025964288077637624,"[0.031425566338768286,0.0]","[0.031232699068972636,0.0]",0.0,"[0.0,1.0]","[-1.0,0.0]","[0.07348157410470944,0.0]",-0.0,0.04205600776594116,0.029073863727122347,"[-0.0711313433671746,-0.010019610289151304]",0.00020501265648965072,0.02050126564896507,0.0,0.9938360654235849,0.9938360654235849,,0.0,0.029223322032235224
FS-015,mover,rect,1,13012,13019,130.11000000002664,130.12000000002664,0.01,False,sustained_or_free,"[5.306861581610465,11.000000000096575]","[5.307171968730861,11.000000000096575]",2.0999738321879367,0.02605110600698427,"[0.031232699068982087,0.0]","[0.031038712039599403,0.0]",0.0,"[0.0,1.0]","[-1.0,0.0]","[0.07522924554289967,0.0]",-0.0,0.04399654647391758,0.03097099347042545,"[-0.07040514973489197,-0.008656196761453606]",0.00019969388679064482,0.019969388679064483,0.0,0.9938360654235849,0.9938360654235849,,0.0,0.031119653430693506
FS-015,mover,rect,1,13013,13020,130.12000000002664,130.13000000002663,0.01,False,sustained_or_free,"[5.307171968730861,11.000000000096575]","[5.307480403626245,11.000000000096575]",2.100235249789389,0.026141760145197486,"[0.031038712039607418,0.0]","[0.030843489538412427,0.0]",0.0,"[0.0,1.0]","[-1.0,0.0]","[0.07697658698882555,0.0]",-0.0,0.04593787494921813,0.032866994876619385,"[-0.06960043433166493,-0.007287117946412136]",0.00019416424805681384,0.019416424805681384,0.0,0.9938360654235849,0.9938360654235849,,0.0,0.03301530020521419
FS-015,mover,rect,1,13014,13021,130.13000000002663,130.14000000002662,0.01,False,sustained_or_free,"[5.307480403626245,11.000000000096575]","[5.307786872905085,11.000000000096575]",2.100497605734293,0.02623559449038698,"[0.03084348953841787,0.0]","[0.030646927883992703,0.0]",0.0,"[0.0,1.0]","[-1.0,0.0]","[0.07872359077777483,0.0]",-0.0,0.04788010123935696,0.03476230399416347,"[-0.06872431446799755,-0.0059127294941343075]",0.00018844272367001647,0.018844272367001647,0.0,0.9938360654235849,0.9938360654235849,,0.0,0.03491065354192167
FS-015,mover,rect,1,13015,13022,130.14000000002662,130.1500000000266,0.01,False,sustained_or_free,"[5.307786872905085,11.000000000096575]","[5.308091362248233,11.000000000096575]",2.1007609259213305,0.026332018703775033,"[0.030646927883965645,0.0]","[0.03044893431480844,0.0]",0.0,"[0.0,1.0]","[-1.0,0.0]","[0.08047024924654603,0.0]",-0.0,0.049823321362580386,0.03665731201069287,"[-0.06778325709928079,-0.004533356449273403]",0.00018254656672681599,0.0182546566726816,0.0,0.9938360654235849,0.9938360654235849,,0.0,0.03680606393057834
FS-015,mover,rect,1,13016,13023,130.1500000000266,130.1600000000266,0.01,False,sustained_or_free,"[5.308091362248233,11.000000000096575]","[5.308393856508065,11.000000000096575]",2.1010252309413526,0.026430502002236324,"[0.030448934314849532,0.0]","[0.03024942598317537,0.0]",0.0,"[0.0,1.0]","[-1.0,0.0]","[0.08221655473342873,0.0]",-0.0,0.0517676204185792,0.03855236941746104,"[-0.0667831397859167,-0.003149296442997986]",0.00017649146321244914,0.017649146321244914,0.0,0.9938360654235849,0.9938360654235849,,0.0,0.038701844940247476
FS-015,mover,rect,1,13017,13024,130.1600000000266,130.1700000000266,0.01,False,sustained_or_free,"[5.308393856508065,11.000000000096575]","[5.30869433979849,11.000000000096575]",2.1012905366175527,0.026530567620001805,"[0.030249425983180353,0.0]","[0.030048329042475785,0.0]",0.0,"[0.0,1.0]","[-1.0,0.0]","[0.08396249957827862,0.0]",-0.0,0.05371307359509826,0.04044778978509736,"[-0.06572930593674524,-0.0017608225570902149]",0.00017029167977107953,0.01702916797710795,0.0,0.9938360654235849,0.9938360654235849,,0.0,0.04059827664258801
FS-015,mover,rect,1,13018,13025,130.1700000000266,130.18000000002658,0.01,False,sustained_or_free,"[5.30869433979849,11.000000000096575]","[5.308992795576701,11.000000000096575]",2.101556854495417,0.026631787786433686,"[0.030048329042473756,0.0]","[0.029845577821152602,0.0]",0.0,"[0.0,1.0]","[-1.0,0.0]","[0.08570807612252741,0.0]",-0.0,0.055659747080053654,0.04234385318683681,"[-0.06462661487191378,-0.0003681858936308959]",0.0001639601975277524,0.01639601975277524,0.0,0.9938360654235849,0.9938360654235849,,0.0,0.04249560871554718
FS-015,mover,rect,1,13019,13026,130.18000000002658,130.19000000002657,0.01,False,sustained_or_free,"[5.308992795576701,11.000000000096575]","[5.309289206717435,11.000000000096575]",2.1018241922871344,0.026733779171731885,"[0.029845577821114286,0.0]","[0.029641114073353236,0.0]",0.0,"[0.0,1.0]","[-1.0,0.0]","[0.08745327670922241,0.0]",-0.0,0.05760769888810813,0.04424080930224218,"[-0.06347948719099199,0.0010283821196860295]",0.00015750883327954803,0.015750883327954802,0.0,0.9938360654235849,0.9938360654235849,,0.0,0.044394063257397205
FS-015,mover,rect,1,13020,13027,130.19000000002657,130.20000000002656,0.01,False,sustained_or_free,"[5.309289206717435,11.000000000096575]","[5.309583555580429,11.000000000096575]",2.1020925542747038,0.02683619875692329,"[0.029641114073363565,0.0]","[0.02943488629938429,0.0]",0.0,"[0.0,1.0]","[-1.0,0.0]","[0.08919809368306589,0.0]",-0.0,0.059556979609702326,0.04613888023124068,"[-0.0622919458865362,0.002428667661630712]",0.00015094834714417417,0.015094834714417417,0.0,0.9938360654235849,0.9938360654235849,,0.0,0.04629383734307145
FS-015,mover,rect,1,13021,13028,130.20000000002656,130.21000000002655,0.01,False,sustained_or_free,"[5.309583555580429,11.000000000096575]","[5.309875810839294,11.000000000096575]",2.1023619416755155,0.026938740081188742,"[0.029434886299400064,0.0]","[0.029225525886555914,0.0]",0.0,"[0.0,1.0]","[-1.0,0.0]","[0.09094251939042515,0.0]",-0.0,0.06150763309102508,0.04803826305043071,"[-0.0587059207379408,0.0023659936512182974]",0.00014203821384520956,0.014203821384520957,0.0,0.9938360654235849,0.9938360654235849,,0.0,0.04821206872455419
FS-015,mover,rect,1,13022,13029,130.21000000002655,130.22000000002654,0.01,False,sustained_or_free,"[5.309875810839294,11.000000000096575]","[5.310165942133146,11.000000000096575]",2.1026320401711023,0.02700984955868263,"[0.029225525886529644,0.0]","[0.029013129385191405,0.0]",0.0,"[0.0,1.0]","[-1.0,0.0]","[0.09268654617940152,0.0]",-0.0,0.06346102029287187,0.04995609551353056,"[-0.055309767612404234,0.002445826949294814]",0.00013324993408138036,0.013324993408138036,0.0,0.9938360654235849,0.9938360654235849,,0.0,0.05014704509951307
FS-015,mover,rect,1,13023,13030,130.22000000002654,130.23000000002654,0.01,False,sustained_or_free,"[5.310165942133146,11.000000000096575]","[5.310453919984007,11.000000000096575]",2.102902567604996,0.02705274338936892,"[0.029013129385203982,0.0]","[0.028797785086087657,0.0]",0.0,"[0.0,1.0]","[-1.0,0.0]","[0.09443016639984024,0.0]",-0.0,0.06541703701463626,0.0518906653199518,"[-0.05208514965115119,0.0026548006241308326]",0.0001245710127048194,0.012457101270481939,0.0,0.9938360654235849,0.9938360654235849,,0.0,0.052097217567657804
FS-015,mover,rect,1,13024,13031,130.23000000002654,130.24000000002653,0.01,False,sustained_or_free,"[5.310453919984007,11.000000000096575]","[5.310739715726123,11.000000000096575]",2.103173270879918,0.02707032749218792,"[0.028797785086088476,0.0]","[0.02857957421156243,0.0]",0.0,"[0.0,1.0]","[-1.0,0.0]","[0.0961733724033759,0.0]",-0.0,0.06737558731728742,0.05384042357119346,"[-0.049015733992934706,0.0029808026182689615]",0.00011599083759237505,0.011599083759237504,0.0,0.9938360654235849,0.9938360654235849,,0.0,0.054061183652383334
FS-015,mover,rect,1,13025,13032,130.24000000002653,130.25000000002652,0.01,False,sustained_or_free,"[5.310739715726123,11.000000000096575]","[5.311023301442225,11.000000000096575]",2.1034439231707065,0.02706522907885588,"[0.02857957421156462,0.0]","[0.02835857161018751,0.0]",0.0,"[0.0,1.0]","[-1.0,0.0]","[0.09791615654344227,0.0]",-0.0,0.06933658233187764,0.055803967792449706,"[-0.04608675462962188,0.0034128658656961916]",0.00010749985500122441,0.01074998550012244,0.0,0.9938360654235849,0.9938360654235849,,0.0,0.056037673305368726
FS-015,mover,rect,1,13026,13033,130.25000000002652,130.2600000000265,0.01,False,sustained_or_free,"[5.311023301442225,11.000000000096575]","[5.311304649906075,11.000000000096575]",2.1037143214032636,0.027039823255735722,"[0.028358571610205677,0.0]","[0.02813484638508612,0.0]",0.0,"[0.0,1.0]","[-1.0,0.0]","[0.0996585111753414,0.0]",-0.0,0.07129993956513572,0.05778002793726786,"[-0.043284863672204084,0.00394105947175254]",9.908946949525413e-05,0.009908946949525413,0.0,0.9938360654235849,0.9938360654235849,,0.0,0.058025536241911986
FS-015,mover,rect,1,13027,13034,130.2600000000265,130.2700000000265,0.01,False,sustained_or_free,"[5.311304649906075,11.000000000096575]","[5.311583734530699,11.000000000096575]",2.10398428397423,0.026996257096652668,"[0.02813484638510308,0.0]","[0.027908462462367112,0.0]",0.0,"[0.0,1.0]","[-1.0,0.0]","[0.10140042865625343,0.0]",-0.0,0.07326558227115035,0.059767453722824014,"[-0.04059799673515992,0.0045563902284163574]",9.075195333248904e-05,0.009075195333248904,0.0,0.9938360654235849,0.9938360654235849,,0.0,0.060023730480449386
FS-015,mover,rect,1,13028,13035,130.2700000000265,130.2800000000265,0.01,False,sustained_or_free,"[5.311583734530699,11.000000000096575]","[5.311860529321754,11.000000000096575]",2.104253648688499,0.02693647142688108,"[0.0279084624623635,0.0]","[0.027679479105469085,0.0]",0.0,"[0.0,1.0]","[-1.0,0.0]","[0.10314190134528199,0.0]",-0.0,0.07523343888291849,0.06176520316947795,"[-0.038015251097764255,0.005250713484726983]",8.248036441581726e-05,0.008248036441581726,0.0,0.9938360654235849,0.9938360654235849,,0.0,0.062031311971942144
FS-015,mover,rect,1,13029,13036,130.2800000000265,130.29000000002648,0.01,False,sustained_or_free,"[5.311860529321754,11.000000000096575]","[5.312135008835561,11.000000000096575]",2.104522270893856,0.026862220535714215,"[0.02767947910548274,0.0]","[0.027447951380743518,0.0]",0.0,"[0.0,1.0]","[-1.0,0.0]","[0.10488292160346405,0.0]",-0.0,0.0772034424979813,0.0637723322301242,"[-0.03552677542861881,0.00601665248475082]",7.426847199525309e-05,0.007426847199525309,0.0,0.9938360654235849,0.9938360654235849,,0.0,0.06404742521552345
FS-015,mover,rect,1,13030,13037,130.29000000002648,130.30000000002647,0.01,False,sustained_or_free,"[5.312135008835561,11.000000000096575]","[5.312407148141345,11.000000000096575]",2.104790021794,0.02677509001437999,"[0.027447951380750592,0.0]","[0.027213930578362522,0.0]",0.0,"[0.0,1.0]","[-1.0,0.0]","[0.10662348179383888,0.0]",-0.0,0.07917553041308828,0.06578798540589828,"[-0.03312366997515649,0.006847525369466434]",6.611068938750871e-05,0.006611068938750871,0.0,0.9938360654235849,0.9938360654235849,,0.0,0.06607129476680632
FS-015,mover,rect,1,13031,13038,130.30000000002647,130.31000000002646,0.01,False,sustained_or_free,"[5.312407148141345,11.000000000096575]","[5.312676922787278,11.000000000096575]",2.1050567869229737,0.02667651289737791,"[0.02721393057834361,0.0]","[0.026977464593347378,0.0]",0.0,"[0.0,1.0]","[-1.0,0.0]","[0.10836357428145794,0.0]",-0.0,0.08114964370311434,0.06781138725442537,"[-0.03079789622432111,0.007737279115030285]",5.8002013048610516e-05,0.005800201304861052,0.0,0.9938360654235849,0.9938360654235849,,0.0,0.06810221755394355
FS-015,mover,rect,1,13032,13039,130.31000000002646,130.32000000002645,0.01,False,sustained_or_free,"[5.312676922787278,11.000000000096575]","[5.312944308769981,11.000000000096575]",2.1053224647656577,0.026567784268399078,"[0.026977464593314848,0.0]","[0.026738598270270586,0.0]",0.0,"[0.0,1.0]","[-1.0,0.0]","[0.11010319143343014,0.0]",-0.0,0.0831257268401153,0.06984183470591576,"[-0.028542195135108965,0.00868042974881224]",4.993796739847147e-05,0.004993796739847147,0.0,0.9938360654235849,0.9938360654235849,,0.0,0.07013955592480241
FS-015,mover,rect,1,13033,13040,130.32000000002645,130.33000000002644,0.01,False,sustained_or_free,"[5.312944308769981,11.000000000096575]","[5.313209282507134,11.000000000096575]",2.1055869655104247,0.02645007447668414,"[0.02673859827028566,0.0]","[0.026497373715272943,0.0]",0.0,"[0.0,1.0]","[-1.0,0.0]","[0.11184232561893176,0.0]",-0.0,0.0851037273486461,0.07187869011030402,"[-0.02635001312913611,0.009672008247021373]",4.191455485341385e-05,0.004191455485341385,0.0,0.9938360654235849,0.9938360654235849,,0.0,0.07218273135574102
FS-015,mover,rect,1,13034,13041,130.33000000002644,130.34000000002644,0.01,False,sustained_or_free,"[5.313209282507134,11.000000000096575]","[5.313471820812912,11.000000000096575]",2.1058502099213827,0.02632444109582072,"[0.026497373715280374,0.0]","[0.026253830577793735,0.0]",0.0,"[0.0,1.0]","[-1.0,0.0]","[0.11358096920927534,0.0]",-0.0,0.08708359549399497,0.07392137494608461,"[-0.02421543510272972,0.01070751157428143]",3.392821057423537e-05,0.0033928210574235367,0.0,0.9938360654235849,0.9938360654235849,,0.0,0.07423121875923742
FS-015,mover,rect,1,13035,13042,130.34000000002644,130.35000000002643,0.01,False,sustained_or_free,"[5.313471820812912,11.000000000096575]","[5.313731900875973,11.000000000096575]",2.106112128318827,0.026191839744444237,"[0.026253830577815794,0.0]","[0.026008006306099674,0.0]",0.0,"[0.0,1.0]","[-1.0,0.0]","[0.11531911457791941,0.0]",-0.0,0.0890652840001036,0.0759693641278815,"[-0.022133123794013342,0.0117828583767116]",2.5975761484071512e-05,0.002597576148407151,0.0,0.9938360654235849,0.9938360654235849,,0.0,0.07628454133337914
FS-015,mover,rect,1,13036,13043,130.35000000002643,130.36000000002642,0.01,False,sustained_or_free,"[5.313731900875973,11.000000000096575]","[5.313989500239749,11.000000000096575]",2.106372659657597,0.026053133876959303,"[0.026008006306060608,0.0]","[0.025759936377589554,0.0]",0.0,"[0.0,1.0]","[-1.0,0.0]","[0.11705675410051394,0.0]",-0.0,0.09104874779445334,0.07802218085597368,"[-0.02009826490176843,0.012894348886421863]",1.8054389152514836e-05,0.0018054389152514835,0.0,0.9938360654235849,0.9938360654235849,,0.0,0.07834226590183752
FS-015,mover,rect,1,13037,13044,130.36000000002642,130.3700000000264,0.01,False,sustained_or_free,"[5.313989500239749,11.000000000096575]","[5.314244596784831,11.000000000096575]",2.106631750694018,0.02590910364212973,"[0.025759936377611564,0.0]","[0.02550965450822673,0.0]",0.0,"[0.0,1.0]","[-1.0,0.0]","[0.1187938801549101,0.0]",-0.0,0.09303394377729854,0.08007939195623368,"[-0.018106517410144532,0.01403862863729792]",1.016159618063832e-05,0.0010161596180638319,0.0,0.9938360654235849,0.9938360654235849,,0.0,0.08040399869767337
FS-015,mover,rect,1,13038,13045,130.3700000000264,130.3800000000264,0.01,False,sustained_or_free,"[5.314244596784831,11.000000000096575]","[5.314497168713235,11.000000000096575]",2.1068893552329993,0.025760453898091507,"[0.025509654508190975,0.0]","[0.025257192840388853,0.0]",0.0,"[0.0,1.0]","[-1.0,0.0]","[0.120530485121229,0.0]",-0.0,0.09502083061303804,0.08214060366399228,"[-0.016153968625132985,0.015212655629940822]",2.2951757561301125e-06,0.00022951757561301124,0.0,0.9938360654235849,0.9938360654235849,,0.0,0.0824693815489118
FS-015,mover,rect,1,24887,24896,248.8620346077934,248.8620346077934,0.0,True,recontact_or_first_touch,"[5.396679540623218,11.000000000020215]","[5.396679540623218,11.000000000020215]",2.316320128217036,0.0731565588463647,"[0.009609291702490405,-0.01179811978844412]","[0.009609291702490405,-9.793901800669857e-14]",1.0697325994386019e-11,"[0.0,1.0]","[-1.0,0.0]","[-0.14293413064859653,0.0]",0.01179811978844412,-0.15254342235108692,-0.1891217017742693,"[-0.02442221308755194,0.1336297581298147]",0.011798119788346181,,0.00023596239576692362,0.9938360654235849,0.993600103027818,,0.0,0.1891217017740488
FS-015,mover,rect,1,27731,27743,277.30704817444615,277.30704817444615,0.0,True,recontact_or_first_touch,"[5.430173087812555,10.997074768347131]","[5.430173087812555,10.997074768347131]",2.2518406511935076,0.07432175071830252,"[-0.005387297486588732,0.005990581260120265]","[-0.009342375555930902,0.0423932128410561]",3.0910773018094897e-12,"[-0.1080124941267613,0.994149536595233]","[-0.994149536595233,-0.1080124941267613]","[-0.39953050371218946,0.0]",0.036616857163860914,-0.39248434344451494,-0.42964521880366613,"[0.014090274324840918,0.14739600221447338]",0.03661685716377005,,0.000732337143275401,0.993600103027818,0.9928677658845426,,0.0,0.42964521880361517
