life_id,collider,collider_type,material,native_index,event_index,onset,end,duration,instant,event_kind,position_start,position_end,orientation,omega,velocity_before,velocity_after,velocity_uncertainty,normal,tangent,collider_velocity,closing_normal_velocity,tangential_centre_velocity,tangential_surface_velocity,command,impulse,force,damage,event_integrity_before,event_integrity_after,restoration,joint_event_restoration,relative_surface_speed_after_recorded
FS-032,mover,rect,1,925,926,9.240306242503788,9.240306242503788,0.0,True,recontact_or_first_touch,"[4.6834963381964805,9.378306920362807]","[4.6834963381964805,9.378306920362807]",0.465436661154973,-0.04369198402460387,"[0.00455000589823856,0.001015703034691619]","[-0.22628468451583586,-0.05690806404274077]",6.080502096739887e-11,"[-0.9699294703650095,-0.2433861592561334]","[0.2433861592561334,-0.9699294703650095]","[-0.24056472812718963,0.0]",0.23799121221250213,0.05867237338505107,0.080518365397353,"[-0.07908521374499768,0.055094048718910646]",0.23799121221381733,,0.004759824244276347,1.0,0.9952401757557237,,0.0,0.08051836539674051
FS-032,mover,rect,1,925,927,9.240306242503788,9.249999999999847,0.009693757496058822,False,sustained_or_free,"[4.6834963381964805,9.378306920362807]","[4.681310261185429,9.377756966807958]",0.465436661154973,-0.04369198402460387,"[-0.22628468451583586,-0.05690806404274077]","[-0.22551389509594907,-0.05673275353467052]",6.080502096739887e-11,"[-0.9699294703650095,-0.2433861592561334]","[0.2433861592561334,-0.9699294703650095]","[-0.24056472812718963,0.0]",-1.3151476435657727e-12,0.058672373385051074,0.08051836539735302,"[-0.07908521374499768,0.055094048718910646]",0.001376677208556887,0.14201688139161733,0.0,0.9952401757557237,0.9952401757557237,,0.0,0.07952932929290747
FS-032,mover,rect,1,926,929,9.256643175369446,9.256643175369446,0.0,True,recontact_or_first_touch,"[4.679821623082849,9.377382361305946]","[4.679821623082849,9.377382361305946]",0.46476514485439935,-0.040277175351546554,"[-0.22408532362284417,-0.0563895247634554]","[-0.22408532362284417,-0.0563895247634554]",2.8026466455325123e-12,"[-0.969463593305203,-0.24523527734761963]","[0.24523527734761963,-0.969463593305203]","[-0.23781757528985117,0.0]",-0.000515782699598474,0.058035223848117976,0.07817381152389125,"[-0.08369876238082319,0.054356055293807964]",0.0,,0.0,0.9952401757557237,0.9952401757557237,,0.0,0.07817551304580998
FS-032,mover,rect,1,927,933,9.263103217228984,9.263103217228984,0.0,True,recontact_or_first_touch,"[4.678380708968319,9.37701968728323]","[4.678380708968319,9.37701968728323]",0.46451147060944975,-0.03893252766368776,"[-0.22270759526333525,-0.05605910913084137]","[-0.22270759526333525,-0.05605910913084137]",5.9988717538926e-12,"[-0.9692798206628952,-0.24596062541737393]","[0.24596062541737393,-0.9692798206628952]","[-0.23673051073268978,0.0]",-0.00019620455085566854,0.057786048303880996,0.07725231213572488,"[-0.08538502898967155,0.05373925597155813]",0.0,,0.0,0.9952401757557237,0.9952401757557237,,0.0,0.07725256129412719
FS-032,mover,rect,1,927,936,9.264577348434614,9.264577348434614,0.0,True,recontact_or_first_touch,"[4.678052869496916,9.376937159078352]","[4.678052869496916,9.376937159078352]",0.464454529664182,-0.03862678237209054,"[-0.22239504200918514,-0.05598430082940396]","[-0.22239504200918514,-0.05598430082940396]",1.2627761690274424e-11,"[-0.9692379216434381,-0.24612568181380154]","[0.24612568181380154,-0.9692379216434381]","[-0.23648239027445692,0.0]",-0.00012518205840671495,0.057729365577291,0.07704275676333626,"[-0.08538502898967155,0.05373925597155813]",0.0,,0.0,0.9952401757557237,0.9952401757557237,,0.0,0.07704285846374431
FS-032,mover,rect,1,927,939,9.265520095630796,9.265520095630796,0.0,True,recontact_or_first_touch,"[4.677843395409075,9.376884425084652]","[4.677843395409075,9.376884425084652]",0.46441829835467374,-0.03843162796451846,"[-0.22219539733469748,-0.055936516081235815]","[-0.22219539733469748,-0.055936516081235815]",1.9745045625981135e-11,"[-0.969211133272271,-0.2462311498187835]","[0.2462311498187835,-0.969211133272271]","[-0.23632369864064245,0.0]",-8.000575159253405e-05,0.057693122017946234,0.07690893600020546,"[-0.08538502898967155,0.05373925597155813]",0.0,,0.0,0.9952401757557237,0.9952401757557237,,0.0,0.07690897761376113
FS-032,mover,rect,1,927,942,9.26612290199673,9.26612290199673,0.0,True,recontact_or_first_touch,"[4.677709531501257,9.37685072460089]","[4.677709531501257,9.37685072460089]",0.46439520665259,-0.03830699771707027,"[-0.22206784032433458,-0.05590598518230999]","[-0.22206784032433458,-0.05590598518230999]",3.0879462331241724e-11,"[-0.9691940073516062,-0.24629855077473486]","[0.24629855077473486,-0.9691940073516062]","[-0.23622222405619853,0.0]",-5.1219239359147004e-05,0.05766995001405011,0.07682344887258524,"[-0.08538502898967155,0.05373925597155813]",0.0,,0.0,0.9952401757557237,0.9952401757557237,,0.0,0.07682346594593943
FS-032,mover,rect,1,927,945,9.266508572230638,9.266508572230638,0.0,True,recontact_or_first_touch,"[4.677623918004261,9.376829170856276]","[4.677623918004261,9.376829170856276]",0.4643804635118078,-0.038227323464559815,"[-0.22198627083408004,-0.055886461333940485]","[-0.22198627083408004,-0.055886461333940485]",4.826448897436191e-11,"[-0.9691830515506191,-0.2463416582452714]","[0.2463416582452714,-0.9691830515506191]","[-0.23615729953051648,0.0]",-3.284272283948092e-05,0.0576551258441156,0.07676878757639552,"[-0.08538502898967155,0.05373925597155813]",0.0,,0.0,0.9952401757557237,0.9952401757557237,,0.0,0.07676879460279584
FS-032,mover,rect,1,927,948,9.266758020999818,9.266758020999818,0.0,True,recontact_or_first_touch,"[4.677568556958603,9.376815233196302]","[4.677568556958603,9.376815233196302]",0.46437094060126355,-0.038175816924567625,"[-0.22193352903751382,-0.055873837419924806]","[-0.22193352903751382,-0.055873837419924806]",7.462083162491996e-11,"[-0.9691759659207688,-0.24636953359038716]","[0.24636953359038716,-0.9691759659207688]","[-0.2361153059876295,0.0]",-2.0973890950728644e-05,0.057645538123838526,0.07673344658612234,"[-0.08538502898967155,0.05373925597155813]",0.0,,0.0,0.9952401757557237,0.9952401757557237,,0.0,0.07673344945287118
FS-032,mover,rect,1,927,951,9.266915631179113,9.266915631179113,0.0,True,recontact_or_first_touch,"[4.677533583226439,9.376806428167647]","[4.677533583226439,9.376806428167647]",0.4643649288314406,-0.0381432839541753,"[-0.22190021177487232,-0.0558658628139675]","[-0.22190021177487232,-0.0558658628139675]",1.1810156319989315e-10,"[-0.969171489184947,-0.2463871436399068]","[0.2463871436399068,-0.969171489184947]","[-0.23608877271298576,0.0]",-1.3481631929570387e-05,0.05763948045991736,0.07671112243700501,"[-0.08538502898967155,0.05373925597155813]",0.0,,0.0,0.9952401757557237,0.9952401757557237,,0.0,0.07671112361861464
FS-032,mover,rect,1,927,954,9.267017022156658,9.267017022156658,0.0,True,recontact_or_first_touch,"[4.677511086719888,9.376800764393284]","[4.677511086719888,9.376800764393284]",0.464361063568118,-0.038122359761982916,"[-0.22187878148265572,-0.05586073337529924]","[-0.22187878148265572,-0.05586073337529924]",1.8358602780755893e-10,"[-0.9691686093747022,-0.24639847118581354]","[0.24639847118581354,-0.9691686093747022]","[-0.23607170366264058,0.0]",-8.664650852792041e-06,0.05763558361079727,0.07669676349178872,"[-0.08538502898967155,0.05373925597155813]",0.0,,0.0,0.9952401757557237,0.9952401757557237,,0.0,0.07669676398994364
FS-032,mover,rect,1,927,957,9.267078802312547,9.267078802312547,0.0,True,recontact_or_first_touch,"[4.677497379820841,9.376797313501545]","[4.677497379820841,9.376797313501545]",0.46435870915036176,-0.038109611774104775,"[-0.22186572451552525,-0.055857608156597356]","[-0.22186572451552525,-0.055857608156597356]",3.0129318571744717e-10,"[-0.9691668546639156,-0.24640537295451276]","[0.24640537295451276,-0.9691668546639156]","[-0.23606130299476308,0.0]",-5.730625315706131e-06,0.057633209215660584,0.07668801510271298,"[-0.08538502898967155,0.05373925597155813]",0.0,,0.0,0.9952401757557237,0.9952401757557237,,0.0,0.0766880153044844
FS-032,mover,rect,1,927,958,9.267078802312547,9.269999999999847,0.002921197687300512,False,sustained_or_free,"[4.677497379820841,9.376797313501545]","[4.676849963534044,9.376634292870065]",0.46435870915036176,-0.038109611774104775,"[-0.22186572451552525,-0.055857608156597356]","[-0.2216270023803679,-0.055806093571837266]",3.0129318571744717e-10,"[-0.9691668546639156,-0.24640537295451276]","[0.24640537295451276,-0.9691668546639156]","[-0.23606130299476308,0.0]",-5.730625315706131e-06,0.057633209215660584,0.07668801510271298,"[-0.08538502898967155,0.05373925597155813]",0.00038975778939770455,0.13342396890567204,0.0,0.9952401757557237,0.9952401757557237,,0.0,0.07639661477932137
FS-032,mover,rect,1,928,960,9.272070507016187,9.272070507016187,0.0,True,recontact_or_first_touch,"[4.676391983955752,9.37651896069515]","[4.676391983955752,9.37651896069515]",0.4641723646999133,-0.03708046524005899,"[-0.2211919953315491,-0.05570238304238295]","[-0.2211919953315491,-0.05570238304238295]",8.989658578425467e-12,"[-0.9690251450512182,-0.24696207858387087]","[0.24696207858387087,-0.9690251450512182]","[-0.23522082078468376,0.0]",-0.00016209167859981485,0.05744159770134011,0.0759818303213696,"[-0.08732496660959292,0.05332450970158597]",0.0,,0.0,0.9952401757557237,0.9952401757557237,,0.0,0.07598200321617715
FS-032,mover,rect,1,928,963,9.27331061455721,9.27331061455721,0.0,True,recontact_or_first_touch,"[4.676118004660281,9.376449960654714]","[4.676118004660281,9.376449960654714]",0.46412669784942345,-0.03682491153318213,"[-0.2209318840566764,-0.05564036839748869]","[-0.2209318840566764,-0.05564036839748869]",1.5008863435515305e-11,"[-0.9689899644077735,-0.24710007866656367]","[0.24710007866656367,-0.9689899644077735]","[-0.2350119767961529,0.0]",-0.00010527084557255748,0.057394150616675126,0.07580660638326621,"[-0.08732496660959292,0.05332450970158597]",0.0,,0.0,0.9952401757557237,0.9952401757557237,,0.0,0.07580667947711539
FS-032,mover,rect,1,928,966,9.274116871979011,9.274116871979011,0.0,True,recontact_or_first_touch,"[4.675940012896985,9.37640513266925]","[4.675940012896985,9.37640513266925]",0.4640971412303618,-0.03665903502095908,"[-0.22076294553525996,-0.055600090308676096]","[-0.22076294553525996,-0.055600090308676096]",2.308478326391855e-11,"[-0.9689670970172021,-0.2471897346130215]","[0.2471897346130215,-0.9689670970172021]","[-0.23487618811863176,0.0]",-6.850387235234935e-05,0.05736330678900502,0.07569282429948455,"[-0.08732496660959292,0.05332450970158597]",0.0,,0.0,0.9952401757557237,0.9952401757557237,,0.0,0.07569285529899497
FS-032,mover,rect,1,928,969,9.27464324546577,9.27464324546577,0.0,True,recontact_or_first_touch,"[4.67582386715233,9.376375880088224]","[4.67582386715233,9.376375880088224]",0.46407790182867303,-0.0365508563268202,"[-0.22065272582426645,-0.05557381167903221]","[-0.22065272582426645,-0.05557381167903221]",3.535904816701691e-11,"[-0.9689521700859155,-0.24724823980322916]","[0.24724823980322916,-0.9689521700859155]","[-0.23478753346400508,0.0]",-4.457458052513873e-05,0.05734317173522687,0.07561859989863697,"[-0.08732496660959292,0.05332450970158597]",0.0,,0.0,0.9952401757557237,0.9952401757557237,,0.0,0.07561861303654917
FS-032,mover,rect,1,928,972,9.274984682518395,9.274984682518395,0.0,True,recontact_or_first_touch,"[4.675748552536424,9.376356910947356]","[4.675748552536424,9.376356910947356]",0.46406544595439325,-0.036480733956553775,"[-0.2205812618349752,-0.05555677312091801]","[-0.2205812618349752,-0.05555677312091801]",5.4510565722061386e-11,"[-0.9689424885598298,-0.24728617806801087]","[0.24728617806801087,-0.9689424885598298]","[-0.23473002527273937,0.0]",-2.9084035431866176e-05,0.05733011163904927,0.07557047861732615,"[-0.08732496660959292,0.05332450970158597]",0.0,,0.0,0.9952401757557237,0.9952401757557237,,0.0,0.07557048421390052
FS-032,mover,rect,1,928,975,9.275209571392653,9.275209571392653,0.0,True,recontact_or_first_touch,"[4.675698956847297,9.376344419370303]","[4.675698956847297,9.376344419370303]",0.4640572522252952,-0.03643456851804524,"[-0.22053420513148897,-0.05554555374974851]","[-0.22053420513148897,-0.05554555374974851]",8.276015031899989e-11,"[-0.9689361121994657,-0.24731116124385594]","[0.24731116124385594,-0.9689361121994657]","[-0.23469214661787874,0.0]",-1.889461921329369e-05,0.057321509850069396,0.07553879410909202,"[-0.08732496660959292,0.05332450970158597]",0.0,,0.0,0.9952401757557237,0.9952401757557237,,0.0,0.0755387964728453
FS-032,mover,rect,1,928,978,9.275353962470225,9.275353962470225,0.0,True,recontact_or_first_touch,"[4.675667118037458,9.376336400127867]","[4.675667118037458,9.376336400127867]",0.46405199567728206,-0.03640493652030452,"[-0.22050399771521764,-0.055538351615001966]","[-0.22050399771521764,-0.055538351615001966]",1.2889839301971012e-10,"[-0.9689320183985684,-0.24732719972149508]","[0.24732719972149508,-0.9689320183985684]","[-0.23466782615500606,0.0]",-1.2358103670973355e-05,0.05731598715420179,0.07551845541435404,"[-0.08732496660959292,0.05332450970158597]",0.0,,0.0,0.9952401757557237,0.9952401757557237,,0.0,0.07551845642240486
FS-032,mover,rect,1,928,981,9.275448476430972,9.275448476430972,0.0,True,recontact_or_first_touch,"[4.67564627919986,9.376331151423797]","[4.67564627919986,9.376331151423797]",0.46404855673540135,-0.03638554403534831,"[-0.22048422723040292,-0.055533637877525514]","[-0.22048422723040292,-0.055533637877525514]",1.9692053672705968e-10,"[-0.9689293387961644,-0.2473376971268792]","[0.2473376971268792,-0.9689293387961644]","[-0.23465190661141222,0.0]",-8.08189078780469e-06,0.05731237222134724,0.07550514423902138,"[-0.08732496660959292,0.05332450970158597]",0.0,,0.0,0.9952401757557237,0.9952401757557237,,0.0,0.07550514466418792
FS-032,mover,rect,1,928,984,9.275507531356492,9.275507531356492,0.0,True,recontact_or_first_touch,"[4.6756332592497,9.376327872062868]","[4.6756332592497,9.376327872062868]",0.4640464087052864,-0.036373428566703996,"[-0.22047187503748752,-0.05553069281965506]","[-0.22047187503748752,-0.05553069281965506]",3.151594020542562e-10,"[-0.9689276645366193,-0.247344255837108]","[0.247344255837108,-0.9689276645366193]","[-0.23464195959548836,0.0]",-5.410954526450032e-06,0.0573101135239964,0.07549682780734841,"[-0.08732496660959292,0.05332450970158597]",0.0,,0.0,0.9952401757557237,0.9952401757557237,,0.0,0.07549682799981704
FS-032,mover,rect,1,928,985,9.275507531356492,9.279999999999847,0.004492468643353933,False,sustained_or_free,"[4.6756332592497,9.376327872062868]","[4.6746444327079,9.376078748931041]",0.4640464087052864,-0.036373428566703996,"[-0.22047187503748752,-0.05553069281965506]","[-0.22010761127130646,-0.0554535048775969]",3.151594020542562e-10,"[-0.9689276645366193,-0.247344255837108]","[0.247344255837108,-0.9689276645366193]","[-0.23464195959548836,0.0]",-5.410954526450032e-06,0.0573101135239964,0.07549682780734841,"[-0.08732496660959292,0.05332450970158597]",0.0005916496945615745,0.1316981244681249,0.0,0.9952401757557237,0.9952401757557237,,0.0,0.07505387794808127
FS-032,mover,rect,1,929,987,9.283239854016724,9.283239854016724,0.0,True,recontact_or_first_touch,"[4.673933496073501,9.37589960538656]","[4.673933496073501,9.37589960538656]",0.4637744101496829,-0.03479093214135333,"[-0.21943477412734338,-0.055293708774290115]","[-0.21943477412734338,-0.055293708774290115]",5.744246363514087e-12,"[-0.9687086085270314,-0.2482007892123282]","[0.2482007892123282,-0.9687086085270314]","[-0.2333392433242493,0.0]",-0.00025456314821374615,0.05701459191529204,0.07441005798596871,"[-0.0893878038102088,0.053044696449258785]",0.0,,0.0,0.9952401757557237,0.9952401757557237,,0.0,0.07441049342554464
FS-032,mover,rect,1,929,990,9.285228799112184,9.285228799112184,0.0,True,recontact_or_first_touch,"[4.673497871750667,9.37578982384477]","[4.673497871750667,9.37578982384477]",0.4637060204884017,-0.034384891487110686,"[-0.2190227994871729,-0.055195863396145614]","[-0.2190227994871729,-0.055195863396145614]",9.356553607233046e-12,"[-0.9686523259482607,-0.2484203522963135]","[0.2484203522963135,-0.9686523259482607]","[-0.23300405331316637,0.0]",-0.0001688017919480988,0.056938829462396395,0.07413127520595172,"[-0.0893878038102088,0.053044696449258785]",0.0,,0.0,0.9952401757557237,0.9952401757557237,,0.0,0.07413146739176844
FS-032,mover,rect,1,929,993,9.286551093323206,9.286551093323206,0.0,True,recontact_or_first_touch,"[4.673208620733866,9.375716924548216]","[4.673208620733866,9.375716924548216]",0.4636609095465197,-0.03411566163265399,"[-0.2187493633342506,-0.05513092014276512]","[-0.2187493633342506,-0.05513092014276512]",1.4073382079772604e-11,"[-0.9686149227841656,-0.24856615087301248]","[0.24856615087301248,-0.9686149227841656]","[-0.2327811892820247,0.0]",-0.00011224460705049066,0.05688846892266271,0.0739462997389897,"[-0.0893878038102088,0.053044696449258785]",0.0,,0.0,0.9952401757557237,0.9952401757557237,,0.0,0.0739463849278013
FS-032,mover,rect,1,929,996,9.287432393521403,9.287432393521403,0.0,True,recontact_or_first_touch,"[4.673015997310649,9.375668375762205]","[4.673015997310649,9.375668375762205]",0.46363100126876006,-0.03393653810673488,"[-0.21856732088693748,-0.05508768307446922]","[-0.21856732088693748,-0.05508768307446922]",2.1115173446898268e-11,"[-0.9685900003945104,-0.24866324846217747]","[0.24866324846217747,-0.9685900003945104]","[-0.2326326419881927,0.0]",-7.475285253872102e-05,0.05685490740653454,0.07382317645990198,"[-0.0893878038102088,0.053044696449258785]",0.0,,0.0,0.9952401757557237,0.9952401757557237,,0.0,0.07382321430696419
FS-032,mover,rect,1,929,999,9.288019428531161,9.288019428531161,0.0,True,recontact_or_first_touch,"[4.672887761772086,9.375636054258113]","[4.672887761772086,9.375636054258113]",0.4636111492921891,-0.03381736394081563,"[-0.218446151305527,-0.05505890373592671]","[-0.218446151305527,-0.05505890373592671]",3.1699262247718736e-11,"[-0.9685734024905777,-0.24872789145535193]","[0.24872789145535193,-0.9685734024905777]","[-0.23253369007779534,0.0]",-4.986967070636471e-05,0.05683255354352953,0.07374123551393735,"[-0.0893878038102088,0.053044696449258785]",0.0,,0.0,0.9952401757557237,0.9952401757557237,,0.0,0.07374125237701762
FS-032,mover,rect,1,929,1002,9.288412282921641,9.288412282921641,0.0,True,recontact_or_first_touch,"[4.672801976082957,9.375614431688614]","[4.672801976082957,9.375614431688614]",0.46359789529922674,-0.03373767299924306,"[-0.21836510220300553,-0.05503965342468292]","[-0.21836510220300553,-0.05503965342468292]",4.7367228609884385e-11,"[-0.9685622961842193,-0.2487711366102438]","[0.2487711366102438,-0.9685622961842193]","[-0.23246746771564172,0.0]",-3.325761854421766e-05,0.05681759459966613,0.07368643109928766,"[-0.0893878038102088,0.053044696449258785]",0.0,,0.0,0.9952401757557237,0.9952401757557237,,0.0,0.07368643860210758
FS-032,mover,rect,1,929,1005,9.288673306905977,9.288673306905977,0.0,True,recontact_or_first_touch,"[4.672744991605848,9.37560006835652]","[4.672744991605848,9.37560006835652]",0.4635891027711225,-0.033684751715902544,"[-0.2183112684236631,-0.05502686709041363]","[-0.2183112684236631,-0.05502686709041363]",7.128969937553203e-11,"[-0.9685549174105859,-0.24879986326317205]","[0.24879986326317205,-0.9685549174105859]","[-0.23242346676485906,0.0]",-2.2237909056799926e-05,0.05680765572775117,0.07365003158570244,"[-0.0893878038102088,0.053044696449258785]",0.0,,0.0,0.9952401757557237,0.9952401757557237,,0.0,0.07365003493970543
FS-032,mover,rect,1,929,1008,9.28884731710202,9.28884731710202,0.0,True,recontact_or_first_touch,"[4.672707009462748,9.375590494603525]","[4.672707009462748,9.375590494603525]",0.4635832474177588,-0.03364948432264367,"[-0.2182753882480344,-0.05501834497925588]","[-0.2182753882480344,-0.05501834497925588]",1.0693771864067256e-10,"[-0.9685499986503391,-0.24881901075767587]","[0.24881901075767587,-0.9685499986503391]","[-0.23239413338838624,0.0]",-1.4899584630745366e-05,0.05680103015436426,0.07362577231568608,"[-0.0893878038102088,0.053044696449258785]",0.0,,0.0,0.9952401757557237,0.9952401757557237,,0.0,0.07362577382677957
FS-032,mover,rect,1,929,1011,9.288963915382135,9.288963915382135,0.0,True,recontact_or_first_touch,"[4.672681561730744,9.375584080224849]","[4.672681561730744,9.375584080224849]",0.46357932670050805,-0.03362585834737503,"[-0.2182513496669714,-0.05501263543334833]","[-0.2182513496669714,-0.05501263543334833]",1.5959247468956082e-10,"[-0.9685467028730218,-0.24883183950973556]","[0.24883183950973556,-0.9685467028730218]","[-0.2323744779234895,0.0]",-9.985964055110597e-06,0.05679659064902642,0.07360951982271394,"[-0.0893878038102088,0.053044696449258785]",0.0,,0.0,0.9952401757557237,0.9952401757557237,,0.0,0.07360952050032295
FS-032,mover,rect,1,929,1014,9.289042713652405,9.289042713652405,0.0,True,recontact_or_first_touch,"[4.672664365181899,9.375579745628354]","[4.672664365181899,9.375579745628354]",0.46357667829898297,-0.033609894177302535,"[-0.2182351057431942,-0.05500877722683921]","[-0.2182351057431942,-0.05500877722683921]",2.3614957083741144e-10,"[-0.9685444756066585,-0.2488405087035126]","[0.2488405087035126,-0.9685444756066585]","[-0.23236119448754658,0.0]",-6.666893012983663e-06,0.056793590402068085,0.07359853749071935,"[-0.0893878038102088,0.053044696449258785]",0.0,,0.0,0.9952401757557237,0.9952401757557237,,0.0,0.07359853780219826
FS-032,mover,rect,1,929,1015,9.289042713652405,9.289999999999846,0.0009572863474422016,False,sustained_or_free,"[4.672664365181899,9.375579745628354]","[4.672455531218712,9.375527103244366]",0.46357667829898297,-0.033609894177302535,"[-0.2182351057431942,-0.05500877722683921]","[-0.218152033344202,-0.054991261630964176]",2.3614957083741144e-10,"[-0.9685444756066585,-0.2488405087035126]","[0.2488405087035126,-0.9685444756066585]","[-0.23236119448754658,0.0]",-6.666893012983663e-06,0.056793590402068085,0.07359853749071935,"[-0.0893878038102088,0.053044696449258785]",0.00011787361141513132,0.12313307479008856,0.0,0.9952401757557237,0.9952401757557237,,0.0,0.07350539560133713
FS-032,mover,rect,1,930,1017,9.290702855444072,9.290702855444072,0.0,True,recontact_or_first_touch,"[4.672302303277313,9.375488476330217]","[4.672302303277313,9.375488476330217]",0.4635213034712298,-0.03327290009045881,"[-0.2180077605684506,-0.054957124493117696]","[-0.2180077605684506,-0.054957124493117696]",2.647472987505881e-11,"[-0.9684975590589823,-0.24902304732051025]","[0.24902304732051025,-0.9684975590589823]","[-0.23208132100897988,0.0]",-5.5381679327145064e-05,0.056730481832035086,0.07336693187726448,"[-0.09122690177261217,0.05273924160576504]",0.0,,0.0,0.9952401757557237,0.9952401757557237,,0.0,0.07336695277960045
FS-032,mover,rect,1,930,1020,9.291142692157422,9.291142692157422,0.0,True,recontact_or_first_touch,"[4.672206455147843,9.37546431355992]","[4.672206455147843,9.37546431355992]",0.4635067082105731,-0.03318336149232279,"[-0.21791752839326275,-0.05493577403440334]","[-0.21791752839326275,-0.05493577403440334]",4.2305984572428535e-11,"[-0.9684851321631208,-0.24907137286123915]","[0.24907137286123915,-0.9684851321631208]","[-0.23200716683793268,0.0]",-3.7323306726911795e-05,0.056713805966724894,0.0733054867128863,"[-0.09122690177261217,0.05273924160576504]",0.0,,0.0,0.9952401757557237,0.9952401757557237,,0.0,0.07330549621584505
FS-032,mover,rect,1,930,1023,9.29143839476703,9.29143839476703,0.0,True,recontact_or_first_touch,"[4.672142034297673,9.375448073151128]","[4.672142034297673,9.375448073151128]",0.4634969135938772,-0.03312320005891983,"[-0.217856887552415,-0.05492142532539836]","[-0.217856887552415,-0.05492142532539836]",6.292677253359561e-11,"[-0.9684767782918793,-0.24910385366224677]","[0.24910385366224677,-0.9684767782918793]","[-0.23195731181666557,0.0]",-2.520523319001454e-05,0.0567025950808373,0.07326419511029722,"[-0.09122690177261217,0.05273924160576504]",0.0,,0.0,0.9952401757557237,0.9952401757557237,,0.0,0.07326419944651272
FS-032,mover,rect,1,930,1026,9.291640333236804,9.291640333236804,0.0,True,recontact_or_first_touch,"[4.67209804897182,9.375436984380825]","[4.67209804897182,9.375436984380825]",0.4634902330388566,-0.03308213154212821,"[-0.2178154855894785,-0.0549116288541944]","[-0.2178154855894785,-0.0549116288541944]",9.214457261151403e-11,"[-0.9684710736864033,-0.24912603122256255]","[0.24912603122256255,-0.9684710736864033]","[-0.23192326477900368,0.0]",-1.6940105401645755e-05,0.05669493919314161,0.07323600496420571,"[-0.09122690177261217,0.05273924160576504]",0.0,,0.0,0.9952401757557237,0.9952401757557237,,0.0,0.07323600691997784
FS-032,mover,rect,1,930,1029,9.29177414931012,9.29177414931012,0.0,True,recontact_or_first_touch,"[4.6720689054295015,9.375429637190823]","[4.6720689054295015,9.375429637190823]",0.46348580975865755,-0.03305492449048272,"[-0.21778805487247568,-0.05490513821872815]","[-0.21778805487247568,-0.05490513821872815]",1.390526642371318e-10,"[-0.9684672936397837,-0.24914072559505995]","[0.24914072559505995,-0.9684672936397837]","[-0.23190070302024315,0.0]",-1.1467816952121651e-05,0.05668986601721247,0.07321732826245382,"[-0.09122690177261217,0.05273924160576504]",0.0,,0.0,0.9952401757557237,0.9952401757557237,,0.0,0.07321732916129431
FS-032,mover,rect,1,930,1032,9.291864800589508,9.291864800589508,0.0,True,recontact_or_first_touch,"[4.672049164348025,9.375424660368344]","[4.672049164348025,9.375424660368344]",0.4634828149579491,-0.03303649687821416,"[-0.2177694745142986,-0.05490074175579423]","[-0.2177694745142986,-0.05490074175579423]",2.0526402789706324e-10,"[-0.9684647329850596,-0.24915067923683698]","[0.24915067923683698,-0.9684647329850596]","[-0.23188541886120642,0.0]",-7.762826302258954e-06,0.05668642932730845,0.07320467776641552,"[-0.09122690177261217,0.05273924160576504]",0.0,,0.0,0.9952401757557237,0.9952401757557237,,0.0,0.07320467816858499
FS-032,mover,rect,1,930,1035,9.29192145775129,9.29192145775129,0.0,True,recontact_or_first_touch,"[4.672036826805573,9.375421550003807]","[4.672036826805573,9.375421550003807]",0.4634809438562602,-0.03302498095562322,"[-0.21775786263212824,-0.054897994158923824]","[-0.21775786263212824,-0.054897994158923824]",3.2842137873585573e-10,"[-0.9684631326015394,-0.2491568999478312]","[0.2491568999478312,-0.9684631326015394]","[-0.23187586620045006,0.0]",-5.448076134938543e-06,0.05668428139922786,0.07319677187703948,"[-0.09122690177261217,0.05273924160576504]",0.0,,0.0,0.9952401757557237,0.9952401757557237,,0.0,0.07319677206858254
FS-032,mover,rect,1,930,1036,9.29192145775129,9.299999999999846,0.008078542248556253,False,sustained_or_free,"[4.672036826805573,9.375421550003807]","[4.670282930824619,9.374979134987743]",0.4634809438562602,-0.03302498095562322,"[-0.21775786263212824,-0.054897994158923824]","[-0.21710550331859307,-0.054764213945016675]",3.2842137873585573e-10,"[-0.9684631326015394,-0.2491568999478312]","[0.2491568999478312,-0.9684631326015394]","[-0.23187586620045006,0.0]",-5.448076134938543e-06,0.05668428139922786,0.07319677187703948,"[-0.09122690177261217,0.05273924160576504]",0.001029075629214587,0.12738382712530805,0.0,0.9952401757557237,0.9952401757557237,,0.0,0.07241706831201229
FS-032,mover,rect,1,931,1038,9.30603594974393,9.30603594974393,0.0,True,recontact_or_first_touch,"[4.668979885040701,9.374650323506836]","[4.668979885040701,9.374650323506836]",0.4630451993298412,-0.03017419811192917,"[-0.21588082061074648,-0.05447551667064604]","[-0.21588082061074648,-0.05447551667064604]",3.0824172573765226e-12,"[-0.9680649949352279,-0.25069935297295315]","[0.25069935297295315,-0.9680649949352279]","[-0.22949508351280906,0.0]",-0.0004774854348662122,0.05614892767061365,0.07123602672657824,"[-0.0935282750405024,0.052704516555101555]",0.0,,0.0,0.9952401757557237,0.9952401757557237,,0.0,0.07123762696859107
FS-032,mover,rect,1,931,1041,9.30993234928244,9.30993234928244,0.0,True,recontact_or_first_touch,"[4.668141792216293,9.37443878771566]","[4.668141792216293,9.37443878771566]",0.4629306714138354,-0.029393268034712882,"[-0.21509416991899588,-0.054290066787619974]","[-0.21509416991899588,-0.054290066787619974]",4.7746029747176975e-12,"[-0.9679553336212539,-0.25112242455457284]","[0.25112242455457284,-0.9679553336212539]","[-0.22883749847640633,0.0]",-0.00033052502208207914,0.05600161769851786,0.0706982517158743,"[-0.0935282750405024,0.052704516555101555]",0.0,,0.0,0.9952401757557237,0.9952401757557237,,0.0,0.07069902433907709
FS-032,mover,rect,1,932,1045,9.3127729193645,9.3127729193645,0.0,True,recontact_or_first_touch,"[4.66753238285681,9.374284944292542]","[4.66753238285681,9.374284944292542]",0.4628487616677369,-0.02882239772263887,"[-0.21452445184998306,-0.054156237092952926]","[-0.21452445184998306,-0.054156237092952926]",6.708721386291418e-12,"[-0.9678754563918176,-0.25143011139147775]","[0.25143011139147775,-0.9678754563918176]","[-0.2283580069105165,0.0]",-0.00022735030708929613,0.055894664982615354,0.0703058638439348,"[-0.09532235506406059,0.05250877525908128]",0.0,,0.0,0.9952401757557237,0.9952401757557237,,0.0,0.07030623143796415
FS-032,mover,rect,1,932,1048,9.314657427376282,9.314657427376282,0.0,True,recontact_or_first_touch,"[4.667128820349351,9.374183053329302]","[4.667128820349351,9.374183053329302]",0.4627951567932988,-0.02844502337106627,"[-0.21414740873243882,-0.05406767315549893]","[-0.21414740873243882,-0.05406767315549893]",9.871029221605814e-12,"[-0.967822495983449,-0.2516338933219592]","[0.2516338933219592,-0.967822495983449]","[-0.22803985513691355,0.0]",-0.00015983694448234304,0.055823720761896935,0.07004623244743008,"[-0.09532235506406059,0.05250877525908128]",0.0,,0.0,0.9952401757557237,0.9952401757557237,,0.0,0.07004641481133099
FS-032,mover,rect,1,932,1051,9.31598555973534,9.31598555973534,0.0,True,recontact_or_first_touch,"[4.666844756598714,9.374111327068874]","[4.666844756598714,9.374111327068874]",0.46275773035931583,-0.028179747092001967,"[-0.21388210949004555,-0.05400535567012785]","[-0.21388210949004555,-0.05400535567012785]",1.4005796931485298e-11,"[-0.9677851869780825,-0.251777345815302]","[0.251777345815302,-0.9677851869780825]","[-0.22781561205354892,0.0]",-0.00011268772675645904,0.05577372352838211,0.0698635970743831,"[-0.09532235506406059,0.05250877525908128]",0.0,,0.0,0.9952401757557237,0.9952401757557237,,0.0,0.06986368795523466
FS-032,mover,rect,1,932,1054,9.316924377048894,9.316924377048894,0.0,True,recontact_or_first_touch,"[4.6666441362300395,9.37406066721484]","[4.6666441362300395,9.37406066721484]",0.46273145044875214,-0.027992571274838767,"[-0.21369479000640781,-0.0539613546778953]","[-0.21369479000640781,-0.0539613546778953]",1.9813453484555265e-11,"[-0.9677588221463966,-0.2518786655471623]","[0.2518786655471623,-0.9677588221463966]","[-0.22765709064392173,0.0]",-7.957438797104484e-05,0.055738382697049206,0.06973466833446858,"[-0.09532235506406059,0.05250877525908128]",0.0,,0.0,0.9952401757557237,0.9952401757557237,,0.0,0.06973471373654504
FS-032,mover,rect,1,932,1057,9.317588218378678,9.317588218378678,0.0,True,recontact_or_first_touch,"[4.666502364654625,9.374024866075294]","[4.666502364654625,9.374024866075294]",0.46271295557154296,-0.02786038828772519,"[-0.213562441887871,-0.05393026607428466]","[-0.213562441887871,-0.05393026607428466]",2.8020210488290014e-11,"[-0.9677401833841608,-0.25195026783790286]","[0.25195026783790286,-0.9677401833841608]","[-0.22754499423350893,0.0]",-5.6267210839094917e-05,0.0557133933892258,0.06964358753308839,"[-0.09532235506406059,0.05250877525908128]",0.0,,0.0,0.9952401757557237,0.9952401757557237,,0.0,0.06964361026368654
FS-032,mover,rect,1,932,1060,9.318057326393596,9.318057326393596,0.0,True,recontact_or_first_touch,"[4.666402224649766,9.373999577255276]","[4.666402224649766,9.373999577255276]",0.4626999298188091,-0.02776706498209794,"[-0.21346897020369257,-0.05390830941567999]","[-0.21346897020369257,-0.05390830941567999]",3.965143215902519e-11,"[-0.9677270141347379,-0.25200084546259943]","[0.25200084546259943,-0.9677270141347379]","[-0.22746577788607572,0.0]",-3.985064431996123e-05,0.055695734677625536,0.06957926716867452,"[-0.09532235506406059,0.05250877525908128]",0.0,,0.0,0.9952401757557237,0.9952401757557237,,0.0,0.06957927857931223
FS-032,mover,rect,1,932,1063,9.318390850721903,9.318390850721903,0.0,True,recontact_or_first_touch,"[4.666331049710681,9.373981602727051]","[4.666331049710681,9.373981602727051]",0.46269069094242854,-0.0277007570254926,"[-0.21340254081558738,-0.05389270496738515]","[-0.21340254081558738,-0.05389270496738515]",5.577009999745279e-11,"[-0.9677176521081607,-0.2520367945326013]","[0.2520367945326013,-0.9677176521081607]","[-0.2274094556644369,0.0]",-2.8205857863354902e-05,0.0556831798365909,0.06953355834933721,"[-0.09532235506406059,0.05250877525908128]",0.0,,0.0,0.9952401757557237,0.9952401757557237,,0.0,0.06953356406855188
FS-032,mover,rect,1,932,1066,9.318625610709573,9.318625610709573,0.0,True,recontact_or_first_touch,"[4.666280962306639,9.373968953454085]","[4.666280962306639,9.373968953454085]",0.4626841988649301,-0.02765410563733019,"[-0.21335579601706653,-0.05388172444354228]","[-0.21335579601706653,-0.05388172444354228]",7.923241264301044e-11,"[-0.967711062889949,-0.2520620930651913]","[0.2520620930651913,-0.967711062889949]","[-0.2273698111021996,0.0]",-2.0022807811255136e-05,0.05567434280620945,0.06950139562487453,"[-0.09532235506406059,0.05250877525908128]",0.0,,0.0,0.9952401757557237,0.9952401757557237,,0.0,0.06950139851265967
FS-032,mover,rect,1,932,1069,9.318791601686529,9.318791601686529,0.0,True,recontact_or_first_touch,"[4.666245552654801,9.373960010862495]","[4.666245552654801,9.373960010862495]",0.46267961400648105,-0.027621130576609525,"[-0.21332275095557826,-0.0538739620300287]","[-0.21332275095557826,-0.0538739620300287]",1.1205753946138278e-10,"[-0.9677064041191932,-0.2520799782344896]","[0.2520799782344896,-0.9677064041191932]","[-0.2273417794194611,0.0]",-1.4243551906675464e-05,0.05566809446177729,0.06947865975008205,"[-0.09532235506406059,0.05250877525908128]",0.0,,0.0,0.9952401757557237,0.9952401757557237,,0.0,0.06947866120812564
FS-032,mover,rect,1,932,1072,9.318909554510745,9.318909554510745,0.0,True,recontact_or_first_touch,"[4.666220393403202,9.373953656927053]","[4.666220393403202,9.373953656927053]",0.4626763587793644,-0.027597703898138887,"[-0.21329927254235084,-0.05386844684791022]","[-0.21329927254235084,-0.05386844684791022]",1.5769438606835974e-10,"[-0.967703093730859,-0.2520926860972453]","[0.2520926860972453,-0.967703093730859]","[-0.22732186000018081,0.0]",-1.0140196722767045e-05,0.05566365440747696,0.06946250635654641,"[-0.09532235506406059,0.05250877525908128]",0.0,,0.0,0.9952401757557237,0.9952401757557237,,0.0,0.06946250709333537
FS-032,mover,rect,1,932,1075,9.318998680363789,9.318998680363789,0.0,True,recontact_or_first_touch,"[4.66620138450455,9.373948856227154]","[4.66620138450455,9.373948856227154]",0.46267390068784764,-0.027580005495973267,"[-0.21328153394812738,-0.0538642799579233]","[-0.21328153394812738,-0.0538642799579233]",2.0869890771656993e-10,"[-0.967700592449462,-0.2521022875202852]","[0.2521022875202852,-0.967700592449462]","[-0.22730680867689945,0.0]",-7.04152872630856e-06,0.05566029946936994,0.06945030221735658,"[-0.09532235506406059,0.05250877525908128]",0.0,,0.0,0.9952401757557237,0.9952401757557237,,0.0,0.0694503025812582
FS-032,mover,rect,1,932,1078,9.319053434655858,9.319053434655858,0.0,True,recontact_or_first_touch,"[4.666189707021798,9.373945907066792]","[4.666189707021798,9.373945907066792]",0.46267239115944503,-0.027569133770608493,"[-0.21327063707194102,-0.05386172023647081]","[-0.21327063707194102,-0.05386172023647081]",3.397075333205003e-10,"[-0.9676990558220292,-0.2521081858273408]","[0.2521081858273408,-0.9676990558220292]","[-0.22729756188684608,0.0]",-5.138674886209435e-06,0.05565823838560531,0.06944280527090956,"[-0.09532235506406059,0.05250877525908128]",0.0,,0.0,0.9952401757557237,0.9952401757557237,,0.0,0.06944280545999802
FS-032,mover,rect,1,932,1079,9.319053434655858,9.319999999999846,0.0009465653439871113,False,sustained_or_free,"[4.666189707021798,9.373945907066792]","[4.665987909097686,9.373894938837514]",0.46267239115944503,-0.027569133770608493,"[-0.21327063707194102,-0.05386172023647081]","[-0.21318963914454733,-0.05384544194622877]",3.397075333205003e-10,"[-0.9676990558220292,-0.2521081858273408]","[0.2521081858273408,-0.9676990558220292]","[-0.22729756188684608,0.0]",-5.138674886209435e-06,0.05565823838560531,0.06944280527090956,"[-0.09532235506406059,0.05250877525908128]",0.00011086891034226001,0.11712758241840897,0.0,0.9952401757557237,0.9952401757557237,,0.0,0.06935361886921301
FS-032,mover,rect,1,933,1081,9.320733171082937,9.320733171082937,0.0,True,recontact_or_first_touch,"[4.66583171115617,9.373855485850612]","[4.66583171115617,9.373855485850612]",0.4626265052335854,-0.027234706283452977,"[-0.21304432910470597,-0.053811433391503974]","[-0.21304432910470597,-0.053811433391503974]",2.5369509522769736e-11,"[-0.9676519241008278,-0.2522890282671168]","[0.2522890282671168,-0.9676519241008278]","[-0.22701387700211326,0.0]",-5.8374338258386504e-05,0.05559510072428018,0.06921245386600668,"[-0.09720836453254349,0.05241404964704456]",0.0,,0.0,0.9952401757557237,0.9952401757557237,,0.0,0.06921247848161906
FS-032,mover,rect,1,933,1084,9.321225444870917,9.321225444870917,0.0,True,recontact_or_first_touch,"[4.665726883016842,9.373829007126425]","[4.665726883016842,9.373829007126425]",0.4626131467202854,-0.02713634897115502,"[-0.21294682326732042,-0.05378861282892718]","[-0.21294682326732042,-0.05378861282892718]",3.77838610324384e-11,"[-0.9676381153338407,-0.25234198571219374]","[0.25234198571219374,-0.9676381153338407]","[-0.22693073325677066,0.0]",-4.176106276617374e-05,0.0555766395589632,0.0691448140445407,"[-0.09720836453254349,0.05241404964704456]",0.0,,0.0,0.9952401757557237,0.9952401757557237,,0.0,0.06914482665465006
FS-032,mover,rect,1,933,1087,9.321578769148353,9.321578769148353,0.0,True,recontact_or_first_touch,"[4.665651668450883,9.373810008088416]","[4.665651668450883,9.373810008088416]",0.46260358371540616,-0.027065801842549343,"[-0.2128768691051624,-0.05377224046552814]","[-0.2128768691051624,-0.05377224046552814]",5.264251708462539e-11,"[-0.9676282053425024,-0.2523799838054679]","[0.2523799838054679,-0.9676282053425024]","[-0.22687105623046558,0.0]",-2.9867004589454946e-05,0.055563389258959185,0.06909629018023385,"[-0.09720836453254349,0.05241404964704456]",0.0,,0.0,0.9952401757557237,0.9952401757557237,,0.0,0.06909629663319647
FS-032,mover,rect,1,933,1090,9.32182985215355,9.32182985215355,0.0,True,recontact_or_first_touch,"[4.665598231164804,9.373796509713086]","[4.665598231164804,9.373796509713086]",0.46259680053398006,-0.02701569316005103,"[-0.21282717257915218,-0.05376060924114606]","[-0.21282717257915218,-0.05376060924114606]",7.407824973581233e-11,"[-0.9676211635631464,-0.2524069805387775]","[0.2524069805387775,-0.9676211635631464]","[-0.2268286471607521,0.0]",-2.1429924235243786e-05,0.05555397319001347,0.06906181977003899,"[-0.09720836453254349,0.05241404964704456]",0.0,,0.0,0.9952401757557237,0.9952401757557237,,0.0,0.06906182309394132
FS-032,mover,rect,1,933,1093,9.322012510751373,9.322012510751373,0.0,True,recontact_or_first_touch,"[4.665559363054173,9.373786691420822]","[4.665559363054173,9.373786691420822]",0.4625918725415283,-0.026979252608652037,"[-0.2127910270525738,-0.05375214953813275]","[-0.2127910270525738,-0.05375214953813275]",1.0182781441693576e-10,"[-0.9676160410818064,-0.25242661714084746]","[0.25242661714084746,-0.9676160410818064]","[-0.2267977948927239,0.0]",-1.530002612182106e-05,0.055547123158691564,0.06903674946301759,"[-0.09720836453254349,0.05241404964704456]",0.0,,0.0,0.9952401757557237,0.9952401757557237,,0.0,0.06903675115968518
FS-032,mover,rect,1,933,1096,9.322140610810552,9.322140610810552,0.0,True,recontact_or_first_touch,"[4.66553210775774,9.373779806527168]","[4.66553210775774,9.373779806527168]",0.4625884197705927,-0.026953702892233155,"[-0.21276568182425978,-0.05374621759262416]","[-0.21276568182425978,-0.05374621759262416]",1.4519649359498624e-10,"[-0.967612448789384,-0.2524403869189944]","[0.2524403869189944,-0.967612448789384]","[-0.2267761577315005,0.0]",-1.1005063204644339e-05,0.05554231917690923,0.0690191706230258,"[-0.09720836453254349,0.05241404964704456]",0.0,,0.0,0.9952401757557237,0.9952401757557237,,0.0,0.06901917149819745
FS-032,mover,rect,1,933,1099,9.32223269954935,9.32223269954935,0.0,True,recontact_or_first_touch,"[4.665512516112133,9.373774857498432]","[4.665512516112133,9.373774857498432]",0.46258593932920267,-0.026935338917477476,"[-0.2127474636192007,-0.053741953683657806]","[-0.2127474636192007,-0.053741953683657806]",2.0197525933409367e-10,"[-0.9676098664326885,-0.25245028497134847]","[0.25245028497134847,-0.9676098664326885]","[-0.22676060307976723,0.0]",-7.919520614999356e-06,0.05553886567583913,0.06900653513457787,"[-0.09720836453254349,0.05241404964704456]",0.0,,0.0,0.9952401757557237,0.9952401757557237,,0.0,0.06900653559195302
FS-032,mover,rect,1,933,1102,9.322297634472278,9.322297634472278,0.0,True,recontact_or_first_touch,"[4.6654987022060865,9.373771367964032]","[4.6654987022060865,9.373771367964032]",0.462584191125787,-0.026922391477780302,"[-0.21273461834955942,-0.05373894728394]","[-0.21273461834955942,-0.05373894728394]",2.8643482866520586e-10,"[-0.967608045562512,-0.25245726403234203]","[0.25245726403234203,-0.967608045562512]","[-0.2267496349115132,0.0]",-5.744819243416396e-06,0.05553643048859886,0.068997626227489,"[-0.09720836453254349,0.05241404964704456]",0.0,,0.0,0.9952401757557237,0.9952401757557237,,0.0,0.06899762647856887
FS-032,mover,rect,1,933,1103,9.322297634472278,9.329999999999846,0.0077023655275682956,False,sustained_or_free,"[4.6654987022060865,9.373771367964032]","[4.6638649537392745,9.373358392239137]",0.462584191125787,-0.026922391477780302,"[-0.21273461834955942,-0.05373894728394]","[-0.212109962967165,-0.053616739353291074]",2.8643482866520586e-10,"[-0.967608045562512,-0.25245726403234203]","[0.25245726403234203,-0.967608045562512]","[-0.2267496349115132,0.0]",-5.744819243416396e-06,0.05553643048859886,0.068997626227489,"[-0.09720836453254349,0.05241404964704456]",0.0009230035443220931,0.1198337758729419,0.0,0.9952401757557237,0.9952401757557237,,0.0,0.06827683869627708
FS-032,mover,rect,1,934,1105,9.336078814648605,9.336078814648605,0.0,True,recontact_or_first_touch,"[4.662582814427806,9.373034154024444]","[4.662582814427806,9.373034154024444]",0.4622415383347399,-0.024189361543695116,"[-0.2109192968616534,-0.053339052665379014]","[-0.2109192968616534,-0.053339052665379014]",3.059421677906991e-12,"[-0.9672221543335544,-0.2539316919298528]","[0.2539316919298528,-0.9672221543335544]","[-0.22442090782821847,0.0]",-0.00048541864320060177,0.05501920034563733,0.06711388111748488,"[-0.09950398471499515,0.05255852445915961]",0.0,,0.0,0.9952401757557237,0.9952401757557237,,0.0,0.06711563655288393
FS-032,mover,rect,1,935,1109,9.343538727112458,9.343538727112458,0.0,True,recontact_or_first_touch,"[4.661017499657321,9.372638142289954]","[4.661017499657321,9.372638142289954]",0.46206932351454094,-0.022717728651206665,"[-0.20947015987922676,-0.053001637971750414]","[-0.20947015987922676,-0.053001637971750414]",5.254754920607984e-12,"[-0.9670138720892991,-0.2547237153993729]","[0.2547237153993729,-0.9670138720892991]","[-0.22315955970581747,0.0]",-0.00026293461352669065,0.05474033394755431,0.06609919827315763,"[-0.10133455869819086,0.05253978205336419]",0.0,,0.0,0.9952401757557237,0.9952401757557237,,0.0,0.0660997212319422
FS-032,mover,rect,1,935,1112,9.345859726585122,9.345859726585122,0.0,True,recontact_or_first_touch,"[4.6605323591394665,9.372515367128171]","[4.6605323591394665,9.372515367128171]",0.46201765542571854,-0.022261137682680447,"[-0.2090222438946653,-0.052897539714659596]","[-0.2090222438946653,-0.052897539714659596]",8.01131549758004e-12,"[-0.9669491576859415,-0.2549692656977467]","[0.2549692656977467,-0.9669491576859415]","[-0.22276700573209884,0.0]",-0.0001967609769639219,0.054653723303629574,0.0657842921449698,"[-0.10133455869819086,0.05253978205336419]",0.0,,0.0,0.9952401757557237,0.9952401757557237,,0.0,0.06578458640061642
FS-032,mover,rect,1,935,1115,9.34760308842695,9.34760308842695,0.0,True,recontact_or_first_touch,"[4.660168543082081,9.372423283616754]","[4.660168543082081,9.372423283616754]",0.46197944216310416,-0.02191929506400597,"[-0.20868648645171645,-0.0528195060873047]","[-0.20868648645171645,-0.0528195060873047]",1.0665416438210037e-11,"[-0.9669005769780518,-0.25515343274098956]","[0.25515343274098956,-0.9669005769780518]","[-0.22247211381602514,0.0]",-0.0001477472413048981,0.05458866105600211,0.0655483085880051,"[-0.10133455869819086,0.05253978205336419]",0.0,,0.0,0.9952401757557237,0.9952401757557237,,0.0,0.06554847510019686
FS-032,mover,rect,1,935,1118,9.348915658101443,9.348915658101443,0.0,True,recontact_or_first_touch,"[4.659894958826358,9.372354031333234]","[4.659894958826358,9.372354031333234]",0.4619510085538643,-0.021662552314331084,"[-0.2084340824260501,-0.05276084376016379]","[-0.2084340824260501,-0.05276084376016379]",1.4165530562660327e-11,"[-0.9668640166744215,-0.25529193731922695]","[0.25529193731922695,-0.9668640166744215]","[-0.2222500713797947,0.0]",-0.00011123544398233473,0.05453967190706604,0.06537094806423158,"[-0.10133455869819086,0.05253978205336419]",0.0,,0.0,0.9952401757557237,0.9952401757557237,,0.0,0.06537104270391972
FS-032,mover,rect,1,935,1121,9.34990529336663,9.34990529336663,0.0,True,recontact_or_first_touch,"[4.659688873223113,9.372301861062818]","[4.659688873223113,9.372301861062818]",0.46192976174469946,-0.02146933310909986,"[-0.20824399705060742,-0.052716664666063694]","[-0.20824399705060742,-0.052716664666063694]",1.878764831390084e-11,"[-0.9668364604564865,-0.25539627783500046]","[0.25539627783500046,-0.9668364604564865]","[-0.2220826474267583,0.0]",-8.392818841602458e-05,0.05450273326913741,0.06523739982368734,"[-0.10133455869819086,0.05253978205336419]",0.0,,0.0,0.9952401757557237,0.9952401757557237,,0.0,0.06523745380979024
FS-032,mover,rect,1,936,1125,9.350806830922464,9.350806830922464,0.0,True,recontact_or_first_touch,"[4.659501274348028,9.372254367655033]","[4.659501274348028,9.372254367655033]",0.461910551172239,-0.02129198745660151,"[-0.20807148609862589,-0.05267669961770212]","[-0.20807148609862589,-0.05267669961770212]",2.304404715227261e-11,"[-0.9668113640631104,-0.2554912646616862]","[0.2554912646616862,-0.9668113640631104]","[-0.22193011931322662,0.0]",-5.975252127201139e-05,0.054469191538214105,0.06511518526651486,"[-0.10318928649562933,0.05257755307980227]",0.0,,0.0,0.9952401757557237,0.9952401757557237,,0.0,0.0651152126827349
FS-032,mover,rect,1,936,1128,9.351343860077257,9.351343860077257,0.0,True,recontact_or_first_touch,"[4.65938958902159,9.372226091498064]","[4.65938958902159,9.372226091498064]",0.46189917348126064,-0.021186356228137773,"[-0.20796883268188884,-0.05265292715903211]","[-0.20796883268188884,-0.05265292715903211]",3.462093127818461e-11,"[-0.9667964176762966,-0.25554781698985435]","[0.25554781698985435,-0.9667964176762966]","[-0.2218392573920606,0.0]",-4.546367217364046e-05,0.054449218112929756,0.06504239622699864,"[-0.10318928649562933,0.05257755307980227]",0.0,,0.0,0.9952401757557237,0.9952401757557237,,0.0,0.0650424121172612
FS-032,mover,rect,1,936,1131,9.351751515719675,9.351751515719675,0.0,True,recontact_or_first_touch,"[4.659304841104481,9.372204634588138]","[4.659304841104481,9.372204634588138]",0.46189056940635853,-0.021106232827031838,"[-0.20789094591307572,-0.05263489007058852]","[-0.20789094591307572,-0.05263489007058852]",4.5607896056801044e-11,"[-0.9667850734963006,-0.2555907307880171]","[0.2555907307880171,-0.9667850734963006]","[-0.22177028277347163,0.0]",-3.465431143088657e-05,0.05443405591636528,0.06498717232988119,"[-0.10318928649562933,0.05257755307980227]",0.0,,0.0,0.9952401757557237,0.9952401757557237,,0.0,0.06498718156760953
FS-032,mover,rect,1,936,1134,9.352064022707511,9.352064022707511,0.0,True,recontact_or_first_touch,"[4.659239892383509,9.372188190136729]","[4.659239892383509,9.372188190136729]",0.46188399274492575,-0.021044845999463185,"[-0.20783125977977895,-0.05262106784654332]","[-0.20783125977977895,-0.05262106784654332]",5.949375771838189e-11,"[-0.9667763779945687,-0.25562361970620623]","[0.25562361970620623,-0.9667763779945687]","[-0.2217174060454044,0.0]",-2.6389644755082584e-05,0.05442243235107661,0.06494485535080821,"[-0.10318928649562933,0.05257755307980227]",0.0,,0.0,0.9952401757557237,0.9952401757557237,,0.0,0.06494486071167357
FS-032,mover,rect,1,936,1137,9.35229985201784,9.35229985201784,0.0,True,recontact_or_first_touch,"[4.6591908903000085,9.372175783005801]","[4.6591908903000085,9.372175783005801]",0.46187904067334934,-0.020998541570283358,"[-0.20778623077882458,-0.052610639918871466]","[-0.20778623077882458,-0.052610639918871466]",7.883726360109477e-11,"[-0.9667698165647625,-0.2556484339465732]","[0.2556484339465732,-0.9667698165647625]","[-0.2216775026854321,0.0]",-2.016531118436901e-05,0.05441366061217238,0.06491293139731405,"[-0.10318928649562933,0.05257755307980227]",0.0,,0.0,0.9952401757557237,0.9952401757557237,,0.0,0.06491293452921514
FS-032,mover,rect,1,936,1140,9.352483100335277,9.352483100335277,0.0,True,recontact_or_first_touch,"[4.659152820233206,9.37216614367909]","[4.659152820233206,9.37216614367909]",0.4618751993170546,-0.020962573345422047,"[-0.20775124887566854,-0.05260253870713644]","[-0.20775124887566854,-0.05260253870713644]",1.0145838869868952e-10,"[-0.9667647183904516,-0.2556677126182163]","[0.2556677126182163,-0.9667647183904516]","[-0.2216464958881083,0.0]",-1.53361842176597e-05,0.05440684453976317,0.0648881312124742,"[-0.10318928649562933,0.05257755307980227]",0.0,,0.0,0.9952401757557237,0.9952401757557237,,0.0,0.06488813302347989
FS-032,mover,rect,1,936,1143,9.352619414393773,9.352619414393773,0.0,True,recontact_or_first_touch,"[4.659124504363939,9.37215897403489]","[4.659124504363939,9.37215897403489]",0.46187234546987826,-0.02093582428585117,"[-0.20772523083544828,-0.05259651336298094]","[-0.20772523083544828,-0.05259651336298094]",1.363911674803037e-10,"[-0.9667609261548504,-0.25568205189300275]","[0.25568205189300275,-0.9667609261548504]","[-0.22162343045837551,0.0]",-1.1748119718575992e-05,0.05440177416852002,0.06486968631144562,"[-0.10318928649562933,0.05257755307980227]",0.0,,0.0,0.9952401757557237,0.9952401757557237,,0.0,0.06486968737329939
FS-032,mover,rect,1,936,1146,9.35272356784204,9.35272356784204,0.0,True,recontact_or_first_touch,"[4.659102871135136,9.372153496406101]","[4.659102871135136,9.372153496406101]",0.4618701670598802,-0.020915390074051115,"[-0.20770535362025833,-0.05259191011744908]","[-0.20770535362025833,-0.05259191011744908]",1.785058497479671e-10,"[-0.9667580287224129,-0.25569300714089654]","[0.25569300714089654,-0.9667580287224129]","[-0.22160580673956137,0.0]",-9.008993248566313e-06,0.054397900010587044,0.0648555950476126,"[-0.10318928649562933,0.05257755307980227]",0.0,,0.0,0.9952401757557237,0.9952401757557237,,0.0,0.06485559567858445
FS-032,mover,rect,1,936,1149,9.352808488408671,9.352808488408671,0.0,True,recontact_or_first_touch,"[4.659085234054966,9.372149030589988]","[4.659085234054966,9.372149030589988]",0.4618683923277383,-0.02089873174797962,"[-0.20768914846200096,-0.052588157268725344]","[-0.20768914846200096,-0.052588157268725344]",2.1893370128289026e-10,"[-0.9667556663906041,-0.25570193879135744]","[0.25570193879135744,-0.9667556663906041]","[-0.22159143732269662,0.0]",-6.777239201376933e-06,0.05439474123989783,0.06484410711388765,"[-0.10318928649562933,0.05257755307980227]",0.0,,0.0,0.9952401757557237,0.9952401757557237,,0.0,0.06484410746925112
FS-032,mover,rect,1,936,1152,9.352862223309108,9.352862223309108,0.0,True,recontact_or_first_touch,"[4.659074074450216,9.372146204898188]","[4.659074074450216,9.372146204898188]",0.4618672699028163,-0.020888192085035263,"[-0.20767889507162965,-0.05258578273443277]","[-0.20767889507162965,-0.05258578273443277]",3.4599399582569125e-10,"[-0.9667541716167166,-0.25570759015265127]","[0.25570759015265127,-0.9667541716167166]","[-0.22158234479905783,0.0]",-5.3657554581997e-06,0.05439274245085239,0.06483683849337002,"[-0.10318928649562933,0.05257755307980227]",0.0,,0.0,0.9952401757557237,0.9952401757557237,,0.0,0.06483683872873088
FS-032,mover,rect,1,936,1153,9.352862223309108,9.359999999999845,0.007137776690737058,False,sustained_or_free,"[4.659074074450216,9.372146204898188]","[4.657595853896977,9.371771636830214]",0.4618672699028163,-0.020888192085035263,"[-0.20767889507162965,-0.05258578273443277]","[-0.2070981787869122,-0.05247685437679192]",3.4599399582569125e-10,"[-0.9667541716167166,-0.25570759015265127]","[0.25570759015265127,-0.9667541716167166]","[-0.22158234479905783,0.0]",-5.3657554581997e-06,0.05439274245085239,0.06483683849337002,"[-0.10318928649562933,0.05257755307980227]",0.0008030857580010318,0.11251203179881268,0.0,0.9952401757557237,0.9952401757557237,,0.0,0.06418668464307443
FS-032,mover,rect,1,937,1155,9.365966395404387,9.365966395404387,0.0,True,recontact_or_first_touch,"[4.656366952204755,9.371460091974166]","[4.656366952204755,9.371460091974166]",0.4616187521769484,-0.018329024620428687,"[-0.2059705414907467,-0.05221659560327246]","[-0.2059705414907467,-0.05221659560327246]",3.1158134438397245e-12,"[-0.9663901738924556,-0.2570798160185068]","[0.2570798160185068,-0.9663901738924556]","[-0.2193641426398797,0.0]",-0.00048038824724523296,0.05390482942436287,0.06306934173457722,"[-0.10545686797683768,0.052853226725961065]",0.0,,0.0,0.9952401757557237,0.9952401757557237,,0.0,0.06307117122513922
FS-032,mover,rect,1,938,1159,9.374027778217162,9.374027778217162,0.0,True,recontact_or_first_touch,"[4.654715688836909,9.371041262077261]","[4.654715688836909,9.371041262077261]",0.46148046652008134,-0.0167613580857469,"[-0.2044599383207947,-0.05186854549540132]","[-0.2044599383207947,-0.05186854549540132]",4.614881656193749e-12,"[-0.9661669502065968,-0.2579174758105458]","[0.2579174758105458,-0.9661669502065968]","[-0.21799873413910195,0.0]",-0.0002970672628946243,0.05360556645591619,0.06198624549878964,"[-0.10731072328408532,0.05297259722115518]",0.0,,0.0,0.9952401757557237,0.9952401757557237,,0.0,0.06198695733753406
FS-032,mover,rect,1,938,1162,9.376827458018932,9.376827458018932,0.0,True,recontact_or_first_touch,"[4.654144725033107,9.3708963822285]","[4.654144725033107,9.3708963822285]",0.4614350591779501,-0.016218762625124908,"[-0.20393896596348546,-0.05174872093228314]","[-0.20393896596348546,-0.05174872093228314]",6.638879429590612e-12,"[-0.9660895525387125,-0.2582072355212969]","[0.2582072355212969,-0.9660895525387125]","[-0.21752438869525348,0.0]",-0.00023715920570487742,0.05350175309687813,0.06161113440944059,"[-0.10731072328408532,0.05297259722115518]",0.0,,0.0,0.9952401757557237,0.9952401757557237,,0.0,0.06161159085504595
FS-032,mover,rect,1,938,1165,9.37907265325415,9.37907265325415,0.0,True,recontact_or_first_touch,"[4.653687777898858,9.370780411455113]","[4.653687777898858,9.370780411455113]",0.46139961790842093,-0.0157853842611032,"[-0.20352222696760738,-0.05165286811899189]","[-0.20352222696760738,-0.05165286811899189]",8.278146457257643e-12,"[-0.9660275315705366,-0.25843917707603087]","[0.25843917707603087,-0.9660275315705366]","[-0.21714393467307053,0.0]",-0.00019018005980509824,0.053418475617298324,0.06131116774784993,"[-0.10731072328408532,0.05297259722115518]",0.0,,0.0,0.9952401757557237,0.9952401757557237,,0.0,0.06131146270546972
FS-032,mover,rect,1,939,1169,9.382040472867818,9.382040472867818,0.0,True,recontact_or_first_touch,"[4.653085038744532,9.370627408405452]","[4.653085038744532,9.370627408405452]",0.46135410818180045,-0.015210580310355933,"[-0.20297395535521143,-0.05152706944557017]","[-0.20297395535521143,-0.05152706944557017]",9.108322183743376e-12,"[-0.9659456145076809,-0.2587451831694243]","[0.2587451831694243,-0.9659456145076809]","[-0.2166409564506033,0.0]",-0.00013080125031224993,0.05330861746118512,0.06091390761636309,"[-0.10918139662353675,0.05313635909160128]",0.0,,0.0,0.9952401757557237,0.9952401757557237,,0.0,0.06091404805201894
FS-032,mover,rect,1,939,1172,9.3832966430642,9.3832966430642,0.0,True,recontact_or_first_touch,"[4.652830359526353,9.370562748243065]","[4.652830359526353,9.370562748243065]",0.4613353067346966,-0.014967276853082257,"[-0.20274260519134202,-0.05147404593197973]","[-0.20274260519134202,-0.05147404593197973]",1.4794802371912227e-11,"[-0.9659109645530634,-0.258874503488024]","[0.258874503488024,-0.9659109645530634]","[-0.21642803882372277,0.0]",-0.00010640768298116575,0.0532621551922081,0.06074579361874923,"[-0.10918139662353675,0.05313635909160128]",0.0,,0.0,0.9952401757557237,0.9952401757557237,,0.0,0.06074588681504954
FS-032,mover,rect,1,939,1175,9.384320884965257,9.384320884965257,0.0,True,recontact_or_first_touch,"[4.652622895043247,9.370510070600114]","[4.652622895043247,9.370510070600114]",0.4613201794430493,-0.014769256785605417,"[-0.2025541846051336,-0.05143086110557164]","[-0.2025541846051336,-0.05143086110557164]",1.8144625509153082e-11,"[-0.9658827220449042,-0.2589798587827376]","[0.2589798587827376,-0.9658827220449042]","[-0.21625442136038964,0.0]",-8.673517636919627e-05,0.05322426550192921,0.06060889389473192,"[-0.10918139662353675,0.05313635909160128]",0.0,,0.0,0.9952401757557237,0.9952401757557237,,0.0,0.06060895595578952
FS-032,mover,rect,1,939,1178,9.385157167559525,9.385157167559525,0.0,True,recontact_or_first_touch,"[4.652453631041117,9.370467089326237]","[4.652453631041117,9.370467089326237]",0.4613079631805931,-0.014607816233365503,"[-0.2024004843459971,-0.05139563369069928]","[-0.2024004843459971,-0.05139563369069928]",2.222243790189803e-11,"[-0.9658596690075549,-0.25906582133623246]","[0.25906582133623246,-0.9658596690075549]","[-0.21611265717216477,0.0]",-7.081734792046754e-05,0.053193325060447834,0.060497233177130585,"[-0.10918139662353675,0.05313635909160128]",0.0,,0.0,0.9952401757557237,0.9952401757557237,,0.0,0.0604972746259516
FS-032,mover,rect,1,939,1181,9.385840145235827,9.385840145235827,0.0,True,recontact_or_first_touch,"[4.652315481693838,9.37043200688997]","[4.652315481693838,9.37043200688997]",0.46129807630640757,-0.01447613081447058,"[-0.20227505535207496,-0.05136688574683826]","[-0.20227505535207496,-0.05136688574683826]",2.7210312381959322e-11,"[-0.9658408464463457,-0.2591359861844862]","[0.2591359861844862,-0.9658408464463457]","[-0.2159968758684646,0.0]",-5.791385289814939e-05,0.05316805390080014,0.06040611930803543,"[-0.10918139662353675,0.05313635909160128]",0.0,,0.0,0.9952401757557237,0.9952401757557237,,0.0,0.06040614706918226
FS-032,mover,rect,1,939,1184,9.386400249273326,9.386400249273326,0.0,True,recontact_or_first_touch,"[4.652202244196937,9.370403249286706]","[4.652202244196937,9.370403249286706]",0.4612900285948166,-0.01436824420497648,"[-0.20217225608104744,-0.051343324344712414]","[-0.20217225608104744,-0.051343324344712414]",3.3179319786166054e-11,"[-0.9658254132245828,-0.259193501403033]","[0.259193501403033,-0.9658254132245828]","[-0.21590192133228486,0.0]",-4.739639586601521e-05,0.05314732746111543,0.06033144956360367,"[-0.10918139662353675,0.05313635909160128]",0.0,,0.0,0.9952401757557237,0.9952401757557237,,0.0,0.06033146818240048
FS-032,mover,rect,1,939,1187,9.386859047290182,9.386859047290182,0.0,True,recontact_or_first_touch,"[4.652109526580625,9.370379701921573]","[4.652109526580625,9.370379701921573]",0.4612834769852289,-0.014279943127381322,"[-0.20208809302981018,-0.05132403425501826]","[-0.20208809302981018,-0.05132403425501826]",4.0505266121580116e-11,"[-0.9658127734257881,-0.25924059614108996]","[0.25924059614108996,-0.9658127734257881]","[-0.21582413900998587,0.0]",-3.882457261902145e-05,0.053130348615761505,0.06027032017945217,"[-0.10918139662353675,0.05313635909160128]",0.0,,0.0,0.9952401757557237,0.9952401757557237,,0.0,0.060270332683612426
FS-032,mover,rect,1,939,1190,9.387233506099406,9.387233506099406,0.0,True,recontact_or_first_touch,"[4.652033878625426,9.370360489077887]","[4.652033878625426,9.370360489077887]",0.46127815670360106,-0.014207922198174974,"[-0.20201943000247136,-0.05130829670061735]","[-0.20201943000247136,-0.05130829670061735]",4.962795534891024e-11,"[-0.9658024585048994,-0.2592790218006308]","[0.2592790218006308,-0.9658024585048994]","[-0.2157606536583488,0.0]",-3.18573890804915e-05,0.05311649012299465,0.060220451222082125,"[-0.10918139662353675,0.05313635909160128]",0.0,,0.0,0.9952401757557237,0.9952401757557237,,0.0,0.060220459648542383
FS-032,mover,rect,1,939,1193,9.38754300063876,9.38754300063876,0.0,True,recontact_or_first_touch,"[4.651971372273046,9.370344613464548]","[4.651971372273046,9.370344613464548]",0.4612737778421898,-0.014148428661759223,"[-0.2019626986337789,-0.05129529384476561]","[-0.2019626986337789,-0.05129529384476561]",6.004479038312256e-11,"[-0.965793934017093,-0.25931077304228406]","[0.25931077304228406,-0.965793934017093]","[-0.2157081812787996,0.0]",-2.6118541619058952e-05,0.053105035369418574,0.06017924970029819,"[-0.10918139662353675,0.05313635909160128]",0.0,,0.0,0.9952401757557237,0.9952401757557237,,0.0,0.06017925536919077
FS-032,mover,rect,1,939,1196,9.387796820481462,9.387796820481462,0.0,True,recontact_or_first_touch,"[4.651920121938545,9.370331596407055]","[4.651920121938545,9.370331596407055]",0.4612701990688663,-0.014099659370232597,"[-0.20191618572802722,-0.051284633044124096]","[-0.20191618572802722,-0.051284633044124096]",7.321515886717758e-11,"[-0.9657869436105518,-0.2593368071666435]","[0.2593368071666435,-0.9657869436105518]","[-0.21566514743235612,0.0]",-2.1425288133746292e-05,0.053095640832130434,0.06014547051724673,"[-0.10918139662353675,0.05313635909160128]",0.0,,0.0,0.9952401757557237,0.9952401757557237,,0.0,0.060145474332552656
FS-032,mover,rect,1,939,1199,9.388002514954213,9.388002514954213,0.0,True,recontact_or_first_touch,"[4.651878596646816,9.370321049218187]","[4.651878596646816,9.370321049218187]",0.4612673069734179,-0.01406015149429301,"[-0.2018785005429463,-0.0512759955435432]","[-0.2018785005429463,-0.0512759955435432]",9.034466830957397e-11,"[-0.9657812790265308,-0.25935790152196686]","[0.25935790152196686,-0.9657812790265308]","[-0.21563027254731784,0.0]",-1.763064735989077e-05,0.053088027288664186,0.06011810303581069,"[-0.10918139662353675,0.05313635909160128]",0.0,,0.0,0.9952401757557237,0.9952401757557237,,0.0,0.060118105624558514
FS-032,mover,rect,1,939,1202,9.388175077772967,9.388175077772967,0.0,True,recontact_or_first_touch,"[4.651843765378284,9.370312202138058]","[4.651843765378284,9.370312202138058]",0.46126488643177804,-0.01402701727586013,"[-0.20184689137467868,-0.051268750670955224]","[-0.20184689137467868,-0.051268750670955224]",1.0769034410798328e-10,"[-0.965776527130889,-0.25937559569666385]","[0.25937559569666385,-0.965776527130889]","[-0.21560101472680795,0.0]",-1.4453261153471453e-05,0.0530816399110785,0.06009514854900856,"[-0.10918139662353675,0.05313635909160128]",0.0,,0.0,0.9952401757557237,0.9952401757557237,,0.0,0.060095150287805606
FS-032,mover,rect,1,939,1205,9.388312801940245,9.388312801940245,0.0,True,recontact_or_first_touch,"[4.6518159696571635,9.370305141988291]","[4.6518159696571635,9.370305141988291]",0.46126295821368224,-0.014000579084449164,"[-0.20182166768446277,-0.051262969351921]","[-0.20182166768446277,-0.051262969351921]",1.3493134945228185e-10,"[-0.9657727347802643,-0.2593897159778112]","[0.2593897159778112,-0.9657727347802643]","[-0.2155776635561088,0.0]",-1.1921307788419558e-05,0.05307654196609982,0.0600768315083244,"[-0.10918139662353675,0.05313635909160128]",0.0,,0.0,0.9952401757557237,0.9952401757557237,,0.0,0.060076832690744104
FS-032,mover,rect,1,939,1208,9.388430859594411,9.388430859594411,0.0,True,recontact_or_first_touch,"[4.651792145616813,9.370299090587377]","[4.651792145616813,9.370299090587377]",0.46126130801314097,-0.013977920812575949,"[-0.20180004861446066,-0.051258014207255134]","[-0.20180004861446066,-0.051258014207255134]",1.5740846864522217e-10,"[-0.9657694840934042,-0.2594018187946257]","[0.2594018187946257,-0.9657694840934042]","[-0.2155576467053775,0.0]",-9.753702533588093e-06,0.05307217190362247,0.06006113230991045,"[-0.10918139662353675,0.05313635909160128]",0.0,,0.0,0.9952401757557237,0.9952401757557237,,0.0,0.06006113310723608
FS-032,mover,rect,1,939,1211,9.388523264442597,9.388523264442597,0.0,True,recontact_or_first_touch,"[4.651773499877417,9.370294354456703]","[4.651773499877417,9.370294354456703]",0.4612600180239998,-0.01396018895678931,"[-0.20178312894235284,-0.05125413618976444]","[-0.20178312894235284,-0.05125413618976444]",2.0110683014126305e-10,"[-0.9657669398351091,-0.2594112910447978]","[0.2594112910447978,-0.9657669398351091]","[-0.2155419792340834,0.0]",-8.058898478680368e-06,0.05306875137935064,0.060048845857745295,"[-0.10918139662353675,0.05313635909160128]",0.0,,0.0,0.9952401757557237,0.9952401757557237,,0.0,0.0600488463920393
FS-032,mover,rect,1,939,1214,9.388603365975413,9.388603365975413,0.0,True,recontact_or_first_touch,"[4.651757337914231,9.370290249191084]","[4.651757337914231,9.370290249191084]",0.46125890102253125,-0.013944820145728442,"[-0.20176846332243212,-0.05125077479275336]","[-0.20176846332243212,-0.05125077479275336]",2.319958581424301e-10,"[-0.965764734393364,-0.259419501584047]","[0.259419501584047,-0.965764734393364]","[-0.21552839775511554,0.0]",-6.591029881710189e-06,0.05306578623753346,0.06003819631039769,"[-0.10918139662353675,0.05313635909160128]",0.0,,0.0,0.9952401757557237,0.9952401757557237,,0.0,0.06003819666525585
FS-032,mover,rect,1,939,1217,9.388661980566173,9.388661980566173,0.0,True,recontact_or_first_touch,"[4.651745511967311,9.37028724529206]","[4.651745511967311,9.37028724529206]",0.46125808431172244,-0.013933575211161415,"[-0.20175773244043774,-0.05124831523557983]","[-0.20175773244043774,-0.05124831523557983]",3.170405918761655e-10,"[-0.9657631205893994,-0.259425509365261]","[0.259425509365261,-0.9657631205893994]","[-0.21551845941957626,0.0]",-5.517655150204942e-06,0.05306361645266214,0.06003040405824284,"[-0.10918139662353675,0.05313635909160128]",0.0,,0.0,0.9952401757557237,0.9952401757557237,,0.0,0.06003040431456695
FS-032,mover,rect,1,939,1218,9.388661980566173,9.389999999999844,0.0013380194336713221,False,sustained_or_free,"[4.651745511967311,9.37028724529206]","[4.651475708130042,9.370218701950943]",0.46125808431172244,-0.013933575211161415,"[-0.20175773244043774,-0.05124831523557983]","[-0.20164418429166162,-0.05122746306355949]",3.170405918761655e-10,"[-0.9657631205893994,-0.259425509365261]","[0.259425509365261,-0.9657631205893994]","[-0.21551845941957626,0.0]",-5.517655150204942e-06,0.05306361645266214,0.06003040405824284,"[-0.10918139662353675,0.05313635909160128]",0.00013589153451443184,0.10156170463202176,0.0,0.9952401757557237,0.9952401757557237,,0.0,0.05991162018030076
FS-032,mover,rect,1,940,1220,9.39118833800602,9.39118833800602,0.0,True,recontact_or_first_touch,"[4.651236344081688,9.3701578851978]","[4.651236344081688,9.3701578851978]",0.46122380419490244,-0.013447183139288893,"[-0.2014275796195606,-0.051177992142652735]","[-0.2014275796195606,-0.051177992142652735]",1.5637695811534618e-11,"[-0.9656935854091907,-0.2596842295934471]","[0.2596842295934471,-0.9656935854091907]","[-0.2150900746811473,0.0]",-9.633362004523964e-05,0.05297019323067413,0.05969378480031858,"[-0.11113744534560539,0.053377409038082496]",0.0,,0.0,0.9952401757557237,0.9952401757557237,,0.0,0.05969386253146
FS-032,mover,rect,1,940,1223,9.392133141181922,9.392133141181922,0.0,True,recontact_or_first_touch,"[4.651046197199801,9.370109569190419]","[4.651046197199801,9.370109569190419]",0.4612112717189933,-0.01326464202152955,"[-0.20125554902513418,-0.05113870128079864]","[-0.20125554902513418,-0.05113870128079864]",1.9668204885695846e-11,"[-0.9656675949546305,-0.2597808616017347]","[0.2597808616017347,-0.9656675949546305]","[-0.21492985255383187,0.0]",-8.002407868248386e-05,0.052935309027420836,0.05956763003818562,"[-0.11113744534560539,0.053377409038082496]",0.0,,0.0,0.9952401757557237,0.9952401757557237,,0.0,0.05956768379058378
FS-032,mover,rect,1,940,1226,9.392919463761515,9.392919463761515,0.0,True,recontact_or_first_touch,"[4.650888057901065,9.370069383365761]","[4.650888057901065,9.370069383365761]",0.46120096072550776,-0.013112930689166748,"[-0.20111249866160588,-0.051106029128730975]","[-0.20111249866160588,-0.051106029128730975]",2.3631974800451575e-11,"[-0.9656459700378879,-0.2598612332564949]","[0.2598612332564949,-0.9656459700378879]","[-0.21479649955241767,0.0]",-6.65754420271121e-05,0.0529062724201673,0.059462737764750674,"[-0.11113744534560539,0.053377409038082496]",0.0,,0.0,0.9952401757557237,0.9952401757557237,,0.0,0.059462775034903555
FS-032,mover,rect,1,940,1229,9.393573615709432,9.393573615709432,0.0,True,recontact_or_first_touch,"[4.650756577559884,9.370035970024647]","[4.650756577559884,9.370035970024647]",0.461192465342094,-0.012986865575805792,"[-0.20099357893893036,-0.05107886817553934]","[-0.20099357893893036,-0.05107886817553934]",2.840649884070587e-11,"[-0.9656279840965644,-0.2599280599119791]","[0.2599280599119791,-0.9656279840965644]","[-0.21468555702244932,0.0]",-5.5473912284914606e-05,0.05288211380588663,0.05937554659378953,"[-0.11113744534560539,0.053377409038082496]",0.0,,0.0,0.9952401757557237,0.9952401757557237,,0.0,0.05937557250721144
FS-032,mover,rect,1,940,1232,9.39412035050865,9.39412035050865,0.0,True,recontact_or_first_touch,"[4.650646741684353,9.370008055833885]","[4.650646741684353,9.370008055833885]",0.46118542252164146,-0.012881602675768088,"[-0.20089424651156823,-0.05105618080543373]","[-0.20089424651156823,-0.05105618080543373]",3.398724495568597e-11,"[-0.9656129544602635,-0.25998388830564345]","[0.25998388830564345,-0.9656129544602635]","[-0.2145928290799487,0.0]",-4.62556220608909e-05,0.052861920351395725,0.059302721689279775,"[-0.11113744534560539,0.053377409038082496]",0.0,,0.0,0.9952401757557237,0.9952401757557237,,0.0,0.05930273972762068
FS-032,mover,rect,1,940,1235,9.394576635835875,9.394576635835875,0.0,True,recontact_or_first_touch,"[4.650555114394102,9.369984768282757]","[4.650555114394102,9.369984768282757]",0.46117958488721705,-0.012793824556923945,"[-0.2008113888046044,-0.051037256161612435]","[-0.2008113888046044,-0.051037256161612435]",4.0724251427992006e-11,"[-0.9656004132640235,-0.2600304634160142]","[0.2600304634160142,-0.9656004132640235]","[-0.214515439498474,0.0]",-3.860435779429877e-05,0.05284506629411826,0.05924197857258023,"[-0.11113744534560539,0.053377409038082496]",0.0,,0.0,0.9952401757557237,0.9952401757557237,,0.0,0.05924199115204148
FS-032,mover,rect,1,940,1238,9.394955804040956,9.394955804040956,0.0,True,recontact_or_first_touch,"[4.650478999196536,9.369965422538337]","[4.650478999196536,9.369965422538337]",0.461174761514768,-0.01272093066990659,"[-0.2007425637126118,-0.051021536512160244]","[-0.2007425637126118,-0.051021536512160244]",4.900666438950228e-11,"[-0.9655899930530769,-0.2600691548718519]","[0.2600691548718519,-0.9655899930530769]","[-0.2144511280972385,0.0]",-3.227529206147224e-05,0.052831059840350365,0.05919152517530366,"[-0.11113744534560539,0.053377409038082496]",0.0,,0.0,0.9952401757557237,0.9952401757557237,,0.0,0.059191533974681694
FS-032,mover,rect,1,940,1241,9.395275370590879,9.395275370590879,0.0,True,recontact_or_first_touch,"[4.650414867118466,9.369949121994306]","[4.650414867118466,9.369949121994306]",0.46117071595264036,-0.012659529380025476,"[-0.20068457754661995,-0.05100829243521323]","[-0.20068457754661995,-0.05100829243521323]",5.8146505276708154e-11,"[-0.9655812117776519,-0.26010175597638974]","[0.26010175597638974,-0.9655812117776519]","[-0.21439692478967617,0.0]",-2.6961564489981493e-05,0.052819254416778955,0.05914901910679169,"[-0.11113744534560539,0.053377409038082496]",0.0,,0.0,0.9952401757557237,0.9952401757557237,,0.0,0.059149025254232365
FS-032,mover,rect,1,940,1244,9.39554240040065,9.39554240040065,0.0,True,recontact_or_first_touch,"[4.650361291288563,9.369935504213972]","[4.650361291288563,9.369935504213972]",0.4611673491749603,-0.012608246558545224,"[-0.20063613852267,-0.05099722890898526]","[-0.20063613852267,-0.05099722890898526]",6.958624400137054e-11,"[-0.9655738748311385,-0.26012899154761804]","[0.26012899154761804,-0.9655738748311385]","[-0.2143516317692005,0.0]",-2.253576854461571e-05,0.052809389350097595,0.0591135126293702,"[-0.11113744534560539,0.053377409038082496]",0.0,,0.0,0.9952401757557237,0.9952401757557237,,0.0,0.05911351692840028
FS-032,mover,rect,1,940,1247,9.39576569557761,9.39576569557761,0.0,True,recontact_or_first_touch,"[4.6503164992489925,9.369924118844034]","[4.6503164992489925,9.369924118844034]",0.4611645433862615,-0.012565379767559474,"[-0.2005956428640762,-0.050987979644254944]","[-0.2005956428640762,-0.050987979644254944]",8.321513153118125e-11,"[-0.9655677400239088,-0.2601517622948606]","[0.2601517622948606,-0.9655677400239088]","[-0.2143137564080945,0.0]",-1.8844868218272082e-05,0.052801139687325666,0.05908382957110542,"[-0.11113744534560539,0.053377409038082496]",0.0,,0.0,0.9952401757557237,0.9952401757557237,,0.0,0.0590838325757493
FS-032,mover,rect,1,940,1250,9.395949914085058,9.395949914085058,0.0,True,recontact_or_first_touch,"[4.65027955197235,9.369914727319948]","[4.65027955197235,9.369914727319948]",0.4611622351235354,-0.012530026207028713,"[-0.20056224075817172,-0.05098035054450358]","[-0.20056224075817172,-0.05098035054450358]",1.0086654316179853e-10,"[-0.9655626791390898,-0.260170545323146]","[0.260170545323146,-0.9655626791390898]","[-0.21428250888460665,0.0]",-1.5806751261471588e-05,0.052794333495635185,0.05905934659914954,"[-0.11113744534560539,0.053377409038082496]",0.0,,0.0,0.9952401757557237,0.9952401757557237,,0.0,0.05905934871132837
FS-032,mover,rect,1,940,1253,9.396107632976046,9.396107632976046,0.0,True,recontact_or_first_touch,"[4.650247924027719,9.36990668778559]","[4.650247924027719,9.36990668778559]",0.4611602636742251,-0.012499766502040459,"[-0.20053364840020557,-0.050973819984596505]","[-0.20053364840020557,-0.050973819984596505]",1.1781366071965127e-10,"[-0.9655583464925309,-0.26018662440373386]","[0.26018662440373386,-0.9655583464925309]","[-0.21425575602730412,0.0]",-1.3210603941930799e-05,0.052788506201934426,0.059038389452954664,"[-0.11113744534560539,0.053377409038082496]",0.0,,0.0,0.9952401757557237,0.9952401757557237,,0.0,0.059038390932581716
FS-032,mover,rect,1,940,1256,9.396235733367813,9.396235733367813,0.0,True,recontact_or_first_touch,"[4.650222238563235,9.36990015869865]","[4.650222238563235,9.36990015869865]",0.46115866559686053,-0.012475194981767657,"[-0.20051042880329548,-0.05096851656972305]","[-0.20051042880329548,-0.05096851656972305]",1.4505343728190997e-10,"[-0.9655548276485719,-0.26019968256040765]","[0.26019968256040765,-0.9655548276485719]","[-0.21423402699651867,0.0]",-1.1105343840944401e-05,0.05278377312544558,0.05902137061632941,"[-0.11113744534560539,0.053377409038082496]",0.0,,0.0,0.9952401757557237,0.9952401757557237,,0.0,0.05902137166675564
FS-032,mover,rect,1,940,1259,9.396347749887646,9.396347749887646,0.0,True,recontact_or_first_touch,"[4.650199780356945,9.36989444990222]","[4.650199780356945,9.36989444990222]",0.46115727057530337,-0.012453712713490876,"[-0.2004901270256812,-0.05096387959465334]","[-0.2004901270256812,-0.05096387959465334]",1.658806352709223e-10,"[-0.9655517507365424,-0.2602111001659961]","[0.2602111001659961,-0.9655517507365424]","[-0.21421502606635962,0.0]",-9.266880642766137e-06,0.05277963424598603,0.05900649060273148,"[-0.11113744534560539,0.053377409038082496]",0.0,,0.0,0.9952401757557237,0.9952401757557237,,0.0,0.0590064913334865
FS-032,mover,rect,1,940,1262,9.396437009454523,9.396437009454523,0.0,True,recontact_or_first_touch,"[4.6501818861388795,9.369889901218178]","[4.6501818861388795,9.369889901218178]",0.46115616048999886,-0.012436597480291457,"[-0.2004739513269697,-0.05096018501902074]","[-0.2004739513269697,-0.05096018501902074]",2.0817202348338424e-10,"[-0.9655492990009649,-0.26022019752268505]","[0.26022019752268505,-0.9655492990009649]","[-0.21419988522593808,0.0]",-7.803557159664562e-06,0.05277633615244781,0.058994634892593545,"[-0.11113744534560539,0.053377409038082496]",0.0,,0.0,0.9952401757557237,0.9952401757557237,,0.0,0.05899463541357753
FS-032,mover,rect,1,940,1265,9.39651572654895,9.39651572654895,0.0,True,recontact_or_first_touch,"[4.6501661065347415,9.369885890036937]","[4.6501661065347415,9.369885890036937]",0.4611551827051569,-0.012421505761712054,"[-0.20045968734846337,-0.05095692708845467]","[-0.20045968734846337,-0.05095692708845467]",2.3605194549493655e-10,"[-0.9655471368981281,-0.2602282198913628]","[0.2602282198913628,-0.9655471368981281]","[-0.214186532612301,0.0]",-6.514284220467473e-06,0.052773427563116725,0.05898418044397275,"[-0.11113744534560539,0.053377409038082496]",0.0,,0.0,0.9952401757557237,0.9952401757557237,,0.0,0.05898418080615064
FS-032,mover,rect,1,940,1268,9.396577479634583,9.396577479634583,0.0,True,recontact_or_first_touch,"[4.650153728221472,9.369882743447274]","[4.650153728221472,9.369882743447274]",0.46115441636988275,-0.012409667732043201,"[-0.20044849812323443,-0.050954371435526204]","[-0.20044849812323443,-0.050954371435526204]",3.008967770554773e-10,"[-0.9655454407802129,-0.26023451306186235]","[0.26023451306186235,-0.9655454407802129]","[-0.2141760575267166,0.0]",-5.503643825685925e-06,0.052771145764286806,0.05897597963030841,"[-0.11113744534560539,0.053377409038082496]",0.0,,0.0,0.9952401757557237,0.9952401757557237,,0.0,0.05897597988980288
FS-032,mover,rect,1,940,1269,9.396577479634583,9.399999999999844,0.0034225203652611634,False,sustained_or_free,"[4.650153728221472,9.369882743447274]","[4.649468655495266,9.36970852440472]",0.46115441636988275,-0.012409667732043201,"[-0.20044849812323443,-0.050954371435526204]","[-0.20016615040768032,-0.05090372706691526]",3.008967770554773e-10,"[-0.9655454407802129,-0.26023451306186235]","[0.26023451306186235,-0.9655454407802129]","[-0.2141760575267166,0.0]",-5.503643825685925e-06,0.052771145764286806,0.05897597963030841,"[-0.11113744534560539,0.053377409038082496]",0.0003487248356823513,0.10189123758676043,0.0,0.9952401757557237,0.9952401757557237,,0.0,0.05867409150847529
FS-032,mover,rect,1,941,1271,9.403123382552415,9.403123382552415,0.0,True,recontact_or_first_touch,"[4.648845210568574,9.369549929467567]","[4.648845210568574,9.369549929467567]",0.46107939143338955,-0.01113915650537965,"[-0.19960568908811552,-0.05077666103441212]","[-0.19960568908811552,-0.05077666103441212]",5.9488298879029635e-12,"[-0.965365794091846,-0.2609001410452281]","[0.2609001410452281,-0.965365794091846]","[-0.21306548276060028,0.0]",-0.0002540136187332044,0.052529713768408696,0.05809929202109852,"[-0.11633479806758919,0.055027054760598715]",0.0,,0.0,0.9952401757557237,0.9952401757557237,,0.0,0.0580998472996717
FS-032,mover,rect,1,941,1274,9.4056981558581,9.4056981558581,0.0,True,recontact_or_first_touch,"[4.648332457375616,9.369419460014742]","[4.648332457375616,9.369419460014742]",0.46105201266314133,-0.010633468269916586,"[-0.19914498562861063,-0.05067220968053233]","[-0.19914498562861063,-0.05067220968053233]",7.216063188222659e-12,"[-0.9652952347992124,-0.26116107993714105]","[0.26116107993714105,-0.9652952347992124]","[-0.21262853809389617,0.0]",-0.00021800006006376764,0.05243502166458745,0.05775175579954575,"[-0.11633479806758919,0.055027054760598715]",0.0,,0.0,0.9952401757557237,0.9952401757557237,,0.0,0.05775216724881372
FS-032,mover,rect,1,941,1277,9.407917875324642,9.407917875324642,0.0,True,recontact_or_first_touch,"[4.647891290876809,9.369307181329752]","[4.647891290876809,9.369307181329752]",0.4610293733364407,-0.010199183744572573,"[-0.1987487632815816,-0.050582376143404335]","[-0.1987487632815816,-0.050582376143404335]",8.370028159395698e-12,"[-0.9652344526615808,-0.2613856373160135]","[0.2613856373160135,-0.9652344526615808]","[-0.2122517972056949,0.0]",-0.00018791306618978938,0.052353351279055195,0.05745294315134148,"[-0.11633479806758919,0.055027054760598715]",0.0,,0.0,0.9952401757557237,0.9952401757557237,,0.0,0.05745325045660632
FS-032,mover,rect,1,941,1280,9.40983859843467,9.40983859843467,0.0,True,recontact_or_first_touch,"[4.647510206693777,9.369210175587483]","[4.647510206693777,9.369210175587483]",0.46101050292066903,-0.009824641393192099,"[-0.19840662146584717,-0.05050480298937792]","[-0.19840662146584717,-0.05050480298937792]",9.672704723190648e-12,"[-0.9651818933911176,-0.2615796488068927]","[0.2615796488068927,-0.9651818933911176]","[-0.2119257663155178,0.0]",-0.00016259480598891478,0.052282654536579515,0.05719497523317556,"[-0.11633479806758919,0.055027054760598715]",0.0,,0.0,0.9952401757557237,0.9952401757557237,,0.0,0.057195206346472155
FS-032,mover,rect,1,942,1284,9.411788233386414,9.411788233386414,0.0,True,recontact_or_first_touch,"[4.647124009781051,9.3691118507975]","[4.647124009781051,9.3691118507975]",0.46099204694721685,-0.009436873546864646,"[-0.198060505817136,-0.05042646414980777]","[-0.198060505817136,-0.05042646414980777]",1.0389076840957117e-11,"[-0.965128576720657,-0.2617762983869221]","[0.2617762983869221,-0.965128576720657]","[-0.21159479274576629,0.0]",-0.00013812604551956438,0.05221097710744255,0.05692941388087487,"[-0.11910833311182817,0.05695204407973572]",0.0,,0.0,0.9952401757557237,0.9952401757557237,,0.0,0.056929581446339333
FS-032,mover,rect,1,942,1287,9.41321416820285,9.41321416820285,0.0,True,recontact_or_first_touch,"[4.646841948720423,9.369040027486232]","[4.646841948720423,9.369040027486232]",0.4609789947191097,-0.009153453549708394,"[-0.19780782219275367,-0.050369280867779864]","[-0.19780782219275367,-0.050369280867779864]",1.302841531198644e-11,"[-0.9650896033027554,-0.26191994501551485]","[0.26191994501551485,-0.9650896033027554]","[-0.21135270112111681,0.0]",-0.00012069744360208683,0.05215854323548942,0.05673527001034362,"[-0.11910833311182817,0.05695204407973572]",0.0,,0.0,0.9952401757557237,0.9952401757557237,,0.0,0.056735398395006756
FS-032,mover,rect,1,942,1290,9.414462701384178,9.414462701384178,0.0,True,recontact_or_first_touch,"[4.646595254955908,9.368977202197561]","[4.646595254955908,9.368977202197561]",0.46096787550108226,-0.008905825006271998,"[-0.19758687090115956,-0.05031927834238959]","[-0.19758687090115956,-0.05031927834238959]",1.4879327474186996e-11,"[-0.965055493662165,-0.26204559556015283]","[0.26204559556015283,-0.965055493662165]","[-0.21114071282026534,0.0]",-0.00010573565712700995,0.05211262057925891,0.056565533082394905,"[-0.11910833311182817,0.05695204407973572]",0.0,,0.0,0.9952401757557237,0.9952401757557237,,0.0,0.05656563190665621
FS-032,mover,rect,1,942,1293,9.415559507808359,9.415559507808359,0.0,True,recontact_or_first_touch,"[4.64637875304755,9.368922059811991]","[4.64637875304755,9.368922059811991]",0.4609583456818628,-0.008688697485160836,"[-0.1973929980582958,-0.05027540352978667]","[-0.1973929980582958,-0.05027540352978667]",1.6937391111431618e-11,"[-0.9650255408030298,-0.26215588034186854]","[0.26215588034186854,-0.9650255408030298]","[-0.21095447427475722,0.0]",-9.28217520158002e-05,0.052072269216684695,0.05641661795926511,"[-0.11910833311182817,0.05695204407973572]",0.0,,0.0,0.9952401757557237,0.9952401757557237,,0.0,0.05641669431876159
FS-032,mover,rect,1,942,1296,9.41652420737677,9.41652420737677,0.0,True,recontact_or_first_touch,"[4.646188492439977,9.368873596341732]","[4.646188492439977,9.368873596341732]",0.4609501476289289,-0.00849803731890247,"[-0.19722265231854155,-0.05023685284620164]","[-0.19722265231854155,-0.05023685284620164]",1.9256545106752003e-11,"[-0.9649992046983176,-0.2622528072902454]","[0.2622528072902454,-0.9649992046983176]","[-0.2107906583697849,0.0]",-8.164063955155669e-05,0.0520367707194006,0.05628578937885184,"[-0.11910833311182817,0.05695204407973572]",0.0,,0.0,0.9952401757557237,0.9952401757557237,,0.0,0.05628584858791839
FS-032,mover,rect,1,942,1299,9.417374139715186,9.417374139715186,0.0,True,recontact_or_first_touch,"[4.6460209939722406,9.36883092725734]","[4.6460209939722406,9.36883092725734]",0.460943067434747,-0.008330303321660789,"[-0.1970727082217276,-0.050202919060074784]","[-0.1970727082217276,-0.050202919060074784]",2.18565086081837e-11,"[-0.9649760087349244,-0.26233814546499934]","[0.26233814546499934,-0.9649760087349244]","[-0.2106463239898288,0.0]",-7.192711514575172e-05,0.05200548964929157,0.056170641310121956,"[-0.11910833311182817,0.05695204407973572]",0.0,,0.0,0.9952401757557237,0.9952401757557237,,0.0,0.056170687361624255
FS-032,mover,rect,1,942,1302,9.418124067854942,9.418124067854942,0.0,True,recontact_or_first_touch,"[4.645873302740004,9.368793301111443]","[4.645873302740004,9.368793301111443]",0.46093693115176537,-0.008182494636915115,"[-0.1969405125734935,-0.05017300178784687]","[-0.1969405125734935,-0.05017300178784687]",2.4770844554541076e-11,"[-0.9649555475126005,-0.26241339776135153]","[0.26241339776135153,-0.9649555475126005]","[-0.2105189666468381,0.0]",-6.346329031630023e-05,0.05197788468027529,0.056069131998732855,"[-0.11910833311182817,0.05695204407973572]",0.0,,0.0,0.9952401757557237,0.9952401757557237,,0.0,0.05606916791563827
FS-032,mover,rect,1,942,1305,9.418786624492315,9.418786624492315,0.0,True,recontact_or_first_touch,"[4.6457428958242195,9.368760076156297]","[4.6457428958242195,9.368760076156297]",0.46093159620977026,-0.008052054261011845,"[-0.19682380105843728,-0.050146588641841766]","[-0.19682380105843728,-0.050146588641841766]",2.8037115462888222e-11,"[-0.9649374744326361,-0.2624798476751423]","[0.2624798476751423,-0.9649374744326361]","[-0.21040644294094332,0.0]",-5.6068793910318826e-05,0.0519534923678173,0.05597951949832323,"[-0.11910833311182817,0.05695204407973572]",0.0,,0.0,0.9952401757557237,0.9952401757557237,,0.0,0.05597954757716636
FS-032,mover,rect,1,942,1308,9.419371517676572,9.419371517676572,0.0,True,recontact_or_first_touch,"[4.645627835148933,9.368730759387912]","[4.645627835148933,9.368730759387912]",0.4609269539015687,-0.007937018803644922,"[-0.19672083447562533,-0.050123286053640255]","[-0.19672083447562533,-0.050123286053640255]",3.175968134854482e-11,"[-0.9649215231816772,-0.2625384811808584]","[0.2625384811808584,-0.9649215231816772]","[-0.21030710565289612,0.0]",-4.960591358496233e-05,0.05193195652554142,0.05590046592736388,"[-0.11910833311182817,0.05695204407973572]",0.0,,0.0,0.9952401757557237,0.9952401757557237,,0.0,0.055900487937728144
FS-032,mover,rect,1,942,1311,9.419890843312642,9.419890843312642,0.0,True,recontact_or_first_touch,"[4.645525720428975,9.368704739819615]","[4.645525720428975,9.368704739819615]",0.4609228850011505,-0.007834969305568188,"[-0.19662946110392537,-0.050102607092839285]","[-0.19662946110392537,-0.050102607092839285]",3.576924073983057e-11,"[-0.9649073627215302,-0.26259052032733726]","[0.26259052032733726,-0.9649073627215302]","[-0.21021890160334322,0.0]",-4.391847311037596e-05,0.05191283272712412,0.0558303173799082,"[-0.11910833311182817,0.05695204407973572]",0.0,,0.0,0.9952401757557237,0.9952401757557237,,0.0,0.05583033465346651
FS-032,mover,rect,1,943,1315,9.420523102680388,9.420523102680388,0.0,True,recontact_or_first_touch,"[4.645401459782456,9.368673075572591]","[4.645401459782456,9.368673075572591]",0.4609179998239972,-0.007708387301437761,"[-0.19651843803201535,-0.05007752337956882]","[-0.19651843803201535,-0.05007752337956882]",3.551068797752883e-11,"[-0.964890126227523,-0.26265384883651516]","[0.26265384883651516,-0.964890126227523]","[-0.21011151314406376,0.0]",-3.723029515973267e-05,0.05188958135057725,0.05574377500129613,"[-0.12180523065685644,0.05875017033622841]",0.0,,0.0,0.9952401757557237,0.9952401757557237,,0.0,0.05574378743556843
FS-032,mover,rect,1,943,1318,9.420914493055736,9.420914493055736,0.0,True,recontact_or_first_touch,"[4.645324571234684,9.36865348178228]","[4.645324571234684,9.36865348178228]",0.46091501360316584,-0.007629775843968845,"[-0.19644976630778982,-0.05006201364486178]","[-0.19644976630778982,-0.05006201364486178]",4.746057754257964e-11,"[-0.9648794580776975,-0.26269303641263275]","[0.26269303641263275,-0.9648794580776975]","[-0.21004503413412598,0.0]",-3.314772060300161e-05,0.051875190782075746,0.055690078704060175,"[-0.12180523065685644,0.05875017033622841]",0.0,,0.0,0.9952401757557237,0.9952401757557237,,0.0,0.05569008856744841
FS-032,mover,rect,1,943,1321,9.421263691906388,9.421263691906388,0.0,True,recontact_or_first_touch,"[4.645255992589211,9.368636005015018]","[4.645255992589211,9.368636005015018]",0.46091237377152317,-0.007559680215865192,"[-0.19638852002156798,-0.05004818094114178]","[-0.19638852002156798,-0.05004818094114178]",5.319468081766874e-11,"[-0.964869941129772,-0.26272798995202323]","[0.26272798995202323,-0.964869941129772]","[-0.20998572030929932,0.0]",-2.9528138268279658e-05,0.05186235049890237,0.05564219060683497,"[-0.12180523065685644,0.05875017033622841]",0.0,,0.0,0.9952401757557237,0.9952401757557237,,0.0,0.055642198440030176
FS-032,mover,rect,1,943,1324,9.421572546714703,9.421572546714703,0.0,True,recontact_or_first_touch,"[4.645195353775759,9.368620551171155]","[4.645195353775759,9.368620551171155]",0.4609100580660024,-0.007497715620530719,"[-0.19633436753996278,-0.050035950379206974]","[-0.19633436753996278,-0.050035950379206974]",6.014295058046324e-11,"[-0.964861524638956,-0.2627588976065119]","[0.2627588976065119,-0.964861524638956]","[-0.20993325826130155,0.0]",-2.634472754507733e-05,0.051850992904251186,0.05559985071451655,"[-0.12180523065685644,0.05875017033622841]",0.0,,0.0,0.9952401757557237,0.9952401757557237,,0.0,0.0555998569546738
FS-032,mover,rect,1,943,1327,9.421851031803497,9.421851031803497,0.0,True,recontact_or_first_touch,"[4.645140691175765,9.368606619975287]","[4.645140691175765,9.368606619975287]",0.4609079856160958,-0.007441870283094272,"[-0.19628555421344415,-0.05002492567330573]","[-0.19628555421344415,-0.05002492567330573]",6.670147801981258e-11,"[-0.9648539364916436,-0.26278676001004986]","[0.26278676001004986,-0.9648539364916436]","[-0.20988595405781807,0.0]",-2.3488809727063506e-05,0.05184075146853513,0.05556168661008227,"[-0.12180523065685644,0.05875017033622841]",0.0,,0.0,0.9952401757557237,0.9952401757557237,,0.0,0.055561691572475674
FS-032,mover,rect,1,943,1330,9.422099341111098,9.422099341111098,0.0,True,recontact_or_first_touch,"[4.645091962450289,9.368594200760898]","[4.645091962450289,9.368594200760898]",0.46090615008956426,-0.007392097176213303,"[-0.19624204161640002,-0.05001509814232305]","[-0.19624204161640002,-0.05001509814232305]",7.480711014722194e-11,"[-0.9648471711736574,-0.2628115984468554]","[0.2628115984468554,-0.9648471711736574]","[-0.20984377498907322,0.0]",-2.0953921578201543e-05,0.05183161924791342,0.055527667836020075,"[-0.12180523065685644,0.05875017033622841]",0.0,,0.0,0.9952401757557237,0.9952401757557237,,0.0,0.0555276717914021
FS-032,mover,rect,1,943,1333,9.422320951962323,9.422320951962323,0.0,True,recontact_or_first_touch,"[4.645048481688432,9.368583118815687]","[4.645048481688432,9.368583118815687]",0.46090452176118896,-0.007347692436077891,"[-0.19620321665807172,-0.05000632933402631]","[-0.19620321665807172,-0.05000632933402631]",8.381919660418651e-11,"[-0.9648411337480732,-0.26283376234367756]","[0.26283376234367756,-0.9648411337480732]","[-0.20980613057520947,0.0]",-1.8700793770512827e-05,0.05182346853289996,0.05549731475093891,"[-0.12180523065685644,0.05875017033622841]",0.0,,0.0,0.9952401757557237,0.9952401757557237,,0.0,0.055497317900671174
FS-032,mover,rect,1,943,1336,9.422518808996681,9.422518808996681,0.0,True,recontact_or_first_touch,"[4.645009668358816,9.368573226260347]","[4.645009668358816,9.368573226260347]",0.4609030758099867,-0.0073080606255235755,"[-0.1961685605067357,-0.049998502061568306]","[-0.1961685605067357,-0.049998502061568306]",9.38818860926403e-11,"[-0.964835743838293,-0.2628535474594326]","[0.2628535474594326,-0.964835743838293]","[-0.20977252077369968,0.0]",-1.6696511218213667e-05,0.05181619114304233,0.05547022145580412,"[-0.12180523065685644,0.05875017033622841]",0.0,,0.0,0.9952401757557237,0.9952401757557237,,0.0,0.055470223966894217
FS-032,mover,rect,1,943,1339,9.422692318944302,9.422692318944302,0.0,True,recontact_or_first_touch,"[4.6449756364344195,9.368564552213643]","[4.6449756364344195,9.368564552213643]",0.4609018138173085,-0.007273316000058448,"[-0.19613817457516824,-0.04999163922880688]","[-0.19613817457516824,-0.04999163922880688]",1.070552175637857e-10,"[-0.9648310174759679,-0.2628708955291334]","[0.2628708955291334,-0.9648310174759679]","[-0.20974304649407569,0.0]",-1.4944556896131014e-05,0.051809809007303614,0.055446467007332835,"[-0.12180523065685644,0.05875017033622841]",0.0,,0.0,0.9952401757557237,0.9952401757557237,,0.0,0.05544646902439672
FS-032,mover,rect,1,943,1342,9.422851371434323,9.422851371434323,0.0,True,recontact_or_first_touch,"[4.644944444598887,9.368556601919375]","[4.644944444598887,9.368556601919375]",0.4609006620426942,-0.007241474900086288,"[-0.19611032513749269,-0.04998534928394081]","[-0.19611032513749269,-0.04998534928394081]",1.1678600272923664e-10,"[-0.9648266851729425,-0.2628867961275188]","[0.2628867961275188,-0.9648266851729425]","[-0.2097160278715141,0.0]",-1.3343258255834115e-05,0.05180395845764664,0.055424695907689774,"[-0.12180523065685644,0.05875017033622841]",0.0,,0.0,0.9952401757557237,0.9952401757557237,,0.0,0.055424697510106744
FS-032,mover,rect,1,943,1345,9.422993273563918,9.422993273563918,0.0,True,recontact_or_first_touch,"[4.644916619651353,9.368549509688059]","[4.644916619651353,9.368549509688059]",0.4608996384921301,-0.007213074018003697,"[-0.19608548239453416,-0.0499797384030481]","[-0.19608548239453416,-0.0499797384030481]",1.309005532316314e-10,"[-0.9648228202116501,-0.2629009805969498]","[0.2629009805969498,-0.9648228202116501]","[-0.20969192242479948,0.0]",-1.1918393099103267e-05,0.051798738585859726,0.05540527559486157,"[-0.12180523065685644,0.05875017033622841]",0.0,,0.0,0.9952401757557237,0.9952401757557237,,0.0,0.055405276876566045
FS-032,mover,rect,1,943,1348,9.42311588861622,9.42311588861622,0.0,True,recontact_or_first_touch,"[4.644892579251399,9.368543382014211]","[4.644892579251399,9.368543382014211]",0.4608987570691023,-0.007188538529740997,"[-0.19606401907744575,-0.049974890786104405]","[-0.19606401907744575,-0.049974890786104405]",1.5149065043450093e-10,"[-0.9648194807194364,-0.2629132359244721]","[0.2629132359244721,-0.9648194807194364]","[-0.2096710931970413,0.0]",-1.0690065367731025e-05,0.0517942280655068,0.0553884973303773,"[-0.12180523065685644,0.05875017033622841]",0.0,,0.0,0.9952401757557237,0.9952401757557237,,0.0,0.05538849836168596
FS-032,mover,rect,1,943,1351,9.423230496167387,9.423230496167387,0.0,True,recontact_or_first_touch,"[4.644870111133243,9.368537655033588]","[4.644870111133243,9.368537655033588]",0.4608979358361205,-0.007165609713059736,"[-0.1960439598194285,-0.04997036028337896]","[-0.1960439598194285,-0.04997036028337896]",1.6207488176284515e-10,"[-0.9648163594402739,-0.2629246898950655]","[0.2629246898950655,-0.9648163594402739]","[-0.20965162411823626,0.0]",-9.54435219100401e-06,0.051790012004488725,0.055372816861018595,"[-0.12180523065685644,0.05875017033622841]",0.0,,0.0,0.9952401757557237,0.9952401757557237,,0.0,0.0553728176812799
FS-032,mover,rect,1,943,1354,9.423332880941045,9.423332880941045,0.0,True,recontact_or_first_touch,"[4.644850041051321,9.368532539243901]","[4.644850041051321,9.368532539243901]",0.46089720428362413,-0.007145129790515006,"[-0.1960260418096474,-0.049966313390280744]","[-0.1960260418096474,-0.049966313390280744]",1.8142325072472024e-10,"[-0.9648135711448116,-0.2629349214820955]","[0.2629349214820955,-0.9648135711448116]","[-0.2096342312945146,0.0]",-8.52279431322496e-06,0.051786245492734626,0.055358810387992126,"[-0.12180523065685644,0.05875017033622841]",0.0,,0.0,0.9952401757557237,0.9952401757557237,,0.0,0.05535881104197019
FS-032,mover,rect,1,943,1357,9.423420662616488,9.423420662616488,0.0,True,recontact_or_first_touch,"[4.644832834905348,9.368528153421742]","[4.644832834905348,9.368528153421742]",0.46089657861327304,-0.0071275735843881975,"[-0.1960106808949975,-0.04996284402893374]","[-0.1960106808949975,-0.04996284402893374]",2.116040094910121e-10,"[-0.9648111806205227,-0.26294369311628907]","[0.26294369311628907,-0.9648111806205227]","[-0.20961931912534373,0.0]",-7.648409903049727e-06,0.05178301612928535,0.05534680292147945,"[-0.12180523065685644,0.05875017033622841]",0.0,,0.0,0.9952401757557237,0.9952401757557237,,0.0,0.055346803450392494
FS-032,mover,rect,1,943,1360,9.423498693534958,9.423498693534958,0.0,True,recontact_or_first_touch,"[4.644817541077282,9.36852425501576]","[4.644817541077282,9.36852425501576]",0.46089602365975396,-0.007111969588050526,"[-0.19599702739987337,-0.04995976029104517]","[-0.19599702739987337,-0.04995976029104517]",2.3804581942022855e-10,"[-0.9648090556945997,-0.2629514899172372]","[0.2629514899172372,-0.9648090556945997]","[-0.20960606333508364,0.0]",-6.872294874265411e-06,0.05178014542463261,0.05533613021865788,"[-0.12180523065685644,0.05875017033622841]",0.0,,0.0,0.9952401757557237,0.9952401757557237,,0.0,0.055336130654709985
FS-032,mover,rect,1,943,1363,9.42357393162174,9.42357393162174,0.0,True,recontact_or_first_touch,"[4.644802795626346,9.368520496362672]","[4.644802795626346,9.368520496362672]",0.4608954897006252,-0.00709692592640055,"[-0.19598386358722295,-0.04995678716749258]","[-0.19598386358722295,-0.04995678716749258]",2.4688181809893606e-10,"[-0.9648070068749656,-0.2629590072330102]","[0.2629590072330102,-0.9648070068749656]","[-0.20959328193439974,0.0]",-6.1249772657420015e-06,0.05177737743775053,0.05532584040095081,"[-0.12180523065685644,0.05875017033622841]",0.0,,0.0,0.9952401757557237,0.9952401757557237,,0.0,0.055325840741123435
FS-032,mover,rect,1,943,1364,9.42357393162174,9.429999999999843,0.006426068378102225,False,sustained_or_free,"[4.644802795626346,9.368520496362672]","[4.6435467785835005,9.368200057946163]",0.4608954897006252,-0.00709692592640055,"[-0.19598386358722295,-0.04995678716749258]","[-0.1954565325082942,-0.049865391660115464]",2.4688181809893606e-10,"[-0.9648070068749656,-0.2629590072330102]","[0.2629590072330102,-0.9648070068749656]","[-0.20959328193439974,0.0]",-6.1249772657420015e-06,0.05177737743775053,0.05532584040095081,"[-0.12180523065685644,0.05875017033622841]",0.0006149832215087135,0.09570131927079387,0.0,0.9952401757557237,0.9952401757557237,,0.0,0.05473975364972663
FS-032,mover,rect,1,944,1366,9.43621774025946,9.43621774025946,0.0,True,recontact_or_first_touch,"[4.64233818902708,9.367891520309367]","[4.64233818902708,9.367891520309367]",0.4608297232714435,-0.004563555234775027,"[-0.19437762047896467,-0.04962214951303509]","[-0.19437762047896467,-0.04962214951303509]",2.9871619457558286e-12,"[-0.9644632695904082,-0.26421695935533707]","[0.26421695935533707,-0.9644632695904082]","[-0.20744462262017951,0.0]",-0.0005083698521491219,0.05131126413708737,0.05359304175447488,"[-0.12474107664671244,0.06058619668907821]",0.0,,0.0,0.9952401757557237,0.9952401757557237,,0.0,0.05359545283338084
FS-032,mover,rect,1,945,1370,9.44632352602414,9.44632352602414,0.0,True,recontact_or_first_touch,"[4.640387306201727,9.367393079718788]","[4.640387306201727,9.367393079718788]",0.46079937264257487,-0.0025230911479170825,"[-0.1926403242381444,-0.04923101285645045]","[-0.1926403242381444,-0.04923101285645045]",2.9368230393992682e-12,"[-0.9641896176511564,-0.26521384053951036]","[0.26521384053951036,-0.9641896176511564]","[-0.20572622225803117,0.0]",-0.00043945898489258263,0.05093859273340266,0.052200138307361206,"[-0.12727178463708544,0.06215253768238693]",0.0,,0.0,0.9952401757557237,0.9952401757557237,,0.0,0.05220198811844696
FS-032,mover,rect,1,946,1374,9.455524775120962,9.455524775120962,0.0,True,recontact_or_first_touch,"[4.638625719558949,9.366942552279482]","[4.638625719558949,9.366942552279482]",0.4607891899232219,-0.0006565417038020121,"[-0.19107665515951333,-0.04887975540897776]","[-0.19107665515951333,-0.04887975540897776]",3.3610013916404056e-12,"[-0.9639413169055719,-0.2661148954161566]","[0.2661148954161566,-0.9639413169055719]","[-0.20416082866878751,0.0]",-0.0003952555554766774,0.05059910926397962,0.05092738011588063,"[-0.1297443081280598,0.0636268224507016]",0.0,,0.0,0.9952401757557237,0.9952401757557237,,0.0,0.05092891391375308
FS-032,mover,rect,1,947,1378,9.464380454257233,9.464380454257233,0.0,True,recontact_or_first_touch,"[4.6369435050952745,9.366511908667755]","[4.6369435050952745,9.366511908667755]",0.46079532252797506,0.0011459004350774088,"[-0.1895879014664663,-0.04854604895636204]","[-0.1895879014664663,-0.04854604895636204]",4.238486526599494e-12,"[-0.963703127479209,-0.2669761826208314]","[0.2669761826208314,-0.963703127479209]","[-0.20265351024766615,0.0]",-0.0003692707868314365,0.05027218556202684,0.049699235344488134,"[-0.1321626078731864,0.06501801808248184]",0.0,,0.0,0.9952401757557237,0.9952401757557237,,0.0,0.04970060718689454
FS-032,mover,rect,1,947,1381,9.4686646073257,9.4686646073257,0.0,True,recontact_or_first_touch,"[4.636134343675188,9.366304615491197]","[4.636134343675188,9.366304615491197]",0.4608039649382683,0.002017297270925889,"[-0.18887313481916204,-0.04838603412281725]","[-0.18887313481916204,-0.04838603412281725]",4.3335293985628945e-12,"[-0.963588177943437,-0.267390768964913]","[0.267390768964913,-0.963588177943437]","[-0.20192405728175056,0.0]",-0.0003622642750558819,0.05011390665128744,0.04910525801582449,"[-0.1321626078731864,0.06501801808248184]",0.0,,0.0,0.9952401757557237,0.9952401757557237,,0.0,0.049106594263915206
FS-032,mover,rect,1,948,1385,9.475029840814965,9.475029840814965,0.0,True,recontact_or_first_touch,"[4.634937723119961,9.36599787857498]","[4.634937723119961,9.36599787857498]",0.4608237203303278,0.003320268195107631,"[-0.18781855641155562,-0.0481504263203461]","[-0.18781855641155562,-0.0481504263203461]",3.690819451889123e-12,"[-0.9634177317384988,-0.2680042428243373]","[0.2680042428243373,-0.9634177317384988]","[-0.20083996347511726,0.0]",-0.0003594640904331769,0.04987876684836686,0.04821863275081305,"[-0.13453025014849437,0.06633422769752524]",0.0,,0.0,0.9952401757557237,0.9952401757557237,,0.0,0.04821997261290593
FS-032,mover,rect,1,948,1388,9.47930855202437,9.47930855202437,0.0,True,recontact_or_first_touch,"[4.634137117448929,9.36579253018171]","[4.634137117448929,9.36579253018171]",0.46084165718819964,0.0041921169702677065,"[-0.18711374333289188,-0.047993048191173504]","[-0.18711374333289188,-0.047993048191173504]",4.338480323805367e-12,"[-0.9633033894816412,-0.26841493962367646]","[0.26841493962367646,-0.9633033894816412]","[-0.20011103467556846,0.0]",-0.0003617163281092947,0.049720533165129054,0.0476244746799952,"[-0.13453025014849437,0.06633422769752524]",0.0,,0.0,0.9952401757557237,0.9952401757557237,,0.0,0.047625848309848604
FS-032,mover,rect,1,949,1392,9.484897920305727,9.484897920305727,0.0,True,recontact_or_first_touch,"[4.63309582722907,9.365525294636763]","[4.63309582722907,9.365525294636763]",0.46087080897423766,0.005340250825266501,"[-0.18619930580289085,-0.047789342380351554]","[-0.18619930580289085,-0.047789342380351554]",3.7897701269195926e-12,"[-0.963154304614922,-0.268949410673729]","[0.268949410673729,-0.963154304614922]","[-0.19915857803510784,0.0]",-0.00037113663454419084,0.0495138994579671,0.046843774045333846,"[-0.13685044657562687,0.06758277183667095]",0.0,,0.0,0.9952401757557237,0.9952401757557237,,0.0,0.046845244254098285
FS-032,mover,rect,1,949,1395,9.48942648986892,9.48942648986892,0.0,True,recontact_or_first_touch,"[4.632255948057324,9.365309620461733]","[4.632255948057324,9.365309620461733]",0.46089918066952884,0.00626504570489193,"[-0.1854623540670472,-0.04762523176907532]","[-0.1854623540670472,-0.04762523176907532]",4.0986233620635415e-12,"[-0.963033751562729,-0.26938075905865355]","[0.26938075905865355,-0.963033751562729]","[-0.19838668666142273,0.0]",-0.0003827525794918851,0.04934627214421645,0.04621374929177048,"[-0.13685044657562687,0.06758277183667095]",0.0,,0.0,0.9952401757557237,0.9952401757557237,,0.0,0.046215334285634985
FS-032,mover,rect,1,950,1399,9.495223728732153,9.495223728732153,0.0,True,recontact_or_first_touch,"[4.631185724752117,9.365034624365169]","[4.631185724752117,9.365034624365169]",0.4609417991254902,0.007457985746253607,"[-0.184525691287368,-0.047417169856835466]","[-0.184525691287368,-0.047417169856835466]",3.5529733410583285e-12,"[-0.9628797378329166,-0.2699307512507864]","[0.2699307512507864,-0.9628797378329166]","[-0.19739829116466406,0.0]",-0.0004045866865628831,0.04913174263595791,0.04540274976283112,"[-0.1391260886092901,0.06877026356538757]",0.0,,0.0,0.9952401757557237,0.9952401757557237,,0.0,0.045404552375430486
FS-032,mover,rect,1,951,1403,9.505680316863458,9.505680316863458,0.0,True,recontact_or_first_touch,"[4.629269386479973,9.364541724053419]","[4.629269386479973,9.364541724053419]",0.46103664548592854,0.009605475088164221,"[-0.18285232566389956,-0.047046152167930295]","[-0.18285232566389956,-0.047046152167930295]",3.2669946994095302e-12,"[-0.9626028370604285,-0.2709165518812284]","[0.2709165518812284,-0.9626028370604285]","[-0.19561476888619145,0.0]",-0.0004604172710144412,0.048744316660989606,0.04394157911690749,"[-0.1413597795325296,0.06990267550483867]",0.0,,0.0,0.9952401757557237,0.9952401757557237,,0.0,0.04394399116329615
FS-032,mover,rect,1,952,1407,9.517353731969031,9.517353731969031,0.0,True,recontact_or_first_touch,"[4.627151391326888,9.363996186918753]","[4.627151391326888,9.363996186918753]",0.46117023943242325,0.012005410353184488,"[-0.18100905357439903,-0.04663867150290923]","[-0.18100905357439903,-0.04663867150290923]",2.5232602908730516e-12,"[-0.9622950957609862,-0.2720076261327148]","[0.2720076261327148,-0.9622950957609862]","[-0.19362259124003134,0.0]",-0.0005481288856553843,0.04831114329762144,0.042308438121029204,"[-0.14355386274711623,0.07113600509776445]",0.0,,0.0,0.9952401757557237,0.9952401757557237,,0.0,0.04231198862624101
FS-032,mover,rect,1,953,1411,9.529040566758189,9.529040566758189,0.0,True,recontact_or_first_touch,"[4.625053520359509,9.363454998320055]","[4.625053520359509,9.363454998320055]",0.46133372891662633,0.01441143062113562,"[-0.17918893646747092,-0.046237415777753636]","[-0.17918893646747092,-0.046237415777753636]",2.0522180038477594e-12,"[-0.9619884875025526,-0.27309000331859673]","[0.27309000331859673,-0.9619884875025526]","[-0.19162696404607243,0.0]",-0.0006617366903361663,0.04787656266278497,0.04067084735221717,"[-0.14571005510458113,0.07245919406533682]",0.0,,0.0,0.9952401757557237,0.9952401757557237,,0.0,0.04067623040303979
