life_id,event_index,native_index,time,duration,damage,restoration,integrity_before,integrity_after,energy_before,energy_after,colliders,prior_handoff_native,prior_time,prior_actual_integrity,prior_old_I_mean,prior_I_trend,prior_eligibility_norm,prior_previous_I_exploration_draw_norm,prior_previous_features_norm,prior_I_learning_norm,prior_I_reference_force_norm,prior_I_projection_norm,prior_I_bank_before_norm,prior_I_bank_after_norm,prior_I_bank_applied_update_norm,prior_I_reference_before_norm,prior_I_reference_after_norm,prior_learned_I_norm,prior_exploration_I_norm,prior_actual_body_feature_norm,prior_associative_feature_norm,next_handoff_native,next_time,next_actual_integrity,next_old_I_mean,next_I_trend,next_eligibility_norm,next_previous_I_exploration_draw_norm,next_previous_features_norm,next_I_learning_norm,next_I_reference_force_norm,next_I_projection_norm,next_I_bank_before_norm,next_I_bank_after_norm,next_I_bank_applied_update_norm,next_I_reference_before_norm,next_I_reference_after_norm,next_learned_I_norm,next_exploration_I_norm,next_actual_body_feature_norm,next_associative_feature_norm
FS-002,16082,16081,160.8075353959947,0.0,0.0010886440624954332,0.0,1.0,0.9989113559375046,0.4376287729640927,0.4376287729640927,"[""wall-2""]",16080,160.79999999999873,1.0,1.0,0.0,0.9730239726276455,3.4641016151377544,2.1122943706694173,0.0,0.0,0.0,0.0,0.0,0.0,0.0,0.0,0.0,0.3464101615137755,1.972520441480997,5.808782026230291e-07,16100,160.99999999999855,0.9989113559375046,1.0,-0.0005443220312477126,0.9273934779440812,3.4641016151377544,2.1122621580375345,5.0480070168040314e-06,0.0,0.0,0.0,5.0480070168040314e-06,5.0480070168040314e-06,0.0,2.019162423203927e-10,1.0655232271746127e-05,0.3464101615137755,1.9704281825905259,5.277656461678779e-07
FS-002,22485,22481,224.80426875135157,0.0,0.0003524953582993502,0.0,0.9989113559375046,0.9985588605792052,0.3333172616733608,0.3333172616733608,"[""wall-2""]",22480,224.79999999994052,0.9989113559375046,0.9989113559375051,-2.7755575615628914e-16,1.200140799527726,3.4641016151377544,2.1070026372943302,3.3310598710693146e-18,9.50583740251871e-10,0.0,4.8123841125837465e-05,4.8122890542111216e-05,9.505837419141763e-10,5.947174955928174e-07,5.966183825365992e-07,0.0001009967033725808,0.3464101615137755,1.9415954993889843,4.4764844173142393e-07,22500,224.99999999994034,0.9985588605792052,0.9989113559375051,-0.00017624767914997674,1.1064286269483563,3.4641016151377544,2.1070109050085115,1.950054776447432e-06,9.505267067483314e-10,0.0,4.8122890542111216e-05,4.70843851630307e-05,1.950574463347168e-06,5.966183825365992e-07,5.984763736703902e-07,9.877579813628505e-05,0.3464101615137755,1.9408738928476283,3.805472819060537e-07
FS-002,23654,23647,236.46376291711957,0.0,5.730962987917854e-05,0.0,0.9985588605792052,0.998501550949326,0.3143889106619285,0.3143889106619285,"[""wall-2""]",23640,236.39999999992997,0.9985588605792052,0.9985600400164978,-5.897186463044157e-07,1.0238686160996724,3.4641016151377544,2.1071890955507078,6.0379441427987455e-09,8.635996625076287e-10,0.0,4.3819017795302295e-05,4.3816563185990805e-05,6.319128101549557e-09,6.889205099068461e-07,6.905208708510461e-07,9.175378777373077e-05,0.3464101615137755,1.9380463897758147,8.434514547696987e-07,23660,236.5999999999298,0.998501550949326,0.9985599277781998,-2.9188414436887022e-05,1.0684871890333665,3.4641016151377544,2.1072048010325823,3.118744689401035e-07,8.635162589933759e-10,0.0,4.3816563185990805e-05,4.370908783146973e-05,3.1217126968521357e-07,6.905208708510461e-07,6.921158091294392e-07,9.152065366200967e-05,0.3464101615137755,1.937893551577243,8.650736750315449e-07
FS-002,33462,33452,334.51580667591276,0.0,0.0002630665813809888,0.0,0.998501550949326,0.998238484367945,0.15458243611533765,0.15458243611533765,"[""wall-2""]",33440,334.3999999998409,0.998501550949326,0.9985015509493266,-2.7755575615628914e-16,0.8469496699362953,3.4641016151377544,2.129469598436013,2.3507575606548796e-18,8.174685161867452e-10,0.0,4.232149317356919e-05,4.232067572173597e-05,8.17468514678565e-10,1.4722418826787865e-06,1.4738489809578714e-06,8.744568928224008e-05,0.3464101615137755,1.9428732557882415,6.62055001984221e-07,33460,334.5999999998407,0.998238484367945,0.9985015509493266,-0.00013153329069076625,0.8984849065169314,3.4641016151377544,2.129545962067553,1.1818067639015748e-06,8.174194693837321e-10,0.0,4.232067572173597e-05,4.301541853772998e-05,1.181333654967953e-06,1.4738489809578714e-06,1.475483533071407e-06,8.895006062217245e-05,0.3464101615137755,1.942418451290082,7.542340190826737e-07
FS-002,34248,34235,342.34273548480826,0.0,0.00047506024678227655,0.0,0.998238484367945,0.9977634241211628,0.14180177902111804,0.14180177902111804,"[""wall-2""]",34220,342.1999999998338,0.998238484367945,0.9982443693704203,-2.942501237612749e-06,1.3531908210621266,3.4641016151377544,2.132123509707633,3.98176566570152e-08,9.890602799364631e-10,0.0,5.0962830831815426e-05,5.095868440250106e-05,3.990883945660542e-08,1.5446277255802367e-06,1.5465597555434688e-06,0.00010620024878015873,0.3464101615137755,1.9450081441837643,3.548940360489271e-07,34240,342.3999999998336,0.9977634241211628,0.9982438093383899,-0.00024019260861352087,1.3265088432395502,3.4641016151377544,2.1322012048034793,3.1861761940661168e-06,9.889376486834628e-10,0.0,5.095868440250106e-05,5.0580351565217876e-05,3.186323810065555e-06,1.5465597555434688e-06,1.5484726232041163e-06,0.00010533706995225286,0.3464101615137755,1.9441359620523913,2.5448092107667564e-07
FS-002,34948,34932,349.31446669804245,0.0,0.0006087328151368974,0.0,0.9977634241211628,0.997154691306026,0.13053104567938273,0.13053104567938273,"[""wall-2""]",34920,349.1999999998274,0.9977634241211628,0.9977794561467024,-8.016012769784808e-06,1.0985252655359823,3.4641016151377544,2.134263013851307,8.805792556467682e-08,9.890599497123898e-10,0.0,5.077750314152363e-05,5.078071818684674e-05,8.80042772418411e-08,1.6044001793650817e-06,1.6060220521388021e-06,0.00010571695784282833,0.3464101615137755,1.9466960812838994,1.1288494890740882e-06,34940,349.39999999982723,0.997154691306026,0.9977779304977579,-0.0003116195958659529,1.1263196046852288,3.4641016151377544,2.1343475299364356,3.509832600279108e-06,9.891075554464102e-10,0.0,5.078071818684674e-05,5.103083688585741e-05,3.5097844026957374e-06,1.6060220521388021e-06,1.6075983799699506e-06,0.00010622208923707885,0.3464101615137755,1.9455680111352138,1.0995946117733784e-06
FS-002,36294,36275,362.7429775602577,0.0,7.926128807415001e-05,0.0,0.997154691306026,0.9970754300179518,0.10852726153139969,0.10852726153139969,"[""wall-2""]",36260,362.5999999998152,0.997154691306026,0.997155539140702,-4.2391733801050435e-07,0.9572081410807466,3.4641016151377544,2.139280927861964,4.057771270889335e-09,1.3853984629258118e-09,0.0,7.032460743017639e-05,7.032222385068062e-05,4.593614954092082e-09,1.7104951699649557e-06,1.7121837172902212e-06,0.00014828001455975288,0.3464101615137755,1.9513277948907395,9.849571341481035e-07,36280,362.79999999981504,0.9970754300179518,0.9971554584585651,-4.0014220306638926e-05,0.8638948579077023,3.4641016151377544,2.13937435669415,3.456807916609133e-07,1.3852957364560127e-09,0.0,7.032222385068062e-05,7.023729846878548e-05,3.4601628973120967e-07,1.7121837172902212e-06,1.7138708329091781e-06,0.0001480899356911394,0.3464101615137755,1.951265315056936,9.636391711460785e-07
FS-002,36931,36909,369.0807332728944,0.0,0.00041324518630564183,0.0,0.9970754300179518,0.9966621848316463,0.09830875598822064,0.09830875598822064,"[""wall-2""]",36900,368.9999999998094,0.9970754300179518,0.9970790352353702,-1.8026087091893572e-06,1.0491945747056959,3.4641016151377544,2.1421309249276788,1.8912872779987117e-08,1.3515586049961467e-09,0.0,6.870355921338673e-05,6.869907815764256e-05,1.9185486611871262e-08,1.7642799866590897e-06,1.7659848322143342e-06,0.00014481285211129303,0.3464101615137755,1.9542508043908933,2.9299496132428283e-07,36920,369.1999999998092,0.9966621848316463,0.9970786921535721,-0.00020825366096294262,0.9507439783673175,3.4641016151377544,2.142224802828098,1.979959141334666e-06,1.3514142375617061e-09,0.0,6.869907815764256e-05,6.845224680012416e-05,1.9801469609352167e-06,1.7659848322143342e-06,1.7676864979392938e-06,0.00014423821848542619,0.3464101615137755,1.9535283440154698,5.040828048749785e-07
FS-010,694,693,6.928214356550966,0.0,0.014887785596297227,0.0,1.0,0.9851122144037028,0.6888230030530391,0.6888230030530391,"[""mover""]",680,6.7999999999998995,1.0,1.0,0.0,1.148530743315781,3.4641016151377544,2.173832516327134,0.0,0.0,0.0,0.0,0.0,0.0,0.0,0.0,0.0,0.3464101615137755,2.126266660792925,2.3471178820927007e-08,700,6.999999999999895,0.9846873095948999,1.0,-0.007656345202550041,1.216646705682643,3.4641016151377544,2.1737036056205037,9.31506716825162e-05,0.0,0.0,0.0,9.31506716825162e-05,9.31506716825162e-05,0.0,3.725952347756898e-09,0.00020095311579320074,0.3464101615137755,2.102230396533738,2.4470473926621035e-08
FS-010,695,693,6.929999999999897,0.0017856434489308508,1.676945826254489e-05,0.0,0.9851122144037028,0.9850954449454402,0.6888230030530391,0.6888200443324516,"[""mover""]",680,6.7999999999998995,1.0,1.0,0.0,1.148530743315781,3.4641016151377544,2.173832516327134,0.0,0.0,0.0,0.0,0.0,0.0,0.0,0.0,0.0,0.3464101615137755,2.126266660792925,2.3471178820927007e-08,700,6.999999999999895,0.9846873095948999,1.0,-0.007656345202550041,1.216646705682643,3.4641016151377544,2.1737036056205037,9.31506716825162e-05,0.0,0.0,0.0,9.31506716825162e-05,9.31506716825162e-05,0.0,3.725952347756898e-09,0.00020095311579320074,0.3464101615137755,2.102230396533738,2.4470473926621035e-08
FS-010,697,694,6.931353109222331,0.0,1.6037123550649567e-06,0.0,0.9850954449454402,0.9850938412330852,0.6888178012752533,0.6888178012752533,"[""mover""]",680,6.7999999999998995,1.0,1.0,0.0,1.148530743315781,3.4641016151377544,2.173832516327134,0.0,0.0,0.0,0.0,0.0,0.0,0.0,0.0,0.0,0.3464101615137755,2.126266660792925,2.3471178820927007e-08,700,6.999999999999895,0.9846873095948999,1.0,-0.007656345202550041,1.216646705682643,3.4641016151377544,2.1737036056205037,9.31506716825162e-05,0.0,0.0,0.0,9.31506716825162e-05,9.31506716825162e-05,0.0,3.725952347756898e-09,0.00020095311579320074,0.3464101615137755,2.102230396533738,2.4470473926621035e-08
FS-010,698,694,6.9399999999998965,0.008646890777565829,8.059895322722124e-05,0.0,0.9850938412330852,0.985013242279858,0.6888178012752533,0.6888034672730305,"[""mover""]",680,6.7999999999998995,1.0,1.0,0.0,1.148530743315781,3.4641016151377544,2.173832516327134,0.0,0.0,0.0,0.0,0.0,0.0,0.0,0.0,0.0,0.3464101615137755,2.126266660792925,2.3471178820927007e-08,700,6.999999999999895,0.9846873095948999,1.0,-0.007656345202550041,1.216646705682643,3.4641016151377544,2.1737036056205037,9.31506716825162e-05,0.0,0.0,0.0,9.31506716825162e-05,9.31506716825162e-05,0.0,3.725952347756898e-09,0.00020095311579320074,0.3464101615137755,2.102230396533738,2.4470473926621035e-08
FS-010,700,695,6.946585231698603,0.0,7.516821469573107e-06,0.0,0.985013242279858,0.9850057254583884,0.6887925465378872,0.6887925465378872,"[""mover""]",680,6.7999999999998995,1.0,1.0,0.0,1.148530743315781,3.4641016151377544,2.173832516327134,0.0,0.0,0.0,0.0,0.0,0.0,0.0,0.0,0.0,0.3464101615137755,2.126266660792925,2.3471178820927007e-08,700,6.999999999999895,0.9846873095948999,1.0,-0.007656345202550041,1.216646705682643,3.4641016151377544,2.1737036056205037,9.31506716825162e-05,0.0,0.0,0.0,9.31506716825162e-05,9.31506716825162e-05,0.0,3.725952347756898e-09,0.00020095311579320074,0.3464101615137755,2.102230396533738,2.4470473926621035e-08
FS-010,701,695,6.949999999999896,0.003414768301293435,3.1608771863136706e-05,0.0,0.9850057254583884,0.9849741166865252,0.6887925465378872,0.6887868835966423,"[""mover""]",680,6.7999999999998995,1.0,1.0,0.0,1.148530743315781,3.4641016151377544,2.173832516327134,0.0,0.0,0.0,0.0,0.0,0.0,0.0,0.0,0.0,0.3464101615137755,2.126266660792925,2.3471178820927007e-08,700,6.999999999999895,0.9846873095948999,1.0,-0.007656345202550041,1.216646705682643,3.4641016151377544,2.1737036056205037,9.31506716825162e-05,0.0,0.0,0.0,9.31506716825162e-05,9.31506716825162e-05,0.0,3.725952347756898e-09,0.00020095311579320074,0.3464101615137755,2.102230396533738,2.4470473926621035e-08
FS-010,703,696,6.95261257846137,0.0,2.8776786021000863e-06,0.0,0.9849741166865252,0.9849712390079232,0.6887825494911022,0.6887825494911022,"[""mover""]",680,6.7999999999998995,1.0,1.0,0.0,1.148530743315781,3.4641016151377544,2.173832516327134,0.0,0.0,0.0,0.0,0.0,0.0,0.0,0.0,0.0,0.3464101615137755,2.126266660792925,2.3471178820927007e-08,700,6.999999999999895,0.9846873095948999,1.0,-0.007656345202550041,1.216646705682643,3.4641016151377544,2.1737036056205037,9.31506716825162e-05,0.0,0.0,0.0,9.31506716825162e-05,9.31506716825162e-05,0.0,3.725952347756898e-09,0.00020095311579320074,0.3464101615137755,2.102230396533738,2.4470473926621035e-08
FS-010,704,696,6.959999999999896,0.007387421538526744,6.786346451717735e-05,0.0,0.9849712390079232,0.984903375543406,0.6887825494911022,0.6887702942172073,"[""mover""]",680,6.7999999999998995,1.0,1.0,0.0,1.148530743315781,3.4641016151377544,2.173832516327134,0.0,0.0,0.0,0.0,0.0,0.0,0.0,0.0,0.0,0.3464101615137755,2.126266660792925,2.3471178820927007e-08,700,6.999999999999895,0.9846873095948999,1.0,-0.007656345202550041,1.216646705682643,3.4641016151377544,2.1737036056205037,9.31506716825162e-05,0.0,0.0,0.0,9.31506716825162e-05,9.31506716825162e-05,0.0,3.725952347756898e-09,0.00020095311579320074,0.3464101615137755,2.102230396533738,2.4470473926621035e-08
FS-010,706,697,6.96568334324963,0.0,5.992534473935328e-06,0.0,0.984903375543406,0.984897383008932,0.6887608631220216,0.6887608631220216,"[""mover""]",680,6.7999999999998995,1.0,1.0,0.0,1.148530743315781,3.4641016151377544,2.173832516327134,0.0,0.0,0.0,0.0,0.0,0.0,0.0,0.0,0.0,0.3464101615137755,2.126266660792925,2.3471178820927007e-08,700,6.999999999999895,0.9846873095948999,1.0,-0.007656345202550041,1.216646705682643,3.4641016151377544,2.1737036056205037,9.31506716825162e-05,0.0,0.0,0.0,9.31506716825162e-05,9.31506716825162e-05,0.0,3.725952347756898e-09,0.00020095311579320074,0.3464101615137755,2.102230396533738,2.4470473926621035e-08
FS-010,707,697,6.969999999999896,0.004316656750265949,3.9356889818713464e-05,0.0,0.984897383008932,0.9848580261191133,0.6887608631220216,0.6887536999437818,"[""mover""]",680,6.7999999999998995,1.0,1.0,0.0,1.148530743315781,3.4641016151377544,2.173832516327134,0.0,0.0,0.0,0.0,0.0,0.0,0.0,0.0,0.0,0.3464101615137755,2.126266660792925,2.3471178820927007e-08,700,6.999999999999895,0.9846873095948999,1.0,-0.007656345202550041,1.216646705682643,3.4641016151377544,2.1737036056205037,9.31506716825162e-05,0.0,0.0,0.0,9.31506716825162e-05,9.31506716825162e-05,0.0,3.725952347756898e-09,0.00020095311579320074,0.3464101615137755,2.102230396533738,2.4470473926621035e-08
FS-010,709,698,6.973338741141893,0.0,3.372322061527822e-06,0.0,0.9848580261191133,0.9848546537970518,0.688748158168639,0.688748158168639,"[""mover""]",680,6.7999999999998995,1.0,1.0,0.0,1.148530743315781,3.4641016151377544,2.173832516327134,0.0,0.0,0.0,0.0,0.0,0.0,0.0,0.0,0.0,0.3464101615137755,2.126266660792925,2.3471178820927007e-08,700,6.999999999999895,0.9846873095948999,1.0,-0.007656345202550041,1.216646705682643,3.4641016151377544,2.1737036056205037,9.31506716825162e-05,0.0,0.0,0.0,9.31506716825162e-05,9.31506716825162e-05,0.0,3.725952347756898e-09,0.00020095311579320074,0.3464101615137755,2.102230396533738,2.4470473926621035e-08
FS-010,710,698,6.979999999999896,0.006661258858003142,6.0258282223607126e-05,0.0,0.9848546537970518,0.9847943955148283,0.688748158168639,0.6887371015466401,"[""mover""]",680,6.7999999999998995,1.0,1.0,0.0,1.148530743315781,3.4641016151377544,2.173832516327134,0.0,0.0,0.0,0.0,0.0,0.0,0.0,0.0,0.0,0.3464101615137755,2.126266660792925,2.3471178820927007e-08,700,6.999999999999895,0.9846873095948999,1.0,-0.007656345202550041,1.216646705682643,3.4641016151377544,2.1737036056205037,9.31506716825162e-05,0.0,0.0,0.0,9.31506716825162e-05,9.31506716825162e-05,0.0,3.725952347756898e-09,0.00020095311579320074,0.3464101615137755,2.102230396533738,2.4470473926621035e-08
FS-010,712,699,6.9851835765460475,0.0,4.976720308569326e-06,0.0,0.9847943955148283,0.9847894187945198,0.6887284958618303,0.6887284958618303,"[""mover""]",680,6.7999999999998995,1.0,1.0,0.0,1.148530743315781,3.4641016151377544,2.173832516327134,0.0,0.0,0.0,0.0,0.0,0.0,0.0,0.0,0.0,0.3464101615137755,2.126266660792925,2.3471178820927007e-08,700,6.999999999999895,0.9846873095948999,1.0,-0.007656345202550041,1.216646705682643,3.4641016151377544,2.1737036056205037,9.31506716825162e-05,0.0,0.0,0.0,9.31506716825162e-05,9.31506716825162e-05,0.0,3.725952347756898e-09,0.00020095311579320074,0.3464101615137755,2.102230396533738,2.4470473926621035e-08
FS-010,713,699,6.989999999999895,0.004816423453847984,4.322332292391283e-05,0.0,0.9847894187945198,0.9847461954715958,0.6887284958618303,0.6887204997182823,"[""mover""]",680,6.7999999999998995,1.0,1.0,0.0,1.148530743315781,3.4641016151377544,2.173832516327134,0.0,0.0,0.0,0.0,0.0,0.0,0.0,0.0,0.0,0.3464101615137755,2.126266660792925,2.3471178820927007e-08,700,6.999999999999895,0.9846873095948999,1.0,-0.007656345202550041,1.216646705682643,3.4641016151377544,2.1737036056205037,9.31506716825162e-05,0.0,0.0,0.0,9.31506716825162e-05,9.31506716825162e-05,0.0,3.725952347756898e-09,0.00020095311579320074,0.3464101615137755,2.102230396533738,2.4470473926621035e-08
FS-010,715,700,6.993770727547639,0.0,3.4385993477248356e-06,0.0,0.9847461954715958,0.9847427568722481,0.6887142385739043,0.6887142385739043,"[""mover""]",680,6.7999999999998995,1.0,1.0,0.0,1.148530743315781,3.4641016151377544,2.173832516327134,0.0,0.0,0.0,0.0,0.0,0.0,0.0,0.0,0.0,0.3464101615137755,2.126266660792925,2.3471178820927007e-08,700,6.999999999999895,0.9846873095948999,1.0,-0.007656345202550041,1.216646705682643,3.4641016151377544,2.1737036056205037,9.31506716825162e-05,0.0,0.0,0.0,9.31506716825162e-05,9.31506716825162e-05,0.0,3.725952347756898e-09,0.00020095311579320074,0.3464101615137755,2.102230396533738,2.4470473926621035e-08
FS-010,716,700,6.999999999999895,0.0062292724522567105,5.544727734813446e-05,0.0,0.9847427568722481,0.9846873095948999,0.6887142385739043,0.6887038951126758,"[""mover""]",680,6.7999999999998995,1.0,1.0,0.0,1.148530743315781,3.4641016151377544,2.173832516327134,0.0,0.0,0.0,0.0,0.0,0.0,0.0,0.0,0.0,0.3464101615137755,2.126266660792925,2.3471178820927007e-08,700,6.999999999999895,0.9846873095948999,1.0,-0.007656345202550041,1.216646705682643,3.4641016151377544,2.1737036056205037,9.31506716825162e-05,0.0,0.0,0.0,9.31506716825162e-05,9.31506716825162e-05,0.0,3.725952347756898e-09,0.00020095311579320074,0.3464101615137755,2.102230396533738,2.4470473926621035e-08
FS-010,718,701,7.004905046533882,0.0,4.247738932889876e-06,0.0,0.9846873095948999,0.984683061855967,0.6886957356964799,0.6886957356964799,"[""mover""]",700,6.999999999999895,0.9846873095948999,1.0,-0.007656345202550041,1.216646705682643,3.4641016151377544,2.1737036056205037,9.31506716825162e-05,0.0,0.0,0.0,9.31506716825162e-05,9.31506716825162e-05,0.0,3.725952347756898e-09,0.00020095311579320074,0.3464101615137755,2.102230396533738,2.4470473926621035e-08,720,7.199999999999891,0.9837879769384247,0.9985428048442346,-0.0073774139529049765,1.295206787733034,3.4641016151377544,2.1573631553908466,9.555276627718923e-05,1.8629389146033686e-09,0.0,9.31506716825162e-05,0.000187609184650786,9.555094635931588e-05,3.725952347756898e-09,1.1215225065026826e-08,0.00040452433885477987,0.3464101615137755,2.100558246875703,2.8805893334783984e-08
FS-010,719,701,7.009999999999895,0.005094953466013982,4.503840330888953e-05,0.0,0.984683061855967,0.984638023452658,0.6886957356964799,0.688687260375086,"[""mover""]",700,6.999999999999895,0.9846873095948999,1.0,-0.007656345202550041,1.216646705682643,3.4641016151377544,2.1737036056205037,9.31506716825162e-05,0.0,0.0,0.0,9.31506716825162e-05,9.31506716825162e-05,0.0,3.725952347756898e-09,0.00020095311579320074,0.3464101615137755,2.102230396533738,2.4470473926621035e-08,720,7.199999999999891,0.9837879769384247,0.9985428048442346,-0.0073774139529049765,1.295206787733034,3.4641016151377544,2.1573631553908466,9.555276627718923e-05,1.8629389146033686e-09,0.0,9.31506716825162e-05,0.000187609184650786,9.555094635931588e-05,3.725952347756898e-09,1.1215225065026826e-08,0.00040452433885477987,0.3464101615137755,2.100558246875703,2.8805893334783984e-08
FS-010,721,702,7.014036382707804,0.0,3.306477533739915e-06,0.0,0.984638023452658,0.9846347169751243,0.6886805358536489,0.6886805358536489,"[""mover""]",700,6.999999999999895,0.9846873095948999,1.0,-0.007656345202550041,1.216646705682643,3.4641016151377544,2.1737036056205037,9.31506716825162e-05,0.0,0.0,0.0,9.31506716825162e-05,9.31506716825162e-05,0.0,3.725952347756898e-09,0.00020095311579320074,0.3464101615137755,2.102230396533738,2.4470473926621035e-08,720,7.199999999999891,0.9837879769384247,0.9985428048442346,-0.0073774139529049765,1.295206787733034,3.4641016151377544,2.1573631553908466,9.555276627718923e-05,1.8629389146033686e-09,0.0,9.31506716825162e-05,0.000187609184650786,9.555094635931588e-05,3.725952347756898e-09,1.1215225065026826e-08,0.00040452433885477987,0.3464101615137755,2.100558246875703,2.8805893334783984e-08
FS-010,722,702,7.019999999999895,0.005963617292091344,5.23326921868374e-05,0.0,0.9846347169751243,0.9845823842829374,0.6886805358536489,0.688670600603395,"[""mover""]",700,6.999999999999895,0.9846873095948999,1.0,-0.007656345202550041,1.216646705682643,3.4641016151377544,2.1737036056205037,9.31506716825162e-05,0.0,0.0,0.0,9.31506716825162e-05,9.31506716825162e-05,0.0,3.725952347756898e-09,0.00020095311579320074,0.3464101615137755,2.102230396533738,2.4470473926621035e-08,720,7.199999999999891,0.9837879769384247,0.9985428048442346,-0.0073774139529049765,1.295206787733034,3.4641016151377544,2.1573631553908466,9.555276627718923e-05,1.8629389146033686e-09,0.0,9.31506716825162e-05,0.000187609184650786,9.555094635931588e-05,3.725952347756898e-09,1.1215225065026826e-08,0.00040452433885477987,0.3464101615137755,2.100558246875703,2.8805893334783984e-08
FS-010,724,703,7.0247565919800605,0.0,3.6493789765312812e-06,0.0,0.9845823842829374,0.9845787349039609,0.6886626659318984,0.6886626659318984,"[""mover""]",700,6.999999999999895,0.9846873095948999,1.0,-0.007656345202550041,1.216646705682643,3.4641016151377544,2.1737036056205037,9.31506716825162e-05,0.0,0.0,0.0,9.31506716825162e-05,9.31506716825162e-05,0.0,3.725952347756898e-09,0.00020095311579320074,0.3464101615137755,2.102230396533738,2.4470473926621035e-08,720,7.199999999999891,0.9837879769384247,0.9985428048442346,-0.0073774139529049765,1.295206787733034,3.4641016151377544,2.1573631553908466,9.555276627718923e-05,1.8629389146033686e-09,0.0,9.31506716825162e-05,0.000187609184650786,9.555094635931588e-05,3.725952347756898e-09,1.1215225065026826e-08,0.00040452433885477987,0.3464101615137755,2.100558246875703,2.8805893334783984e-08
FS-010,725,703,7.0299999999998946,0.005243408019834188,4.565732213763694e-05,0.0,0.9845787349039609,0.9845330775818232,0.6886626659318984,0.6886539191820545,"[""mover""]",700,6.999999999999895,0.9846873095948999,1.0,-0.007656345202550041,1.216646705682643,3.4641016151377544,2.1737036056205037,9.31506716825162e-05,0.0,0.0,0.0,9.31506716825162e-05,9.31506716825162e-05,0.0,3.725952347756898e-09,0.00020095311579320074,0.3464101615137755,2.102230396533738,2.4470473926621035e-08,720,7.199999999999891,0.9837879769384247,0.9985428048442346,-0.0073774139529049765,1.295206787733034,3.4641016151377544,2.1573631553908466,9.555276627718923e-05,1.8629389146033686e-09,0.0,9.31506716825162e-05,0.000187609184650786,9.555094635931588e-05,3.725952347756898e-09,1.1215225065026826e-08,0.00040452433885477987,0.3464101615137755,2.100558246875703,2.8805893334783984e-08
FS-010,727,704,7.03421172749519,0.0,3.0097171821075186e-06,0.0,0.9845330775818232,0.984530067864641,0.6886468856004384,0.6886468856004384,"[""mover""]",700,6.999999999999895,0.9846873095948999,1.0,-0.007656345202550041,1.216646705682643,3.4641016151377544,2.1737036056205037,9.31506716825162e-05,0.0,0.0,0.0,9.31506716825162e-05,9.31506716825162e-05,0.0,3.725952347756898e-09,0.00020095311579320074,0.3464101615137755,2.102230396533738,2.4470473926621035e-08,720,7.199999999999891,0.9837879769384247,0.9985428048442346,-0.0073774139529049765,1.295206787733034,3.4641016151377544,2.1573631553908466,9.555276627718923e-05,1.8629389146033686e-09,0.0,9.31506716825162e-05,0.000187609184650786,9.555094635931588e-05,3.725952347756898e-09,1.1215225065026826e-08,0.00040452433885477987,0.3464101615137755,2.100558246875703,2.8805893334783984e-08
FS-010,728,704,7.039999999999894,0.005788272504704209,4.999850547453692e-05,0.0,0.984530067864641,0.9844800693591665,0.6886468856004384,0.6886372191898922,"[""mover""]",700,6.999999999999895,0.9846873095948999,1.0,-0.007656345202550041,1.216646705682643,3.4641016151377544,2.1737036056205037,9.31506716825162e-05,0.0,0.0,0.0,9.31506716825162e-05,9.31506716825162e-05,0.0,3.725952347756898e-09,0.00020095311579320074,0.3464101615137755,2.102230396533738,2.4470473926621035e-08,720,7.199999999999891,0.9837879769384247,0.9985428048442346,-0.0073774139529049765,1.295206787733034,3.4641016151377544,2.1573631553908466,9.555276627718923e-05,1.8629389146033686e-09,0.0,9.31506716825162e-05,0.000187609184650786,9.555094635931588e-05,3.725952347756898e-09,1.1215225065026826e-08,0.00040452433885477987,0.3464101615137755,2.100558246875703,2.8805893334783984e-08
FS-010,730,705,7.044684894778147,0.0,3.082185124436699e-06,0.0,0.9844800693591665,0.9844769871740421,0.6886293880292307,0.6886293880292307,"[""mover""]",700,6.999999999999895,0.9846873095948999,1.0,-0.007656345202550041,1.216646705682643,3.4641016151377544,2.1737036056205037,9.31506716825162e-05,0.0,0.0,0.0,9.31506716825162e-05,9.31506716825162e-05,0.0,3.725952347756898e-09,0.00020095311579320074,0.3464101615137755,2.102230396533738,2.4470473926621035e-08,720,7.199999999999891,0.9837879769384247,0.9985428048442346,-0.0073774139529049765,1.295206787733034,3.4641016151377544,2.1573631553908466,9.555276627718923e-05,1.8629389146033686e-09,0.0,9.31506716825162e-05,0.000187609184650786,9.555094635931588e-05,3.725952347756898e-09,1.1215225065026826e-08,0.00040452433885477987,0.3464101615137755,2.100558246875703,2.8805893334783984e-08
FS-010,731,705,7.049999999999894,0.005315105221747252,4.552562721934062e-05,0.0,0.9844769871740421,0.9844314615468227,0.6886293880292307,0.688620503423515,"[""mover""]",700,6.999999999999895,0.9846873095948999,1.0,-0.007656345202550041,1.216646705682643,3.4641016151377544,2.1737036056205037,9.31506716825162e-05,0.0,0.0,0.0,9.31506716825162e-05,9.31506716825162e-05,0.0,3.725952347756898e-09,0.00020095311579320074,0.3464101615137755,2.102230396533738,2.4470473926621035e-08,720,7.199999999999891,0.9837879769384247,0.9985428048442346,-0.0073774139529049765,1.295206787733034,3.4641016151377544,2.1573631553908466,9.555276627718923e-05,1.8629389146033686e-09,0.0,9.31506716825162e-05,0.000187609184650786,9.555094635931588e-05,3.725952347756898e-09,1.1215225065026826e-08,0.00040452433885477987,0.3464101615137755,2.100558246875703,2.8805893334783984e-08
FS-010,733,706,7.05433605190016,0.0,2.603516328505418e-06,0.0,0.9844314615468227,0.9844288580304942,0.6886132496436218,0.6886132496436218,"[""mover""]",700,6.999999999999895,0.9846873095948999,1.0,-0.007656345202550041,1.216646705682643,3.4641016151377544,2.1737036056205037,9.31506716825162e-05,0.0,0.0,0.0,9.31506716825162e-05,9.31506716825162e-05,0.0,3.725952347756898e-09,0.00020095311579320074,0.3464101615137755,2.102230396533738,2.4470473926621035e-08,720,7.199999999999891,0.9837879769384247,0.9985428048442346,-0.0073774139529049765,1.295206787733034,3.4641016151377544,2.1573631553908466,9.555276627718923e-05,1.8629389146033686e-09,0.0,9.31506716825162e-05,0.000187609184650786,9.555094635931588e-05,3.725952347756898e-09,1.1215225065026826e-08,0.00040452433885477987,0.3464101615137755,2.100558246875703,2.8805893334783984e-08
FS-010,734,706,7.059999999999894,0.0056639480997340355,4.809399540020463e-05,0.0,0.9844288580304942,0.984380764035094,0.6886132496436218,0.688603774426584,"[""mover""]",700,6.999999999999895,0.9846873095948999,1.0,-0.007656345202550041,1.216646705682643,3.4641016151377544,2.1737036056205037,9.31506716825162e-05,0.0,0.0,0.0,9.31506716825162e-05,9.31506716825162e-05,0.0,3.725952347756898e-09,0.00020095311579320074,0.3464101615137755,2.102230396533738,2.4470473926621035e-08,720,7.199999999999891,0.9837879769384247,0.9985428048442346,-0.0073774139529049765,1.295206787733034,3.4641016151377544,2.1573631553908466,9.555276627718923e-05,1.8629389146033686e-09,0.0,9.31506716825162e-05,0.000187609184650786,9.555094635931588e-05,3.725952347756898e-09,1.1215225065026826e-08,0.00040452433885477987,0.3464101615137755,2.100558246875703,2.8805893334783984e-08
FS-010,736,707,7.064659559687565,0.0,2.514771009001216e-06,0.0,0.984380764035094,0.984378249264085,0.688595974363206,0.688595974363206,"[""mover""]",700,6.999999999999895,0.9846873095948999,1.0,-0.007656345202550041,1.216646705682643,3.4641016151377544,2.1737036056205037,9.31506716825162e-05,0.0,0.0,0.0,9.31506716825162e-05,9.31506716825162e-05,0.0,3.725952347756898e-09,0.00020095311579320074,0.3464101615137755,2.102230396533738,2.4470473926621035e-08,720,7.199999999999891,0.9837879769384247,0.9985428048442346,-0.0073774139529049765,1.295206787733034,3.4641016151377544,2.1573631553908466,9.555276627718923e-05,1.8629389146033686e-09,0.0,9.31506716825162e-05,0.000187609184650786,9.555094635931588e-05,3.725952347756898e-09,1.1215225065026826e-08,0.00040452433885477987,0.3464101615137755,2.100558246875703,2.8805893334783984e-08
FS-010,737,707,7.069999999999894,0.005340440312328523,4.493801100135076e-05,0.0,0.984378249264085,0.9843333112530837,0.688595974363206,0.6885870345114399,"[""mover""]",700,6.999999999999895,0.9846873095948999,1.0,-0.007656345202550041,1.216646705682643,3.4641016151377544,2.1737036056205037,9.31506716825162e-05,0.0,0.0,0.0,9.31506716825162e-05,9.31506716825162e-05,0.0,3.725952347756898e-09,0.00020095311579320074,0.3464101615137755,2.102230396533738,2.4470473926621035e-08,720,7.199999999999891,0.9837879769384247,0.9985428048442346,-0.0073774139529049765,1.295206787733034,3.4641016151377544,2.1573631553908466,9.555276627718923e-05,1.8629389146033686e-09,0.0,9.31506716825162e-05,0.000187609184650786,9.555094635931588e-05,3.725952347756898e-09,1.1215225065026826e-08,0.00040452433885477987,0.3464101615137755,2.100558246875703,2.8805893334783984e-08
FS-010,739,708,7.074431713906244,0.0,2.119223362946343e-06,0.0,0.9843333112530837,0.9843311920297207,0.6885796119534423,0.6885796119534423,"[""mover""]",700,6.999999999999895,0.9846873095948999,1.0,-0.007656345202550041,1.216646705682643,3.4641016151377544,2.1737036056205037,9.31506716825162e-05,0.0,0.0,0.0,9.31506716825162e-05,9.31506716825162e-05,0.0,3.725952347756898e-09,0.00020095311579320074,0.3464101615137755,2.102230396533738,2.4470473926621035e-08,720,7.199999999999891,0.9837879769384247,0.9985428048442346,-0.0073774139529049765,1.295206787733034,3.4641016151377544,2.1573631553908466,9.555276627718923e-05,1.8629389146033686e-09,0.0,9.31506716825162e-05,0.000187609184650786,9.555094635931588e-05,3.725952347756898e-09,1.1215225065026826e-08,0.00040452433885477987,0.3464101615137755,2.100558246875703,2.8805893334783984e-08
FS-010,740,708,7.0799999999998935,0.005568286093649676,4.642183249884746e-05,0.0,0.9843311920297207,0.9842847701972219,0.6885796119534423,0.6885702857813674,"[""mover""]",700,6.999999999999895,0.9846873095948999,1.0,-0.007656345202550041,1.216646705682643,3.4641016151377544,2.1737036056205037,9.31506716825162e-05,0.0,0.0,0.0,9.31506716825162e-05,9.31506716825162e-05,0.0,3.725952347756898e-09,0.00020095311579320074,0.3464101615137755,2.102230396533738,2.4470473926621035e-08,720,7.199999999999891,0.9837879769384247,0.9985428048442346,-0.0073774139529049765,1.295206787733034,3.4641016151377544,2.1573631553908466,9.555276627718923e-05,1.8629389146033686e-09,0.0,9.31506716825162e-05,0.000187609184650786,9.555094635931588e-05,3.725952347756898e-09,1.1215225065026826e-08,0.00040452433885477987,0.3464101615137755,2.100558246875703,2.8805893334783984e-08
FS-010,742,709,7.084663075600404,0.0,1.9307471854035366e-06,0.0,0.9842847701972219,0.9842828394500366,0.6885624725037173,0.6885624725037173,"[""mover""]",700,6.999999999999895,0.9846873095948999,1.0,-0.007656345202550041,1.216646705682643,3.4641016151377544,2.1737036056205037,9.31506716825162e-05,0.0,0.0,0.0,9.31506716825162e-05,9.31506716825162e-05,0.0,3.725952347756898e-09,0.00020095311579320074,0.3464101615137755,2.102230396533738,2.4470473926621035e-08,720,7.199999999999891,0.9837879769384247,0.9985428048442346,-0.0073774139529049765,1.295206787733034,3.4641016151377544,2.1573631553908466,9.555276627718923e-05,1.8629389146033686e-09,0.0,9.31506716825162e-05,0.000187609184650786,9.555094635931588e-05,3.725952347756898e-09,1.1215225065026826e-08,0.00040452433885477987,0.3464101615137755,2.100558246875703,2.8805893334783984e-08
FS-010,743,709,7.089999999999893,0.005336924399489792,4.40661054911243e-05,0.0,0.9842828394500366,0.9842387733445455,0.6885624725037173,0.6885535301498497,"[""mover""]",700,6.999999999999895,0.9846873095948999,1.0,-0.007656345202550041,1.216646705682643,3.4641016151377544,2.1737036056205037,9.31506716825162e-05,0.0,0.0,0.0,9.31506716825162e-05,9.31506716825162e-05,0.0,3.725952347756898e-09,0.00020095311579320074,0.3464101615137755,2.102230396533738,2.4470473926621035e-08,720,7.199999999999891,0.9837879769384247,0.9985428048442346,-0.0073774139529049765,1.295206787733034,3.4641016151377544,2.1573631553908466,9.555276627718923e-05,1.8629389146033686e-09,0.0,9.31506716825162e-05,0.000187609184650786,9.555094635931588e-05,3.725952347756898e-09,1.1215225065026826e-08,0.00040452433885477987,0.3464101615137755,2.100558246875703,2.8805893334783984e-08
FS-010,745,710,7.094511506749103,0.0,1.5752672243385388e-06,0.0,0.9842387733445455,0.9842371980773211,0.6885459685071741,0.6885459685071741,"[""mover""]",700,6.999999999999895,0.9846873095948999,1.0,-0.007656345202550041,1.216646705682643,3.4641016151377544,2.1737036056205037,9.31506716825162e-05,0.0,0.0,0.0,9.31506716825162e-05,9.31506716825162e-05,0.0,3.725952347756898e-09,0.00020095311579320074,0.3464101615137755,2.102230396533738,2.4470473926621035e-08,720,7.199999999999891,0.9837879769384247,0.9985428048442346,-0.0073774139529049765,1.295206787733034,3.4641016151377544,2.1573631553908466,9.555276627718923e-05,1.8629389146033686e-09,0.0,9.31506716825162e-05,0.000187609184650786,9.555094635931588e-05,3.725952347756898e-09,1.1215225065026826e-08,0.00040452433885477987,0.3464101615137755,2.100558246875703,2.8805893334783984e-08
FS-010,746,710,7.099999999999893,0.005488493250790162,4.4872695615996086e-05,0.0,0.9842371980773211,0.9841923253817051,0.6885459685071741,0.6885367693577331,"[""mover""]",700,6.999999999999895,0.9846873095948999,1.0,-0.007656345202550041,1.216646705682643,3.4641016151377544,2.1737036056205037,9.31506716825162e-05,0.0,0.0,0.0,9.31506716825162e-05,9.31506716825162e-05,0.0,3.725952347756898e-09,0.00020095311579320074,0.3464101615137755,2.102230396533738,2.4470473926621035e-08,720,7.199999999999891,0.9837879769384247,0.9985428048442346,-0.0073774139529049765,1.295206787733034,3.4641016151377544,2.1573631553908466,9.555276627718923e-05,1.8629389146033686e-09,0.0,9.31506716825162e-05,0.000187609184650786,9.555094635931588e-05,3.725952347756898e-09,1.1215225065026826e-08,0.00040452433885477987,0.3464101615137755,2.100558246875703,2.8805893334783984e-08
FS-010,748,711,7.104685250160219,0.0,1.3218669536829708e-06,0.0,0.9841923253817051,0.9841910035147514,0.6885289148320876,0.6885289148320876,"[""mover""]",700,6.999999999999895,0.9846873095948999,1.0,-0.007656345202550041,1.216646705682643,3.4641016151377544,2.1737036056205037,9.31506716825162e-05,0.0,0.0,0.0,9.31506716825162e-05,9.31506716825162e-05,0.0,3.725952347756898e-09,0.00020095311579320074,0.3464101615137755,2.102230396533738,2.4470473926621035e-08,720,7.199999999999891,0.9837879769384247,0.9985428048442346,-0.0073774139529049765,1.295206787733034,3.4641016151377544,2.1573631553908466,9.555276627718923e-05,1.8629389146033686e-09,0.0,9.31506716825162e-05,0.000187609184650786,9.555094635931588e-05,3.725952347756898e-09,1.1215225065026826e-08,0.00040452433885477987,0.3464101615137755,2.100558246875703,2.8805893334783984e-08
FS-010,749,711,7.109999999999893,0.005314749839674148,4.3011529437253626e-05,0.0,0.9841910035147514,0.9841479919853141,0.6885289148320876,0.6885200049900329,"[""mover""]",700,6.999999999999895,0.9846873095948999,1.0,-0.007656345202550041,1.216646705682643,3.4641016151377544,2.1737036056205037,9.31506716825162e-05,0.0,0.0,0.0,9.31506716825162e-05,9.31506716825162e-05,0.0,3.725952347756898e-09,0.00020095311579320074,0.3464101615137755,2.102230396533738,2.4470473926621035e-08,720,7.199999999999891,0.9837879769384247,0.9985428048442346,-0.0073774139529049765,1.295206787733034,3.4641016151377544,2.1573631553908466,9.555276627718923e-05,1.8629389146033686e-09,0.0,9.31506716825162e-05,0.000187609184650786,9.555094635931588e-05,3.725952347756898e-09,1.1215225065026826e-08,0.00040452433885477987,0.3464101615137755,2.100558246875703,2.8805893334783984e-08
FS-010,751,712,7.114582810897066,0.0,9.826839620918901e-07,0.0,0.9841479919853141,0.984147009301352,0.6885123212197876,0.6885123212197876,"[""mover""]",700,6.999999999999895,0.9846873095948999,1.0,-0.007656345202550041,1.216646705682643,3.4641016151377544,2.1737036056205037,9.31506716825162e-05,0.0,0.0,0.0,9.31506716825162e-05,9.31506716825162e-05,0.0,3.725952347756898e-09,0.00020095311579320074,0.3464101615137755,2.102230396533738,2.4470473926621035e-08,720,7.199999999999891,0.9837879769384247,0.9985428048442346,-0.0073774139529049765,1.295206787733034,3.4641016151377544,2.1573631553908466,9.555276627718923e-05,1.8629389146033686e-09,0.0,9.31506716825162e-05,0.000187609184650786,9.555094635931588e-05,3.725952347756898e-09,1.1215225065026826e-08,0.00040452433885477987,0.3464101615137755,2.100558246875703,2.8805893334783984e-08
FS-010,752,712,7.119999999999893,0.0054171891028265105,4.338636433568577e-05,0.0,0.984147009301352,0.9841036229370164,0.6885123212197876,0.6885032384892592,"[""mover""]",700,6.999999999999895,0.9846873095948999,1.0,-0.007656345202550041,1.216646705682643,3.4641016151377544,2.1737036056205037,9.31506716825162e-05,0.0,0.0,0.0,9.31506716825162e-05,9.31506716825162e-05,0.0,3.725952347756898e-09,0.00020095311579320074,0.3464101615137755,2.102230396533738,2.4470473926621035e-08,720,7.199999999999891,0.9837879769384247,0.9985428048442346,-0.0073774139529049765,1.295206787733034,3.4641016151377544,2.1573631553908466,9.555276627718923e-05,1.8629389146033686e-09,0.0,9.31506716825162e-05,0.000187609184650786,9.555094635931588e-05,3.725952347756898e-09,1.1215225065026826e-08,0.00040452433885477987,0.3464101615137755,2.100558246875703,2.8805893334783984e-08
FS-010,754,713,7.124720075179905,0.0,6.841997974360581e-07,0.0,0.9841036229370164,0.9841029387372189,0.6884953241884869,0.6884953241884869,"[""mover""]",700,6.999999999999895,0.9846873095948999,1.0,-0.007656345202550041,1.216646705682643,3.4641016151377544,2.1737036056205037,9.31506716825162e-05,0.0,0.0,0.0,9.31506716825162e-05,9.31506716825162e-05,0.0,3.725952347756898e-09,0.00020095311579320074,0.3464101615137755,2.102230396533738,2.4470473926621035e-08,720,7.199999999999891,0.9837879769384247,0.9985428048442346,-0.0073774139529049765,1.295206787733034,3.4641016151377544,2.1573631553908466,9.555276627718923e-05,1.8629389146033686e-09,0.0,9.31506716825162e-05,0.000187609184650786,9.555094635931588e-05,3.725952347756898e-09,1.1215225065026826e-08,0.00040452433885477987,0.3464101615137755,2.100558246875703,2.8805893334783984e-08
FS-010,755,713,7.129999999999892,0.005279924819988159,4.183578198884496e-05,0.0,0.9841029387372189,0.9840611029552301,0.6884953241884869,0.6884864711699467,"[""mover""]",700,6.999999999999895,0.9846873095948999,1.0,-0.007656345202550041,1.216646705682643,3.4641016151377544,2.1737036056205037,9.31506716825162e-05,0.0,0.0,0.0,9.31506716825162e-05,9.31506716825162e-05,0.0,3.725952347756898e-09,0.00020095311579320074,0.3464101615137755,2.102230396533738,2.4470473926621035e-08,720,7.199999999999891,0.9837879769384247,0.9985428048442346,-0.0073774139529049765,1.295206787733034,3.4641016151377544,2.1573631553908466,9.555276627718923e-05,1.8629389146033686e-09,0.0,9.31506716825162e-05,0.000187609184650786,9.555094635931588e-05,3.725952347756898e-09,1.1215225065026826e-08,0.00040452433885477987,0.3464101615137755,2.100558246875703,2.8805893334783984e-08
FS-010,757,714,7.13464992539256,0.0,3.4825254458414884e-07,0.0,0.9840611029552301,0.9840607547026855,0.6884786746675018,0.6884786746675018,"[""mover""]",700,6.999999999999895,0.9846873095948999,1.0,-0.007656345202550041,1.216646705682643,3.4641016151377544,2.1737036056205037,9.31506716825162e-05,0.0,0.0,0.0,9.31506716825162e-05,9.31506716825162e-05,0.0,3.725952347756898e-09,0.00020095311579320074,0.3464101615137755,2.102230396533738,2.4470473926621035e-08,720,7.199999999999891,0.9837879769384247,0.9985428048442346,-0.0073774139529049765,1.295206787733034,3.4641016151377544,2.1573631553908466,9.555276627718923e-05,1.8629389146033686e-09,0.0,9.31506716825162e-05,0.000187609184650786,9.555094635931588e-05,3.725952347756898e-09,1.1215225065026826e-08,0.00040452433885477987,0.3464101615137755,2.100558246875703,2.8805893334783984e-08
FS-010,758,714,7.139999999999892,0.005350074607332024,4.1930039931567106e-05,0.0,0.9840607547026855,0.9840188246627539,0.6884786746675018,0.6884697042290036,"[""mover""]",700,6.999999999999895,0.9846873095948999,1.0,-0.007656345202550041,1.216646705682643,3.4641016151377544,2.1737036056205037,9.31506716825162e-05,0.0,0.0,0.0,9.31506716825162e-05,9.31506716825162e-05,0.0,3.725952347756898e-09,0.00020095311579320074,0.3464101615137755,2.102230396533738,2.4470473926621035e-08,720,7.199999999999891,0.9837879769384247,0.9985428048442346,-0.0073774139529049765,1.295206787733034,3.4641016151377544,2.1573631553908466,9.555276627718923e-05,1.8629389146033686e-09,0.0,9.31506716825162e-05,0.000187609184650786,9.555094635931588e-05,3.725952347756898e-09,1.1215225065026826e-08,0.00040452433885477987,0.3464101615137755,2.100558246875703,2.8805893334783984e-08
FS-010,760,715,7.144763986989787,0.0,1.621041223920372e-08,0.0,0.9840188246627539,0.9840188084523417,0.6884617171805443,0.6884617171805443,"[""mover""]",700,6.999999999999895,0.9846873095948999,1.0,-0.007656345202550041,1.216646705682643,3.4641016151377544,2.1737036056205037,9.31506716825162e-05,0.0,0.0,0.0,9.31506716825162e-05,9.31506716825162e-05,0.0,3.725952347756898e-09,0.00020095311579320074,0.3464101615137755,2.102230396533738,2.4470473926621035e-08,720,7.199999999999891,0.9837879769384247,0.9985428048442346,-0.0073774139529049765,1.295206787733034,3.4641016151377544,2.1573631553908466,9.555276627718923e-05,1.8629389146033686e-09,0.0,9.31506716825162e-05,0.000187609184650786,9.555094635931588e-05,3.725952347756898e-09,1.1215225065026826e-08,0.00040452433885477987,0.3464101615137755,2.100558246875703,2.8805893334783984e-08
FS-010,761,715,7.149999999999892,0.00523601301010516,4.057688543281404e-05,0.0,0.9840188084523417,0.9839782315669089,0.6884617171805443,0.6884529387582409,"[""mover""]",700,6.999999999999895,0.9846873095948999,1.0,-0.007656345202550041,1.216646705682643,3.4641016151377544,2.1737036056205037,9.31506716825162e-05,0.0,0.0,0.0,9.31506716825162e-05,9.31506716825162e-05,0.0,3.725952347756898e-09,0.00020095311579320074,0.3464101615137755,2.102230396533738,2.4470473926621035e-08,720,7.199999999999891,0.9837879769384247,0.9985428048442346,-0.0073774139529049765,1.295206787733034,3.4641016151377544,2.1573631553908466,9.555276627718923e-05,1.8629389146033686e-09,0.0,9.31506716825162e-05,0.000187609184650786,9.555094635931588e-05,3.725952347756898e-09,1.1215225065026826e-08,0.00040452433885477987,0.3464101615137755,2.100558246875703,2.8805893334783984e-08
FS-010,767,716,7.159999999999892,0.005257214943943443,4.0134740386636656e-05,0.0,0.9839782315669089,0.9839380968265222,0.6884449884248575,0.6884361757523499,"[""mover""]",700,6.999999999999895,0.9846873095948999,1.0,-0.007656345202550041,1.216646705682643,3.4641016151377544,2.1737036056205037,9.31506716825162e-05,0.0,0.0,0.0,9.31506716825162e-05,9.31506716825162e-05,0.0,3.725952347756898e-09,0.00020095311579320074,0.3464101615137755,2.102230396533738,2.4470473926621035e-08,720,7.199999999999891,0.9837879769384247,0.9985428048442346,-0.0073774139529049765,1.295206787733034,3.4641016151377544,2.1573631553908466,9.555276627718923e-05,1.8629389146033686e-09,0.0,9.31506716825162e-05,0.000187609184650786,9.555094635931588e-05,3.725952347756898e-09,1.1215225065026826e-08,0.00040452433885477987,0.3464101615137755,2.100558246875703,2.8805893334783984e-08
FS-010,773,717,7.169999999999892,0.00514328190166471,3.869907920892079e-05,0.0,0.9839380968265222,0.9838993977473133,0.6884280360712364,0.6884194161197158,"[""mover""]",700,6.999999999999895,0.9846873095948999,1.0,-0.007656345202550041,1.216646705682643,3.4641016151377544,2.1737036056205037,9.31506716825162e-05,0.0,0.0,0.0,9.31506716825162e-05,9.31506716825162e-05,0.0,3.725952347756898e-09,0.00020095311579320074,0.3464101615137755,2.102230396533738,2.4470473926621035e-08,720,7.199999999999891,0.9837879769384247,0.9985428048442346,-0.0073774139529049765,1.295206787733034,3.4641016151377544,2.1573631553908466,9.555276627718923e-05,1.8629389146033686e-09,0.0,9.31506716825162e-05,0.000187609184650786,9.555094635931588e-05,3.725952347756898e-09,1.1215225065026826e-08,0.00040452433885477987,0.3464101615137755,2.100558246875703,2.8805893334783984e-08
FS-010,782,718,7.179999999999891,0.005118323581814075,3.8160639110234604e-05,0.0,0.9838993977473133,0.9838612371082031,0.6884112366604335,0.6884026606886268,"[""mover""]",700,6.999999999999895,0.9846873095948999,1.0,-0.007656345202550041,1.216646705682643,3.4641016151377544,2.1737036056205037,9.31506716825162e-05,0.0,0.0,0.0,9.31506716825162e-05,9.31506716825162e-05,0.0,3.725952347756898e-09,0.00020095311579320074,0.3464101615137755,2.102230396533738,2.4470473926621035e-08,720,7.199999999999891,0.9837879769384247,0.9985428048442346,-0.0073774139529049765,1.295206787733034,3.4641016151377544,2.1573631553908466,9.555276627718923e-05,1.8629389146033686e-09,0.0,9.31506716825162e-05,0.000187609184650786,9.555094635931588e-05,3.725952347756898e-09,1.1215225065026826e-08,0.00040452433885477987,0.3464101615137755,2.100558246875703,2.8805893334783984e-08
FS-010,791,719,7.189999999999891,0.005030526202826713,3.699470494345836e-05,0.0,0.9838612371082031,0.9838242424032596,0.6883943365853563,0.6883859102164236,"[""mover""]",700,6.999999999999895,0.9846873095948999,1.0,-0.007656345202550041,1.216646705682643,3.4641016151377544,2.1737036056205037,9.31506716825162e-05,0.0,0.0,0.0,9.31506716825162e-05,9.31506716825162e-05,0.0,3.725952347756898e-09,0.00020095311579320074,0.3464101615137755,2.102230396533738,2.4470473926621035e-08,720,7.199999999999891,0.9837879769384247,0.9985428048442346,-0.0073774139529049765,1.295206787733034,3.4641016151377544,2.1573631553908466,9.555276627718923e-05,1.8629389146033686e-09,0.0,9.31506716825162e-05,0.000187609184650786,9.555094635931588e-05,3.725952347756898e-09,1.1215225065026826e-08,0.00040452433885477987,0.3464101615137755,2.100558246875703,2.8805893334783984e-08
FS-010,800,720,7.199999999999891,0.005001373162775064,3.6265464834911914e-05,0.0,0.9838242424032596,0.9837879769384247,0.6883775401047909,0.6883691653944849,"[""mover""]",700,6.999999999999895,0.9846873095948999,1.0,-0.007656345202550041,1.216646705682643,3.4641016151377544,2.1737036056205037,9.31506716825162e-05,0.0,0.0,0.0,9.31506716825162e-05,9.31506716825162e-05,0.0,3.725952347756898e-09,0.00020095311579320074,0.3464101615137755,2.102230396533738,2.4470473926621035e-08,720,7.199999999999891,0.9837879769384247,0.9985428048442346,-0.0073774139529049765,1.295206787733034,3.4641016151377544,2.1573631553908466,9.555276627718923e-05,1.8629389146033686e-09,0.0,9.31506716825162e-05,0.000187609184650786,9.555094635931588e-05,3.725952347756898e-09,1.1215225065026826e-08,0.00040452433885477987,0.3464101615137755,2.100558246875703,2.8805893334783984e-08
FS-010,812,721,7.209999999999891,0.004877638672533835,3.497495085568703e-05,0.0,0.9837879769384247,0.983753001987569,0.6883606058589173,0.6883524552582404,"[""mover""]",720,7.199999999999891,0.9837879769384247,0.9985428048442346,-0.0073774139529049765,1.295206787733034,3.4641016151377544,2.1573631553908466,9.555276627718923e-05,1.8629389146033686e-09,0.0,9.31506716825162e-05,0.000187609184650786,9.555094635931588e-05,3.725952347756898e-09,1.1215225065026826e-08,0.00040452433885477987,0.3464101615137755,2.100558246875703,2.8805893334783984e-08,740,7.399999999999887,0.9832728811599223,0.9971386973242827,-0.0069329080821802225,1.2738953034519611,3.4641016151377544,2.1562802509401346,8.831799045153531e-05,3.751959535149663e-09,0.0,0.000187609184650786,0.0002745404802923467,8.831432468742648e-05,1.1215225065026826e-08,2.2178459858024314e-08,0.0005917804689398672,0.3464101615137755,2.0994831386166855,3.577907990765492e-08
FS-010,824,722,7.2199999999998905,0.0048700665789782665,3.445002481535118e-05,0.0,0.983753001987569,0.9837185519627536,0.6883438926582269,0.6883357638135165,"[""mover""]",720,7.199999999999891,0.9837879769384247,0.9985428048442346,-0.0073774139529049765,1.295206787733034,3.4641016151377544,2.1573631553908466,9.555276627718923e-05,1.8629389146033686e-09,0.0,9.31506716825162e-05,0.000187609184650786,9.555094635931588e-05,3.725952347756898e-09,1.1215225065026826e-08,0.00040452433885477987,0.3464101615137755,2.100558246875703,2.8805893334783984e-08,740,7.399999999999887,0.9832728811599223,0.9971386973242827,-0.0069329080821802225,1.2738953034519611,3.4641016151377544,2.1562802509401346,8.831799045153531e-05,3.751959535149663e-09,0.0,0.000187609184650786,0.0002745404802923467,8.831432468742648e-05,1.1215225065026826e-08,2.2178459858024314e-08,0.0005917804689398672,0.3464101615137755,2.0994831386166855,3.577907990765492e-08
FS-010,836,723,7.22999999999989,0.00474170385938349,3.304553190962265e-05,0.0,0.9837185519627536,0.983685506430844,0.6883269964873227,0.6883190904920462,"[""mover""]",720,7.199999999999891,0.9837879769384247,0.9985428048442346,-0.0073774139529049765,1.295206787733034,3.4641016151377544,2.1573631553908466,9.555276627718923e-05,1.8629389146033686e-09,0.0,9.31506716825162e-05,0.000187609184650786,9.555094635931588e-05,3.725952347756898e-09,1.1215225065026826e-08,0.00040452433885477987,0.3464101615137755,2.100558246875703,2.8805893334783984e-08,740,7.399999999999887,0.9832728811599223,0.9971386973242827,-0.0069329080821802225,1.2738953034519611,3.4641016151377544,2.1562802509401346,8.831799045153531e-05,3.751959535149663e-09,0.0,0.000187609184650786,0.0002745404802923467,8.831432468742648e-05,1.1215225065026826e-08,2.2178459858024314e-08,0.0005917804689398672,0.3464101615137755,2.0994831386166855,3.577907990765492e-08
FS-010,848,724,7.23999999999989,0.004740143086432853,3.255258726373908e-05,0.0,0.983685506430844,0.9836529538435802,0.6883103298266849,0.6883024347816243,"[""mover""]",720,7.199999999999891,0.9837879769384247,0.9985428048442346,-0.0073774139529049765,1.295206787733034,3.4641016151377544,2.1573631553908466,9.555276627718923e-05,1.8629389146033686e-09,0.0,9.31506716825162e-05,0.000187609184650786,9.555094635931588e-05,3.725952347756898e-09,1.1215225065026826e-08,0.00040452433885477987,0.3464101615137755,2.100558246875703,2.8805893334783984e-08,740,7.399999999999887,0.9832728811599223,0.9971386973242827,-0.0069329080821802225,1.2738953034519611,3.4641016151377544,2.1562802509401346,8.831799045153531e-05,3.751959535149663e-09,0.0,0.000187609184650786,0.0002745404802923467,8.831432468742648e-05,1.1215225065026826e-08,2.2178459858024314e-08,0.0005917804689398672,0.3464101615137755,2.0994831386166855,3.577907990765492e-08
FS-010,860,725,7.24999999999989,0.004594968541939053,3.1066456009680866e-05,0.0,0.9836529538435802,0.9836218873875705,0.6882934415884621,0.6882857962232143,"[""mover""]",720,7.199999999999891,0.9837879769384247,0.9985428048442346,-0.0073774139529049765,1.295206787733034,3.4641016151377544,2.1573631553908466,9.555276627718923e-05,1.8629389146033686e-09,0.0,9.31506716825162e-05,0.000187609184650786,9.555094635931588e-05,3.725952347756898e-09,1.1215225065026826e-08,0.00040452433885477987,0.3464101615137755,2.100558246875703,2.8805893334783984e-08,740,7.399999999999887,0.9832728811599223,0.9971386973242827,-0.0069329080821802225,1.2738953034519611,3.4641016151377544,2.1562802509401346,8.831799045153531e-05,3.751959535149663e-09,0.0,0.000187609184650786,0.0002745404802923467,8.831432468742648e-05,1.1215225065026826e-08,2.2178459858024314e-08,0.0005917804689398672,0.3464101615137755,2.0994831386166855,3.577907990765492e-08
FS-010,872,726,7.25999999999989,0.004611657317447103,3.069988895135412e-05,0.0,0.9836218873875705,0.9835911874986192,0.6882768398170397,0.6882691744032926,"[""mover""]",720,7.199999999999891,0.9837879769384247,0.9985428048442346,-0.0073774139529049765,1.295206787733034,3.4641016151377544,2.1573631553908466,9.555276627718923e-05,1.8629389146033686e-09,0.0,9.31506716825162e-05,0.000187609184650786,9.555094635931588e-05,3.725952347756898e-09,1.1215225065026826e-08,0.00040452433885477987,0.3464101615137755,2.100558246875703,2.8805893334783984e-08,740,7.399999999999887,0.9832728811599223,0.9971386973242827,-0.0069329080821802225,1.2738953034519611,3.4641016151377544,2.1562802509401346,8.831799045153531e-05,3.751959535149663e-09,0.0,0.000187609184650786,0.0002745404802923467,8.831432468742648e-05,1.1215225065026826e-08,2.2178459858024314e-08,0.0005917804689398672,0.3464101615137755,2.0994831386166855,3.577907990765492e-08
FS-010,887,727,7.269999999999889,0.0044029649877139546,2.8983344832367413e-05,0.0,0.9835911874986192,0.9835622041537868,0.688259880274639,0.6882525689530262,"[""mover""]",720,7.199999999999891,0.9837879769384247,0.9985428048442346,-0.0073774139529049765,1.295206787733034,3.4641016151377544,2.1573631553908466,9.555276627718923e-05,1.8629389146033686e-09,0.0,9.31506716825162e-05,0.000187609184650786,9.555094635931588e-05,3.725952347756898e-09,1.1215225065026826e-08,0.00040452433885477987,0.3464101615137755,2.100558246875703,2.8805893334783984e-08,740,7.399999999999887,0.9832728811599223,0.9971386973242827,-0.0069329080821802225,1.2738953034519611,3.4641016151377544,2.1562802509401346,8.831799045153531e-05,3.751959535149663e-09,0.0,0.000187609184650786,0.0002745404802923467,8.831432468742648e-05,1.1215225065026826e-08,2.2178459858024314e-08,0.0005917804689398672,0.3464101615137755,2.0994831386166855,3.577907990765492e-08
FS-010,902,728,7.279999999999889,0.004490386916719362,2.9121800940966983e-05,0.0,0.9835622041537868,0.9835330823528459,0.6882434288281166,0.6882359795396292,"[""mover""]",720,7.199999999999891,0.9837879769384247,0.9985428048442346,-0.0073774139529049765,1.295206787733034,3.4641016151377544,2.1573631553908466,9.555276627718923e-05,1.8629389146033686e-09,0.0,9.31506716825162e-05,0.000187609184650786,9.555094635931588e-05,3.725952347756898e-09,1.1215225065026826e-08,0.00040452433885477987,0.3464101615137755,2.100558246875703,2.8805893334783984e-08,740,7.399999999999887,0.9832728811599223,0.9971386973242827,-0.0069329080821802225,1.2738953034519611,3.4641016151377544,2.1562802509401346,8.831799045153531e-05,3.751959535149663e-09,0.0,0.000187609184650786,0.0002745404802923467,8.831432468742648e-05,1.1215225065026826e-08,2.2178459858024314e-08,0.0005917804689398672,0.3464101615137755,2.0994831386166855,3.577907990765492e-08
FS-010,917,729,7.289999999999889,0.004203261913928384,2.680447203834594e-05,0.0,0.9835330823528459,0.9835062778808075,0.6882263722171627,0.6882194058695342,"[""mover""]",720,7.199999999999891,0.9837879769384247,0.9985428048442346,-0.0073774139529049765,1.295206787733034,3.4641016151377544,2.1573631553908466,9.555276627718923e-05,1.8629389146033686e-09,0.0,9.31506716825162e-05,0.000187609184650786,9.555094635931588e-05,3.725952347756898e-09,1.1215225065026826e-08,0.00040452433885477987,0.3464101615137755,2.100558246875703,2.8805893334783984e-08,740,7.399999999999887,0.9832728811599223,0.9971386973242827,-0.0069329080821802225,1.2738953034519611,3.4641016151377544,2.1562802509401346,8.831799045153531e-05,3.751959535149663e-09,0.0,0.000187609184650786,0.0002745404802923467,8.831432468742648e-05,1.1215225065026826e-08,2.2178459858024314e-08,0.0005917804689398672,0.3464101615137755,2.0994831386166855,3.577907990765492e-08
FS-010,932,730,7.299999999999889,0.004398037391848832,2.7618845926233984e-05,0.0,0.9835062778808075,0.9834786590348812,0.6882101300310396,0.6882028476753022,"[""mover""]",720,7.199999999999891,0.9837879769384247,0.9985428048442346,-0.0073774139529049765,1.295206787733034,3.4641016151377544,2.1573631553908466,9.555276627718923e-05,1.8629389146033686e-09,0.0,9.31506716825162e-05,0.000187609184650786,9.555094635931588e-05,3.725952347756898e-09,1.1215225065026826e-08,0.00040452433885477987,0.3464101615137755,2.100558246875703,2.8805893334783984e-08,740,7.399999999999887,0.9832728811599223,0.9971386973242827,-0.0069329080821802225,1.2738953034519611,3.4641016151377544,2.1562802509401346,8.831799045153531e-05,3.751959535149663e-09,0.0,0.000187609184650786,0.0002745404802923467,8.831432468742648e-05,1.1215225065026826e-08,2.2178459858024314e-08,0.0005917804689398672,0.3464101615137755,2.0994831386166855,3.577907990765492e-08
FS-010,947,731,7.309999999999889,0.003944275118557186,2.4303042988106514e-05,0.0,0.9834786590348812,0.9834543559918931,0.688192829720613,0.688186304726464,"[""mover""]",720,7.199999999999891,0.9837879769384247,0.9985428048442346,-0.0073774139529049765,1.295206787733034,3.4641016151377544,2.1573631553908466,9.555276627718923e-05,1.8629389146033686e-09,0.0,9.31506716825162e-05,0.000187609184650786,9.555094635931588e-05,3.725952347756898e-09,1.1215225065026826e-08,0.00040452433885477987,0.3464101615137755,2.100558246875703,2.8805893334783984e-08,740,7.399999999999887,0.9832728811599223,0.9971386973242827,-0.0069329080821802225,1.2738953034519611,3.4641016151377544,2.1562802509401346,8.831799045153531e-05,3.751959535149663e-09,0.0,0.000187609184650786,0.0002745404802923467,8.831432468742648e-05,1.1215225065026826e-08,2.2178459858024314e-08,0.0005917804689398672,0.3464101615137755,2.0994831386166855,3.577907990765492e-08
FS-010,962,732,7.319999999999888,0.004387707592771104,2.6621524790630238e-05,0.0,0.9834543559918931,0.9834277344671025,0.6881770287748787,0.6881697768071893,"[""mover""]",720,7.199999999999891,0.9837879769384247,0.9985428048442346,-0.0073774139529049765,1.295206787733034,3.4641016151377544,2.1573631553908466,9.555276627718923e-05,1.8629389146033686e-09,0.0,9.31506716825162e-05,0.000187609184650786,9.555094635931588e-05,3.725952347756898e-09,1.1215225065026826e-08,0.00040452433885477987,0.3464101615137755,2.100558246875703,2.8805893334783984e-08,740,7.399999999999887,0.9832728811599223,0.9971386973242827,-0.0069329080821802225,1.2738953034519611,3.4641016151377544,2.1562802509401346,8.831799045153531e-05,3.751959535149663e-09,0.0,0.000187609184650786,0.0002745404802923467,8.831432468742648e-05,1.1215225065026826e-08,2.2178459858024314e-08,0.0005917804689398672,0.3464101615137755,2.0994831386166855,3.577907990765492e-08
FS-010,980,733,7.329999999999888,0.003497586231527396,2.0898008295257048e-05,0.0,0.9834277344671025,0.9834068364588072,0.6881590393293006,0.6881532637425474,"[""mover""]",720,7.199999999999891,0.9837879769384247,0.9985428048442346,-0.0073774139529049765,1.295206787733034,3.4641016151377544,2.1573631553908466,9.555276627718923e-05,1.8629389146033686e-09,0.0,9.31506716825162e-05,0.000187609184650786,9.555094635931588e-05,3.725952347756898e-09,1.1215225065026826e-08,0.00040452433885477987,0.3464101615137755,2.100558246875703,2.8805893334783984e-08,740,7.399999999999887,0.9832728811599223,0.9971386973242827,-0.0069329080821802225,1.2738953034519611,3.4641016151377544,2.1562802509401346,8.831799045153531e-05,3.751959535149663e-09,0.0,0.000187609184650786,0.0002745404802923467,8.831432468742648e-05,1.1215225065026826e-08,2.2178459858024314e-08,0.0005917804689398672,0.3464101615137755,2.0994831386166855,3.577907990765492e-08
FS-010,998,734,7.339999999999888,0.004635685399307305,2.730676894559944e-05,0.0,0.9834068364588072,0.9833795296898616,0.6881444134868688,0.688136765352096,"[""mover""]",720,7.199999999999891,0.9837879769384247,0.9985428048442346,-0.0073774139529049765,1.295206787733034,3.4641016151377544,2.1573631553908466,9.555276627718923e-05,1.8629389146033686e-09,0.0,9.31506716825162e-05,0.000187609184650786,9.555094635931588e-05,3.725952347756898e-09,1.1215225065026826e-08,0.00040452433885477987,0.3464101615137755,2.100558246875703,2.8805893334783984e-08,740,7.399999999999887,0.9832728811599223,0.9971386973242827,-0.0069329080821802225,1.2738953034519611,3.4641016151377544,2.1562802509401346,8.831799045153531e-05,3.751959535149663e-09,0.0,0.000187609184650786,0.0002745404802923467,8.831432468742648e-05,1.1215225065026826e-08,2.2178459858024314e-08,0.0005917804689398672,0.3464101615137755,2.0994831386166855,3.577907990765492e-08
FS-010,1016,735,7.349999999999888,0.0025968194820916064,1.4896550089182663e-05,0.0,0.9833795296898616,0.9833646331397725,0.6881245620722726,0.6881202815181628,"[""mover""]",720,7.199999999999891,0.9837879769384247,0.9985428048442346,-0.0073774139529049765,1.295206787733034,3.4641016151377544,2.1573631553908466,9.555276627718923e-05,1.8629389146033686e-09,0.0,9.31506716825162e-05,0.000187609184650786,9.555094635931588e-05,3.725952347756898e-09,1.1215225065026826e-08,0.00040452433885477987,0.3464101615137755,2.100558246875703,2.8805893334783984e-08,740,7.399999999999887,0.9832728811599223,0.9971386973242827,-0.0069329080821802225,1.2738953034519611,3.4641016151377544,2.1562802509401346,8.831799045153531e-05,3.751959535149663e-09,0.0,0.000187609184650786,0.0002745404802923467,8.831432468742648e-05,1.1215225065026826e-08,2.2178459858024314e-08,0.0005917804689398672,0.3464101615137755,2.0994831386166855,3.577907990765492e-08
FS-010,1034,736,7.3599999999998875,0.005714664535352625,3.2560249144049656e-05,0.0,0.9833646331397725,0.9833320728906285,0.6881132238052857,0.6881038120656887,"[""mover""]",720,7.199999999999891,0.9837879769384247,0.9985428048442346,-0.0073774139529049765,1.295206787733034,3.4641016151377544,2.1573631553908466,9.555276627718923e-05,1.8629389146033686e-09,0.0,9.31506716825162e-05,0.000187609184650786,9.555094635931588e-05,3.725952347756898e-09,1.1215225065026826e-08,0.00040452433885477987,0.3464101615137755,2.100558246875703,2.8805893334783984e-08,740,7.399999999999887,0.9832728811599223,0.9971386973242827,-0.0069329080821802225,1.2738953034519611,3.4641016151377544,2.1562802509401346,8.831799045153531e-05,3.751959535149663e-09,0.0,0.000187609184650786,0.0002745404802923467,8.831432468742648e-05,1.1215225065026826e-08,2.2178459858024314e-08,0.0005917804689398672,0.3464101615137755,2.0994831386166855,3.577907990765492e-08
FS-010,1055,737,7.369999999999887,5.455015064308698e-05,1.3785444019730372e-07,0.0,0.9833320728906285,0.9833319350361883,0.6880874467208589,0.6880873569579985,"[""mover""]",720,7.199999999999891,0.9837879769384247,0.9985428048442346,-0.0073774139529049765,1.295206787733034,3.4641016151377544,2.1573631553908466,9.555276627718923e-05,1.8629389146033686e-09,0.0,9.31506716825162e-05,0.000187609184650786,9.555094635931588e-05,3.725952347756898e-09,1.1215225065026826e-08,0.00040452433885477987,0.3464101615137755,2.100558246875703,2.8805893334783984e-08,740,7.399999999999887,0.9832728811599223,0.9971386973242827,-0.0069329080821802225,1.2738953034519611,3.4641016151377544,2.1562802509401346,8.831799045153531e-05,3.751959535149663e-09,0.0,0.000187609184650786,0.0002745404802923467,8.831432468742648e-05,1.1215225065026826e-08,2.2178459858024314e-08,0.0005917804689398672,0.3464101615137755,2.0994831386166855,3.577907990765492e-08
FS-010,1058,738,7.379999999999887,0.009933568249794366,5.489503187575096e-05,0.0,0.9833319350361883,0.9832770400043126,0.688087247737294,0.6880709159182643,"[""mover""]",720,7.199999999999891,0.9837879769384247,0.9985428048442346,-0.0073774139529049765,1.295206787733034,3.4641016151377544,2.1573631553908466,9.555276627718923e-05,1.8629389146033686e-09,0.0,9.31506716825162e-05,0.000187609184650786,9.555094635931588e-05,3.725952347756898e-09,1.1215225065026826e-08,0.00040452433885477987,0.3464101615137755,2.100558246875703,2.8805893334783984e-08,740,7.399999999999887,0.9832728811599223,0.9971386973242827,-0.0069329080821802225,1.2738953034519611,3.4641016151377544,2.1562802509401346,8.831799045153531e-05,3.751959535149663e-09,0.0,0.000187609184650786,0.0002745404802923467,8.831432468742648e-05,1.1215225065026826e-08,2.2178459858024314e-08,0.0005917804689398672,0.3464101615137755,2.0994831386166855,3.577907990765492e-08
FS-010,1074,740,7.399999999999887,0.0008260365362138186,4.1588443903284635e-06,0.0,0.9832770400043126,0.9832728811599223,0.6880394319389799,0.6880380761715781,"[""mover""]",720,7.199999999999891,0.9837879769384247,0.9985428048442346,-0.0073774139529049765,1.295206787733034,3.4641016151377544,2.1573631553908466,9.555276627718923e-05,1.8629389146033686e-09,0.0,9.31506716825162e-05,0.000187609184650786,9.555094635931588e-05,3.725952347756898e-09,1.1215225065026826e-08,0.00040452433885477987,0.3464101615137755,2.100558246875703,2.8805893334783984e-08,740,7.399999999999887,0.9832728811599223,0.9971386973242827,-0.0069329080821802225,1.2738953034519611,3.4641016151377544,2.1562802509401346,8.831799045153531e-05,3.751959535149663e-09,0.0,0.000187609184650786,0.0002745404802923467,8.831432468742648e-05,1.1215225065026826e-08,2.2178459858024314e-08,0.0005917804689398672,0.3464101615137755,2.0994831386166855,3.577907990765492e-08
FS-010,1089,741,7.4099999999998865,0.008347640425939619,4.344349977707767e-05,0.0,0.9832728811599223,0.9832294376601453,0.6880353664205432,0.6880216768897426,"[""mover""]",740,7.399999999999887,0.9832728811599223,0.9971386973242827,-0.0069329080821802225,1.2738953034519611,3.4641016151377544,2.1562802509401346,8.831799045153531e-05,3.751959535149663e-09,0.0,0.000187609184650786,0.0002745404802923467,8.831432468742648e-05,1.1215225065026826e-08,2.2178459858024314e-08,0.0005917804689398672,0.3464101615137755,2.0994831386166855,3.577907990765492e-08,760,7.599999999999882,0.9830759131086255,0.9958191904570435,-0.006371638674208979,1.2864343110505119,3.4641016151377544,2.1556035614408273,8.196694608118828e-05,5.490366398247039e-09,0.0,0.0002745404802923467,0.00035410011049064993,8.196166393567584e-05,2.2178459858024314e-08,3.6301786247597664e-08,0.0007631545308334369,0.3464101615137755,2.098903985111122,3.8760319006495945e-08
FS-010,1114,743,7.429999999999886,0.0013623251327992223,6.654055136425764e-06,0.0,0.9832294376601453,0.9832227836050088,0.6879911390449285,0.6879889075930361,"[""mover""]",740,7.399999999999887,0.9832728811599223,0.9971386973242827,-0.0069329080821802225,1.2738953034519611,3.4641016151377544,2.1562802509401346,8.831799045153531e-05,3.751959535149663e-09,0.0,0.000187609184650786,0.0002745404802923467,8.831432468742648e-05,1.1215225065026826e-08,2.2178459858024314e-08,0.0005917804689398672,0.3464101615137755,2.0994831386166855,3.577907990765492e-08,760,7.599999999999882,0.9830759131086255,0.9958191904570435,-0.006371638674208979,1.2864343110505119,3.4641016151377544,2.1556035614408273,8.196694608118828e-05,5.490366398247039e-09,0.0,0.0002745404802923467,0.00035410011049064993,8.196166393567584e-05,2.2178459858024314e-08,3.6301786247597664e-08,0.0007631545308334369,0.3464101615137755,2.098903985111122,3.8760319006495945e-08
FS-010,1135,744,7.439999999999886,0.0067702082004859766,3.305415704022061e-05,0.0,0.9832227836050088,0.9831897294479686,0.6879836205897311,0.6879725381066011,"[""mover""]",740,7.399999999999887,0.9832728811599223,0.9971386973242827,-0.0069329080821802225,1.2738953034519611,3.4641016151377544,2.1562802509401346,8.831799045153531e-05,3.751959535149663e-09,0.0,0.000187609184650786,0.0002745404802923467,8.831432468742648e-05,1.1215225065026826e-08,2.2178459858024314e-08,0.0005917804689398672,0.3464101615137755,2.0994831386166855,3.577907990765492e-08,760,7.599999999999882,0.9830759131086255,0.9958191904570435,-0.006371638674208979,1.2864343110505119,3.4641016151377544,2.1556035614408273,8.196694608118828e-05,5.490366398247039e-09,0.0,0.0002745404802923467,0.00035410011049064993,8.196166393567584e-05,2.2178459858024314e-08,3.6301786247597664e-08,0.0007631545308334369,0.3464101615137755,2.098903985111122,3.8760319006495945e-08
FS-010,1166,746,7.459999999999885,0.002194131644362359,1.0046782039865163e-05,0.0,0.9831897294479686,0.9831796826659287,0.6879434181782496,0.6879398311921738,"[""mover""]",740,7.399999999999887,0.9832728811599223,0.9971386973242827,-0.0069329080821802225,1.2738953034519611,3.4641016151377544,2.1562802509401346,8.831799045153531e-05,3.751959535149663e-09,0.0,0.000187609184650786,0.0002745404802923467,8.831432468742648e-05,1.1215225065026826e-08,2.2178459858024314e-08,0.0005917804689398672,0.3464101615137755,2.0994831386166855,3.577907990765492e-08,760,7.599999999999882,0.9830759131086255,0.9958191904570435,-0.006371638674208979,1.2864343110505119,3.4641016151377544,2.1556035614408273,8.196694608118828e-05,5.490366398247039e-09,0.0,0.0002745404802923467,0.00035410011049064993,8.196166393567584e-05,2.2178459858024314e-08,3.6301786247597664e-08,0.0007631545308334369,0.3464101615137755,2.098903985111122,3.8760319006495945e-08
FS-010,1193,747,7.469999999999885,0.00369268412532778,1.671637433795377e-05,0.0,0.9831796826659287,0.9831629662915907,0.6879295268453187,0.6879234940575515,"[""mover""]",740,7.399999999999887,0.9832728811599223,0.9971386973242827,-0.0069329080821802225,1.2738953034519611,3.4641016151377544,2.1562802509401346,8.831799045153531e-05,3.751959535149663e-09,0.0,0.000187609184650786,0.0002745404802923467,8.831432468742648e-05,1.1215225065026826e-08,2.2178459858024314e-08,0.0005917804689398672,0.3464101615137755,2.0994831386166855,3.577907990765492e-08,760,7.599999999999882,0.9830759131086255,0.9958191904570435,-0.006371638674208979,1.2864343110505119,3.4641016151377544,2.1556035614408273,8.196694608118828e-05,5.490366398247039e-09,0.0,0.0002745404802923467,0.00035410011049064993,8.196166393567584e-05,2.2178459858024314e-08,3.6301786247597664e-08,0.0007631545308334369,0.3464101615137755,2.098903985111122,3.8760319006495945e-08
FS-010,1224,749,7.489999999999885,0.008411622764250616,3.672660356960535e-05,0.0,0.9831629662915907,0.9831262396880212,0.6879045766257113,0.6878908534256698,"[""mover""]",740,7.399999999999887,0.9832728811599223,0.9971386973242827,-0.0069329080821802225,1.2738953034519611,3.4641016151377544,2.1562802509401346,8.831799045153531e-05,3.751959535149663e-09,0.0,0.000187609184650786,0.0002745404802923467,8.831432468742648e-05,1.1215225065026826e-08,2.2178459858024314e-08,0.0005917804689398672,0.3464101615137755,2.0994831386166855,3.577907990765492e-08,760,7.599999999999882,0.9830759131086255,0.9958191904570435,-0.006371638674208979,1.2864343110505119,3.4641016151377544,2.1556035614408273,8.196694608118828e-05,5.490366398247039e-09,0.0,0.0002745404802923467,0.00035410011049064993,8.196166393567584e-05,2.2178459858024314e-08,3.6301786247597664e-08,0.0007631545308334369,0.3464101615137755,2.098903985111122,3.8760319006495945e-08
FS-010,1266,753,7.529999999999884,0.006617143065514934,2.5907058664726605e-05,0.0,0.9831262396880212,0.9831003326293565,0.687836472599397,0.6878257055081584,"[""mover""]",740,7.399999999999887,0.9832728811599223,0.9971386973242827,-0.0069329080821802225,1.2738953034519611,3.4641016151377544,2.1562802509401346,8.831799045153531e-05,3.751959535149663e-09,0.0,0.000187609184650786,0.0002745404802923467,8.831432468742648e-05,1.1215225065026826e-08,2.2178459858024314e-08,0.0005917804689398672,0.3464101615137755,2.0994831386166855,3.577907990765492e-08,760,7.599999999999882,0.9830759131086255,0.9958191904570435,-0.006371638674208979,1.2864343110505119,3.4641016151377544,2.1556035614408273,8.196694608118828e-05,5.490366398247039e-09,0.0,0.0002745404802923467,0.00035410011049064993,8.196166393567584e-05,2.2178459858024314e-08,3.6301786247597664e-08,0.0007631545308334369,0.3464101615137755,2.098903985111122,3.8760319006495945e-08
FS-010,1342,758,7.579999999999883,0.007246736208354335,2.4419520730914082e-05,0.0,0.9831003326293565,0.9830759131086255,0.687756221033421,0.6877444538299092,"[""mover""]",740,7.399999999999887,0.9832728811599223,0.9971386973242827,-0.0069329080821802225,1.2738953034519611,3.4641016151377544,2.1562802509401346,8.831799045153531e-05,3.751959535149663e-09,0.0,0.000187609184650786,0.0002745404802923467,8.831432468742648e-05,1.1215225065026826e-08,2.2178459858024314e-08,0.0005917804689398672,0.3464101615137755,2.0994831386166855,3.577907990765492e-08,760,7.599999999999882,0.9830759131086255,0.9958191904570435,-0.006371638674208979,1.2864343110505119,3.4641016151377544,2.1556035614408273,8.196694608118828e-05,5.490366398247039e-09,0.0,0.0002745404802923467,0.00035410011049064993,8.196166393567584e-05,2.2178459858024314e-08,3.6301786247597664e-08,0.0007631545308334369,0.3464101615137755,2.098903985111122,3.8760319006495945e-08
FS-015,679,678,6.7724581879461745,0.0,0.003206360834701156,0.0,1.0,0.9967936391652988,0.6889659457318648,0.6889659457318648,"[""mover""]",660,6.599999999999904,1.0,1.0,0.0,0.9103573877398607,3.4641016151377544,2.173923208356721,0.0,0.0,0.0,0.0,0.0,0.0,0.0,0.0,0.0,0.3464101615137755,2.1264528905871907,4.995548890931389e-08,680,6.7999999999998995,0.9967936391652988,1.0,-0.0016031804173505804,0.9307131510614262,3.4641016151377544,2.1737907983328495,1.4921010979523314e-05,0.0,0.0,0.0,1.4921010979523314e-05,1.4921010979523314e-05,0.0,5.968285025313049e-10,3.238223135971391e-05,0.3464101615137755,2.1211804848064713,5.278174342076047e-08
FS-015,12768,12764,127.63814766745307,0.0,0.0022164835596816994,0.0,0.9967936391652988,0.9945771556056171,0.49186068304979474,0.49186068304979474,"[""mover""]",12760,127.60000000002837,0.9967936391652988,0.9967936391652994,-2.7755575615628914e-16,0.6314561039721944,3.4641016151377544,2.11531129097726,1.752642764175068e-18,2.755400196320053e-09,0.0,0.0001411097776293214,0.00014110702222915834,2.7554001959911513e-09,3.339837518493282e-06,3.3453479808531866e-06,0.00029451983379256725,0.3464101615137755,1.99039035314264,2.4403188309865197e-07,12780,127.80000000002848,0.9945771556056171,0.9967936391652994,-0.001108241779841146,0.5353196546261338,3.4641016151377544,2.115256869268574,5.9326360682681415e-06,2.755234876716847e-09,0.0,0.00014110702222915834,0.00014069857411387818,5.932882589518297e-06,3.3453479808531866e-06,3.350836307810314e-06,0.0002932734654989975,0.3464101615137755,1.986335888261445,2.7014938834374844e-07
FS-015,12864,12858,128.5736439517028,0.0,0.0007410901820321911,0.0,0.9945771556056171,0.9938360654235849,0.49025809275966603,0.49025809275966603,"[""mover""]",12840,128.4000000000282,0.9945771556056171,0.9962191670124713,-0.0008210057034270801,0.7365668527201488,3.4641016151377544,2.1122824947147505,6.047255870385762e-06,2.6993701715115006e-09,0.0,0.00013830360979931008,0.00013843091913771544,6.047250318908869e-06,3.3616331025022695e-06,3.366962421282991e-06,0.0002883400250198273,0.3464101615137755,1.985832251938746,4.020002606602302e-07,12860,128.60000000002802,0.9938360654235849,0.9960629089673806,-0.0011134217718978268,0.8301674764697602,3.4641016151377544,2.1122250734543817,9.24326542622908e-06,2.7021916960676507e-09,0.0,0.00013843091913771544,0.00013927072478559698,9.24309939635551e-06,3.366962421282991e-06,3.3722602789374215e-06,0.0002899984718610248,0.3464101615137755,1.9843618812079211,3.986233084230118e-07
FS-015,24896,24887,248.8620346077934,0.0,0.00023596239576692362,0.0,0.9938360654235849,0.993600103027818,0.29473385436575866,0.29473385436575866,"[""mover""]",24880,248.7999999999187,0.9938360654235849,0.9938360654235855,-2.7755575615628914e-16,0.9198284384486995,3.4641016151377544,2.1016774548422954,2.553036777676875e-18,2.574580077174139e-09,0.0,0.00013403040505210084,0.00013402783097064705,2.5745800771850543e-09,5.89811798645629e-06,5.902723806068178e-06,0.0002686257887898798,0.3464101615137755,1.9267887441338125,5.828223726437034e-07,24900,248.99999999991851,0.993600103027818,0.9938360654235855,-0.00011798119788375416,0.7783690717847991,3.4641016151377544,2.1016992493616247,9.183291548483645e-07,2.5744256064887675e-09,0.0,0.00013402783097064705,0.00013403394198208723,9.183242083497972e-07,5.902723806068178e-06,5.907332613304604e-06,0.0002685842739704276,0.3464101615137755,1.926307761490681,5.4240574103382e-07
FS-015,27743,27731,277.30704817444615,0.0,0.000732337143275401,0.0,0.993600103027818,0.9928677658845426,0.24861839460714374,0.24861839460714374,"[""mover""]",27720,277.1999999998929,0.993600103027818,0.9936001032053557,-8.876888113462655e-11,1.1673518596793844,3.4641016151377544,2.1057053137836372,1.0362451847416455e-12,2.6129939136971126e-09,0.0,0.00013666830222586296,0.00013666568938196778,2.61336107052584e-09,6.569420615302811e-06,6.574187478835844e-06,0.000271873820796547,0.3464101615137755,1.9240984820237226,6.691140490979869e-07,27740,277.3999999998927,0.9928677658845426,0.9936001031884608,-0.00036616865195909787,1.0694437780885244,3.4641016151377544,2.1057437955386584,3.915967865687198e-06,2.6128371309037623e-09,0.0,0.00013666568938196778,0.00013531306481983846,3.916922735426801e-06,6.574187478835844e-06,6.5789276991867145e-06,0.0002687252734978486,0.3464101615137755,1.9226802283648834,6.761636279987978e-07
FS-017,18784,18783,187.82768691543913,0.0,0.001077039429315543,0.0,1.0,0.9989229605706844,0.39385642772180324,0.39385642772180324,"[""repair-0""]",18780,187.79999999997418,1.0,1.0,0.0,1.0075853726765998,3.4641016151377544,2.1091347300327006,0.0,0.0,0.0,0.0,0.0,0.0,0.0,0.0,0.0,0.3464101615137755,1.957761134276642,2.2105439769629404e-07,18800,187.999999999974,0.9989205339040578,1.0,-0.0005397330479711138,1.0585918849412919,3.4641016151377544,2.109120327957534,5.7135702461685025e-06,0.0,0.0,0.0,5.7135702461685025e-06,5.7135702461685025e-06,0.0,2.285382390514873e-10,1.204207239320374e-05,0.3464101615137755,1.955680403772133,2.887206056643977e-07
FS-017,18785,18783,187.82999999997415,0.0023130845350320733,0.0,8.18687025902723e-09,0.9989229605706844,0.9989229687575547,0.39385642772180324,0.39385279880745494,"[""repair-0""]",18780,187.79999999997418,1.0,1.0,0.0,1.0075853726765998,3.4641016151377544,2.1091347300327006,0.0,0.0,0.0,0.0,0.0,0.0,0.0,0.0,0.0,0.3464101615137755,1.957761134276642,2.2105439769629404e-07,18800,187.999999999974,0.9989205339040578,1.0,-0.0005397330479711138,1.0585918849412919,3.4641016151377544,2.109120327957534,5.7135702461685025e-06,0.0,0.0,0.0,5.7135702461685025e-06,5.7135702461685025e-06,0.0,2.285382390514873e-10,1.204207239320374e-05,0.3464101615137755,1.955680403772133,2.887206056643977e-07
FS-017,18787,18784,187.83013695523192,0.0,5.304401636063628e-08,0.0,0.9989229687575547,0.9989229157135383,0.3938525838576475,0.3938525838576475,"[""repair-0""]",18780,187.79999999997418,1.0,1.0,0.0,1.0075853726765998,3.4641016151377544,2.1091347300327006,0.0,0.0,0.0,0.0,0.0,0.0,0.0,0.0,0.0,0.3464101615137755,1.957761134276642,2.2105439769629404e-07,18800,187.999999999974,0.9989205339040578,1.0,-0.0005397330479711138,1.0585918849412919,3.4641016151377544,2.109120327957534,5.7135702461685025e-06,0.0,0.0,0.0,5.7135702461685025e-06,5.7135702461685025e-06,0.0,2.285382390514873e-10,1.204207239320374e-05,0.3464101615137755,1.955680403772133,2.887206056643977e-07
FS-017,18788,18784,187.83999999997414,0.009863044742216932,0.0,3.4241540970492065e-08,0.9989229157135383,0.9989229499550792,0.3938525838576475,0.39383710391476273,"[""repair-0""]",18780,187.79999999997418,1.0,1.0,0.0,1.0075853726765998,3.4641016151377544,2.1091347300327006,0.0,0.0,0.0,0.0,0.0,0.0,0.0,0.0,0.0,0.3464101615137755,1.957761134276642,2.2105439769629404e-07,18800,187.999999999974,0.9989205339040578,1.0,-0.0005397330479711138,1.0585918849412919,3.4641016151377544,2.109120327957534,5.7135702461685025e-06,0.0,0.0,0.0,5.7135702461685025e-06,5.7135702461685025e-06,0.0,2.285382390514873e-10,1.204207239320374e-05,0.3464101615137755,1.955680403772133,2.887206056643977e-07
FS-017,18790,18785,187.84058764357056,0.0,2.2188473080409728e-07,0.0,0.9989229499550792,0.9989227280703484,0.3938361813063686,0.3938361813063686,"[""repair-0""]",18780,187.79999999997418,1.0,1.0,0.0,1.0075853726765998,3.4641016151377544,2.1091347300327006,0.0,0.0,0.0,0.0,0.0,0.0,0.0,0.0,0.0,0.3464101615137755,1.957761134276642,2.2105439769629404e-07,18800,187.999999999974,0.9989205339040578,1.0,-0.0005397330479711138,1.0585918849412919,3.4641016151377544,2.109120327957534,5.7135702461685025e-06,0.0,0.0,0.0,5.7135702461685025e-06,5.7135702461685025e-06,0.0,2.285382390514873e-10,1.204207239320374e-05,0.3464101615137755,1.955680403772133,2.887206056643977e-07
FS-017,18791,18785,187.84999999997413,0.009412356403593143,0.0,3.210556249344569e-08,0.9989227280703484,0.998922760175911,0.3938361813063686,0.3938214037795144,"[""repair-0""]",18780,187.79999999997418,1.0,1.0,0.0,1.0075853726765998,3.4641016151377544,2.1091347300327006,0.0,0.0,0.0,0.0,0.0,0.0,0.0,0.0,0.0,0.3464101615137755,1.957761134276642,2.2105439769629404e-07,18800,187.999999999974,0.9989205339040578,1.0,-0.0005397330479711138,1.0585918849412919,3.4641016151377544,2.109120327957534,5.7135702461685025e-06,0.0,0.0,0.0,5.7135702461685025e-06,5.7135702461685025e-06,0.0,2.285382390514873e-10,1.204207239320374e-05,0.3464101615137755,1.955680403772133,2.887206056643977e-07
FS-017,18793,18786,187.85056445321862,0.0,2.074493671224342e-07,0.0,0.998922760175911,0.9989225527265438,0.3938205173088295,0.3938205173088295,"[""repair-0""]",18780,187.79999999997418,1.0,1.0,0.0,1.0075853726765998,3.4641016151377544,2.1091347300327006,0.0,0.0,0.0,0.0,0.0,0.0,0.0,0.0,0.0,0.3464101615137755,1.957761134276642,2.2105439769629404e-07,18800,187.999999999974,0.9989205339040578,1.0,-0.0005397330479711138,1.0585918849412919,3.4641016151377544,2.109120327957534,5.7135702461685025e-06,0.0,0.0,0.0,5.7135702461685025e-06,5.7135702461685025e-06,0.0,2.285382390514873e-10,1.204207239320374e-05,0.3464101615137755,1.955680403772133,2.887206056643977e-07
FS-017,18794,18786,187.85999999997412,0.009435546755503864,0.0,3.1573836861041584e-08,0.9989225527265438,0.9989225843003807,0.3938205173088295,0.3938056988350649,"[""repair-0""]",18780,187.79999999997418,1.0,1.0,0.0,1.0075853726765998,3.4641016151377544,2.1091347300327006,0.0,0.0,0.0,0.0,0.0,0.0,0.0,0.0,0.0,0.3464101615137755,1.957761134276642,2.2105439769629404e-07,18800,187.999999999974,0.9989205339040578,1.0,-0.0005397330479711138,1.0585918849412919,3.4641016151377544,2.109120327957534,5.7135702461685025e-06,0.0,0.0,0.0,5.7135702461685025e-06,5.7135702461685025e-06,0.0,2.285382390514873e-10,1.204207239320374e-05,0.3464101615137755,1.955680403772133,2.887206056643977e-07
FS-017,18796,18787,187.86057032207037,0.0,2.036752837095493e-07,0.0,0.9989225843003807,0.998922380625097,0.3938048028959854,0.3938048028959854,"[""repair-0""]",18780,187.79999999997418,1.0,1.0,0.0,1.0075853726765998,3.4641016151377544,2.1091347300327006,0.0,0.0,0.0,0.0,0.0,0.0,0.0,0.0,0.0,0.3464101615137755,1.957761134276642,2.2105439769629404e-07,18800,187.999999999974,0.9989205339040578,1.0,-0.0005397330479711138,1.0585918849412919,3.4641016151377544,2.109120327957534,5.7135702461685025e-06,0.0,0.0,0.0,5.7135702461685025e-06,5.7135702461685025e-06,0.0,2.285382390514873e-10,1.204207239320374e-05,0.3464101615137755,1.955680403772133,2.887206056643977e-07
FS-017,18797,18787,187.8699999999741,0.009429677903758024,0.0,3.091255960978168e-08,0.998922380625097,0.9989224115376566,0.3938048028959854,0.3937899894826587,"[""repair-0""]",18780,187.79999999997418,1.0,1.0,0.0,1.0075853726765998,3.4641016151377544,2.1091347300327006,0.0,0.0,0.0,0.0,0.0,0.0,0.0,0.0,0.0,0.3464101615137755,1.957761134276642,2.2105439769629404e-07,18800,187.999999999974,0.9989205339040578,1.0,-0.0005397330479711138,1.0585918849412919,3.4641016151377544,2.109120327957534,5.7135702461685025e-06,0.0,0.0,0.0,5.7135702461685025e-06,5.7135702461685025e-06,0.0,2.285382390514873e-10,1.204207239320374e-05,0.3464101615137755,1.955680403772133,2.887206056643977e-07
FS-017,18799,18788,187.87057509261174,0.0,1.9921500772683736e-07,0.0,0.9989224115376566,0.9989222123226489,0.39378908581706995,0.39378908581706995,"[""repair-0""]",18780,187.79999999997418,1.0,1.0,0.0,1.0075853726765998,3.4641016151377544,2.1091347300327006,0.0,0.0,0.0,0.0,0.0,0.0,0.0,0.0,0.0,0.3464101615137755,1.957761134276642,2.2105439769629404e-07,18800,187.999999999974,0.9989205339040578,1.0,-0.0005397330479711138,1.0585918849412919,3.4641016151377544,2.109120327957534,5.7135702461685025e-06,0.0,0.0,0.0,5.7135702461685025e-06,5.7135702461685025e-06,0.0,2.285382390514873e-10,1.204207239320374e-05,0.3464101615137755,1.955680403772133,2.887206056643977e-07
FS-017,18800,18788,187.8799999999741,0.00942490736237506,0.0,3.022467896750327e-08,0.9989222123226489,0.9989222425473279,0.39378908581706995,0.3937742760909433,"[""repair-0""]",18780,187.79999999997418,1.0,1.0,0.0,1.0075853726765998,3.4641016151377544,2.1091347300327006,0.0,0.0,0.0,0.0,0.0,0.0,0.0,0.0,0.0,0.3464101615137755,1.957761134276642,2.2105439769629404e-07,18800,187.999999999974,0.9989205339040578,1.0,-0.0005397330479711138,1.0585918849412919,3.4641016151377544,2.109120327957534,5.7135702461685025e-06,0.0,0.0,0.0,5.7135702461685025e-06,5.7135702461685025e-06,0.0,2.285382390514873e-10,1.204207239320374e-05,0.3464101615137755,1.955680403772133,2.887206056643977e-07
FS-017,18802,18789,187.8805804577584,0.0,1.9467613748825534e-07,0.0,0.9989222425473279,0.9989220478711903,0.39377336378012073,0.39377336378012073,"[""repair-0""]",18780,187.79999999997418,1.0,1.0,0.0,1.0075853726765998,3.4641016151377544,2.1091347300327006,0.0,0.0,0.0,0.0,0.0,0.0,0.0,0.0,0.0,0.3464101615137755,1.957761134276642,2.2105439769629404e-07,18800,187.999999999974,0.9989205339040578,1.0,-0.0005397330479711138,1.0585918849412919,3.4641016151377544,2.109120327957534,5.7135702461685025e-06,0.0,0.0,0.0,5.7135702461685025e-06,5.7135702461685025e-06,0.0,2.285382390514873e-10,1.204207239320374e-05,0.3464101615137755,1.955680403772133,2.887206056643977e-07
FS-017,18803,18789,187.8899999999741,0.009419542215686343,0.0,2.950522255878068e-08,0.9989220478711903,0.9989220773764129,0.39377336378012073,0.3937585589992407,"[""repair-0""]",18780,187.79999999997418,1.0,1.0,0.0,1.0075853726765998,3.4641016151377544,2.1091347300327006,0.0,0.0,0.0,0.0,0.0,0.0,0.0,0.0,0.0,0.3464101615137755,1.957761134276642,2.2105439769629404e-07,18800,187.999999999974,0.9989205339040578,1.0,-0.0005397330479711138,1.0585918849412919,3.4641016151377544,2.109120327957534,5.7135702461685025e-06,0.0,0.0,0.0,5.7135702461685025e-06,5.7135702461685025e-06,0.0,2.285382390514873e-10,1.204207239320374e-05,0.3464101615137755,1.955680403772133,2.887206056643977e-07
FS-017,18805,18790,187.8905863560578,0.0,1.9002913444790678e-07,0.0,0.9989220773764129,0.9989218873472785,0.39375763721939366,0.39375763721939366,"[""repair-0""]",18780,187.79999999997418,1.0,1.0,0.0,1.0075853726765998,3.4641016151377544,2.1091347300327006,0.0,0.0,0.0,0.0,0.0,0.0,0.0,0.0,0.0,0.3464101615137755,1.957761134276642,2.2105439769629404e-07,18800,187.999999999974,0.9989205339040578,1.0,-0.0005397330479711138,1.0585918849412919,3.4641016151377544,2.109120327957534,5.7135702461685025e-06,0.0,0.0,0.0,5.7135702461685025e-06,5.7135702461685025e-06,0.0,2.285382390514873e-10,1.204207239320374e-05,0.3464101615137755,1.955680403772133,2.887206056643977e-07
FS-017,18806,18790,187.89999999997409,0.009413643916272781,0.0,2.8754960260536094e-08,0.9989218873472785,0.9989219161022388,0.39375763721939366,0.3937428385202918,"[""repair-0""]",18780,187.79999999997418,1.0,1.0,0.0,1.0075853726765998,3.4641016151377544,2.1091347300327006,0.0,0.0,0.0,0.0,0.0,0.0,0.0,0.0,0.0,0.3464101615137755,1.957761134276642,2.2105439769629404e-07,18800,187.999999999974,0.9989205339040578,1.0,-0.0005397330479711138,1.0585918849412919,3.4641016151377544,2.109120327957534,5.7135702461685025e-06,0.0,0.0,0.0,5.7135702461685025e-06,5.7135702461685025e-06,0.0,2.285382390514873e-10,1.204207239320374e-05,0.3464101615137755,1.955680403772133,2.887206056643977e-07
FS-017,18808,18791,187.90059283118677,0.0,1.8527809968038444e-07,0.0,0.9989219161022388,0.9989217308241392,0.3937419063775378,0.3937419063775378,"[""repair-0""]",18780,187.79999999997418,1.0,1.0,0.0,1.0075853726765998,3.4641016151377544,2.1091347300327006,0.0,0.0,0.0,0.0,0.0,0.0,0.0,0.0,0.0,0.3464101615137755,1.957761134276642,2.2105439769629404e-07,18800,187.999999999974,0.9989205339040578,1.0,-0.0005397330479711138,1.0585918849412919,3.4641016151377544,2.109120327957534,5.7135702461685025e-06,0.0,0.0,0.0,5.7135702461685025e-06,5.7135702461685025e-06,0.0,2.285382390514873e-10,1.204207239320374e-05,0.3464101615137755,1.955680403772133,2.887206056643977e-07
FS-017,18809,18791,187.90999999997408,0.009407168787319191,0.0,2.797425046692002e-08,0.9989217308241392,0.9989217587983896,0.3937419063775378,0.39372711494275336,"[""repair-0""]",18780,187.79999999997418,1.0,1.0,0.0,1.0075853726765998,3.4641016151377544,2.1091347300327006,0.0,0.0,0.0,0.0,0.0,0.0,0.0,0.0,0.0,0.3464101615137755,1.957761134276642,2.2105439769629404e-07,18800,187.999999999974,0.9989205339040578,1.0,-0.0005397330479711138,1.0585918849412919,3.4641016151377544,2.109120327957534,5.7135702461685025e-06,0.0,0.0,0.0,5.7135702461685025e-06,5.7135702461685025e-06,0.0,2.285382390514873e-10,1.204207239320374e-05,0.3464101615137755,1.955680403772133,2.887206056643977e-07
FS-017,18811,18792,187.91059992940131,0.0,1.8042447498111707e-07,0.0,0.9989217587983896,0.9989215783739146,0.3937261714691813,0.3937261714691813,"[""repair-0""]",18780,187.79999999997418,1.0,1.0,0.0,1.0075853726765998,3.4641016151377544,2.1091347300327006,0.0,0.0,0.0,0.0,0.0,0.0,0.0,0.0,0.0,0.3464101615137755,1.957761134276642,2.2105439769629404e-07,18800,187.999999999974,0.9989205339040578,1.0,-0.0005397330479711138,1.0585918849412919,3.4641016151377544,2.109120327957534,5.7135702461685025e-06,0.0,0.0,0.0,5.7135702461685025e-06,5.7135702461685025e-06,0.0,2.285382390514873e-10,1.204207239320374e-05,0.3464101615137755,1.955680403772133,2.887206056643977e-07
FS-017,18812,18792,187.91999999997407,0.009400070572749325,0.0,2.7163385599735048e-08,0.9989215783739146,0.9989216055373003,0.3937261714691813,0.3937113885334595,"[""repair-0""]",18780,187.79999999997418,1.0,1.0,0.0,1.0075853726765998,3.4641016151377544,2.1091347300327006,0.0,0.0,0.0,0.0,0.0,0.0,0.0,0.0,0.0,0.3464101615137755,1.957761134276642,2.2105439769629404e-07,18800,187.999999999974,0.9989205339040578,1.0,-0.0005397330479711138,1.0585918849412919,3.4641016151377544,2.109120327957534,5.7135702461685025e-06,0.0,0.0,0.0,5.7135702461685025e-06,5.7135702461685025e-06,0.0,2.285382390514873e-10,1.204207239320374e-05,0.3464101615137755,1.955680403772133,2.887206056643977e-07
FS-017,18814,18793,187.92060770660365,0.0,1.7546897507336034e-07,0.0,0.9989216055373003,0.9989214300683251,0.39371043267206696,0.39371043267206696,"[""repair-0""]",18780,187.79999999997418,1.0,1.0,0.0,1.0075853726765998,3.4641016151377544,2.1091347300327006,0.0,0.0,0.0,0.0,0.0,0.0,0.0,0.0,0.0,0.3464101615137755,1.957761134276642,2.2105439769629404e-07,18800,187.999999999974,0.9989205339040578,1.0,-0.0005397330479711138,1.0585918849412919,3.4641016151377544,2.109120327957534,5.7135702461685025e-06,0.0,0.0,0.0,5.7135702461685025e-06,5.7135702461685025e-06,0.0,2.285382390514873e-10,1.204207239320374e-05,0.3464101615137755,1.955680403772133,2.887206056643977e-07
FS-017,18815,18793,187.92999999997406,0.009392293370412667,0.0,2.6322581967970272e-08,0.9989214300683251,0.9989214563909071,0.39371043267206696,0.3936956595394684,"[""repair-0""]",18780,187.79999999997418,1.0,1.0,0.0,1.0075853726765998,3.4641016151377544,2.1091347300327006,0.0,0.0,0.0,0.0,0.0,0.0,0.0,0.0,0.0,0.3464101615137755,1.957761134276642,2.2105439769629404e-07,18800,187.999999999974,0.9989205339040578,1.0,-0.0005397330479711138,1.0585918849412919,3.4641016151377544,2.109120327957534,5.7135702461685025e-06,0.0,0.0,0.0,5.7135702461685025e-06,5.7135702461685025e-06,0.0,2.285382390514873e-10,1.204207239320374e-05,0.3464101615137755,1.955680403772133,2.887206056643977e-07
FS-017,18817,18794,187.93061622977652,0.0,1.7041146649808695e-07,0.0,0.9989214563909071,0.9989212859794406,0.3936946901268257,0.3936946901268257,"[""repair-0""]",18780,187.79999999997418,1.0,1.0,0.0,1.0075853726765998,3.4641016151377544,2.1091347300327006,0.0,0.0,0.0,0.0,0.0,0.0,0.0,0.0,0.0,0.3464101615137755,1.957761134276642,2.2105439769629404e-07,18800,187.999999999974,0.9989205339040578,1.0,-0.0005397330479711138,1.0585918849412919,3.4641016151377544,2.109120327957534,5.7135702461685025e-06,0.0,0.0,0.0,5.7135702461685025e-06,5.7135702461685025e-06,0.0,2.285382390514873e-10,1.204207239320374e-05,0.3464101615137755,1.955680403772133,2.887206056643977e-07
FS-017,18818,18794,187.93999999997405,0.009383770197541512,0.0,2.5451987884088664e-08,0.9989212859794406,0.9989213114314285,0.3936946901268257,0.39367992818991604,"[""repair-0""]",18780,187.79999999997418,1.0,1.0,0.0,1.0075853726765998,3.4641016151377544,2.1091347300327006,0.0,0.0,0.0,0.0,0.0,0.0,0.0,0.0,0.0,0.3464101615137755,1.957761134276642,2.2105439769629404e-07,18800,187.999999999974,0.9989205339040578,1.0,-0.0005397330479711138,1.0585918849412919,3.4641016151377544,2.109120327957534,5.7135702461685025e-06,0.0,0.0,0.0,5.7135702461685025e-06,5.7135702461685025e-06,0.0,2.285382390514873e-10,1.204207239320374e-05,0.3464101615137755,1.955680403772133,2.887206056643977e-07
FS-017,18820,18795,187.94062557929215,0.0,1.6525094624582565e-07,0.0,0.9989213114314285,0.9989211461804822,0.3936789439351825,0.3936789439351825,"[""repair-0""]",18780,187.79999999997418,1.0,1.0,0.0,1.0075853726765998,3.4641016151377544,2.1091347300327006,0.0,0.0,0.0,0.0,0.0,0.0,0.0,0.0,0.0,0.3464101615137755,1.957761134276642,2.2105439769629404e-07,18800,187.999999999974,0.9989205339040578,1.0,-0.0005397330479711138,1.0585918849412919,3.4641016151377544,2.109120327957534,5.7135702461685025e-06,0.0,0.0,0.0,5.7135702461685025e-06,5.7135702461685025e-06,0.0,2.285382390514873e-10,1.204207239320374e-05,0.3464101615137755,1.955680403772133,2.887206056643977e-07
FS-017,18821,18795,187.94999999997404,0.009374420681896905,0.0,2.4551689989565845e-08,0.9989211461804822,0.9989211707321722,0.3936789439351825,0.39366419469769454,"[""repair-0""]",18780,187.79999999997418,1.0,1.0,0.0,1.0075853726765998,3.4641016151377544,2.1091347300327006,0.0,0.0,0.0,0.0,0.0,0.0,0.0,0.0,0.0,0.3464101615137755,1.957761134276642,2.2105439769629404e-07,18800,187.999999999974,0.9989205339040578,1.0,-0.0005397330479711138,1.0585918849412919,3.4641016151377544,2.109120327957534,5.7135702461685025e-06,0.0,0.0,0.0,5.7135702461685025e-06,5.7135702461685025e-06,0.0,2.285382390514873e-10,1.204207239320374e-05,0.3464101615137755,1.955680403772133,2.887206056643977e-07
FS-017,18823,18796,187.95063585171545,0.0,1.5998544351972714e-07,0.0,0.9989211707321722,0.9989210107467287,0.3936631941572103,0.3936631941572103,"[""repair-0""]",18780,187.79999999997418,1.0,1.0,0.0,1.0075853726765998,3.4641016151377544,2.1091347300327006,0.0,0.0,0.0,0.0,0.0,0.0,0.0,0.0,0.0,0.3464101615137755,1.957761134276642,2.2105439769629404e-07,18800,187.999999999974,0.9989205339040578,1.0,-0.0005397330479711138,1.0585918849412919,3.4641016151377544,2.109120327957534,5.7135702461685025e-06,0.0,0.0,0.0,5.7135702461685025e-06,5.7135702461685025e-06,0.0,2.285382390514873e-10,1.204207239320374e-05,0.3464101615137755,1.955680403772133,2.887206056643977e-07
FS-017,18824,18796,187.95999999997403,0.009364148258591859,0.0,2.362171954436825e-08,0.9989210107467287,0.9989210343684483,0.3936631941572103,0.3936484592609713,"[""repair-0""]",18780,187.79999999997418,1.0,1.0,0.0,1.0075853726765998,3.4641016151377544,2.1091347300327006,0.0,0.0,0.0,0.0,0.0,0.0,0.0,0.0,0.0,0.3464101615137755,1.957761134276642,2.2105439769629404e-07,18800,187.999999999974,0.9989205339040578,1.0,-0.0005397330479711138,1.0585918849412919,3.4641016151377544,2.109120327957534,5.7135702461685025e-06,0.0,0.0,0.0,5.7135702461685025e-06,5.7135702461685025e-06,0.0,2.285382390514873e-10,1.204207239320374e-05,0.3464101615137755,1.955680403772133,2.887206056643977e-07
FS-017,18826,18797,187.9606471637837,0.0,1.5461197749398814e-07,0.0,0.9989210343684483,0.9989208797564708,0.3936474408065733,0.3936474408065733,"[""repair-0""]",18780,187.79999999997418,1.0,1.0,0.0,1.0075853726765998,3.4641016151377544,2.1091347300327006,0.0,0.0,0.0,0.0,0.0,0.0,0.0,0.0,0.0,0.3464101615137755,1.957761134276642,2.2105439769629404e-07,18800,187.999999999974,0.9989205339040578,1.0,-0.0005397330479711138,1.0585918849412919,3.4641016151377544,2.109120327957534,5.7135702461685025e-06,0.0,0.0,0.0,5.7135702461685025e-06,5.7135702461685025e-06,0.0,2.285382390514873e-10,1.204207239320374e-05,0.3464101615137755,1.955680403772133,2.887206056643977e-07
FS-017,18827,18797,187.96999999997402,0.009352836190336906,0.0,2.266205763483263e-08,0.9989208797564708,0.9989209024185285,0.3936474408065733,0.3936327220645649,"[""repair-0""]",18780,187.79999999997418,1.0,1.0,0.0,1.0075853726765998,3.4641016151377544,2.1091347300327006,0.0,0.0,0.0,0.0,0.0,0.0,0.0,0.0,0.0,0.3464101615137755,1.957761134276642,2.2105439769629404e-07,18800,187.999999999974,0.9989205339040578,1.0,-0.0005397330479711138,1.0585918849412919,3.4641016151377544,2.109120327957534,5.7135702461685025e-06,0.0,0.0,0.0,5.7135702461685025e-06,5.7135702461685025e-06,0.0,2.285382390514873e-10,1.204207239320374e-05,0.3464101615137755,1.955680403772133,2.887206056643977e-07
FS-017,18829,18798,187.97065965723655,0.0,1.4912636853883172e-07,0.0,0.9989209024185285,0.9989207532921599,0.3936316838442892,0.3936316838442892,"[""repair-0""]",18780,187.79999999997418,1.0,1.0,0.0,1.0075853726765998,3.4641016151377544,2.1091347300327006,0.0,0.0,0.0,0.0,0.0,0.0,0.0,0.0,0.0,0.3464101615137755,1.957761134276642,2.2105439769629404e-07,18800,187.999999999974,0.9989205339040578,1.0,-0.0005397330479711138,1.0585918849412919,3.4641016151377544,2.109120327957534,5.7135702461685025e-06,0.0,0.0,0.0,5.7135702461685025e-06,5.7135702461685025e-06,0.0,2.285382390514873e-10,1.204207239320374e-05,0.3464101615137755,1.955680403772133,2.887206056643977e-07
FS-017,18830,18798,187.979999999974,0.009340342737462124,0.0,2.1672641174274755e-08,0.9989207532921599,0.998920774964801,0.3936316838442892,0.3936169832811901,"[""repair-0""]",18780,187.79999999997418,1.0,1.0,0.0,1.0075853726765998,3.4641016151377544,2.1091347300327006,0.0,0.0,0.0,0.0,0.0,0.0,0.0,0.0,0.0,0.3464101615137755,1.957761134276642,2.2105439769629404e-07,18800,187.999999999974,0.9989205339040578,1.0,-0.0005397330479711138,1.0585918849412919,3.4641016151377544,2.109120327957534,5.7135702461685025e-06,0.0,0.0,0.0,5.7135702461685025e-06,5.7135702461685025e-06,0.0,2.285382390514873e-10,1.204207239320374e-05,0.3464101615137755,1.955680403772133,2.887206056643977e-07
FS-017,18832,18799,187.98067350571606,0.0,1.4352310790304755e-07,0.0,0.998920774964801,0.9989206314416931,0.3936159231691025,0.3936159231691025,"[""repair-0""]",18780,187.79999999997418,1.0,1.0,0.0,1.0075853726765998,3.4641016151377544,2.1091347300327006,0.0,0.0,0.0,0.0,0.0,0.0,0.0,0.0,0.0,0.3464101615137755,1.957761134276642,2.2105439769629404e-07,18800,187.999999999974,0.9989205339040578,1.0,-0.0005397330479711138,1.0585918849412919,3.4641016151377544,2.109120327957534,5.7135702461685025e-06,0.0,0.0,0.0,5.7135702461685025e-06,5.7135702461685025e-06,0.0,2.285382390514873e-10,1.204207239320374e-05,0.3464101615137755,1.955680403772133,2.887206056643977e-07
FS-017,18833,18799,187.989999999974,0.009326494257950627,0.0,2.0653367988033047e-08,0.9989206314416931,0.9989206520950611,0.3936159231691025,0.39360124307258537,"[""repair-0""]",18780,187.79999999997418,1.0,1.0,0.0,1.0075853726765998,3.4641016151377544,2.1091347300327006,0.0,0.0,0.0,0.0,0.0,0.0,0.0,0.0,0.0,0.3464101615137755,1.957761134276642,2.2105439769629404e-07,18800,187.999999999974,0.9989205339040578,1.0,-0.0005397330479711138,1.0585918849412919,3.4641016151377544,2.109120327957534,5.7135702461685025e-06,0.0,0.0,0.0,5.7135702461685025e-06,5.7135702461685025e-06,0.0,2.285382390514873e-10,1.204207239320374e-05,0.3464101615137755,1.955680403772133,2.887206056643977e-07
FS-017,18835,18800,187.99068892387933,0.0,1.3779510594845274e-07,0.0,0.9989206520950611,0.9989205142999551,0.39360015860425623,0.39360015860425623,"[""repair-0""]",18780,187.79999999997418,1.0,1.0,0.0,1.0075853726765998,3.4641016151377544,2.1091347300327006,0.0,0.0,0.0,0.0,0.0,0.0,0.0,0.0,0.0,0.3464101615137755,1.957761134276642,2.2105439769629404e-07,18800,187.999999999974,0.9989205339040578,1.0,-0.0005397330479711138,1.0585918849412919,3.4641016151377544,2.109120327957534,5.7135702461685025e-06,0.0,0.0,0.0,5.7135702461685025e-06,5.7135702461685025e-06,0.0,2.285382390514873e-10,1.204207239320374e-05,0.3464101615137755,1.955680403772133,2.887206056643977e-07
FS-017,18836,18800,187.999999999974,0.009311076094660425,0.0,1.960410266602335e-08,0.9989205142999551,0.9989205339040578,0.39360015860425623,0.393585501590533,"[""repair-0""]",18780,187.79999999997418,1.0,1.0,0.0,1.0075853726765998,3.4641016151377544,2.1091347300327006,0.0,0.0,0.0,0.0,0.0,0.0,0.0,0.0,0.0,0.3464101615137755,1.957761134276642,2.2105439769629404e-07,18800,187.999999999974,0.9989205339040578,1.0,-0.0005397330479711138,1.0585918849412919,3.4641016151377544,2.109120327957534,5.7135702461685025e-06,0.0,0.0,0.0,5.7135702461685025e-06,5.7135702461685025e-06,0.0,2.285382390514873e-10,1.204207239320374e-05,0.3464101615137755,1.955680403772133,2.887206056643977e-07
FS-017,18838,18801,188.00073105264534,0.0,1.2732726984521623e-07,0.0,0.9989205339040578,0.9989204065767879,0.3935843517031457,0.3935843517031457,"[""repair-0""]",18800,187.999999999974,0.9989205339040578,1.0,-0.0005397330479711138,1.0585918849412919,3.4641016151377544,2.109120327957534,5.7135702461685025e-06,0.0,0.0,0.0,5.7135702461685025e-06,5.7135702461685025e-06,0.0,2.285382390514873e-10,1.204207239320374e-05,0.3464101615137755,1.955680403772133,2.887206056643977e-07,18820,188.1999999999738,0.9989196965943538,0.9998972752191675,-0.0004887893124068676,1.1025531979810528,3.4641016151377544,2.1076505893564375,5.3891621953315196e-06,1.1426683415858902e-10,0.0,5.7135702461685025e-06,1.1009921316135661e-05,5.389051731991507e-06,2.285382390514873e-10,6.677315329483945e-10,2.3204621934002982e-05,0.3464101615137755,1.9555867860034444,3.386005183047558e-07
FS-017,18839,18801,188.00999999997399,0.009268947328659263,0.0,1.747400827032952e-08,0.9989204065767879,0.9989204240507962,0.3935843517031457,0.39356977239026647,"[""repair-0""]",18800,187.999999999974,0.9989205339040578,1.0,-0.0005397330479711138,1.0585918849412919,3.4641016151377544,2.109120327957534,5.7135702461685025e-06,0.0,0.0,0.0,5.7135702461685025e-06,5.7135702461685025e-06,0.0,2.285382390514873e-10,1.204207239320374e-05,0.3464101615137755,1.955680403772133,2.887206056643977e-07,18820,188.1999999999738,0.9989196965943538,0.9998972752191675,-0.0004887893124068676,1.1025531979810528,3.4641016151377544,2.1076505893564375,5.3891621953315196e-06,1.1426683415858902e-10,0.0,5.7135702461685025e-06,1.1009921316135661e-05,5.389051731991507e-06,2.285382390514873e-10,6.677315329483945e-10,2.3204621934002982e-05,0.3464101615137755,1.9555867860034444,3.386005183047558e-07
FS-017,18841,18802,188.0107753379254,0.0,1.1700787968652252e-07,0.0,0.9989204240507962,0.9989203070429165,0.39356855370955757,0.39356855370955757,"[""repair-0""]",18800,187.999999999974,0.9989205339040578,1.0,-0.0005397330479711138,1.0585918849412919,3.4641016151377544,2.109120327957534,5.7135702461685025e-06,0.0,0.0,0.0,5.7135702461685025e-06,5.7135702461685025e-06,0.0,2.285382390514873e-10,1.204207239320374e-05,0.3464101615137755,1.955680403772133,2.887206056643977e-07,18820,188.1999999999738,0.9989196965943538,0.9998972752191675,-0.0004887893124068676,1.1025531979810528,3.4641016151377544,2.1076505893564375,5.3891621953315196e-06,1.1426683415858902e-10,0.0,5.7135702461685025e-06,1.1009921316135661e-05,5.389051731991507e-06,2.285382390514873e-10,6.677315329483945e-10,2.3204621934002982e-05,0.3464101615137755,1.9555867860034444,3.386005183047558e-07
FS-017,18842,18802,188.01999999997398,0.009224662048585268,0.0,1.5483295352322555e-08,0.9989203070429165,0.9989203225262118,0.39356855370955757,0.3935540543320097,"[""repair-0""]",18800,187.999999999974,0.9989205339040578,1.0,-0.0005397330479711138,1.0585918849412919,3.4641016151377544,2.109120327957534,5.7135702461685025e-06,0.0,0.0,0.0,5.7135702461685025e-06,5.7135702461685025e-06,0.0,2.285382390514873e-10,1.204207239320374e-05,0.3464101615137755,1.955680403772133,2.887206056643977e-07,18820,188.1999999999738,0.9989196965943538,0.9998972752191675,-0.0004887893124068676,1.1025531979810528,3.4641016151377544,2.1076505893564375,5.3891621953315196e-06,1.1426683415858902e-10,0.0,5.7135702461685025e-06,1.1009921316135661e-05,5.389051731991507e-06,2.285382390514873e-10,6.677315329483945e-10,2.3204621934002982e-05,0.3464101615137755,1.9555867860034444,3.386005183047558e-07
FS-017,18844,18803,188.02082427270614,0.0,1.0712976323480677e-07,0.0,0.9989203225262118,0.9989202153964485,0.3935527595690569,0.3935527595690569,"[""repair-0""]",18800,187.999999999974,0.9989205339040578,1.0,-0.0005397330479711138,1.0585918849412919,3.4641016151377544,2.109120327957534,5.7135702461685025e-06,0.0,0.0,0.0,5.7135702461685025e-06,5.7135702461685025e-06,0.0,2.285382390514873e-10,1.204207239320374e-05,0.3464101615137755,1.955680403772133,2.887206056643977e-07,18820,188.1999999999738,0.9989196965943538,0.9998972752191675,-0.0004887893124068676,1.1025531979810528,3.4641016151377544,2.1076505893564375,5.3891621953315196e-06,1.1426683415858902e-10,0.0,5.7135702461685025e-06,1.1009921316135661e-05,5.389051731991507e-06,2.285382390514873e-10,6.677315329483945e-10,2.3204621934002982e-05,0.3464101615137755,1.9555867860034444,3.386005183047558e-07
FS-017,18845,18803,188.02999999997397,0.009175727267849994,0.0,1.3624993272333962e-08,0.9989202153964485,0.9989202290214417,0.3935527595690569,0.39353834638848195,"[""repair-0""]",18800,187.999999999974,0.9989205339040578,1.0,-0.0005397330479711138,1.0585918849412919,3.4641016151377544,2.109120327957534,5.7135702461685025e-06,0.0,0.0,0.0,5.7135702461685025e-06,5.7135702461685025e-06,0.0,2.285382390514873e-10,1.204207239320374e-05,0.3464101615137755,1.955680403772133,2.887206056643977e-07,18820,188.1999999999738,0.9989196965943538,0.9998972752191675,-0.0004887893124068676,1.1025531979810528,3.4641016151377544,2.1076505893564375,5.3891621953315196e-06,1.1426683415858902e-10,0.0,5.7135702461685025e-06,1.1009921316135661e-05,5.389051731991507e-06,2.285382390514873e-10,6.677315329483945e-10,2.3204621934002982e-05,0.3464101615137755,1.9555867860034444,3.386005183047558e-07
FS-017,18847,18804,188.03087872617954,0.0,9.763247149081454e-08,0.0,0.9989202290214417,0.9989201313889703,0.39353696689763457,0.39353696689763457,"[""repair-0""]",18800,187.999999999974,0.9989205339040578,1.0,-0.0005397330479711138,1.0585918849412919,3.4641016151377544,2.109120327957534,5.7135702461685025e-06,0.0,0.0,0.0,5.7135702461685025e-06,5.7135702461685025e-06,0.0,2.285382390514873e-10,1.204207239320374e-05,0.3464101615137755,1.955680403772133,2.887206056643977e-07,18820,188.1999999999738,0.9989196965943538,0.9998972752191675,-0.0004887893124068676,1.1025531979810528,3.4641016151377544,2.1076505893564375,5.3891621953315196e-06,1.1426683415858902e-10,0.0,5.7135702461685025e-06,1.1009921316135661e-05,5.389051731991507e-06,2.285382390514873e-10,6.677315329483945e-10,2.3204621934002982e-05,0.3464101615137755,1.9555867860034444,3.386005183047558e-07
FS-017,18848,18804,188.03999999997396,0.009121273794439637,0.0,1.189513304211268e-08,0.9989201313889703,0.9989201432841033,0.39353696689763457,0.3935226476322751,"[""repair-0""]",18800,187.999999999974,0.9989205339040578,1.0,-0.0005397330479711138,1.0585918849412919,3.4641016151377544,2.109120327957534,5.7135702461685025e-06,0.0,0.0,0.0,5.7135702461685025e-06,5.7135702461685025e-06,0.0,2.285382390514873e-10,1.204207239320374e-05,0.3464101615137755,1.955680403772133,2.887206056643977e-07,18820,188.1999999999738,0.9989196965943538,0.9998972752191675,-0.0004887893124068676,1.1025531979810528,3.4641016151377544,2.1076505893564375,5.3891621953315196e-06,1.1426683415858902e-10,0.0,5.7135702461685025e-06,1.1009921316135661e-05,5.389051731991507e-06,2.285382390514873e-10,6.677315329483945e-10,2.3204621934002982e-05,0.3464101615137755,1.9555867860034444,3.386005183047558e-07
FS-017,18850,18805,188.04094004887804,0.0,8.847318229368185e-08,0.0,0.9989201432841033,0.9989200548109209,0.3935211726574111,0.3935211726574111,"[""repair-0""]",18800,187.999999999974,0.9989205339040578,1.0,-0.0005397330479711138,1.0585918849412919,3.4641016151377544,2.109120327957534,5.7135702461685025e-06,0.0,0.0,0.0,5.7135702461685025e-06,5.7135702461685025e-06,0.0,2.285382390514873e-10,1.204207239320374e-05,0.3464101615137755,1.955680403772133,2.887206056643977e-07,18820,188.1999999999738,0.9989196965943538,0.9998972752191675,-0.0004887893124068676,1.1025531979810528,3.4641016151377544,2.1076505893564375,5.3891621953315196e-06,1.1426683415858902e-10,0.0,5.7135702461685025e-06,1.1009921316135661e-05,5.389051731991507e-06,2.285382390514873e-10,6.677315329483945e-10,2.3204621934002982e-05,0.3464101615137755,1.9555867860034444,3.386005183047558e-07
FS-017,18851,18805,188.04999999997395,0.009059951095922062,0.0,1.0288465746069555e-08,0.9989200548109209,0.9989200650993867,0.3935211726574111,0.39350695722662066,"[""repair-0""]",18800,187.999999999974,0.9989205339040578,1.0,-0.0005397330479711138,1.0585918849412919,3.4641016151377544,2.109120327957534,5.7135702461685025e-06,0.0,0.0,0.0,5.7135702461685025e-06,5.7135702461685025e-06,0.0,2.285382390514873e-10,1.204207239320374e-05,0.3464101615137755,1.955680403772133,2.887206056643977e-07,18820,188.1999999999738,0.9989196965943538,0.9998972752191675,-0.0004887893124068676,1.1025531979810528,3.4641016151377544,2.1076505893564375,5.3891621953315196e-06,1.1426683415858902e-10,0.0,5.7135702461685025e-06,1.1009921316135661e-05,5.389051731991507e-06,2.285382390514873e-10,6.677315329483945e-10,2.3204621934002982e-05,0.3464101615137755,1.9555867860034444,3.386005183047558e-07
FS-017,18853,18806,188.05101009409498,0.0,7.9600998331501e-08,0.0,0.9989200650993867,0.9989199854983883,0.39350537311524086,0.39350537311524086,"[""repair-0""]",18800,187.999999999974,0.9989205339040578,1.0,-0.0005397330479711138,1.0585918849412919,3.4641016151377544,2.109120327957534,5.7135702461685025e-06,0.0,0.0,0.0,5.7135702461685025e-06,5.7135702461685025e-06,0.0,2.285382390514873e-10,1.204207239320374e-05,0.3464101615137755,1.955680403772133,2.887206056643977e-07,18820,188.1999999999738,0.9989196965943538,0.9998972752191675,-0.0004887893124068676,1.1025531979810528,3.4641016151377544,2.1076505893564375,5.3891621953315196e-06,1.1426683415858902e-10,0.0,5.7135702461685025e-06,1.1009921316135661e-05,5.389051731991507e-06,2.285382390514873e-10,6.677315329483945e-10,2.3204621934002982e-05,0.3464101615137755,1.9555867860034444,3.386005183047558e-07
FS-017,18854,18806,188.05999999997394,0.008989905878959958,0.0,8.799040618816709e-09,0.9989199854983883,0.998919994297429,0.39350537311524086,0.3934912744170014,"[""repair-0""]",18800,187.999999999974,0.9989205339040578,1.0,-0.0005397330479711138,1.0585918849412919,3.4641016151377544,2.109120327957534,5.7135702461685025e-06,0.0,0.0,0.0,5.7135702461685025e-06,5.7135702461685025e-06,0.0,2.285382390514873e-10,1.204207239320374e-05,0.3464101615137755,1.955680403772133,2.887206056643977e-07,18820,188.1999999999738,0.9989196965943538,0.9998972752191675,-0.0004887893124068676,1.1025531979810528,3.4641016151377544,2.1076505893564375,5.3891621953315196e-06,1.1426683415858902e-10,0.0,5.7135702461685025e-06,1.1009921316135661e-05,5.389051731991507e-06,2.285382390514873e-10,6.677315329483945e-10,2.3204621934002982e-05,0.3464101615137755,1.9555867860034444,3.386005183047558e-07
FS-017,18856,18807,188.0610914976402,0.0,7.095478157375389e-08,0.0,0.998919994297429,0.9989199233426473,0.3934895633968876,0.3934895633968876,"[""repair-0""]",18800,187.999999999974,0.9989205339040578,1.0,-0.0005397330479711138,1.0585918849412919,3.4641016151377544,2.109120327957534,5.7135702461685025e-06,0.0,0.0,0.0,5.7135702461685025e-06,5.7135702461685025e-06,0.0,2.285382390514873e-10,1.204207239320374e-05,0.3464101615137755,1.955680403772133,2.887206056643977e-07,18820,188.1999999999738,0.9989196965943538,0.9998972752191675,-0.0004887893124068676,1.1025531979810528,3.4641016151377544,2.1076505893564375,5.3891621953315196e-06,1.1426683415858902e-10,0.0,5.7135702461685025e-06,1.1009921316135661e-05,5.389051731991507e-06,2.285382390514873e-10,6.677315329483945e-10,2.3204621934002982e-05,0.3464101615137755,1.9555867860034444,3.386005183047558e-07
FS-017,18857,18807,188.06999999997393,0.008908502333719795,0.0,7.42047640451382e-09,0.9989199233426473,0.9989199307631238,0.3934895633968876,0.3934755985235328,"[""repair-0""]",18800,187.999999999974,0.9989205339040578,1.0,-0.0005397330479711138,1.0585918849412919,3.4641016151377544,2.109120327957534,5.7135702461685025e-06,0.0,0.0,0.0,5.7135702461685025e-06,5.7135702461685025e-06,0.0,2.285382390514873e-10,1.204207239320374e-05,0.3464101615137755,1.955680403772133,2.887206056643977e-07,18820,188.1999999999738,0.9989196965943538,0.9998972752191675,-0.0004887893124068676,1.1025531979810528,3.4641016151377544,2.1076505893564375,5.3891621953315196e-06,1.1426683415858902e-10,0.0,5.7135702461685025e-06,1.1009921316135661e-05,5.389051731991507e-06,2.285382390514873e-10,6.677315329483945e-10,2.3204621934002982e-05,0.3464101615137755,1.9555867860034444,3.386005183047558e-07
FS-017,18859,18808,188.07120242681015,0.0,6.341336721174042e-08,0.0,0.9989199307631238,0.9989198673497566,0.3934737143700414,0.3934737143700414,"[""repair-0""]",18800,187.999999999974,0.9989205339040578,1.0,-0.0005397330479711138,1.0585918849412919,3.4641016151377544,2.109120327957534,5.7135702461685025e-06,0.0,0.0,0.0,5.7135702461685025e-06,5.7135702461685025e-06,0.0,2.285382390514873e-10,1.204207239320374e-05,0.3464101615137755,1.955680403772133,2.887206056643977e-07,18820,188.1999999999738,0.9989196965943538,0.9998972752191675,-0.0004887893124068676,1.1025531979810528,3.4641016151377544,2.1076505893564375,5.3891621953315196e-06,1.1426683415858902e-10,0.0,5.7135702461685025e-06,1.1009921316135661e-05,5.389051731991507e-06,2.285382390514873e-10,6.677315329483945e-10,2.3204621934002982e-05,0.3464101615137755,1.9555867860034444,3.386005183047558e-07
FS-017,18860,18808,188.07999999997392,0.008797573163780725,0.0,6.136314129444133e-09,0.9989198673497566,0.9989198734860707,0.3934737143700414,0.39345992893404413,"[""repair-0""]",18800,187.999999999974,0.9989205339040578,1.0,-0.0005397330479711138,1.0585918849412919,3.4641016151377544,2.109120327957534,5.7135702461685025e-06,0.0,0.0,0.0,5.7135702461685025e-06,5.7135702461685025e-06,0.0,2.285382390514873e-10,1.204207239320374e-05,0.3464101615137755,1.955680403772133,2.887206056643977e-07,18820,188.1999999999738,0.9989196965943538,0.9998972752191675,-0.0004887893124068676,1.1025531979810528,3.4641016151377544,2.1076505893564375,5.3891621953315196e-06,1.1426683415858902e-10,0.0,5.7135702461685025e-06,1.1009921316135661e-05,5.389051731991507e-06,2.285382390514873e-10,6.677315329483945e-10,2.3204621934002982e-05,0.3464101615137755,1.9555867860034444,3.386005183047558e-07
FS-017,18862,18809,188.08131039013912,0.0,5.4268757391618496e-08,0.0,0.9989198734860707,0.9989198192173133,0.39345787636034674,0.39345787636034674,"[""repair-0""]",18800,187.999999999974,0.9989205339040578,1.0,-0.0005397330479711138,1.0585918849412919,3.4641016151377544,2.109120327957534,5.7135702461685025e-06,0.0,0.0,0.0,5.7135702461685025e-06,5.7135702461685025e-06,0.0,2.285382390514873e-10,1.204207239320374e-05,0.3464101615137755,1.955680403772133,2.887206056643977e-07,18820,188.1999999999738,0.9989196965943538,0.9998972752191675,-0.0004887893124068676,1.1025531979810528,3.4641016151377544,2.1076505893564375,5.3891621953315196e-06,1.1426683415858902e-10,0.0,5.7135702461685025e-06,1.1009921316135661e-05,5.389051731991507e-06,2.285382390514873e-10,6.677315329483945e-10,2.3204621934002982e-05,0.3464101615137755,1.9555867860034444,3.386005183047558e-07
FS-017,18863,18809,188.0899999999739,0.008689609834787986,0.0,4.9673898694426504e-09,0.9989198192173133,0.9989198241847032,0.39345787636034674,0.3934442650977921,"[""repair-0""]",18800,187.999999999974,0.9989205339040578,1.0,-0.0005397330479711138,1.0585918849412919,3.4641016151377544,2.109120327957534,5.7135702461685025e-06,0.0,0.0,0.0,5.7135702461685025e-06,5.7135702461685025e-06,0.0,2.285382390514873e-10,1.204207239320374e-05,0.3464101615137755,1.955680403772133,2.887206056643977e-07,18820,188.1999999999738,0.9989196965943538,0.9998972752191675,-0.0004887893124068676,1.1025531979810528,3.4641016151377544,2.1076505893564375,5.3891621953315196e-06,1.1426683415858902e-10,0.0,5.7135702461685025e-06,1.1009921316135661e-05,5.389051731991507e-06,2.285382390514873e-10,6.677315329483945e-10,2.3204621934002982e-05,0.3464101615137755,1.9555867860034444,3.386005183047558e-07
FS-017,18865,18810,188.09146637259457,0.0,4.5944119080592206e-08,0.0,0.9989198241847032,0.9989197782405841,0.3934419689667829,0.3934419689667829,"[""repair-0""]",18800,187.999999999974,0.9989205339040578,1.0,-0.0005397330479711138,1.0585918849412919,3.4641016151377544,2.109120327957534,5.7135702461685025e-06,0.0,0.0,0.0,5.7135702461685025e-06,5.7135702461685025e-06,0.0,2.285382390514873e-10,1.204207239320374e-05,0.3464101615137755,1.955680403772133,2.887206056643977e-07,18820,188.1999999999738,0.9989196965943538,0.9998972752191675,-0.0004887893124068676,1.1025531979810528,3.4641016151377544,2.1076505893564375,5.3891621953315196e-06,1.1426683415858902e-10,0.0,5.7135702461685025e-06,1.1009921316135661e-05,5.389051731991507e-06,2.285382390514873e-10,6.677315329483945e-10,2.3204621934002982e-05,0.3464101615137755,1.9555867860034444,3.386005183047558e-07
FS-017,18866,18810,188.0999999999739,0.008533627379332508,0.0,3.880228972795281e-09,0.9989197782405841,0.9989197821208131,0.3934419689667829,0.39342860651976863,"[""repair-0""]",18800,187.999999999974,0.9989205339040578,1.0,-0.0005397330479711138,1.0585918849412919,3.4641016151377544,2.109120327957534,5.7135702461685025e-06,0.0,0.0,0.0,5.7135702461685025e-06,5.7135702461685025e-06,0.0,2.285382390514873e-10,1.204207239320374e-05,0.3464101615137755,1.955680403772133,2.887206056643977e-07,18820,188.1999999999738,0.9989196965943538,0.9998972752191675,-0.0004887893124068676,1.1025531979810528,3.4641016151377544,2.1076505893564375,5.3891621953315196e-06,1.1426683415858902e-10,0.0,5.7135702461685025e-06,1.1009921316135661e-05,5.389051731991507e-06,2.285382390514873e-10,6.677315329483945e-10,2.3204621934002982e-05,0.3464101615137755,1.9555867860034444,3.386005183047558e-07
FS-017,18868,18811,188.1016946453531,0.0,3.7922922762667403e-08,0.0,0.9989197821208131,0.9989197441978903,0.39342595376184,0.39342595376184,"[""repair-0""]",18800,187.999999999974,0.9989205339040578,1.0,-0.0005397330479711138,1.0585918849412919,3.4641016151377544,2.109120327957534,5.7135702461685025e-06,0.0,0.0,0.0,5.7135702461685025e-06,5.7135702461685025e-06,0.0,2.285382390514873e-10,1.204207239320374e-05,0.3464101615137755,1.955680403772133,2.887206056643977e-07,18820,188.1999999999738,0.9989196965943538,0.9998972752191675,-0.0004887893124068676,1.1025531979810528,3.4641016151377544,2.1076505893564375,5.3891621953315196e-06,1.1426683415858902e-10,0.0,5.7135702461685025e-06,1.1009921316135661e-05,5.389051731991507e-06,2.285382390514873e-10,6.677315329483945e-10,2.3204621934002982e-05,0.3464101615137755,1.9555867860034444,3.386005183047558e-07
FS-017,18869,18811,188.1099999999739,0.008305354620806777,0.0,2.8731584119718776e-09,0.9989197441978903,0.9989197470710487,0.39342595376184,0.39341295275549903,"[""repair-0""]",18800,187.999999999974,0.9989205339040578,1.0,-0.0005397330479711138,1.0585918849412919,3.4641016151377544,2.109120327957534,5.7135702461685025e-06,0.0,0.0,0.0,5.7135702461685025e-06,5.7135702461685025e-06,0.0,2.285382390514873e-10,1.204207239320374e-05,0.3464101615137755,1.955680403772133,2.887206056643977e-07,18820,188.1999999999738,0.9989196965943538,0.9998972752191675,-0.0004887893124068676,1.1025531979810528,3.4641016151377544,2.1076505893564375,5.3891621953315196e-06,1.1426683415858902e-10,0.0,5.7135702461685025e-06,1.1009921316135661e-05,5.389051731991507e-06,2.285382390514873e-10,6.677315329483945e-10,2.3204621934002982e-05,0.3464101615137755,1.9555867860034444,3.386005183047558e-07
FS-017,18871,18812,188.1119979648436,0.0,2.8432624296379022e-08,0.0,0.9989197470710487,0.9989197186384244,0.3934098260705157,0.3934098260705157,"[""repair-0""]",18800,187.999999999974,0.9989205339040578,1.0,-0.0005397330479711138,1.0585918849412919,3.4641016151377544,2.109120327957534,5.7135702461685025e-06,0.0,0.0,0.0,5.7135702461685025e-06,5.7135702461685025e-06,0.0,2.285382390514873e-10,1.204207239320374e-05,0.3464101615137755,1.955680403772133,2.887206056643977e-07,18820,188.1999999999738,0.9989196965943538,0.9998972752191675,-0.0004887893124068676,1.1025531979810528,3.4641016151377544,2.1076505893564375,5.3891621953315196e-06,1.1426683415858902e-10,0.0,5.7135702461685025e-06,1.1009921316135661e-05,5.389051731991507e-06,2.285382390514873e-10,6.677315329483945e-10,2.3204621934002982e-05,0.3464101615137755,1.9555867860034444,3.386005183047558e-07
FS-017,18872,18812,188.11999999997388,0.008002035130298058,0.0,1.9578218519842627e-09,0.9989197186384244,0.9989197205962463,0.3934098260705157,0.3933973034063501,"[""repair-0""]",18800,187.999999999974,0.9989205339040578,1.0,-0.0005397330479711138,1.0585918849412919,3.4641016151377544,2.109120327957534,5.7135702461685025e-06,0.0,0.0,0.0,5.7135702461685025e-06,5.7135702461685025e-06,0.0,2.285382390514873e-10,1.204207239320374e-05,0.3464101615137755,1.955680403772133,2.887206056643977e-07,18820,188.1999999999738,0.9989196965943538,0.9998972752191675,-0.0004887893124068676,1.1025531979810528,3.4641016151377544,2.1076505893564375,5.3891621953315196e-06,1.1426683415858902e-10,0.0,5.7135702461685025e-06,1.1009921316135661e-05,5.389051731991507e-06,2.285382390514873e-10,6.677315329483945e-10,2.3204621934002982e-05,0.3464101615137755,1.9555867860034444,3.386005183047558e-07
FS-017,18874,18813,188.12264642720834,0.0,1.9205107319482514e-08,0.0,0.9989197205962463,0.9989197013911391,0.39339316299390864,0.39339316299390864,"[""repair-0""]",18800,187.999999999974,0.9989205339040578,1.0,-0.0005397330479711138,1.0585918849412919,3.4641016151377544,2.109120327957534,5.7135702461685025e-06,0.0,0.0,0.0,5.7135702461685025e-06,5.7135702461685025e-06,0.0,2.285382390514873e-10,1.204207239320374e-05,0.3464101615137755,1.955680403772133,2.887206056643977e-07,18820,188.1999999999738,0.9989196965943538,0.9998972752191675,-0.0004887893124068676,1.1025531979810528,3.4641016151377544,2.1076505893564375,5.3891621953315196e-06,1.1426683415858902e-10,0.0,5.7135702461685025e-06,1.1009921316135661e-05,5.389051731991507e-06,2.285382390514873e-10,6.677315329483945e-10,2.3204621934002982e-05,0.3464101615137755,1.9555867860034444,3.386005183047558e-07
FS-017,18875,18813,188.12999999997388,0.007353572765538888,0.0,1.104574454489952e-09,0.9989197013911391,0.9989197024957135,0.39339316299390864,0.39338165811526665,"[""repair-0""]",18800,187.999999999974,0.9989205339040578,1.0,-0.0005397330479711138,1.0585918849412919,3.4641016151377544,2.109120327957534,5.7135702461685025e-06,0.0,0.0,0.0,5.7135702461685025e-06,5.7135702461685025e-06,0.0,2.285382390514873e-10,1.204207239320374e-05,0.3464101615137755,1.955680403772133,2.887206056643977e-07,18820,188.1999999999738,0.9989196965943538,0.9998972752191675,-0.0004887893124068676,1.1025531979810528,3.4641016151377544,2.1076505893564375,5.3891621953315196e-06,1.1426683415858902e-10,0.0,5.7135702461685025e-06,1.1009921316135661e-05,5.389051731991507e-06,2.285382390514873e-10,6.677315329483945e-10,2.3204621934002982e-05,0.3464101615137755,1.9555867860034444,3.386005183047558e-07
FS-017,18877,18814,188.13454078599247,0.0,6.239327899079747e-09,0.0,0.9989197024957135,0.9989196962563855,0.39337455562100354,0.39337455562100354,"[""repair-0""]",18800,187.999999999974,0.9989205339040578,1.0,-0.0005397330479711138,1.0585918849412919,3.4641016151377544,2.109120327957534,5.7135702461685025e-06,0.0,0.0,0.0,5.7135702461685025e-06,5.7135702461685025e-06,0.0,2.285382390514873e-10,1.204207239320374e-05,0.3464101615137755,1.955680403772133,2.887206056643977e-07,18820,188.1999999999738,0.9989196965943538,0.9998972752191675,-0.0004887893124068676,1.1025531979810528,3.4641016151377544,2.1076505893564375,5.3891621953315196e-06,1.1426683415858902e-10,0.0,5.7135702461685025e-06,1.1009921316135661e-05,5.389051731991507e-06,2.285382390514873e-10,6.677315329483945e-10,2.3204621934002982e-05,0.3464101615137755,1.9555867860034444,3.386005183047558e-07
FS-017,18878,18814,188.13999999997387,0.0054592139814178525,0.0,3.3796819014404815e-10,0.9989196962563855,0.9989196965943538,0.39337455562100354,0.39336601656282605,"[""repair-0""]",18800,187.999999999974,0.9989205339040578,1.0,-0.0005397330479711138,1.0585918849412919,3.4641016151377544,2.109120327957534,5.7135702461685025e-06,0.0,0.0,0.0,5.7135702461685025e-06,5.7135702461685025e-06,0.0,2.285382390514873e-10,1.204207239320374e-05,0.3464101615137755,1.955680403772133,2.887206056643977e-07,18820,188.1999999999738,0.9989196965943538,0.9998972752191675,-0.0004887893124068676,1.1025531979810528,3.4641016151377544,2.1076505893564375,5.3891621953315196e-06,1.1426683415858902e-10,0.0,5.7135702461685025e-06,1.1009921316135661e-05,5.389051731991507e-06,2.285382390514873e-10,6.677315329483945e-10,2.3204621934002982e-05,0.3464101615137755,1.9555867860034444,3.386005183047558e-07
FS-032,926,925,9.240306242503788,0.0,0.004759824244276347,0.0,1.0,0.9952401757557237,0.685064859566489,0.685064859566489,"[""mover""]",920,9.199999999999848,1.0,1.0,0.0,1.1790613990278282,3.4641016151377544,2.1723195587185673,0.0,0.0,0.0,0.0,0.0,0.0,0.0,0.0,0.0,0.3464101615137755,2.1230509776117605,1.3016289653470454e-08,940,9.399999999999844,0.9952401757557237,1.0,-0.0023799121221381725,1.0946480877129965,3.4641016151377544,2.1722008371315313,2.6051662534235304e-05,0.0,0.0,0.0,2.6051662534235304e-05,2.6051662534235304e-05,0.0,1.0420456603172664e-09,5.6453796849597045e-05,0.3464101615137755,2.1153680438000624,2.1175509405847736e-08
FS-033,156,155,1.5488846670106675,0.0,0.009189778658699816,0.0,1.0,0.9908102213413001,0.6974818489837105,0.6974818489837105,"[""mover""]",140,1.400000000000001,1.0,1.0,0.0,0.7760696045470068,3.4641016151377544,2.177235840677535,0.0,0.0,0.0,0.0,0.0,0.0,0.0,0.0,0.0,0.3464101615137755,2.1335044791197073,1.7313420271514323e-08,160,1.6000000000000012,0.9908073257264792,1.0,-0.004596337136760387,0.7134309342587363,3.4641016151377544,2.1771055426289956,3.2791690976470884e-05,0.0,0.0,0.0,3.2791690976470884e-05,3.2791690976470884e-05,0.0,1.3116414060558286e-09,7.106895033165586e-05,0.3464101615137755,2.1190270218080203,1.8262100123273926e-08
FS-033,157,155,1.5500000000000012,0.0011153329893336238,2.895614820924786e-06,0.0,0.9908102213413001,0.9908073257264792,0.6974818489837105,0.6974800034303887,"[""mover""]",140,1.400000000000001,1.0,1.0,0.0,0.7760696045470068,3.4641016151377544,2.177235840677535,0.0,0.0,0.0,0.0,0.0,0.0,0.0,0.0,0.0,0.3464101615137755,2.1335044791197073,1.7313420271514323e-08,160,1.6000000000000012,0.9908073257264792,1.0,-0.004596337136760387,0.7134309342587363,3.4641016151377544,2.1771055426289956,3.2791690976470884e-05,0.0,0.0,0.0,3.2791690976470884e-05,3.2791690976470884e-05,0.0,1.3116414060558286e-09,7.106895033165586e-05,0.3464101615137755,2.1190270218080203,1.8262100123273926e-08
FS-034,1063,1062,10.612716224725387,0.0,0.0033826709389688965,0.0,1.0,0.9966173290610311,0.6824986719933621,0.6824986719933621,"[""mover""]",1060,10.599999999999818,1.0,1.0,0.0,0.6098840403402459,3.4641016151377544,2.1713327956916775,0.0,0.0,0.0,0.0,0.0,0.0,0.0,0.0,0.0,0.3464101615137755,2.1209181168177507,5.873202268615407e-08,1080,10.799999999999814,0.9966173290610311,1.0,-0.0016913354694844673,0.7311537664682172,3.4641016151377544,2.1712071184434794,1.2366262988748591e-05,0.0,0.0,0.0,1.2366262988748591e-05,1.2366262988748591e-05,0.0,4.946406266714582e-10,2.6803254396910253e-05,0.3464101615137755,2.11535865307292,5.9367762002606006e-08
FS-034,4591,4041,40.40156843586096,0.0,0.004567281024977342,0.0,0.9966173290610311,0.9920500480360537,0.6339856212452282,0.6339856212452282,"[""mover""]",4040,40.40000000000053,0.9966173290610311,0.9966173303248982,-6.319335610349697e-10,0.6193063120431882,3.4641016151377544,2.1503844668406455,3.913604431408861e-12,2.2671620540793418e-09,0.0,0.00011399746176152806,0.00011399519480420718,2.2669607853391232e-09,6.399627346364338e-07,6.44492606435295e-07,0.00024493207153575356,0.3464101615137755,2.0777538410909484,5.217304847796968e-08,4060,40.60000000000049,0.9920500480360537,0.9966173302046253,-0.0022836410842858035,0.6640609225134663,3.4641016151377544,2.1502794555770115,1.5164768051204832e-05,2.2670260320760865e-09,0.0,0.00011399519480420718,0.0001158727417160407,1.5164635624263385e-05,6.44492606435295e-07,6.490554617039463e-07,0.00024838564399392237,0.3464101615137755,2.0701542072429913,5.78183057386041e-08
FS-034,34314,33140,331.39646839636504,0.0,0.0005964364904015628,0.0,0.9920500480360537,0.9914536115456521,0.15979205708127456,0.15979205708127456,"[""source-4""]",33120,331.1999999998438,0.9920500480360537,0.9920500480360542,-2.7755575615628914e-16,0.9956193746181434,3.4641016151377544,2.1187787440883863,2.7633988836599057e-18,3.827960270491563e-09,0.0,0.0002035005025627505,0.00020349667460965487,3.827960270454908e-09,1.2108519601593888e-05,1.211617116448605e-05,0.00039433430399690126,0.3464101615137755,1.9291240109840233,9.954264971783255e-07,33140,331.3999999998436,0.9914536115456521,0.9920500480360542,-0.0002982182452010429,1.0593307639587835,3.4641016151377544,2.1188534154729655,3.159117615152687e-06,3.827730598999968e-09,0.0,0.00020349667460965487,0.00020339610648791685,3.1592659064669673e-06,1.211617116448605e-05,1.2123816945993243e-05,0.0003939289197840641,0.3464101615137755,1.9280027392606789,8.112125937598939e-07
FS-034,34317,33141,331.4012417253542,0.0,1.8854643666816468e-07,0.0,0.9914536115456521,0.9914534229992155,0.159800977957525,0.159800977957525,"[""source-4""]",33140,331.3999999998436,0.9914536115456521,0.9920500480360542,-0.0002982182452010429,1.0593307639587835,3.4641016151377544,2.1188534154729655,3.159117615152687e-06,3.827730598999968e-09,0.0,0.00020349667460965487,0.00020339610648791685,3.1592659064669673e-06,1.211617116448605e-05,1.2123816945993243e-05,0.0003939289197840641,0.3464101615137755,1.9280027392606789,8.112125937598939e-07,33160,331.5999999998434,0.9914474621736914,0.99199328959965,-0.000272913712979328,1.1073052288813203,3.4641016151377544,2.1180467373356135,3.0219878141542583e-06,3.825612472910498e-09,0.0,0.00020339610648791685,0.00020351977802834294,3.0218537078770926e-06,1.2123816945993243e-05,1.2131464737034645e-05,0.00039424058937778585,0.3464101615137755,1.9279498869076854,6.594850620600825e-07
FS-034,34320,33142,331.4130974486691,0.0,4.6028343240141214e-07,0.0,0.9914534229992155,0.9914529627157831,0.15982117764608467,0.15982117764608467,"[""source-4""]",33140,331.3999999998436,0.9914536115456521,0.9920500480360542,-0.0002982182452010429,1.0593307639587835,3.4641016151377544,2.1188534154729655,3.159117615152687e-06,3.827730598999968e-09,0.0,0.00020349667460965487,0.00020339610648791685,3.1592659064669673e-06,1.211617116448605e-05,1.2123816945993243e-05,0.0003939289197840641,0.3464101615137755,1.9280027392606789,8.112125937598939e-07,33160,331.5999999998434,0.9914474621736914,0.99199328959965,-0.000272913712979328,1.1073052288813203,3.4641016151377544,2.1180467373356135,3.0219878141542583e-06,3.825612472910498e-09,0.0,0.00020339610648791685,0.00020351977802834294,3.0218537078770926e-06,1.2123816945993243e-05,1.2131464737034645e-05,0.00039424058937778585,0.3464101615137755,1.9279498869076854,6.594850620600825e-07
FS-034,34323,33143,331.42245666012866,0.0,3.5650398847866103e-07,0.0,0.9914529627157831,0.9914526062117947,0.1598366474843765,0.1598366474843765,"[""source-4""]",33140,331.3999999998436,0.9914536115456521,0.9920500480360542,-0.0002982182452010429,1.0593307639587835,3.4641016151377544,2.1188534154729655,3.159117615152687e-06,3.827730598999968e-09,0.0,0.00020349667460965487,0.00020339610648791685,3.1592659064669673e-06,1.211617116448605e-05,1.2123816945993243e-05,0.0003939289197840641,0.3464101615137755,1.9280027392606789,8.112125937598939e-07,33160,331.5999999998434,0.9914474621736914,0.99199328959965,-0.000272913712979328,1.1073052288813203,3.4641016151377544,2.1180467373356135,3.0219878141542583e-06,3.825612472910498e-09,0.0,0.00020339610648791685,0.00020351977802834294,3.0218537078770926e-06,1.2123816945993243e-05,1.2131464737034645e-05,0.00039424058937778585,0.3464101615137755,1.9279498869076854,6.594850620600825e-07
FS-034,34326,33144,331.43270306376223,0.0,3.8225101338214976e-07,0.0,0.9914526062117947,0.9914522239607813,0.15985300236506786,0.15985300236506786,"[""source-4""]",33140,331.3999999998436,0.9914536115456521,0.9920500480360542,-0.0002982182452010429,1.0593307639587835,3.4641016151377544,2.1188534154729655,3.159117615152687e-06,3.827730598999968e-09,0.0,0.00020349667460965487,0.00020339610648791685,3.1592659064669673e-06,1.211617116448605e-05,1.2123816945993243e-05,0.0003939289197840641,0.3464101615137755,1.9280027392606789,8.112125937598939e-07,33160,331.5999999998434,0.9914474621736914,0.99199328959965,-0.000272913712979328,1.1073052288813203,3.4641016151377544,2.1180467373356135,3.0219878141542583e-06,3.825612472910498e-09,0.0,0.00020339610648791685,0.00020351977802834294,3.0218537078770926e-06,1.2123816945993243e-05,1.2131464737034645e-05,0.00039424058937778585,0.3464101615137755,1.9279498869076854,6.594850620600825e-07
FS-034,34329,33145,331.44263509657065,0.0,3.6250461373411517e-07,0.0,0.9914522239607813,0.9914518614561675,0.15986827032072268,0.15986827032072268,"[""source-4""]",33140,331.3999999998436,0.9914536115456521,0.9920500480360542,-0.0002982182452010429,1.0593307639587835,3.4641016151377544,2.1188534154729655,3.159117615152687e-06,3.827730598999968e-09,0.0,0.00020349667460965487,0.00020339610648791685,3.1592659064669673e-06,1.211617116448605e-05,1.2123816945993243e-05,0.0003939289197840641,0.3464101615137755,1.9280027392606789,8.112125937598939e-07,33160,331.5999999998434,0.9914474621736914,0.99199328959965,-0.000272913712979328,1.1073052288813203,3.4641016151377544,2.1180467373356135,3.0219878141542583e-06,3.825612472910498e-09,0.0,0.00020339610648791685,0.00020351977802834294,3.0218537078770926e-06,1.2123816945993243e-05,1.2131464737034645e-05,0.00039424058937778585,0.3464101615137755,1.9279498869076854,6.594850620600825e-07
FS-034,34332,33146,331.45268209906845,0.0,3.582452054062304e-07,0.0,0.9914518614561675,0.9914515032109621,0.15988309252108576,0.15988309252108576,"[""source-4""]",33140,331.3999999998436,0.9914536115456521,0.9920500480360542,-0.0002982182452010429,1.0593307639587835,3.4641016151377544,2.1188534154729655,3.159117615152687e-06,3.827730598999968e-09,0.0,0.00020349667460965487,0.00020339610648791685,3.1592659064669673e-06,1.211617116448605e-05,1.2123816945993243e-05,0.0003939289197840641,0.3464101615137755,1.9280027392606789,8.112125937598939e-07,33160,331.5999999998434,0.9914474621736914,0.99199328959965,-0.000272913712979328,1.1073052288813203,3.4641016151377544,2.1180467373356135,3.0219878141542583e-06,3.825612472910498e-09,0.0,0.00020339610648791685,0.00020351977802834294,3.0218537078770926e-06,1.2123816945993243e-05,1.2131464737034645e-05,0.00039424058937778585,0.3464101615137755,1.9279498869076854,6.594850620600825e-07
FS-034,34335,33147,331.4626894965751,0.0,3.481414565281727e-07,0.0,0.9914515032109621,0.9914511550695055,0.15989721197351464,0.15989721197351464,"[""source-4""]",33140,331.3999999998436,0.9914536115456521,0.9920500480360542,-0.0002982182452010429,1.0593307639587835,3.4641016151377544,2.1188534154729655,3.159117615152687e-06,3.827730598999968e-09,0.0,0.00020349667460965487,0.00020339610648791685,3.1592659064669673e-06,1.211617116448605e-05,1.2123816945993243e-05,0.0003939289197840641,0.3464101615137755,1.9280027392606789,8.112125937598939e-07,33160,331.5999999998434,0.9914474621736914,0.99199328959965,-0.000272913712979328,1.1073052288813203,3.4641016151377544,2.1180467373356135,3.0219878141542583e-06,3.825612472910498e-09,0.0,0.00020339610648791685,0.00020351977802834294,3.0218537078770926e-06,1.2123816945993243e-05,1.2131464737034645e-05,0.00039424058937778585,0.3464101615137755,1.9279498869076854,6.594850620600825e-07
FS-034,34338,33148,331.4727134289866,0.0,3.3974296962188335e-07,0.0,0.9914511550695055,0.9914508153265359,0.1599106856842514,0.1599106856842514,"[""source-4""]",33140,331.3999999998436,0.9914536115456521,0.9920500480360542,-0.0002982182452010429,1.0593307639587835,3.4641016151377544,2.1188534154729655,3.159117615152687e-06,3.827730598999968e-09,0.0,0.00020349667460965487,0.00020339610648791685,3.1592659064669673e-06,1.211617116448605e-05,1.2123816945993243e-05,0.0003939289197840641,0.3464101615137755,1.9280027392606789,8.112125937598939e-07,33160,331.5999999998434,0.9914474621736914,0.99199328959965,-0.000272913712979328,1.1073052288813203,3.4641016151377544,2.1180467373356135,3.0219878141542583e-06,3.825612472910498e-09,0.0,0.00020339610648791685,0.00020351977802834294,3.0218537078770926e-06,1.2123816945993243e-05,1.2131464737034645e-05,0.00039424058937778585,0.3464101615137755,1.9279498869076854,6.594850620600825e-07
FS-034,34341,33149,331.48273337754665,0.0,3.303955046697788e-07,0.0,0.9914508153265359,0.9914504849310313,0.15992346387576137,0.15992346387576137,"[""source-4""]",33140,331.3999999998436,0.9914536115456521,0.9920500480360542,-0.0002982182452010429,1.0593307639587835,3.4641016151377544,2.1188534154729655,3.159117615152687e-06,3.827730598999968e-09,0.0,0.00020349667460965487,0.00020339610648791685,3.1592659064669673e-06,1.211617116448605e-05,1.2123816945993243e-05,0.0003939289197840641,0.3464101615137755,1.9280027392606789,8.112125937598939e-07,33160,331.5999999998434,0.9914474621736914,0.99199328959965,-0.000272913712979328,1.1073052288813203,3.4641016151377544,2.1180467373356135,3.0219878141542583e-06,3.825612472910498e-09,0.0,0.00020339610648791685,0.00020351977802834294,3.0218537078770926e-06,1.2123816945993243e-05,1.2131464737034645e-05,0.00039424058937778585,0.3464101615137755,1.9279498869076854,6.594850620600825e-07
FS-034,34344,33150,331.49275699490283,0.0,3.2107177767833415e-07,0.0,0.9914504849310313,0.9914501638592536,0.1599355364520712,0.1599355364520712,"[""source-4""]",33140,331.3999999998436,0.9914536115456521,0.9920500480360542,-0.0002982182452010429,1.0593307639587835,3.4641016151377544,2.1188534154729655,3.159117615152687e-06,3.827730598999968e-09,0.0,0.00020349667460965487,0.00020339610648791685,3.1592659064669673e-06,1.211617116448605e-05,1.2123816945993243e-05,0.0003939289197840641,0.3464101615137755,1.9280027392606789,8.112125937598939e-07,33160,331.5999999998434,0.9914474621736914,0.99199328959965,-0.000272913712979328,1.1073052288813203,3.4641016151377544,2.1180467373356135,3.0219878141542583e-06,3.825612472910498e-09,0.0,0.00020339610648791685,0.00020351977802834294,3.0218537078770926e-06,1.2123816945993243e-05,1.2131464737034645e-05,0.00039424058937778585,0.3464101615137755,1.9279498869076854,6.594850620600825e-07
FS-034,34347,33151,331.50278150481194,0.0,3.1144101352607174e-07,0.0,0.9914501638592536,0.99144985241824,0.15994688144183333,0.15994688144183333,"[""source-4""]",33140,331.3999999998436,0.9914536115456521,0.9920500480360542,-0.0002982182452010429,1.0593307639587835,3.4641016151377544,2.1188534154729655,3.159117615152687e-06,3.827730598999968e-09,0.0,0.00020349667460965487,0.00020339610648791685,3.1592659064669673e-06,1.211617116448605e-05,1.2123816945993243e-05,0.0003939289197840641,0.3464101615137755,1.9280027392606789,8.112125937598939e-07,33160,331.5999999998434,0.9914474621736914,0.99199328959965,-0.000272913712979328,1.1073052288813203,3.4641016151377544,2.1180467373356135,3.0219878141542583e-06,3.825612472910498e-09,0.0,0.00020339610648791685,0.00020351977802834294,3.0218537078770926e-06,1.2123816945993243e-05,1.2131464737034645e-05,0.00039424058937778585,0.3464101615137755,1.9279498869076854,6.594850620600825e-07
FS-034,34350,33152,331.51280599199066,0.0,3.019438194184001e-07,0.0,0.99144985241824,0.9914495504744206,0.15995748602719964,0.15995748602719964,"[""source-4""]",33140,331.3999999998436,0.9914536115456521,0.9920500480360542,-0.0002982182452010429,1.0593307639587835,3.4641016151377544,2.1188534154729655,3.159117615152687e-06,3.827730598999968e-09,0.0,0.00020349667460965487,0.00020339610648791685,3.1592659064669673e-06,1.211617116448605e-05,1.2123816945993243e-05,0.0003939289197840641,0.3464101615137755,1.9280027392606789,8.112125937598939e-07,33160,331.5999999998434,0.9914474621736914,0.99199328959965,-0.000272913712979328,1.1073052288813203,3.4641016151377544,2.1180467373356135,3.0219878141542583e-06,3.825612472910498e-09,0.0,0.00020339610648791685,0.00020351977802834294,3.0218537078770926e-06,1.2123816945993243e-05,1.2131464737034645e-05,0.00039424058937778585,0.3464101615137755,1.9279498869076854,6.594850620600825e-07
FS-034,34353,33153,331.52283092376933,0.0,2.9260473743703686e-07,0.0,0.9914495504744206,0.9914492578696832,0.15996736358133729,0.15996736358133729,"[""source-4""]",33140,331.3999999998436,0.9914536115456521,0.9920500480360542,-0.0002982182452010429,1.0593307639587835,3.4641016151377544,2.1188534154729655,3.159117615152687e-06,3.827730598999968e-09,0.0,0.00020349667460965487,0.00020339610648791685,3.1592659064669673e-06,1.211617116448605e-05,1.2123816945993243e-05,0.0003939289197840641,0.3464101615137755,1.9280027392606789,8.112125937598939e-07,33160,331.5999999998434,0.9914474621736914,0.99199328959965,-0.000272913712979328,1.1073052288813203,3.4641016151377544,2.1180467373356135,3.0219878141542583e-06,3.825612472910498e-09,0.0,0.00020339610648791685,0.00020351977802834294,3.0218537078770926e-06,1.2123816945993243e-05,1.2131464737034645e-05,0.00039424058937778585,0.3464101615137755,1.9279498869076854,6.594850620600825e-07
FS-034,34356,33154,331.5328562425619,0.0,2.8339104119387215e-07,0.0,0.9914492578696832,0.991448974478642,0.15997652546113506,0.15997652546113506,"[""source-4""]",33140,331.3999999998436,0.9914536115456521,0.9920500480360542,-0.0002982182452010429,1.0593307639587835,3.4641016151377544,2.1188534154729655,3.159117615152687e-06,3.827730598999968e-09,0.0,0.00020349667460965487,0.00020339610648791685,3.1592659064669673e-06,1.211617116448605e-05,1.2123816945993243e-05,0.0003939289197840641,0.3464101615137755,1.9280027392606789,8.112125937598939e-07,33160,331.5999999998434,0.9914474621736914,0.99199328959965,-0.000272913712979328,1.1073052288813203,3.4641016151377544,2.1180467373356135,3.0219878141542583e-06,3.825612472910498e-09,0.0,0.00020339610648791685,0.00020351977802834294,3.0218537078770926e-06,1.2123816945993243e-05,1.2131464737034645e-05,0.00039424058937778585,0.3464101615137755,1.9279498869076854,6.594850620600825e-07
FS-034,34359,33155,331.5428820993734,0.0,2.7429311546159344e-07,0.0,0.991448974478642,0.9914487001855266,0.15998498190048968,0.15998498190048968,"[""source-4""]",33140,331.3999999998436,0.9914536115456521,0.9920500480360542,-0.0002982182452010429,1.0593307639587835,3.4641016151377544,2.1188534154729655,3.159117615152687e-06,3.827730598999968e-09,0.0,0.00020349667460965487,0.00020339610648791685,3.1592659064669673e-06,1.211617116448605e-05,1.2123816945993243e-05,0.0003939289197840641,0.3464101615137755,1.9280027392606789,8.112125937598939e-07,33160,331.5999999998434,0.9914474621736914,0.99199328959965,-0.000272913712979328,1.1073052288813203,3.4641016151377544,2.1180467373356135,3.0219878141542583e-06,3.825612472910498e-09,0.0,0.00020339610648791685,0.00020351977802834294,3.0218537078770926e-06,1.2123816945993243e-05,1.2131464737034645e-05,0.00039424058937778585,0.3464101615137755,1.9279498869076854,6.594850620600825e-07
FS-034,34362,33156,331.552908568484,0.0,2.6529406694061203e-07,0.0,0.9914487001855266,0.9914484348914596,0.1599927418507216,0.1599927418507216,"[""source-4""]",33140,331.3999999998436,0.9914536115456521,0.9920500480360542,-0.0002982182452010429,1.0593307639587835,3.4641016151377544,2.1188534154729655,3.159117615152687e-06,3.827730598999968e-09,0.0,0.00020349667460965487,0.00020339610648791685,3.1592659064669673e-06,1.211617116448605e-05,1.2123816945993243e-05,0.0003939289197840641,0.3464101615137755,1.9280027392606789,8.112125937598939e-07,33160,331.5999999998434,0.9914474621736914,0.99199328959965,-0.000272913712979328,1.1073052288813203,3.4641016151377544,2.1180467373356135,3.0219878141542583e-06,3.825612472910498e-09,0.0,0.00020339610648791685,0.00020351977802834294,3.0218537078770926e-06,1.2123816945993243e-05,1.2131464737034645e-05,0.00039424058937778585,0.3464101615137755,1.9279498869076854,6.594850620600825e-07
FS-034,34365,33157,331.5629357615997,0.0,2.5638114660104034e-07,0.0,0.9914484348914596,0.991448178510313,0.15999981318998785,0.15999981318998785,"[""source-4""]",33140,331.3999999998436,0.9914536115456521,0.9920500480360542,-0.0002982182452010429,1.0593307639587835,3.4641016151377544,2.1188534154729655,3.159117615152687e-06,3.827730598999968e-09,0.0,0.00020349667460965487,0.00020339610648791685,3.1592659064669673e-06,1.211617116448605e-05,1.2123816945993243e-05,0.0003939289197840641,0.3464101615137755,1.9280027392606789,8.112125937598939e-07,33160,331.5999999998434,0.9914474621736914,0.99199328959965,-0.000272913712979328,1.1073052288813203,3.4641016151377544,2.1180467373356135,3.0219878141542583e-06,3.825612472910498e-09,0.0,0.00020339610648791685,0.00020351977802834294,3.0218537078770926e-06,1.2123816945993243e-05,1.2131464737034645e-05,0.00039424058937778585,0.3464101615137755,1.9279498869076854,6.594850620600825e-07
FS-034,34368,33158,331.5729637834818,0.0,2.4754122195354616e-07,0.0,0.991448178510313,0.991447930969091,0.16000620278441988,0.16000620278441988,"[""source-4""]",33140,331.3999999998436,0.9914536115456521,0.9920500480360542,-0.0002982182452010429,1.0593307639587835,3.4641016151377544,2.1188534154729655,3.159117615152687e-06,3.827730598999968e-09,0.0,0.00020349667460965487,0.00020339610648791685,3.1592659064669673e-06,1.211617116448605e-05,1.2123816945993243e-05,0.0003939289197840641,0.3464101615137755,1.9280027392606789,8.112125937598939e-07,33160,331.5999999998434,0.9914474621736914,0.99199328959965,-0.000272913712979328,1.1073052288813203,3.4641016151377544,2.1180467373356135,3.0219878141542583e-06,3.825612472910498e-09,0.0,0.00020339610648791685,0.00020351977802834294,3.0218537078770926e-06,1.2123816945993243e-05,1.2131464737034645e-05,0.00039424058937778585,0.3464101615137755,1.9279498869076854,6.594850620600825e-07
FS-034,34371,33159,331.58299275121533,0.0,2.387623488673066e-07,0.0,0.991447930969091,0.9914476922067421,0.1600119165928708,0.1600119165928708,"[""source-4""]",33140,331.3999999998436,0.9914536115456521,0.9920500480360542,-0.0002982182452010429,1.0593307639587835,3.4641016151377544,2.1188534154729655,3.159117615152687e-06,3.827730598999968e-09,0.0,0.00020349667460965487,0.00020339610648791685,3.1592659064669673e-06,1.211617116448605e-05,1.2123816945993243e-05,0.0003939289197840641,0.3464101615137755,1.9280027392606789,8.112125937598939e-07,33160,331.5999999998434,0.9914474621736914,0.99199328959965,-0.000272913712979328,1.1073052288813203,3.4641016151377544,2.1180467373356135,3.0219878141542583e-06,3.825612472910498e-09,0.0,0.00020339610648791685,0.00020351977802834294,3.0218537078770926e-06,1.2123816945993243e-05,1.2131464737034645e-05,0.00039424058937778585,0.3464101615137755,1.9279498869076854,6.594850620600825e-07
FS-034,34374,33160,331.593022788338,0.0,2.30033050738123e-07,0.0,0.9914476922067421,0.9914474621736914,0.16001695974472172,0.16001695974472172,"[""source-4""]",33140,331.3999999998436,0.9914536115456521,0.9920500480360542,-0.0002982182452010429,1.0593307639587835,3.4641016151377544,2.1188534154729655,3.159117615152687e-06,3.827730598999968e-09,0.0,0.00020349667460965487,0.00020339610648791685,3.1592659064669673e-06,1.211617116448605e-05,1.2123816945993243e-05,0.0003939289197840641,0.3464101615137755,1.9280027392606789,8.112125937598939e-07,33160,331.5999999998434,0.9914474621736914,0.99199328959965,-0.000272913712979328,1.1073052288813203,3.4641016151377544,2.1180467373356135,3.0219878141542583e-06,3.825612472910498e-09,0.0,0.00020339610648791685,0.00020351977802834294,3.0218537078770926e-06,1.2123816945993243e-05,1.2131464737034645e-05,0.00039424058937778585,0.3464101615137755,1.9279498869076854,6.594850620600825e-07
FS-034,34377,33161,331.60312682536653,0.0,2.1421228627862065e-07,0.0,0.9914474621736914,0.9914472479614052,0.16002122874063096,0.16002122874063096,"[""source-4""]",33160,331.5999999998434,0.9914474621736914,0.99199328959965,-0.000272913712979328,1.1073052288813203,3.4641016151377544,2.1180467373356135,3.0219878141542583e-06,3.825612472910498e-09,0.0,0.00020339610648791685,0.00020351977802834294,3.0218537078770926e-06,1.2123816945993243e-05,1.2131464737034645e-05,0.00039424058937778585,0.3464101615137755,1.9279498869076854,6.594850620600825e-07,33180,331.79999999984324,0.9914460820298439,0.9919413472524891,-0.0002476326113226013,1.028564769065154,3.4641016151377544,2.1179877820624795,2.5470617967803258e-06,3.8280162910755656e-09,0.0,0.00020351977802834294,0.0002036813689725609,2.546832953189637e-06,1.2131464737034645e-05,1.2139115138423554e-05,0.00039460109980332154,0.3464101615137755,1.9279762479911589,4.813506375653435e-07
FS-034,34380,33162,331.61321973751217,0.0,1.9418409777031966e-07,0.0,0.9914472479614052,0.9914470537773074,0.16002412197643856,0.16002412197643856,"[""source-4""]",33160,331.5999999998434,0.9914474621736914,0.99199328959965,-0.000272913712979328,1.1073052288813203,3.4641016151377544,2.1180467373356135,3.0219878141542583e-06,3.825612472910498e-09,0.0,0.00020339610648791685,0.00020351977802834294,3.0218537078770926e-06,1.2123816945993243e-05,1.2131464737034645e-05,0.00039424058937778585,0.3464101615137755,1.9279498869076854,6.594850620600825e-07,33180,331.79999999984324,0.9914460820298439,0.9919413472524891,-0.0002476326113226013,1.028564769065154,3.4641016151377544,2.1179877820624795,2.5470617967803258e-06,3.8280162910755656e-09,0.0,0.00020351977802834294,0.0002036813689725609,2.546832953189637e-06,1.2131464737034645e-05,1.2139115138423554e-05,0.00039460109980332154,0.3464101615137755,1.9279762479911589,4.813506375653435e-07
FS-034,34383,33163,331.6233270286398,0.0,1.7547671369409418e-07,0.0,0.9914470537773074,0.9914468783005936,0.1600255659354414,0.1600255659354414,"[""source-4""]",33160,331.5999999998434,0.9914474621736914,0.99199328959965,-0.000272913712979328,1.1073052288813203,3.4641016151377544,2.1180467373356135,3.0219878141542583e-06,3.825612472910498e-09,0.0,0.00020339610648791685,0.00020351977802834294,3.0218537078770926e-06,1.2123816945993243e-05,1.2131464737034645e-05,0.00039424058937778585,0.3464101615137755,1.9279498869076854,6.594850620600825e-07,33180,331.79999999984324,0.9914460820298439,0.9919413472524891,-0.0002476326113226013,1.028564769065154,3.4641016151377544,2.1179877820624795,2.5470617967803258e-06,3.8280162910755656e-09,0.0,0.00020351977802834294,0.0002036813689725609,2.546832953189637e-06,1.2131464737034645e-05,1.2139115138423554e-05,0.00039460109980332154,0.3464101615137755,1.9279762479911589,4.813506375653435e-07
FS-034,34386,33164,331.6334362501647,0.0,1.5705925253621518e-07,0.0,0.9914468783005936,0.9914467212413411,0.16002562061471542,0.16002562061471542,"[""source-4""]",33160,331.5999999998434,0.9914474621736914,0.99199328959965,-0.000272913712979328,1.1073052288813203,3.4641016151377544,2.1180467373356135,3.0219878141542583e-06,3.825612472910498e-09,0.0,0.00020339610648791685,0.00020351977802834294,3.0218537078770926e-06,1.2123816945993243e-05,1.2131464737034645e-05,0.00039424058937778585,0.3464101615137755,1.9279498869076854,6.594850620600825e-07,33180,331.79999999984324,0.9914460820298439,0.9919413472524891,-0.0002476326113226013,1.028564769065154,3.4641016151377544,2.1179877820624795,2.5470617967803258e-06,3.8280162910755656e-09,0.0,0.00020351977802834294,0.0002036813689725609,2.546832953189637e-06,1.2131464737034645e-05,1.2139115138423554e-05,0.00039460109980332154,0.3464101615137755,1.9279762479911589,4.813506375653435e-07
FS-034,34389,33165,331.6435552119406,0.0,1.3920451362017806e-07,0.0,0.9914467212413411,0.9914465820368276,0.16002433173059727,0.16002433173059727,"[""source-4""]",33160,331.5999999998434,0.9914474621736914,0.99199328959965,-0.000272913712979328,1.1073052288813203,3.4641016151377544,2.1180467373356135,3.0219878141542583e-06,3.825612472910498e-09,0.0,0.00020339610648791685,0.00020351977802834294,3.0218537078770926e-06,1.2123816945993243e-05,1.2131464737034645e-05,0.00039424058937778585,0.3464101615137755,1.9279498869076854,6.594850620600825e-07,33180,331.79999999984324,0.9914460820298439,0.9919413472524891,-0.0002476326113226013,1.028564769065154,3.4641016151377544,2.1179877820624795,2.5470617967803258e-06,3.8280162910755656e-09,0.0,0.00020351977802834294,0.0002036813689725609,2.546832953189637e-06,1.2131464737034645e-05,1.2139115138423554e-05,0.00039460109980332154,0.3464101615137755,1.9279762479911589,4.813506375653435e-07
FS-034,34392,33166,331.6536851671501,0.0,1.219593749254497e-07,0.0,0.9914465820368276,0.9914464600774526,0.16002174492222618,0.16002174492222618,"[""source-4""]",33160,331.5999999998434,0.9914474621736914,0.99199328959965,-0.000272913712979328,1.1073052288813203,3.4641016151377544,2.1180467373356135,3.0219878141542583e-06,3.825612472910498e-09,0.0,0.00020339610648791685,0.00020351977802834294,3.0218537078770926e-06,1.2123816945993243e-05,1.2131464737034645e-05,0.00039424058937778585,0.3464101615137755,1.9279498869076854,6.594850620600825e-07,33180,331.79999999984324,0.9914460820298439,0.9919413472524891,-0.0002476326113226013,1.028564769065154,3.4641016151377544,2.1179877820624795,2.5470617967803258e-06,3.8280162910755656e-09,0.0,0.00020351977802834294,0.0002036813689725609,2.546832953189637e-06,1.2131464737034645e-05,1.2139115138423554e-05,0.00039460109980332154,0.3464101615137755,1.9279762479911589,4.813506375653435e-07
FS-034,34395,33167,331.66382014103556,0.0,1.0455157970577082e-07,0.0,0.9914464600774526,0.9914463555258729,0.16001792205709187,0.16001792205709187,"[""source-4""]",33160,331.5999999998434,0.9914474621736914,0.99199328959965,-0.000272913712979328,1.1073052288813203,3.4641016151377544,2.1180467373356135,3.0219878141542583e-06,3.825612472910498e-09,0.0,0.00020339610648791685,0.00020351977802834294,3.0218537078770926e-06,1.2123816945993243e-05,1.2131464737034645e-05,0.00039424058937778585,0.3464101615137755,1.9279498869076854,6.594850620600825e-07,33180,331.79999999984324,0.9914460820298439,0.9919413472524891,-0.0002476326113226013,1.028564769065154,3.4641016151377544,2.1179877820624795,2.5470617967803258e-06,3.8280162910755656e-09,0.0,0.00020351977802834294,0.0002036813689725609,2.546832953189637e-06,1.2131464737034645e-05,1.2139115138423554e-05,0.00039460109980332154,0.3464101615137755,1.9279762479911589,4.813506375653435e-07
FS-034,34398,33168,331.6739744985966,0.0,8.765465652978836e-08,0.0,0.9914463555258729,0.9914462678712164,0.16001290363689136,0.16001290363689136,"[""source-4""]",33160,331.5999999998434,0.9914474621736914,0.99199328959965,-0.000272913712979328,1.1073052288813203,3.4641016151377544,2.1180467373356135,3.0219878141542583e-06,3.825612472910498e-09,0.0,0.00020339610648791685,0.00020351977802834294,3.0218537078770926e-06,1.2123816945993243e-05,1.2131464737034645e-05,0.00039424058937778585,0.3464101615137755,1.9279498869076854,6.594850620600825e-07,33180,331.79999999984324,0.9914460820298439,0.9919413472524891,-0.0002476326113226013,1.028564769065154,3.4641016151377544,2.1179877820624795,2.5470617967803258e-06,3.8280162910755656e-09,0.0,0.00020351977802834294,0.0002036813689725609,2.546832953189637e-06,1.2131464737034645e-05,1.2139115138423554e-05,0.00039460109980332154,0.3464101615137755,1.9279762479911589,4.813506375653435e-07
FS-034,34401,33169,331.68414533685285,0.0,7.101304944639661e-08,0.0,0.9914462678712164,0.9914461968581669,0.16000673148693878,0.16000673148693878,"[""source-4""]",33160,331.5999999998434,0.9914474621736914,0.99199328959965,-0.000272913712979328,1.1073052288813203,3.4641016151377544,2.1180467373356135,3.0219878141542583e-06,3.825612472910498e-09,0.0,0.00020339610648791685,0.00020351977802834294,3.0218537078770926e-06,1.2123816945993243e-05,1.2131464737034645e-05,0.00039424058937778585,0.3464101615137755,1.9279498869076854,6.594850620600825e-07,33180,331.79999999984324,0.9914460820298439,0.9919413472524891,-0.0002476326113226013,1.028564769065154,3.4641016151377544,2.1179877820624795,2.5470617967803258e-06,3.8280162910755656e-09,0.0,0.00020351977802834294,0.0002036813689725609,2.546832953189637e-06,1.2131464737034645e-05,1.2139115138423554e-05,0.00039460109980332154,0.3464101615137755,1.9279762479911589,4.813506375653435e-07
FS-034,34404,33170,331.69433259537607,0.0,5.4110610291993594e-08,0.0,0.9914461968581669,0.9914461427475566,0.1599994508115078,0.1599994508115078,"[""source-4""]",33160,331.5999999998434,0.9914474621736914,0.99199328959965,-0.000272913712979328,1.1073052288813203,3.4641016151377544,2.1180467373356135,3.0219878141542583e-06,3.825612472910498e-09,0.0,0.00020339610648791685,0.00020351977802834294,3.0218537078770926e-06,1.2123816945993243e-05,1.2131464737034645e-05,0.00039424058937778585,0.3464101615137755,1.9279498869076854,6.594850620600825e-07,33180,331.79999999984324,0.9914460820298439,0.9919413472524891,-0.0002476326113226013,1.028564769065154,3.4641016151377544,2.1179877820624795,2.5470617967803258e-06,3.8280162910755656e-09,0.0,0.00020351977802834294,0.0002036813689725609,2.546832953189637e-06,1.2131464737034645e-05,1.2139115138423554e-05,0.00039460109980332154,0.3464101615137755,1.9279762479911589,4.813506375653435e-07
FS-034,34407,33171,331.7045522366273,0.0,3.726857587677858e-08,0.0,0.9914461427475566,0.9914461054789807,0.1599910845255649,0.1599910845255649,"[""source-4""]",33160,331.5999999998434,0.9914474621736914,0.99199328959965,-0.000272913712979328,1.1073052288813203,3.4641016151377544,2.1180467373356135,3.0219878141542583e-06,3.825612472910498e-09,0.0,0.00020339610648791685,0.00020351977802834294,3.0218537078770926e-06,1.2123816945993243e-05,1.2131464737034645e-05,0.00039424058937778585,0.3464101615137755,1.9279498869076854,6.594850620600825e-07,33180,331.79999999984324,0.9914460820298439,0.9919413472524891,-0.0002476326113226013,1.028564769065154,3.4641016151377544,2.1179877820624795,2.5470617967803258e-06,3.8280162910755656e-09,0.0,0.00020351977802834294,0.0002036813689725609,2.546832953189637e-06,1.2131464737034645e-05,1.2139115138423554e-05,0.00039460109980332154,0.3464101615137755,1.9279762479911589,4.813506375653435e-07
FS-034,34410,33172,331.71481116461166,0.0,2.0457293096985686e-08,0.0,0.9914461054789807,0.9914460850216876,0.15998165317259289,0.15998165317259289,"[""source-4""]",33160,331.5999999998434,0.9914474621736914,0.99199328959965,-0.000272913712979328,1.1073052288813203,3.4641016151377544,2.1180467373356135,3.0219878141542583e-06,3.825612472910498e-09,0.0,0.00020339610648791685,0.00020351977802834294,3.0218537078770926e-06,1.2123816945993243e-05,1.2131464737034645e-05,0.00039424058937778585,0.3464101615137755,1.9279498869076854,6.594850620600825e-07,33180,331.79999999984324,0.9914460820298439,0.9919413472524891,-0.0002476326113226013,1.028564769065154,3.4641016151377544,2.1179877820624795,2.5470617967803258e-06,3.8280162910755656e-09,0.0,0.00020351977802834294,0.0002036813689725609,2.546832953189637e-06,1.2131464737034645e-05,1.2139115138423554e-05,0.00039460109980332154,0.3464101615137755,1.9279762479911589,4.813506375653435e-07
FS-034,34413,33173,331.72510951673297,0.0,2.991843762031529e-09,0.0,0.9914460850216876,0.9914460820298439,0.1599711890962008,0.1599711890962008,"[""source-4""]",33160,331.5999999998434,0.9914474621736914,0.99199328959965,-0.000272913712979328,1.1073052288813203,3.4641016151377544,2.1180467373356135,3.0219878141542583e-06,3.825612472910498e-09,0.0,0.00020339610648791685,0.00020351977802834294,3.0218537078770926e-06,1.2123816945993243e-05,1.2131464737034645e-05,0.00039424058937778585,0.3464101615137755,1.9279498869076854,6.594850620600825e-07,33180,331.79999999984324,0.9914460820298439,0.9919413472524891,-0.0002476326113226013,1.028564769065154,3.4641016151377544,2.1179877820624795,2.5470617967803258e-06,3.8280162910755656e-09,0.0,0.00020351977802834294,0.0002036813689725609,2.546832953189637e-06,1.2131464737034645e-05,1.2139115138423554e-05,0.00039460109980332154,0.3464101615137755,1.9279762479911589,4.813506375653435e-07
FS-034,37161,35898,358.974290166215,0.0,0.00041176551354754615,0.0,0.9914460820298439,0.9910343165162964,0.11569403441792674,0.11569403441792674,"[""source-4""]",35880,358.7999999998187,0.9914460820298439,0.9914460827088322,-3.394941550105557e-10,1.5899441936877463,3.4641016151377544,2.1288430684480377,5.397767605499608e-12,3.797050335099786e-09,0.0,0.00020289261839428932,0.00020288882210182664,3.796418777778206e-09,1.3151777441587793e-05,1.315930234894457e-05,0.00038841482671699007,0.3464101615137755,1.9379639080623507,3.121503828743707e-07,35900,358.9999999998185,0.9910339768494263,0.9914460826442179,-0.00020605289739578092,1.653191812663052,3.4641016151377544,2.128929304789212,3.406449629502049e-06,3.796822530861182e-09,0.0,0.00020288882210182664,0.00020338619323648295,3.4059088905273688e-06,1.315930234894457e-05,1.3166837685895231e-05,0.00038946469964817366,0.3464101615137755,1.9372134668071244,1.0030586960205212e-07
FS-034,37164,35899,358.9811777905772,0.0,1.3551190406971107e-07,0.0,0.9910343165162964,0.9910341810043923,0.1157000297466319,0.1157000297466319,"[""source-4""]",35880,358.7999999998187,0.9914460820298439,0.9914460827088322,-3.394941550105557e-10,1.5899441936877463,3.4641016151377544,2.1288430684480377,5.397767605499608e-12,3.797050335099786e-09,0.0,0.00020289261839428932,0.00020288882210182664,3.796418777778206e-09,1.3151777441587793e-05,1.315930234894457e-05,0.00038841482671699007,0.3464101615137755,1.9379639080623507,3.121503828743707e-07,35900,358.9999999998185,0.9910339768494263,0.9914460826442179,-0.00020605289739578092,1.653191812663052,3.4641016151377544,2.128929304789212,3.406449629502049e-06,3.796822530861182e-09,0.0,0.00020288882210182664,0.00020338619323648295,3.4059088905273688e-06,1.315930234894457e-05,1.3166837685895231e-05,0.00038946469964817366,0.3464101615137755,1.9372134668071244,1.0030586960205212e-07
FS-034,37167,35900,358.99183552815737,0.0,2.0415496607777658e-07,0.0,0.9910341810043923,0.9910339768494263,0.11570780830014664,0.11570780830014664,"[""source-4""]",35880,358.7999999998187,0.9914460820298439,0.9914460827088322,-3.394941550105557e-10,1.5899441936877463,3.4641016151377544,2.1288430684480377,5.397767605499608e-12,3.797050335099786e-09,0.0,0.00020289261839428932,0.00020288882210182664,3.796418777778206e-09,1.3151777441587793e-05,1.315930234894457e-05,0.00038841482671699007,0.3464101615137755,1.9379639080623507,3.121503828743707e-07,35900,358.9999999998185,0.9910339768494263,0.9914460826442179,-0.00020605289739578092,1.653191812663052,3.4641016151377544,2.128929304789212,3.406449629502049e-06,3.796822530861182e-09,0.0,0.00020288882210182664,0.00020338619323648295,3.4059088905273688e-06,1.315930234894457e-05,1.3166837685895231e-05,0.00038946469964817366,0.3464101615137755,1.9372134668071244,1.0030586960205212e-07
FS-034,37170,35901,359.0016880968366,0.0,1.8870901688641977e-07,0.0,0.9910339768494263,0.9910337881404094,0.11571442619831718,0.11571442619831718,"[""source-4""]",35900,358.9999999998185,0.9910339768494263,0.9914460826442179,-0.00020605289739578092,1.653191812663052,3.4641016151377544,2.128929304789212,3.406449629502049e-06,3.796822530861182e-09,0.0,0.00020288882210182664,0.00020338619323648295,3.4059088905273688e-06,1.315930234894457e-05,1.3166837685895231e-05,0.00038946469964817366,0.3464101615137755,1.9372134668071244,1.0030586960205212e-07,35920,359.1999999998183,0.9910305958867512,0.9914068655927432,-0.0001881348529959581,1.6646772808797143,3.4641016151377544,2.1283883564888377,3.131838155240164e-06,3.8069315452738385e-09,0.0,0.00020338619323648295,0.00020381673365297556,3.1313209292170403e-06,1.3166837685895231e-05,1.3174379294333417e-05,0.0003904904028958701,0.3464101615137755,1.9371839242674347,2.1904738056067926e-07
FS-034,37173,35902,359.0117075629515,0.0,1.910057576057136e-07,0.0,0.9910337881404094,0.9910335971346518,0.11572120809080236,0.11572120809080236,"[""source-4""]",35900,358.9999999998185,0.9910339768494263,0.9914460826442179,-0.00020605289739578092,1.653191812663052,3.4641016151377544,2.128929304789212,3.406449629502049e-06,3.796822530861182e-09,0.0,0.00020288882210182664,0.00020338619323648295,3.4059088905273688e-06,1.315930234894457e-05,1.3166837685895231e-05,0.00038946469964817366,0.3464101615137755,1.9372134668071244,1.0030586960205212e-07,35920,359.1999999998183,0.9910305958867512,0.9914068655927432,-0.0001881348529959581,1.6646772808797143,3.4641016151377544,2.1283883564888377,3.131838155240164e-06,3.8069315452738385e-09,0.0,0.00020338619323648295,0.00020381673365297556,3.1313209292170403e-06,1.3166837685895231e-05,1.3174379294333417e-05,0.0003904904028958701,0.3464101615137755,1.9371839242674347,2.1904738056067926e-07
FS-034,37176,35903,359.02169607013496,0.0,1.8926697347669892e-07,0.0,0.9910335971346518,0.9910334078676784,0.1157279548675748,0.1157279548675748,"[""source-4""]",35900,358.9999999998185,0.9910339768494263,0.9914460826442179,-0.00020605289739578092,1.653191812663052,3.4641016151377544,2.128929304789212,3.406449629502049e-06,3.796822530861182e-09,0.0,0.00020288882210182664,0.00020338619323648295,3.4059088905273688e-06,1.315930234894457e-05,1.3166837685895231e-05,0.00038946469964817366,0.3464101615137755,1.9372134668071244,1.0030586960205212e-07,35920,359.1999999998183,0.9910305958867512,0.9914068655927432,-0.0001881348529959581,1.6646772808797143,3.4641016151377544,2.1283883564888377,3.131838155240164e-06,3.8069315452738385e-09,0.0,0.00020338619323648295,0.00020381673365297556,3.1313209292170403e-06,1.3166837685895231e-05,1.3174379294333417e-05,0.0003904904028958701,0.3464101615137755,1.9371839242674347,2.1904738056067926e-07
FS-034,37179,35904,359.0316932252179,0.0,1.879316049569271e-07,0.0,0.9910334078676784,0.9910332199360734,0.11573463364722388,0.11573463364722388,"[""source-4""]",35900,358.9999999998185,0.9910339768494263,0.9914460826442179,-0.00020605289739578092,1.653191812663052,3.4641016151377544,2.128929304789212,3.406449629502049e-06,3.796822530861182e-09,0.0,0.00020288882210182664,0.00020338619323648295,3.4059088905273688e-06,1.315930234894457e-05,1.3166837685895231e-05,0.00038946469964817366,0.3464101615137755,1.9372134668071244,1.0030586960205212e-07,35920,359.1999999998183,0.9910305958867512,0.9914068655927432,-0.0001881348529959581,1.6646772808797143,3.4641016151377544,2.1283883564888377,3.131838155240164e-06,3.8069315452738385e-09,0.0,0.00020338619323648295,0.00020381673365297556,3.1313209292170403e-06,1.3166837685895231e-05,1.3174379294333417e-05,0.0003904904028958701,0.3464101615137755,1.9371839242674347,2.1904738056067926e-07
FS-034,37182,35905,359.0416908880685,0.0,1.8614840082978135e-07,0.0,0.9910332199360734,0.9910330337876726,0.11574118437153695,0.11574118437153695,"[""source-4""]",35900,358.9999999998185,0.9910339768494263,0.9914460826442179,-0.00020605289739578092,1.653191812663052,3.4641016151377544,2.128929304789212,3.406449629502049e-06,3.796822530861182e-09,0.0,0.00020288882210182664,0.00020338619323648295,3.4059088905273688e-06,1.315930234894457e-05,1.3166837685895231e-05,0.00038946469964817366,0.3464101615137755,1.9372134668071244,1.0030586960205212e-07,35920,359.1999999998183,0.9910305958867512,0.9914068655927432,-0.0001881348529959581,1.6646772808797143,3.4641016151377544,2.1283883564888377,3.131838155240164e-06,3.8069315452738385e-09,0.0,0.00020338619323648295,0.00020381673365297556,3.1313209292170403e-06,1.3166837685895231e-05,1.3174379294333417e-05,0.0003904904028958701,0.3464101615137755,1.9371839242674347,2.1904738056067926e-07
FS-034,37185,35906,359.0516905240965,0.0,1.8412019876711156e-07,0.0,0.9910330337876726,0.9910328496674738,0.11574755808077791,0.11574755808077791,"[""source-4""]",35900,358.9999999998185,0.9910339768494263,0.9914460826442179,-0.00020605289739578092,1.653191812663052,3.4641016151377544,2.128929304789212,3.406449629502049e-06,3.796822530861182e-09,0.0,0.00020288882210182664,0.00020338619323648295,3.4059088905273688e-06,1.315930234894457e-05,1.3166837685895231e-05,0.00038946469964817366,0.3464101615137755,1.9372134668071244,1.0030586960205212e-07,35920,359.1999999998183,0.9910305958867512,0.9914068655927432,-0.0001881348529959581,1.6646772808797143,3.4641016151377544,2.1283883564888377,3.131838155240164e-06,3.8069315452738385e-09,0.0,0.00020338619323648295,0.00020381673365297556,3.1313209292170403e-06,1.3166837685895231e-05,1.3174379294333417e-05,0.0003904904028958701,0.3464101615137755,1.9371839242674347,2.1904738056067926e-07
FS-034,37188,35907,359.06169171412046,0.0,1.8183623546214403e-07,0.0,0.9910328496674738,0.9910326678312383,0.1157537087536764,0.1157537087536764,"[""source-4""]",35900,358.9999999998185,0.9910339768494263,0.9914460826442179,-0.00020605289739578092,1.653191812663052,3.4641016151377544,2.128929304789212,3.406449629502049e-06,3.796822530861182e-09,0.0,0.00020288882210182664,0.00020338619323648295,3.4059088905273688e-06,1.315930234894457e-05,1.3166837685895231e-05,0.00038946469964817366,0.3464101615137755,1.9372134668071244,1.0030586960205212e-07,35920,359.1999999998183,0.9910305958867512,0.9914068655927432,-0.0001881348529959581,1.6646772808797143,3.4641016151377544,2.1283883564888377,3.131838155240164e-06,3.8069315452738385e-09,0.0,0.00020338619323648295,0.00020381673365297556,3.1313209292170403e-06,1.3166837685895231e-05,1.3174379294333417e-05,0.0003904904028958701,0.3464101615137755,1.9371839242674347,2.1904738056067926e-07
FS-034,37191,35908,359.0716944420649,0.0,1.7932434826339015e-07,0.0,0.9910326678312383,0.9910324885068901,0.11575959441265296,0.11575959441265296,"[""source-4""]",35900,358.9999999998185,0.9910339768494263,0.9914460826442179,-0.00020605289739578092,1.653191812663052,3.4641016151377544,2.128929304789212,3.406449629502049e-06,3.796822530861182e-09,0.0,0.00020288882210182664,0.00020338619323648295,3.4059088905273688e-06,1.315930234894457e-05,1.3166837685895231e-05,0.00038946469964817366,0.3464101615137755,1.9372134668071244,1.0030586960205212e-07,35920,359.1999999998183,0.9910305958867512,0.9914068655927432,-0.0001881348529959581,1.6646772808797143,3.4641016151377544,2.1283883564888377,3.131838155240164e-06,3.8069315452738385e-09,0.0,0.00020338619323648295,0.00020381673365297556,3.1313209292170403e-06,1.3166837685895231e-05,1.3174379294333417e-05,0.0003904904028958701,0.3464101615137755,1.9371839242674347,2.1904738056067926e-07
FS-034,37194,35909,359.081698635857,0.0,1.7660157443627652e-07,0.0,0.9910324885068901,0.9910323119053156,0.11576517646482057,0.11576517646482057,"[""source-4""]",35900,358.9999999998185,0.9910339768494263,0.9914460826442179,-0.00020605289739578092,1.653191812663052,3.4641016151377544,2.128929304789212,3.406449629502049e-06,3.796822530861182e-09,0.0,0.00020288882210182664,0.00020338619323648295,3.4059088905273688e-06,1.315930234894457e-05,1.3166837685895231e-05,0.00038946469964817366,0.3464101615137755,1.9372134668071244,1.0030586960205212e-07,35920,359.1999999998183,0.9910305958867512,0.9914068655927432,-0.0001881348529959581,1.6646772808797143,3.4641016151377544,2.1283883564888377,3.131838155240164e-06,3.8069315452738385e-09,0.0,0.00020338619323648295,0.00020381673365297556,3.1313209292170403e-06,1.3166837685895231e-05,1.3174379294333417e-05,0.0003904904028958701,0.3464101615137755,1.9371839242674347,2.1904738056067926e-07
FS-034,37197,35910,359.09170425798453,0.0,1.7368452272316195e-07,0.0,0.9910323119053156,0.9910321382207928,0.11577041942776092,0.11577041942776092,"[""source-4""]",35900,358.9999999998185,0.9910339768494263,0.9914460826442179,-0.00020605289739578092,1.653191812663052,3.4641016151377544,2.128929304789212,3.406449629502049e-06,3.796822530861182e-09,0.0,0.00020288882210182664,0.00020338619323648295,3.4059088905273688e-06,1.315930234894457e-05,1.3166837685895231e-05,0.00038946469964817366,0.3464101615137755,1.9372134668071244,1.0030586960205212e-07,35920,359.1999999998183,0.9910305958867512,0.9914068655927432,-0.0001881348529959581,1.6646772808797143,3.4641016151377544,2.1283883564888377,3.131838155240164e-06,3.8069315452738385e-09,0.0,0.00020338619323648295,0.00020381673365297556,3.1313209292170403e-06,1.3166837685895231e-05,1.3174379294333417e-05,0.0003904904028958701,0.3464101615137755,1.9371839242674347,2.1904738056067926e-07
FS-034,37200,35911,359.101711283354,0.0,1.705873255428494e-07,0.0,0.9910321382207928,0.9910319676334673,0.11577529062359557,0.11577529062359557,"[""source-4""]",35900,358.9999999998185,0.9910339768494263,0.9914460826442179,-0.00020605289739578092,1.653191812663052,3.4641016151377544,2.128929304789212,3.406449629502049e-06,3.796822530861182e-09,0.0,0.00020288882210182664,0.00020338619323648295,3.4059088905273688e-06,1.315930234894457e-05,1.3166837685895231e-05,0.00038946469964817366,0.3464101615137755,1.9372134668071244,1.0030586960205212e-07,35920,359.1999999998183,0.9910305958867512,0.9914068655927432,-0.0001881348529959581,1.6646772808797143,3.4641016151377544,2.1283883564888377,3.131838155240164e-06,3.8069315452738385e-09,0.0,0.00020338619323648295,0.00020381673365297556,3.1313209292170403e-06,1.3166837685895231e-05,1.3174379294333417e-05,0.0003904904028958701,0.3464101615137755,1.9371839242674347,2.1904738056067926e-07
FS-034,37203,35912,359.1117197032952,0.0,1.67322413557984e-07,0.0,0.9910319676334673,0.9910318003110538,0.1157797599160673,0.1157797599160673,"[""source-4""]",35900,358.9999999998185,0.9910339768494263,0.9914460826442179,-0.00020605289739578092,1.653191812663052,3.4641016151377544,2.128929304789212,3.406449629502049e-06,3.796822530861182e-09,0.0,0.00020288882210182664,0.00020338619323648295,3.4059088905273688e-06,1.315930234894457e-05,1.3166837685895231e-05,0.00038946469964817366,0.3464101615137755,1.9372134668071244,1.0030586960205212e-07,35920,359.1999999998183,0.9910305958867512,0.9914068655927432,-0.0001881348529959581,1.6646772808797143,3.4641016151377544,2.1283883564888377,3.131838155240164e-06,3.8069315452738385e-09,0.0,0.00020338619323648295,0.00020381673365297556,3.1313209292170403e-06,1.3166837685895231e-05,1.3174379294333417e-05,0.0003904904028958701,0.3464101615137755,1.9371839242674347,2.1904738056067926e-07
FS-034,37206,35913,359.1217295252048,0.0,1.6390075045839141e-07,0.0,0.9910318003110538,0.9910316364103033,0.11578379946903705,0.11578379946903705,"[""source-4""]",35900,358.9999999998185,0.9910339768494263,0.9914460826442179,-0.00020605289739578092,1.653191812663052,3.4641016151377544,2.128929304789212,3.406449629502049e-06,3.796822530861182e-09,0.0,0.00020288882210182664,0.00020338619323648295,3.4059088905273688e-06,1.315930234894457e-05,1.3166837685895231e-05,0.00038946469964817366,0.3464101615137755,1.9372134668071244,1.0030586960205212e-07,35920,359.1999999998183,0.9910305958867512,0.9914068655927432,-0.0001881348529959581,1.6646772808797143,3.4641016151377544,2.1283883564888377,3.131838155240164e-06,3.8069315452738385e-09,0.0,0.00020338619323648295,0.00020381673365297556,3.1313209292170403e-06,1.3166837685895231e-05,1.3174379294333417e-05,0.0003904904028958701,0.3464101615137755,1.9371839242674347,2.1904738056067926e-07
FS-034,37209,35914,359.1317407712981,0.0,1.6033181617947615e-07,0.0,0.9910316364103033,0.9910314760784872,0.11578738353062784,0.11578738353062784,"[""source-4""]",35900,358.9999999998185,0.9910339768494263,0.9914460826442179,-0.00020605289739578092,1.653191812663052,3.4641016151377544,2.128929304789212,3.406449629502049e-06,3.796822530861182e-09,0.0,0.00020288882210182664,0.00020338619323648295,3.4059088905273688e-06,1.315930234894457e-05,1.3166837685895231e-05,0.00038946469964817366,0.3464101615137755,1.9372134668071244,1.0030586960205212e-07,35920,359.1999999998183,0.9910305958867512,0.9914068655927432,-0.0001881348529959581,1.6646772808797143,3.4641016151377544,2.1283883564888377,3.131838155240164e-06,3.8069315452738385e-09,0.0,0.00020338619323648295,0.00020381673365297556,3.1313209292170403e-06,1.3166837685895231e-05,1.3174379294333417e-05,0.0003904904028958701,0.3464101615137755,1.9371839242674347,2.1904738056067926e-07
FS-034,37212,35915,359.1417534793977,0.0,1.566237874183786e-07,0.0,0.9910314760784872,0.9910313194546998,0.11579048823894209,0.11579048823894209,"[""source-4""]",35900,358.9999999998185,0.9910339768494263,0.9914460826442179,-0.00020605289739578092,1.653191812663052,3.4641016151377544,2.128929304789212,3.406449629502049e-06,3.796822530861182e-09,0.0,0.00020288882210182664,0.00020338619323648295,3.4059088905273688e-06,1.315930234894457e-05,1.3166837685895231e-05,0.00038946469964817366,0.3464101615137755,1.9372134668071244,1.0030586960205212e-07,35920,359.1999999998183,0.9910305958867512,0.9914068655927432,-0.0001881348529959581,1.6646772808797143,3.4641016151377544,2.1283883564888377,3.131838155240164e-06,3.8069315452738385e-09,0.0,0.00020338619323648295,0.00020381673365297556,3.1313209292170403e-06,1.3166837685895231e-05,1.3174379294333417e-05,0.0003904904028958701,0.3464101615137755,1.9371839242674347,2.1904738056067926e-07
FS-034,37215,35916,359.1517677037951,0.0,1.5278365704785546e-07,0.0,0.9910313194546998,0.9910311666710427,0.11579309144624174,0.11579309144624174,"[""source-4""]",35900,358.9999999998185,0.9910339768494263,0.9914460826442179,-0.00020605289739578092,1.653191812663052,3.4641016151377544,2.128929304789212,3.406449629502049e-06,3.796822530861182e-09,0.0,0.00020288882210182664,0.00020338619323648295,3.4059088905273688e-06,1.315930234894457e-05,1.3166837685895231e-05,0.00038946469964817366,0.3464101615137755,1.9372134668071244,1.0030586960205212e-07,35920,359.1999999998183,0.9910305958867512,0.9914068655927432,-0.0001881348529959581,1.6646772808797143,3.4641016151377544,2.1283883564888377,3.131838155240164e-06,3.8069315452738385e-09,0.0,0.00020338619323648295,0.00020381673365297556,3.1313209292170403e-06,1.3166837685895231e-05,1.3174379294333417e-05,0.0003904904028958701,0.3464101615137755,1.9371839242674347,2.1904738056067926e-07
FS-034,37218,35917,359.1617835163784,0.0,1.4881730439184403e-07,0.0,0.9910311666710427,0.9910310178537384,0.11579517256023428,0.11579517256023428,"[""source-4""]",35900,358.9999999998185,0.9910339768494263,0.9914460826442179,-0.00020605289739578092,1.653191812663052,3.4641016151377544,2.128929304789212,3.406449629502049e-06,3.796822530861182e-09,0.0,0.00020288882210182664,0.00020338619323648295,3.4059088905273688e-06,1.315930234894457e-05,1.3166837685895231e-05,0.00038946469964817366,0.3464101615137755,1.9372134668071244,1.0030586960205212e-07,35920,359.1999999998183,0.9910305958867512,0.9914068655927432,-0.0001881348529959581,1.6646772808797143,3.4641016151377544,2.1283883564888377,3.131838155240164e-06,3.8069315452738385e-09,0.0,0.00020338619323648295,0.00020381673365297556,3.1313209292170403e-06,1.3166837685895231e-05,1.3174379294333417e-05,0.0003904904028958701,0.3464101615137755,1.9371839242674347,2.1904738056067926e-07
FS-034,37221,35918,359.17180534297125,0.0,1.452379341222633e-07,0.0,0.9910310178537384,0.9910308726158042,0.1157967055787632,0.1157967055787632,"[""source-4""]",35900,358.9999999998185,0.9910339768494263,0.9914460826442179,-0.00020605289739578092,1.653191812663052,3.4641016151377544,2.128929304789212,3.406449629502049e-06,3.796822530861182e-09,0.0,0.00020288882210182664,0.00020338619323648295,3.4059088905273688e-06,1.315930234894457e-05,1.3166837685895231e-05,0.00038946469964817366,0.3464101615137755,1.9372134668071244,1.0030586960205212e-07,35920,359.1999999998183,0.9910305958867512,0.9914068655927432,-0.0001881348529959581,1.6646772808797143,3.4641016151377544,2.1283883564888377,3.131838155240164e-06,3.8069315452738385e-09,0.0,0.00020338619323648295,0.00020381673365297556,3.1313209292170403e-06,1.3166837685895231e-05,1.3174379294333417e-05,0.0003904904028958701,0.3464101615137755,1.9371839242674347,2.1904738056067926e-07
FS-034,37224,35919,359.1818195928644,0.0,1.404796838491099e-07,0.0,0.9910308726158042,0.9910307321361204,0.11579768534702153,0.11579768534702153,"[""source-4""]",35900,358.9999999998185,0.9910339768494263,0.9914460826442179,-0.00020605289739578092,1.653191812663052,3.4641016151377544,2.128929304789212,3.406449629502049e-06,3.796822530861182e-09,0.0,0.00020288882210182664,0.00020338619323648295,3.4059088905273688e-06,1.315930234894457e-05,1.3166837685895231e-05,0.00038946469964817366,0.3464101615137755,1.9372134668071244,1.0030586960205212e-07,35920,359.1999999998183,0.9910305958867512,0.9914068655927432,-0.0001881348529959581,1.6646772808797143,3.4641016151377544,2.1283883564888377,3.131838155240164e-06,3.8069315452738385e-09,0.0,0.00020338619323648295,0.00020381673365297556,3.1313209292170403e-06,1.3166837685895231e-05,1.3174379294333417e-05,0.0003904904028958701,0.3464101615137755,1.9371839242674347,2.1904738056067926e-07
FS-034,37227,35920,359.19184197227787,0.0,1.3624936913086448e-07,0.0,0.9910307321361204,0.9910305958867512,0.11579808965654723,0.11579808965654723,"[""source-4""]",35900,358.9999999998185,0.9910339768494263,0.9914460826442179,-0.00020605289739578092,1.653191812663052,3.4641016151377544,2.128929304789212,3.406449629502049e-06,3.796822530861182e-09,0.0,0.00020288882210182664,0.00020338619323648295,3.4059088905273688e-06,1.315930234894457e-05,1.3166837685895231e-05,0.00038946469964817366,0.3464101615137755,1.9372134668071244,1.0030586960205212e-07,35920,359.1999999998183,0.9910305958867512,0.9914068655927432,-0.0001881348529959581,1.6646772808797143,3.4641016151377544,2.1283883564888377,3.131838155240164e-06,3.8069315452738385e-09,0.0,0.00020338619323648295,0.00020381673365297556,3.1313209292170403e-06,1.3166837685895231e-05,1.3174379294333417e-05,0.0003904904028958701,0.3464101615137755,1.9371839242674347,2.1904738056067926e-07
FS-034,37230,35921,359.2019504942107,0.0,1.2531838086035989e-07,0.0,0.9910305958867512,0.9910304705683703,0.11579777256165404,0.11579777256165404,"[""source-4""]",35920,359.1999999998183,0.9910305958867512,0.9914068655927432,-0.0001881348529959581,1.6646772808797143,3.4641016151377544,2.1283883564888377,3.131838155240164e-06,3.8069315452738385e-09,0.0,0.00020338619323648295,0.00020381673365297556,3.1313209292170403e-06,1.3166837685895231e-05,1.3174379294333417e-05,0.0003904904028958701,0.3464101615137755,1.9371839242674347,2.1904738056067926e-07,35940,359.39999999981814,0.9910298307632674,0.9913710587960061,-0.00017061401636930817,1.4947914665113222,3.4641016151377544,2.1283604972834285,2.5503237573606497e-06,3.815754779346151e-09,0.0,0.00020381673365297556,0.0002041159698920971,2.5498734120748697e-06,1.3174379294333417e-05,1.3181922914914114e-05,0.00039117311826634624,0.3464101615137755,1.9372460700668637,3.5680253829716035e-07
FS-034,37233,35922,359.21203929780535,0.0,1.1417022696181419e-07,0.0,0.9910304705683703,0.9910303563981434,0.11579575913694816,0.11579575913694816,"[""source-4""]",35920,359.1999999998183,0.9910305958867512,0.9914068655927432,-0.0001881348529959581,1.6646772808797143,3.4641016151377544,2.1283883564888377,3.131838155240164e-06,3.8069315452738385e-09,0.0,0.00020338619323648295,0.00020381673365297556,3.1313209292170403e-06,1.3166837685895231e-05,1.3174379294333417e-05,0.0003904904028958701,0.3464101615137755,1.9371839242674347,2.1904738056067926e-07,35940,359.39999999981814,0.9910298307632674,0.9913710587960061,-0.00017061401636930817,1.4947914665113222,3.4641016151377544,2.1283604972834285,2.5503237573606497e-06,3.815754779346151e-09,0.0,0.00020381673365297556,0.0002041159698920971,2.5498734120748697e-06,1.3174379294333417e-05,1.3181922914914114e-05,0.00039117311826634624,0.3464101615137755,1.9372460700668637,3.5680253829716035e-07
FS-034,37236,35923,359.22214677416906,0.0,1.0351079637739568e-07,0.0,0.9910303563981434,0.991030252887347,0.11579224585078483,0.11579224585078483,"[""source-4""]",35920,359.1999999998183,0.9910305958867512,0.9914068655927432,-0.0001881348529959581,1.6646772808797143,3.4641016151377544,2.1283883564888377,3.131838155240164e-06,3.8069315452738385e-09,0.0,0.00020338619323648295,0.00020381673365297556,3.1313209292170403e-06,1.3166837685895231e-05,1.3174379294333417e-05,0.0003904904028958701,0.3464101615137755,1.9371839242674347,2.1904738056067926e-07,35940,359.39999999981814,0.9910298307632674,0.9913710587960061,-0.00017061401636930817,1.4947914665113222,3.4641016151377544,2.1283604972834285,2.5503237573606497e-06,3.815754779346151e-09,0.0,0.00020381673365297556,0.0002041159698920971,2.5498734120748697e-06,1.3174379294333417e-05,1.3181922914914114e-05,0.00039117311826634624,0.3464101615137755,1.9372460700668637,3.5680253829716035e-07
FS-034,37239,35924,359.23226741443233,0.0,9.27542759013647e-08,0.0,0.991030252887347,0.9910301601330711,0.11578729426393974,0.11578729426393974,"[""source-4""]",35920,359.1999999998183,0.9910305958867512,0.9914068655927432,-0.0001881348529959581,1.6646772808797143,3.4641016151377544,2.1283883564888377,3.131838155240164e-06,3.8069315452738385e-09,0.0,0.00020338619323648295,0.00020381673365297556,3.1313209292170403e-06,1.3166837685895231e-05,1.3174379294333417e-05,0.0003904904028958701,0.3464101615137755,1.9371839242674347,2.1904738056067926e-07,35940,359.39999999981814,0.9910298307632674,0.9913710587960061,-0.00017061401636930817,1.4947914665113222,3.4641016151377544,2.1283604972834285,2.5503237573606497e-06,3.815754779346151e-09,0.0,0.00020381673365297556,0.0002041159698920971,2.5498734120748697e-06,1.3174379294333417e-05,1.3181922914914114e-05,0.00039117311826634624,0.3464101615137755,1.9372460700668637,3.5680253829716035e-07
FS-034,37242,35925,359.24241692761836,0.0,8.243821170911442e-08,0.0,0.9910301601330711,0.9910300776948594,0.11578094197833193,0.11578094197833193,"[""source-4""]",35920,359.1999999998183,0.9910305958867512,0.9914068655927432,-0.0001881348529959581,1.6646772808797143,3.4641016151377544,2.1283883564888377,3.131838155240164e-06,3.8069315452738385e-09,0.0,0.00020338619323648295,0.00020381673365297556,3.1313209292170403e-06,1.3166837685895231e-05,1.3174379294333417e-05,0.0003904904028958701,0.3464101615137755,1.9371839242674347,2.1904738056067926e-07,35940,359.39999999981814,0.9910298307632674,0.9913710587960061,-0.00017061401636930817,1.4947914665113222,3.4641016151377544,2.1283604972834285,2.5503237573606497e-06,3.815754779346151e-09,0.0,0.00020381673365297556,0.0002041159698920971,2.5498734120748697e-06,1.3174379294333417e-05,1.3181922914914114e-05,0.00039117311826634624,0.3464101615137755,1.9372460700668637,3.5680253829716035e-07
FS-034,37245,35926,359.2525778624021,0.0,7.110885700431676e-08,0.0,0.9910300776948594,0.9910300065860024,0.11577326157533288,0.11577326157533288,"[""source-4""]",35920,359.1999999998183,0.9910305958867512,0.9914068655927432,-0.0001881348529959581,1.6646772808797143,3.4641016151377544,2.1283883564888377,3.131838155240164e-06,3.8069315452738385e-09,0.0,0.00020338619323648295,0.00020381673365297556,3.1313209292170403e-06,1.3166837685895231e-05,1.3174379294333417e-05,0.0003904904028958701,0.3464101615137755,1.9371839242674347,2.1904738056067926e-07,35940,359.39999999981814,0.9910298307632674,0.9913710587960061,-0.00017061401636930817,1.4947914665113222,3.4641016151377544,2.1283604972834285,2.5503237573606497e-06,3.815754779346151e-09,0.0,0.00020381673365297556,0.0002041159698920971,2.5498734120748697e-06,1.3174379294333417e-05,1.3181922914914114e-05,0.00039117311826634624,0.3464101615137755,1.9372460700668637,3.5680253829716035e-07
FS-034,37248,35927,359.2627964042474,0.0,6.027658773197914e-08,0.0,0.9910300065860024,0.9910299463094147,0.11576424925866784,0.11576424925866784,"[""source-4""]",35920,359.1999999998183,0.9910305958867512,0.9914068655927432,-0.0001881348529959581,1.6646772808797143,3.4641016151377544,2.1283883564888377,3.131838155240164e-06,3.8069315452738385e-09,0.0,0.00020338619323648295,0.00020381673365297556,3.1313209292170403e-06,1.3166837685895231e-05,1.3174379294333417e-05,0.0003904904028958701,0.3464101615137755,1.9371839242674347,2.1904738056067926e-07,35940,359.39999999981814,0.9910298307632674,0.9913710587960061,-0.00017061401636930817,1.4947914665113222,3.4641016151377544,2.1283604972834285,2.5503237573606497e-06,3.815754779346151e-09,0.0,0.00020381673365297556,0.0002041159698920971,2.5498734120748697e-06,1.3174379294333417e-05,1.3181922914914114e-05,0.00039117311826634624,0.3464101615137755,1.9372460700668637,3.5680253829716035e-07
FS-034,37251,35928,359.27305650114346,0.0,4.8407069236011335e-08,0.0,0.9910299463094147,0.9910298979023454,0.11575396122940848,0.11575396122940848,"[""source-4""]",35920,359.1999999998183,0.9910305958867512,0.9914068655927432,-0.0001881348529959581,1.6646772808797143,3.4641016151377544,2.1283883564888377,3.131838155240164e-06,3.8069315452738385e-09,0.0,0.00020338619323648295,0.00020381673365297556,3.1313209292170403e-06,1.3166837685895231e-05,1.3174379294333417e-05,0.0003904904028958701,0.3464101615137755,1.9371839242674347,2.1904738056067926e-07,35940,359.39999999981814,0.9910298307632674,0.9913710587960061,-0.00017061401636930817,1.4947914665113222,3.4641016151377544,2.1283604972834285,2.5503237573606497e-06,3.815754779346151e-09,0.0,0.00020381673365297556,0.0002041159698920971,2.5498734120748697e-06,1.3174379294333417e-05,1.3181922914914114e-05,0.00039117311826634624,0.3464101615137755,1.9372460700668637,3.5680253829716035e-07
FS-034,37254,35929,359.283437378151,0.0,3.643418187063324e-08,0.0,0.9910298979023454,0.9910298614681635,0.11574233366676431,0.11574233366676431,"[""source-4""]",35920,359.1999999998183,0.9910305958867512,0.9914068655927432,-0.0001881348529959581,1.6646772808797143,3.4641016151377544,2.1283883564888377,3.131838155240164e-06,3.8069315452738385e-09,0.0,0.00020338619323648295,0.00020381673365297556,3.1313209292170403e-06,1.3166837685895231e-05,1.3174379294333417e-05,0.0003904904028958701,0.3464101615137755,1.9371839242674347,2.1904738056067926e-07,35940,359.39999999981814,0.9910298307632674,0.9913710587960061,-0.00017061401636930817,1.4947914665113222,3.4641016151377544,2.1283604972834285,2.5503237573606497e-06,3.815754779346151e-09,0.0,0.00020381673365297556,0.0002041159698920971,2.5498734120748697e-06,1.3174379294333417e-05,1.3181922914914114e-05,0.00039117311826634624,0.3464101615137755,1.9372460700668637,3.5680253829716035e-07
FS-034,37257,35930,359.2939801062329,0.0,2.294361548645096e-08,0.0,0.9910298614681635,0.9910298385245481,0.11572933188722934,0.11572933188722934,"[""source-4""]",35920,359.1999999998183,0.9910305958867512,0.9914068655927432,-0.0001881348529959581,1.6646772808797143,3.4641016151377544,2.1283883564888377,3.131838155240164e-06,3.8069315452738385e-09,0.0,0.00020338619323648295,0.00020381673365297556,3.1313209292170403e-06,1.3166837685895231e-05,1.3174379294333417e-05,0.0003904904028958701,0.3464101615137755,1.9371839242674347,2.1904738056067926e-07,35940,359.39999999981814,0.9910298307632674,0.9913710587960061,-0.00017061401636930817,1.4947914665113222,3.4641016151377544,2.1283604972834285,2.5503237573606497e-06,3.815754779346151e-09,0.0,0.00020381673365297556,0.0002041159698920971,2.5498734120748697e-06,1.3174379294333417e-05,1.3181922914914114e-05,0.00039117311826634624,0.3464101615137755,1.9372460700668637,3.5680253829716035e-07
FS-034,37260,35931,359.3049969819273,0.0,7.761280631495697e-09,0.0,0.9910298385245481,0.9910298307632674,0.11571452238088294,0.11571452238088294,"[""source-4""]",35920,359.1999999998183,0.9910305958867512,0.9914068655927432,-0.0001881348529959581,1.6646772808797143,3.4641016151377544,2.1283883564888377,3.131838155240164e-06,3.8069315452738385e-09,0.0,0.00020338619323648295,0.00020381673365297556,3.1313209292170403e-06,1.3166837685895231e-05,1.3174379294333417e-05,0.0003904904028958701,0.3464101615137755,1.9371839242674347,2.1904738056067926e-07,35940,359.39999999981814,0.9910298307632674,0.9913710587960061,-0.00017061401636930817,1.4947914665113222,3.4641016151377544,2.1283604972834285,2.5503237573606497e-06,3.815754779346151e-09,0.0,0.00020381673365297556,0.0002041159698920971,2.5498734120748697e-06,1.3174379294333417e-05,1.3181922914914114e-05,0.00039117311826634624,0.3464101615137755,1.9372460700668637,3.5680253829716035e-07
FS-034,38043,36709,367.0837234931349,0.0,0.00045819365842520446,0.0,0.9910298307632674,0.9905716371048422,0.10308397355580082,0.10308397355580082,"[""source-4""]",36700,366.9999999998112,0.9910298307632674,0.9910374642977389,-3.816767235709229e-06,1.0060675357484978,3.4641016151377544,2.1317899366700757,3.8399256073555905e-08,3.846048096389408e-09,0.0,0.00020540255874013438,0.00020540664217443778,3.776001131411042e-08,1.3459541925580424e-05,1.3467014395540983e-05,0.0003930183183016509,0.3464101615137755,1.94077129958024,1.034473937718965e-06,36720,367.19999999981104,0.9905688110093298,0.9910367378708891,-0.00023396343077963788,1.1177449509144257,3.4641016151377544,2.1318819355031198,2.6151144345255706e-06,3.845982449620049e-09,0.0,0.00020540664217443778,0.00020587411531445483,2.6144249540198e-06,1.3467014395540983e-05,1.347449555791911e-05,0.00039402093611424046,0.3464101615137755,1.9398421820278546,8.806019446998506e-07
FS-034,38046,36710,367.09126609955655,0.0,2.291355899521063e-07,0.0,0.9905716371048422,0.9905714079692522,0.10309996454965739,0.10309996454965739,"[""source-4""]",36700,366.9999999998112,0.9910298307632674,0.9910374642977389,-3.816767235709229e-06,1.0060675357484978,3.4641016151377544,2.1317899366700757,3.8399256073555905e-08,3.846048096389408e-09,0.0,0.00020540255874013438,0.00020540664217443778,3.776001131411042e-08,1.3459541925580424e-05,1.3467014395540983e-05,0.0003930183183016509,0.3464101615137755,1.94077129958024,1.034473937718965e-06,36720,367.19999999981104,0.9905688110093298,0.9910367378708891,-0.00023396343077963788,1.1177449509144257,3.4641016151377544,2.1318819355031198,2.6151144345255706e-06,3.845982449620049e-09,0.0,0.00020540664217443778,0.00020587411531445483,2.6144249540198e-06,1.3467014395540983e-05,1.347449555791911e-05,0.00039402093611424046,0.3464101615137755,1.9398421820278546,8.806019446998506e-07
FS-034,38049,36711,367.1017867405575,0.0,3.108540066162034e-07,0.0,0.9905714079692522,0.9905710971152456,0.10312050719759776,0.10312050719759776,"[""source-4""]",36700,366.9999999998112,0.9910298307632674,0.9910374642977389,-3.816767235709229e-06,1.0060675357484978,3.4641016151377544,2.1317899366700757,3.8399256073555905e-08,3.846048096389408e-09,0.0,0.00020540255874013438,0.00020540664217443778,3.776001131411042e-08,1.3459541925580424e-05,1.3467014395540983e-05,0.0003930183183016509,0.3464101615137755,1.94077129958024,1.034473937718965e-06,36720,367.19999999981104,0.9905688110093298,0.9910367378708891,-0.00023396343077963788,1.1177449509144257,3.4641016151377544,2.1318819355031198,2.6151144345255706e-06,3.845982449620049e-09,0.0,0.00020540664217443778,0.00020587411531445483,2.6144249540198e-06,1.3467014395540983e-05,1.347449555791911e-05,0.00039402093611424046,0.3464101615137755,1.9398421820278546,8.806019446998506e-07
FS-034,38052,36712,367.11170732856874,0.0,2.8531906931392875e-07,0.0,0.9905710971152456,0.9905708117961763,0.10313879376660738,0.10313879376660738,"[""source-4""]",36700,366.9999999998112,0.9910298307632674,0.9910374642977389,-3.816767235709229e-06,1.0060675357484978,3.4641016151377544,2.1317899366700757,3.8399256073555905e-08,3.846048096389408e-09,0.0,0.00020540255874013438,0.00020540664217443778,3.776001131411042e-08,1.3459541925580424e-05,1.3467014395540983e-05,0.0003930183183016509,0.3464101615137755,1.94077129958024,1.034473937718965e-06,36720,367.19999999981104,0.9905688110093298,0.9910367378708891,-0.00023396343077963788,1.1177449509144257,3.4641016151377544,2.1318819355031198,2.6151144345255706e-06,3.845982449620049e-09,0.0,0.00020540664217443778,0.00020587411531445483,2.6144249540198e-06,1.3467014395540983e-05,1.347449555791911e-05,0.00039402093611424046,0.3464101615137755,1.9398421820278546,8.806019446998506e-07
FS-034,38055,36713,367.12175105876184,0.0,2.804913997756473e-07,0.0,0.9905708117961763,0.9905705313047766,0.10315619273158645,0.10315619273158645,"[""source-4""]",36700,366.9999999998112,0.9910298307632674,0.9910374642977389,-3.816767235709229e-06,1.0060675357484978,3.4641016151377544,2.1317899366700757,3.8399256073555905e-08,3.846048096389408e-09,0.0,0.00020540255874013438,0.00020540664217443778,3.776001131411042e-08,1.3459541925580424e-05,1.3467014395540983e-05,0.0003930183183016509,0.3464101615137755,1.94077129958024,1.034473937718965e-06,36720,367.19999999981104,0.9905688110093298,0.9910367378708891,-0.00023396343077963788,1.1177449509144257,3.4641016151377544,2.1318819355031198,2.6151144345255706e-06,3.845982449620049e-09,0.0,0.00020540664217443778,0.00020587411531445483,2.6144249540198e-06,1.3467014395540983e-05,1.347449555791911e-05,0.00039402093611424046,0.3464101615137755,1.9398421820278546,8.806019446998506e-07
FS-034,38058,36714,367.13177092003207,0.0,2.714557504981951e-07,0.0,0.9905705313047766,0.990570259849026,0.10317242947540686,0.10317242947540686,"[""source-4""]",36700,366.9999999998112,0.9910298307632674,0.9910374642977389,-3.816767235709229e-06,1.0060675357484978,3.4641016151377544,2.1317899366700757,3.8399256073555905e-08,3.846048096389408e-09,0.0,0.00020540255874013438,0.00020540664217443778,3.776001131411042e-08,1.3459541925580424e-05,1.3467014395540983e-05,0.0003930183183016509,0.3464101615137755,1.94077129958024,1.034473937718965e-06,36720,367.19999999981104,0.9905688110093298,0.9910367378708891,-0.00023396343077963788,1.1177449509144257,3.4641016151377544,2.1318819355031198,2.6151144345255706e-06,3.845982449620049e-09,0.0,0.00020540664217443778,0.00020587411531445483,2.6144249540198e-06,1.3467014395540983e-05,1.347449555791911e-05,0.00039402093611424046,0.3464101615137755,1.9398421820278546,8.806019446998506e-07
FS-034,38061,36715,367.14179979528836,0.0,2.636545941546789e-07,0.0,0.990570259849026,0.9905699961944319,0.10318754279444015,0.10318754279444015,"[""source-4""]",36700,366.9999999998112,0.9910298307632674,0.9910374642977389,-3.816767235709229e-06,1.0060675357484978,3.4641016151377544,2.1317899366700757,3.8399256073555905e-08,3.846048096389408e-09,0.0,0.00020540255874013438,0.00020540664217443778,3.776001131411042e-08,1.3459541925580424e-05,1.3467014395540983e-05,0.0003930183183016509,0.3464101615137755,1.94077129958024,1.034473937718965e-06,36720,367.19999999981104,0.9905688110093298,0.9910367378708891,-0.00023396343077963788,1.1177449509144257,3.4641016151377544,2.1318819355031198,2.6151144345255706e-06,3.845982449620049e-09,0.0,0.00020540664217443778,0.00020587411531445483,2.6144249540198e-06,1.3467014395540983e-05,1.347449555791911e-05,0.00039402093611424046,0.3464101615137755,1.9398421820278546,8.806019446998506e-07
FS-034,38064,36716,367.15182381203687,0.0,2.545066469485102e-07,0.0,0.9905699961944319,0.9905697416877849,0.10320151777055936,0.10320151777055936,"[""source-4""]",36700,366.9999999998112,0.9910298307632674,0.9910374642977389,-3.816767235709229e-06,1.0060675357484978,3.4641016151377544,2.1317899366700757,3.8399256073555905e-08,3.846048096389408e-09,0.0,0.00020540255874013438,0.00020540664217443778,3.776001131411042e-08,1.3459541925580424e-05,1.3467014395540983e-05,0.0003930183183016509,0.3464101615137755,1.94077129958024,1.034473937718965e-06,36720,367.19999999981104,0.9905688110093298,0.9910367378708891,-0.00023396343077963788,1.1177449509144257,3.4641016151377544,2.1318819355031198,2.6151144345255706e-06,3.845982449620049e-09,0.0,0.00020540664217443778,0.00020587411531445483,2.6144249540198e-06,1.3467014395540983e-05,1.347449555791911e-05,0.00039402093611424046,0.3464101615137755,1.9398421820278546,8.806019446998506e-07
FS-034,38067,36717,367.161853157504,0.0,2.4593847842830494e-07,0.0,0.9905697416877849,0.9905694957493064,0.10321435393901145,0.10321435393901145,"[""source-4""]",36700,366.9999999998112,0.9910298307632674,0.9910374642977389,-3.816767235709229e-06,1.0060675357484978,3.4641016151377544,2.1317899366700757,3.8399256073555905e-08,3.846048096389408e-09,0.0,0.00020540255874013438,0.00020540664217443778,3.776001131411042e-08,1.3459541925580424e-05,1.3467014395540983e-05,0.0003930183183016509,0.3464101615137755,1.94077129958024,1.034473937718965e-06,36720,367.19999999981104,0.9905688110093298,0.9910367378708891,-0.00023396343077963788,1.1177449509144257,3.4641016151377544,2.1318819355031198,2.6151144345255706e-06,3.845982449620049e-09,0.0,0.00020540664217443778,0.00020587411531445483,2.6144249540198e-06,1.3467014395540983e-05,1.347449555791911e-05,0.00039402093611424046,0.3464101615137755,1.9398421820278546,8.806019446998506e-07
FS-034,38070,36718,367.17188350268015,0.0,2.3715303579002755e-07,0.0,0.9905694957493064,0.9905692585962707,0.10322603806686564,0.10322603806686564,"[""source-4""]",36700,366.9999999998112,0.9910298307632674,0.9910374642977389,-3.816767235709229e-06,1.0060675357484978,3.4641016151377544,2.1317899366700757,3.8399256073555905e-08,3.846048096389408e-09,0.0,0.00020540255874013438,0.00020540664217443778,3.776001131411042e-08,1.3459541925580424e-05,1.3467014395540983e-05,0.0003930183183016509,0.3464101615137755,1.94077129958024,1.034473937718965e-06,36720,367.19999999981104,0.9905688110093298,0.9910367378708891,-0.00023396343077963788,1.1177449509144257,3.4641016151377544,2.1318819355031198,2.6151144345255706e-06,3.845982449620049e-09,0.0,0.00020540664217443778,0.00020587411531445483,2.6144249540198e-06,1.3467014395540983e-05,1.347449555791911e-05,0.00039402093611424046,0.3464101615137755,1.9398421820278546,8.806019446998506e-07
FS-034,38073,36719,367.181916070204,0.0,2.2828509352763866e-07,0.0,0.9905692585962707,0.9905690303111772,0.10323656466078632,0.10323656466078632,"[""source-4""]",36700,366.9999999998112,0.9910298307632674,0.9910374642977389,-3.816767235709229e-06,1.0060675357484978,3.4641016151377544,2.1317899366700757,3.8399256073555905e-08,3.846048096389408e-09,0.0,0.00020540255874013438,0.00020540664217443778,3.776001131411042e-08,1.3459541925580424e-05,1.3467014395540983e-05,0.0003930183183016509,0.3464101615137755,1.94077129958024,1.034473937718965e-06,36720,367.19999999981104,0.9905688110093298,0.9910367378708891,-0.00023396343077963788,1.1177449509144257,3.4641016151377544,2.1318819355031198,2.6151144345255706e-06,3.845982449620049e-09,0.0,0.00020540664217443778,0.00020587411531445483,2.6144249540198e-06,1.3467014395540983e-05,1.347449555791911e-05,0.00039402093611424046,0.3464101615137755,1.9398421820278546,8.806019446998506e-07
FS-034,38076,36720,367.19195087781003,0.0,2.1930184736611288e-07,0.0,0.9905690303111772,0.9905688110093298,0.1032459271275818,0.1032459271275818,"[""source-4""]",36700,366.9999999998112,0.9910298307632674,0.9910374642977389,-3.816767235709229e-06,1.0060675357484978,3.4641016151377544,2.1317899366700757,3.8399256073555905e-08,3.846048096389408e-09,0.0,0.00020540255874013438,0.00020540664217443778,3.776001131411042e-08,1.3459541925580424e-05,1.3467014395540983e-05,0.0003930183183016509,0.3464101615137755,1.94077129958024,1.034473937718965e-06,36720,367.19999999981104,0.9905688110093298,0.9910367378708891,-0.00023396343077963788,1.1177449509144257,3.4641016151377544,2.1318819355031198,2.6151144345255706e-06,3.845982449620049e-09,0.0,0.00020540664217443778,0.00020587411531445483,2.6144249540198e-06,1.3467014395540983e-05,1.347449555791911e-05,0.00039402093611424046,0.3464101615137755,1.9398421820278546,8.806019446998506e-07
FS-034,38079,36721,367.202031960722,0.0,2.050607669153853e-07,0.0,0.9905688110093298,0.9905686059485629,0.1032540454721758,0.1032540454721758,"[""source-4""]",36720,367.19999999981104,0.9905688110093298,0.9910367378708891,-0.00023396343077963788,1.1177449509144257,3.4641016151377544,2.1318819355031198,2.6151144345255706e-06,3.845982449620049e-09,0.0,0.00020540664217443778,0.00020587411531445483,2.6144249540198e-06,1.3467014395540983e-05,1.347449555791911e-05,0.00039402093611424046,0.3464101615137755,1.9398421820278546,8.806019446998506e-07,36740,367.39999999981086,0.9905673945380818,0.9909922087425728,-0.0002124071022454599,0.985648475691386,3.4641016151377544,2.1311876716115763,2.0935873655426194e-06,3.855508179801696e-09,0.0,0.00020587411531445483,0.0002061096525084073,2.093149119187076e-06,1.347449555791911e-05,1.3481979145973962e-05,0.0003945649722296628,0.3464101615137755,1.939890572566046,7.084191200097129e-07
FS-034,38082,36722,367.2121128726922,0.0,1.895138583241085e-07,0.0,0.9905686059485629,0.9905684164347046,0.10326012478385449,0.10326012478385449,"[""source-4""]",36720,367.19999999981104,0.9905688110093298,0.9910367378708891,-0.00023396343077963788,1.1177449509144257,3.4641016151377544,2.1318819355031198,2.6151144345255706e-06,3.845982449620049e-09,0.0,0.00020540664217443778,0.00020587411531445483,2.6144249540198e-06,1.3467014395540983e-05,1.347449555791911e-05,0.00039402093611424046,0.3464101615137755,1.9398421820278546,8.806019446998506e-07,36740,367.39999999981086,0.9905673945380818,0.9909922087425728,-0.0002124071022454599,0.985648475691386,3.4641016151377544,2.1311876716115763,2.0935873655426194e-06,3.855508179801696e-09,0.0,0.00020587411531445483,0.0002061096525084073,2.093149119187076e-06,1.347449555791911e-05,1.3481979145973962e-05,0.0003945649722296628,0.3464101615137755,1.939890572566046,7.084191200097129e-07
FS-034,38085,36723,367.22220400386465,0.0,1.742059992587176e-07,0.0,0.9905684164347046,0.9905682422287053,0.10326418653325464,0.10326418653325464,"[""source-4""]",36720,367.19999999981104,0.9905688110093298,0.9910367378708891,-0.00023396343077963788,1.1177449509144257,3.4641016151377544,2.1318819355031198,2.6151144345255706e-06,3.845982449620049e-09,0.0,0.00020540664217443778,0.00020587411531445483,2.6144249540198e-06,1.3467014395540983e-05,1.347449555791911e-05,0.00039402093611424046,0.3464101615137755,1.9398421820278546,8.806019446998506e-07,36740,367.39999999981086,0.9905673945380818,0.9909922087425728,-0.0002124071022454599,0.985648475691386,3.4641016151377544,2.1311876716115763,2.0935873655426194e-06,3.855508179801696e-09,0.0,0.00020587411531445483,0.0002061096525084073,2.093149119187076e-06,1.347449555791911e-05,1.3481979145973962e-05,0.0003945649722296628,0.3464101615137755,1.939890572566046,7.084191200097129e-07
FS-034,38088,36724,367.23230513715805,0.0,1.5886135697085186e-07,0.0,0.9905682422287053,0.9905680833673484,0.10326629098776374,0.10326629098776374,"[""source-4""]",36720,367.19999999981104,0.9905688110093298,0.9910367378708891,-0.00023396343077963788,1.1177449509144257,3.4641016151377544,2.1318819355031198,2.6151144345255706e-06,3.845982449620049e-09,0.0,0.00020540664217443778,0.00020587411531445483,2.6144249540198e-06,1.3467014395540983e-05,1.347449555791911e-05,0.00039402093611424046,0.3464101615137755,1.9398421820278546,8.806019446998506e-07,36740,367.39999999981086,0.9905673945380818,0.9909922087425728,-0.0002124071022454599,0.985648475691386,3.4641016151377544,2.1311876716115763,2.0935873655426194e-06,3.855508179801696e-09,0.0,0.00020587411531445483,0.0002061096525084073,2.093149119187076e-06,1.347449555791911e-05,1.3481979145973962e-05,0.0003945649722296628,0.3464101615137755,1.939890572566046,7.084191200097129e-07
FS-034,38091,36725,367.2424237043573,0.0,1.4386414420307013e-07,0.0,0.9905680833673484,0.9905679395032042,0.10326648775676427,0.10326648775676427,"[""source-4""]",36720,367.19999999981104,0.9905688110093298,0.9910367378708891,-0.00023396343077963788,1.1177449509144257,3.4641016151377544,2.1318819355031198,2.6151144345255706e-06,3.845982449620049e-09,0.0,0.00020540664217443778,0.00020587411531445483,2.6144249540198e-06,1.3467014395540983e-05,1.347449555791911e-05,0.00039402093611424046,0.3464101615137755,1.9398421820278546,8.806019446998506e-07,36740,367.39999999981086,0.9905673945380818,0.9909922087425728,-0.0002124071022454599,0.985648475691386,3.4641016151377544,2.1311876716115763,2.0935873655426194e-06,3.855508179801696e-09,0.0,0.00020587411531445483,0.0002061096525084073,2.093149119187076e-06,1.347449555791911e-05,1.3481979145973962e-05,0.0003945649722296628,0.3464101615137755,1.939890572566046,7.084191200097129e-07
FS-034,38094,36726,367.2525517429623,0.0,1.2798996264504546e-07,0.0,0.9905679395032042,0.9905678115132416,0.10326483778014782,0.10326483778014782,"[""source-4""]",36720,367.19999999981104,0.9905688110093298,0.9910367378708891,-0.00023396343077963788,1.1177449509144257,3.4641016151377544,2.1318819355031198,2.6151144345255706e-06,3.845982449620049e-09,0.0,0.00020540664217443778,0.00020587411531445483,2.6144249540198e-06,1.3467014395540983e-05,1.347449555791911e-05,0.00039402093611424046,0.3464101615137755,1.9398421820278546,8.806019446998506e-07,36740,367.39999999981086,0.9905673945380818,0.9909922087425728,-0.0002124071022454599,0.985648475691386,3.4641016151377544,2.1311876716115763,2.0935873655426194e-06,3.855508179801696e-09,0.0,0.00020587411531445483,0.0002061096525084073,2.093149119187076e-06,1.347449555791911e-05,1.3481979145973962e-05,0.0003945649722296628,0.3464101615137755,1.939890572566046,7.084191200097129e-07
FS-034,38097,36727,367.262708326217,0.0,1.1229263216365124e-07,0.0,0.9905678115132416,0.9905676992206094,0.10326137822031581,0.10326137822031581,"[""source-4""]",36720,367.19999999981104,0.9905688110093298,0.9910367378708891,-0.00023396343077963788,1.1177449509144257,3.4641016151377544,2.1318819355031198,2.6151144345255706e-06,3.845982449620049e-09,0.0,0.00020540664217443778,0.00020587411531445483,2.6144249540198e-06,1.3467014395540983e-05,1.347449555791911e-05,0.00039402093611424046,0.3464101615137755,1.9398421820278546,8.806019446998506e-07,36740,367.39999999981086,0.9905673945380818,0.9909922087425728,-0.0002124071022454599,0.985648475691386,3.4641016151377544,2.1311876716115763,2.0935873655426194e-06,3.855508179801696e-09,0.0,0.00020587411531445483,0.0002061096525084073,2.093149119187076e-06,1.347449555791911e-05,1.3481979145973962e-05,0.0003945649722296628,0.3464101615137755,1.939890572566046,7.084191200097129e-07
FS-034,38100,36728,367.2728941115417,0.0,9.610360528287955e-08,0.0,0.9905676992206094,0.9905676031170041,0.1032561477759208,0.1032561477759208,"[""source-4""]",36720,367.19999999981104,0.9905688110093298,0.9910367378708891,-0.00023396343077963788,1.1177449509144257,3.4641016151377544,2.1318819355031198,2.6151144345255706e-06,3.845982449620049e-09,0.0,0.00020540664217443778,0.00020587411531445483,2.6144249540198e-06,1.3467014395540983e-05,1.347449555791911e-05,0.00039402093611424046,0.3464101615137755,1.9398421820278546,8.806019446998506e-07,36740,367.39999999981086,0.9905673945380818,0.9909922087425728,-0.0002124071022454599,0.985648475691386,3.4641016151377544,2.1311876716115763,2.0935873655426194e-06,3.855508179801696e-09,0.0,0.00020587411531445483,0.0002061096525084073,2.093149119187076e-06,1.347449555791911e-05,1.3481979145973962e-05,0.0003945649722296628,0.3464101615137755,1.939890572566046,7.084191200097129e-07
FS-034,38103,36729,367.2831344525338,0.0,7.984842713165685e-08,0.0,0.9905676031170041,0.990567523268577,0.10324915712739562,0.10324915712739562,"[""source-4""]",36720,367.19999999981104,0.9905688110093298,0.9910367378708891,-0.00023396343077963788,1.1177449509144257,3.4641016151377544,2.1318819355031198,2.6151144345255706e-06,3.845982449620049e-09,0.0,0.00020540664217443778,0.00020587411531445483,2.6144249540198e-06,1.3467014395540983e-05,1.347449555791911e-05,0.00039402093611424046,0.3464101615137755,1.9398421820278546,8.806019446998506e-07,36740,367.39999999981086,0.9905673945380818,0.9909922087425728,-0.0002124071022454599,0.985648475691386,3.4641016151377544,2.1311876716115763,2.0935873655426194e-06,3.855508179801696e-09,0.0,0.00020587411531445483,0.0002061096525084073,2.093149119187076e-06,1.347449555791911e-05,1.3481979145973962e-05,0.0003945649722296628,0.3464101615137755,1.939890572566046,7.084191200097129e-07
FS-034,38106,36730,367.293432122927,0.0,6.222491593703417e-08,0.0,0.990567523268577,0.9905674610436611,0.10324043691213974,0.10324043691213974,"[""source-4""]",36720,367.19999999981104,0.9905688110093298,0.9910367378708891,-0.00023396343077963788,1.1177449509144257,3.4641016151377544,2.1318819355031198,2.6151144345255706e-06,3.845982449620049e-09,0.0,0.00020540664217443778,0.00020587411531445483,2.6144249540198e-06,1.3467014395540983e-05,1.347449555791911e-05,0.00039402093611424046,0.3464101615137755,1.9398421820278546,8.806019446998506e-07,36740,367.39999999981086,0.9905673945380818,0.9909922087425728,-0.0002124071022454599,0.985648475691386,3.4641016151377544,2.1311876716115763,2.0935873655426194e-06,3.855508179801696e-09,0.0,0.00020587411531445483,0.0002061096525084073,2.093149119187076e-06,1.347449555791911e-05,1.3481979145973962e-05,0.0003945649722296628,0.3464101615137755,1.939890572566046,7.084191200097129e-07
FS-034,38109,36731,367.3038456456773,0.0,4.3362590233311795e-08,0.0,0.9905674610436611,0.9905674176810709,0.10322995264924359,0.10322995264924359,"[""source-4""]",36720,367.19999999981104,0.9905688110093298,0.9910367378708891,-0.00023396343077963788,1.1177449509144257,3.4641016151377544,2.1318819355031198,2.6151144345255706e-06,3.845982449620049e-09,0.0,0.00020540664217443778,0.00020587411531445483,2.6144249540198e-06,1.3467014395540983e-05,1.347449555791911e-05,0.00039402093611424046,0.3464101615137755,1.9398421820278546,8.806019446998506e-07,36740,367.39999999981086,0.9905673945380818,0.9909922087425728,-0.0002124071022454599,0.985648475691386,3.4641016151377544,2.1311876716115763,2.0935873655426194e-06,3.855508179801696e-09,0.0,0.00020587411531445483,0.0002061096525084073,2.093149119187076e-06,1.347449555791911e-05,1.3481979145973962e-05,0.0003945649722296628,0.3464101615137755,1.939890572566046,7.084191200097129e-07
FS-034,38112,36732,367.31450370020565,0.0,2.3142989123651343e-08,0.0,0.9905674176810709,0.9905673945380818,0.10321754128038947,0.10321754128038947,"[""source-4""]",36720,367.19999999981104,0.9905688110093298,0.9910367378708891,-0.00023396343077963788,1.1177449509144257,3.4641016151377544,2.1318819355031198,2.6151144345255706e-06,3.845982449620049e-09,0.0,0.00020540664217443778,0.00020587411531445483,2.6144249540198e-06,1.3467014395540983e-05,1.347449555791911e-05,0.00039402093611424046,0.3464101615137755,1.9398421820278546,8.806019446998506e-07,36740,367.39999999981086,0.9905673945380818,0.9909922087425728,-0.0002124071022454599,0.985648475691386,3.4641016151377544,2.1311876716115763,2.0935873655426194e-06,3.855508179801696e-09,0.0,0.00020587411531445483,0.0002061096525084073,2.093149119187076e-06,1.347449555791911e-05,1.3481979145973962e-05,0.0003945649722296628,0.3464101615137755,1.939890572566046,7.084191200097129e-07
FS-038,3000,2999,29.98567265545076,0.0,0.000526846229635499,0.0,1.0,0.9994731537703645,0.6511671359057548,0.6511671359057548,"[""wall-2""]",2980,29.80000000000186,1.0,1.0,0.0,1.3335322347457559,3.4641016151377544,2.1600510808772,0.0,0.0,0.0,0.0,0.0,0.0,0.0,0.0,0.0,0.3464101615137755,2.09634555610881,1.948313458899898e-08,3000,30.00000000000189,0.9994731537703645,1.0,-0.00026342311481775127,1.3047711043249273,3.4641016151377544,2.159944564144264,3.4370686842546948e-06,0.0,0.0,0.0,3.4370686842546948e-06,3.4370686842546948e-06,0.0,1.3747999775190213e-10,7.421450215475927e-06,0.3464101615137755,2.095266282222678,1.116671711169797e-08
FS-038,5705,5701,57.00714380581228,0.0,0.0014461700490352811,0.0,0.9994731537703645,0.9980269837213293,0.607025700992665,0.607025700992665,"[""wall-2""]",5700,56.99999999999723,0.9994731537703645,0.9994731544926491,-3.6114228274541915e-10,1.4357921091485122,3.4641016151377544,2.1451880298076893,5.185252398457539e-12,5.257512218932528e-10,0.0,2.6422997739724748e-05,2.6422472733398507e-05,5.25031254399472e-10,1.3548085680245689e-07,1.3653197497781365e-07,5.663745835000541e-05,0.3464101615137755,2.063086583964544,4.061430655179235e-08,5720,57.19999999999719,0.9980269837213293,0.9994731544239146,-0.0007230853512926738,1.4341944866862166,3.4641016151377544,2.1450974634015165,1.0370450242275189e-05,5.257196925614303e-10,0.0,2.6422472733398507e-05,2.94603316268661e-05,1.0370390523923201e-05,1.3653197497781365e-07,1.3762799993076633e-07,6.310653010484945e-05,0.3464101615137755,2.0604992759206096,3.2573352255389397e-08
FS-038,17524,17517,175.16720438364558,0.0,0.0005180096794795921,0.0,0.9980269837213293,0.9975089740418497,0.41504576026710704,0.41504576026710704,"[""wall-2""]",17500,174.99999999998582,0.9980269837213293,0.9980269837213298,-2.7755575615628914e-16,1.1724117017961233,3.4641016151377544,2.1077718693382645,3.254096164185048e-18,1.3433893301050029e-09,0.0,6.880594047634993e-05,6.88045970898799e-05,1.3433893309820633e-09,1.6424773041802442e-06,1.6451539321719391e-06,0.00014296402589830022,0.3464101615137755,1.9609174388275428,4.180618940289109e-07,17520,175.19999999998564,0.9975089740418497,0.9980269837213298,-0.0002590048397400624,1.3124861365498932,3.4641016151377544,2.10774763249038,3.3994026145815876e-06,1.3433087288945663e-09,0.0,6.88045970898799e-05,6.799182360102583e-05,3.3997549104732807e-06,1.6451539321719391e-06,1.647795395341718e-06,0.0001411753237955968,0.3464101615137755,1.9598604977634329,4.275679176138065e-07
FS-044,5260,5259,52.586560086268264,0.0,0.00034491248299790394,0.0,1.0,0.999655087517002,0.6142246495055474,0.6142246495055474,"[""repair-2""]",5240,52.399999999998144,1.0,1.0,0.0,0.7826430005987519,3.4641016151377544,2.148044528628021,0.0,0.0,0.0,0.0,0.0,0.0,0.0,0.0,0.0,0.3464101615137755,2.069178912425771,1.1919257815385322e-07,5260,52.599999999998104,0.999655087517002,1.0,-0.00017245624149897498,0.8370836527887442,3.4641016151377544,2.147948925118138,1.4436030058017982e-06,0.0,0.0,0.0,1.4436030058017982e-06,1.4436030058017982e-06,0.0,5.7742965365065576e-11,3.1000327663893904e-06,0.3464101615137755,2.0683909143882557,1.490145548502097e-07
FS-044,11520,11516,115.15529362732966,0.0,0.0008813712056190614,0.0,0.999655087517002,0.998773716311383,0.5123692036171269,0.5123692036171269,"[""repair-2""]",11500,115.00000000002193,0.999655087517002,0.9996550875170026,-2.7755575615628914e-16,0.8939582204444055,3.4641016151377544,2.122555838212175,2.4812324984757765e-18,2.298258119050116e-10,0.0,1.1632805151798001e-05,1.1632575325991073e-05,2.2982581296879474e-10,1.41539380883738e-07,1.4199893277882828e-07,2.459256422508209e-05,0.3464101615137755,2.0058610697557735,2.554992369834356e-07,11520,115.20000000002203,0.9987737716510683,0.9996550875170026,-0.00044065793296715894,0.8164209545703692,3.4641016151377544,2.1224946806312444,3.5976237027205378e-06,2.2981202272399122e-10,0.0,1.1632575325991073e-05,1.0856247322213278e-05,3.5977071797925837e-06,1.4199893277882828e-07,1.4240679640667144e-07,2.2927067217666697e-05,0.3464101615137755,2.004158224605185,2.8211705249563496e-07
FS-044,11521,11516,115.16000000002201,0.00470637269235325,0.0,6.615556267576811e-09,0.998773716311383,0.9987737229269392,0.5123692036171269,0.5123615238645124,"[""repair-2""]",11500,115.00000000002193,0.999655087517002,0.9996550875170026,-2.7755575615628914e-16,0.8939582204444055,3.4641016151377544,2.122555838212175,2.4812324984757765e-18,2.298258119050116e-10,0.0,1.1632805151798001e-05,1.1632575325991073e-05,2.2982581296879474e-10,1.41539380883738e-07,1.4199893277882828e-07,2.459256422508209e-05,0.3464101615137755,2.0058610697557735,2.554992369834356e-07,11520,115.20000000002203,0.9987737716510683,0.9996550875170026,-0.00044065793296715894,0.8164209545703692,3.4641016151377544,2.1224946806312444,3.5976237027205378e-06,2.2981202272399122e-10,0.0,1.1632575325991073e-05,1.0856247322213278e-05,3.5977071797925837e-06,1.4199893277882828e-07,1.4240679640667144e-07,2.2927067217666697e-05,0.3464101615137755,2.004158224605185,2.8211705249563496e-07
FS-044,11522,11517,115.17000000002201,0.01,0.0,1.3337162097809615e-08,0.9987737229269392,0.9987737362641014,0.5123615238645124,0.5123452381864682,"[""repair-2""]",11500,115.00000000002193,0.999655087517002,0.9996550875170026,-2.7755575615628914e-16,0.8939582204444055,3.4641016151377544,2.122555838212175,2.4812324984757765e-18,2.298258119050116e-10,0.0,1.1632805151798001e-05,1.1632575325991073e-05,2.2982581296879474e-10,1.41539380883738e-07,1.4199893277882828e-07,2.459256422508209e-05,0.3464101615137755,2.0058610697557735,2.554992369834356e-07,11520,115.20000000002203,0.9987737716510683,0.9996550875170026,-0.00044065793296715894,0.8164209545703692,3.4641016151377544,2.1224946806312444,3.5976237027205378e-06,2.2981202272399122e-10,0.0,1.1632575325991073e-05,1.0856247322213278e-05,3.5977071797925837e-06,1.4199893277882828e-07,1.4240679640667144e-07,2.2927067217666697e-05,0.3464101615137755,2.004158224605185,2.8211705249563496e-07
FS-044,11523,11518,115.18000000002202,0.01,0.0,1.2580987736801922e-08,0.9987737362641014,0.9987737488450891,0.5123452381864682,0.512328956347441,"[""repair-2""]",11500,115.00000000002193,0.999655087517002,0.9996550875170026,-2.7755575615628914e-16,0.8939582204444055,3.4641016151377544,2.122555838212175,2.4812324984757765e-18,2.298258119050116e-10,0.0,1.1632805151798001e-05,1.1632575325991073e-05,2.2982581296879474e-10,1.41539380883738e-07,1.4199893277882828e-07,2.459256422508209e-05,0.3464101615137755,2.0058610697557735,2.554992369834356e-07,11520,115.20000000002203,0.9987737716510683,0.9996550875170026,-0.00044065793296715894,0.8164209545703692,3.4641016151377544,2.1224946806312444,3.5976237027205378e-06,2.2981202272399122e-10,0.0,1.1632575325991073e-05,1.0856247322213278e-05,3.5977071797925837e-06,1.4199893277882828e-07,1.4240679640667144e-07,2.2927067217666697e-05,0.3464101615137755,2.004158224605185,2.8211705249563496e-07
FS-044,11524,11519,115.19000000002202,0.01,0.0,1.1802948698401055e-08,0.9987737488450891,0.9987737606480378,0.512328956347441,0.5123126786099542,"[""repair-2""]",11500,115.00000000002193,0.999655087517002,0.9996550875170026,-2.7755575615628914e-16,0.8939582204444055,3.4641016151377544,2.122555838212175,2.4812324984757765e-18,2.298258119050116e-10,0.0,1.1632805151798001e-05,1.1632575325991073e-05,2.2982581296879474e-10,1.41539380883738e-07,1.4199893277882828e-07,2.459256422508209e-05,0.3464101615137755,2.0058610697557735,2.554992369834356e-07,11520,115.20000000002203,0.9987737716510683,0.9996550875170026,-0.00044065793296715894,0.8164209545703692,3.4641016151377544,2.1224946806312444,3.5976237027205378e-06,2.2981202272399122e-10,0.0,1.1632575325991073e-05,1.0856247322213278e-05,3.5977071797925837e-06,1.4199893277882828e-07,1.4240679640667144e-07,2.2927067217666697e-05,0.3464101615137755,2.004158224605185,2.8211705249563496e-07
FS-044,11525,11520,115.20000000002203,0.01,0.0,1.1003030495617831e-08,0.9987737606480378,0.9987737716510683,0.5123126786099542,0.5122964052126677,"[""repair-2""]",11500,115.00000000002193,0.999655087517002,0.9996550875170026,-2.7755575615628914e-16,0.8939582204444055,3.4641016151377544,2.122555838212175,2.4812324984757765e-18,2.298258119050116e-10,0.0,1.1632805151798001e-05,1.1632575325991073e-05,2.2982581296879474e-10,1.41539380883738e-07,1.4199893277882828e-07,2.459256422508209e-05,0.3464101615137755,2.0058610697557735,2.554992369834356e-07,11520,115.20000000002203,0.9987737716510683,0.9996550875170026,-0.00044065793296715894,0.8164209545703692,3.4641016151377544,2.1224946806312444,3.5976237027205378e-06,2.2981202272399122e-10,0.0,1.1632575325991073e-05,1.0856247322213278e-05,3.5977071797925837e-06,1.4199893277882828e-07,1.4240679640667144e-07,2.2927067217666697e-05,0.3464101615137755,2.004158224605185,2.8211705249563496e-07
FS-044,11526,11521,115.21000000002203,0.01,0.0,1.0680862124144749e-08,0.9987737716510683,0.9987737823319304,0.5122964052126677,0.5122801396307548,"[""repair-2""]",11520,115.20000000002203,0.9987737716510683,0.9996550875170026,-0.00044065793296715894,0.8164209545703692,3.4641016151377544,2.1224946806312444,3.5976237027205378e-06,2.2981202272399122e-10,0.0,1.1632575325991073e-05,1.0856247322213278e-05,3.5977071797925837e-06,1.4199893277882828e-07,1.4240679640667144e-07,2.2927067217666697e-05,0.3464101615137755,2.004158224605185,2.8211705249563496e-07,11540,115.40000000002213,0.9987737972991195,0.9995712192236744,-0.00039871096227744873,0.8661636104060303,3.4641016151377544,2.1213335856785975,3.453489265946975e-06,2.144139155816134e-10,0.0,1.0856247322213278e-05,1.1214083026703444e-05,3.4534999674535625e-06,1.4240679640667144e-07,1.4276844511417766e-07,2.3689536213727876e-05,0.3464101615137755,2.003988195125341,3.0911931920568673e-07
FS-044,11527,11522,115.22000000002204,0.01,0.0,7.786822357413266e-09,0.9987737823319304,0.9987737901187528,0.5122801396307548,0.512263874878708,"[""repair-2""]",11520,115.20000000002203,0.9987737716510683,0.9996550875170026,-0.00044065793296715894,0.8164209545703692,3.4641016151377544,2.1224946806312444,3.5976237027205378e-06,2.2981202272399122e-10,0.0,1.1632575325991073e-05,1.0856247322213278e-05,3.5977071797925837e-06,1.4199893277882828e-07,1.4240679640667144e-07,2.2927067217666697e-05,0.3464101615137755,2.004158224605185,2.8211705249563496e-07,11540,115.40000000002213,0.9987737972991195,0.9995712192236744,-0.00039871096227744873,0.8661636104060303,3.4641016151377544,2.1213335856785975,3.453489265946975e-06,2.144139155816134e-10,0.0,1.0856247322213278e-05,1.1214083026703444e-05,3.4534999674535625e-06,1.4240679640667144e-07,1.4276844511417766e-07,2.3689536213727876e-05,0.3464101615137755,2.003988195125341,3.0911931920568673e-07
FS-044,11528,11523,115.23000000002205,0.01,0.0,4.9656839509627594e-09,0.9987737901187528,0.9987737950844368,0.512263874878708,0.5122476115149317,"[""repair-2""]",11520,115.20000000002203,0.9987737716510683,0.9996550875170026,-0.00044065793296715894,0.8164209545703692,3.4641016151377544,2.1224946806312444,3.5976237027205378e-06,2.2981202272399122e-10,0.0,1.1632575325991073e-05,1.0856247322213278e-05,3.5977071797925837e-06,1.4199893277882828e-07,1.4240679640667144e-07,2.2927067217666697e-05,0.3464101615137755,2.004158224605185,2.8211705249563496e-07,11540,115.40000000002213,0.9987737972991195,0.9995712192236744,-0.00039871096227744873,0.8661636104060303,3.4641016151377544,2.1213335856785975,3.453489265946975e-06,2.144139155816134e-10,0.0,1.0856247322213278e-05,1.1214083026703444e-05,3.4534999674535625e-06,1.4240679640667144e-07,1.4276844511417766e-07,2.3689536213727876e-05,0.3464101615137755,2.003988195125341,3.0911931920568673e-07
FS-044,11529,11524,115.24000000002205,0.01,0.0,2.214682721072083e-09,0.9987737950844368,0.9987737972991195,0.5122476115149317,0.5122313500463868,"[""repair-2""]",11520,115.20000000002203,0.9987737716510683,0.9996550875170026,-0.00044065793296715894,0.8164209545703692,3.4641016151377544,2.1224946806312444,3.5976237027205378e-06,2.2981202272399122e-10,0.0,1.1632575325991073e-05,1.0856247322213278e-05,3.5977071797925837e-06,1.4199893277882828e-07,1.4240679640667144e-07,2.2927067217666697e-05,0.3464101615137755,2.004158224605185,2.8211705249563496e-07,11540,115.40000000002213,0.9987737972991195,0.9995712192236744,-0.00039871096227744873,0.8661636104060303,3.4641016151377544,2.1213335856785975,3.453489265946975e-06,2.144139155816134e-10,0.0,1.0856247322213278e-05,1.1214083026703444e-05,3.4534999674535625e-06,1.4240679640667144e-07,1.4276844511417766e-07,2.3689536213727876e-05,0.3464101615137755,2.003988195125341,3.0911931920568673e-07
FS-044,18580,18573,185.72783952057412,0.0,0.0011021880921049403,0.0,0.9987737972991195,0.9976716092070146,0.39739158379826245,0.39739158379826245,"[""repair-2""]",18560,185.59999999997618,0.9987737972991195,0.9987737972991201,-2.7755575615628914e-16,1.032272196664985,3.4641016151377544,2.107664180519572,2.865130901044636e-18,6.509866091854196e-10,0.0,3.300765478896396e-05,3.3007003808750506e-05,6.509866104817873e-10,4.808075025651131e-07,4.820478287853787e-07,6.918595803969556e-05,0.3464101615137755,1.9566057673234725,3.739385723946816e-07,18580,185.799999999976,0.9976716092070146,0.9987737972991201,-0.0005510940460527469,1.0288779414223963,3.4641016151377544,2.107648084664764,5.670085076328896e-06,6.509475510304036e-10,0.0,3.3007003808750506e-05,3.171505374393399e-05,5.670286619312724e-06,4.820478287853787e-07,4.832274570141034e-07,6.640330631271581e-05,0.3464101615137755,1.9544837352355022,2.840039878948726e-07
