life_id,name,kind,collider,related_episode,event_onset,first_native,last_native,normal_command_mean,without_learned_I_command_mean,command_delta_mean,maximum_command_delta_norm,learned_I_into_force_delta_mean,learned_I_into_force_delta_min,learned_I_into_force_delta_max,closing_velocity_mean,attenuation_delta_mean,heading_outward_acceleration_tendency_mean,actual_axial_force_mean,minimum_clearance,normal_minus_omission,scope,age_block_start,age_block_end
FS-002,FS-002-episode-001-approach,episode,wall-2,1,160.8075353959947,16061,16080,"[0.08382687975996862,-0.20280709567562286]","[0.08382687975996862,-0.20280709567562286]","[0.0,0.0]",0.0,0.0,0.0,0.0,0.057669954151019664,0.0,0.0,-0.03273490215128824,0.0009569068750806542,True,"Immediate frozen motor receiver only; no body trajectory, support/history propagation or long-horizon benefit",,
FS-002,FS-002-episode-002-approach,episode,wall-2,2,224.80426875135157,22461,22480,"[0.1720645594076234,-0.1115698139353716]","[0.17206445679239962,-0.11156962962999725]","[1.0261522375987209e-07,-1.8430537438093863e-07]",2.209199341531598e-07,1.4514696384691425e-08,1.432679045537677e-08,1.4620786982152967e-08,0.021133243779033726,-1.5160893823695787e-07,-1.2151529437586586e-07,0.014101138454745801,0.0002529364616714602,True,"Immediate frozen motor receiver only; no body trajectory, support/history propagation or long-horizon benefit",,
FS-002,FS-002-episode-003-approach,episode,wall-2,3,236.46376291711957,23627,23646,"[-0.1107351232554857,0.21298936190507273]","[-0.11073530698266369,0.21298953055323575]","[1.8372717796658055e-07,-1.6864816300699027e-07]",2.5270335581439415e-07,-2.60599902542763e-09,-3.3405108436357356e-09,-1.6298600004349684e-09,0.005405391060945806,-1.9229915536461695e-07,-1.4233241232153433e-07,0.023092270868308954,4.029552761664057e-05,True,"Immediate frozen motor receiver only; no body trajectory, support/history propagation or long-horizon benefit",,
FS-002,FS-002-episode-004-approach,episode,wall-2,4,334.51580667591276,33432,33451,"[-0.20226588865675885,0.11315145815156394]","[-0.20226603042142938,0.11315163605337905]","[1.4176467052623433e-07,-1.7790181514737435e-07]",2.3273476438667469e-07,3.787398363940681e-09,2.0820615622210714e-09,5.664752880316093e-09,0.013667026248804285,-1.4671355614628844e-07,-1.1032429261455621e-07,-0.014407273813392027,0.0002082533923543073,True,"Immediate frozen motor receiver only; no body trajectory, support/history propagation or long-horizon benefit",,
FS-002,FS-002-episode-005-approach,episode,wall-2,5,342.34273548480826,34215,34234,"[-0.06547661895647605,-0.04945123851080003]","[-0.06547684979357915,-0.04945104782117845]","[2.3083710309484974e-07,-1.9068962158232117e-07]",3.0972134818124294e-07,-4.18470731066399e-09,-4.881747314548768e-09,-3.5982412431578847e-09,0.025296257892050387,-5.6657085280298336e-08,-1.3773240575434766e-07,-0.018005224538408762,0.0003029570793851022,True,"Immediate frozen motor receiver only; no body trajectory, support/history propagation or long-horizon benefit",,
FS-002,FS-002-episode-006-approach,episode,wall-2,6,349.31446669804245,34912,34931,"[-0.051441477760344356,-0.21567734275691985]","[-0.05144160924006551,-0.2156770839578293]","[1.3147972116669958e-07,-2.58799090571693e-07]",2.934507428345547e-07,1.4645294130893882e-08,1.3945427961709056e-08,1.5027252456278894e-08,0.03055056298228479,-2.2378629835201335e-07,-1.0896208697820381e-07,-0.040645922304866904,0.00044048995283807457,True,"Immediate frozen motor receiver only; no body trajectory, support/history propagation or long-horizon benefit",,
FS-002,FS-002-episode-007-approach,episode,wall-2,7,362.7429775602577,36255,36274,"[-0.15342034683527916,0.14799099982793482]","[-0.15342037226502397,0.14799099173382446]","[2.5429744821003907e-08,8.094110429124335e-09]",3.107889730409651e-08,-3.7236670137925416e-09,-4.782398864807335e-09,-2.075093877328474e-09,0.0043696472187438,-3.636867789619247e-07,-4.40799612488794e-09,-0.0007596231309560626,5.1562388868053866e-05,True,"Immediate frozen motor receiver only; no body trajectory, support/history propagation or long-horizon benefit",,
FS-002,FS-002-bout-001-approach,bout,wall-2,1,160.8075353959947,16061,16080,"[0.08382687975996862,-0.20280709567562286]","[0.08382687975996862,-0.20280709567562286]","[0.0,0.0]",0.0,0.0,0.0,0.0,0.057669954151019664,0.0,0.0,-0.03273490215128824,0.0009569068750806542,True,"Immediate frozen motor receiver only; no body trajectory, support/history propagation or long-horizon benefit",,
FS-002,FS-002-bout-002-approach,bout,wall-2,2,224.80426875135157,22461,22480,"[0.1720645594076234,-0.1115698139353716]","[0.17206445679239962,-0.11156962962999725]","[1.0261522375987209e-07,-1.8430537438093863e-07]",2.209199341531598e-07,1.4514696384691425e-08,1.432679045537677e-08,1.4620786982152967e-08,0.021133243779033726,-1.5160893823695787e-07,-1.2151529437586586e-07,0.014101138454745801,0.0002529364616714602,True,"Immediate frozen motor receiver only; no body trajectory, support/history propagation or long-horizon benefit",,
FS-002,FS-002-bout-003-approach,bout,wall-2,3,236.46376291711957,23627,23646,"[-0.1107351232554857,0.21298936190507273]","[-0.11073530698266369,0.21298953055323575]","[1.8372717796658055e-07,-1.6864816300699027e-07]",2.5270335581439415e-07,-2.60599902542763e-09,-3.3405108436357356e-09,-1.6298600004349684e-09,0.005405391060945806,-1.9229915536461695e-07,-1.4233241232153433e-07,0.023092270868308954,4.029552761664057e-05,True,"Immediate frozen motor receiver only; no body trajectory, support/history propagation or long-horizon benefit",,
FS-002,FS-002-bout-004-approach,bout,wall-2,4,334.51580667591276,33432,33451,"[-0.20226588865675885,0.11315145815156394]","[-0.20226603042142938,0.11315163605337905]","[1.4176467052623433e-07,-1.7790181514737435e-07]",2.3273476438667469e-07,3.787398363940681e-09,2.0820615622210714e-09,5.664752880316093e-09,0.013667026248804285,-1.4671355614628844e-07,-1.1032429261455621e-07,-0.014407273813392027,0.0002082533923543073,True,"Immediate frozen motor receiver only; no body trajectory, support/history propagation or long-horizon benefit",,
FS-002,FS-002-bout-005-approach,bout,wall-2,5,342.34273548480826,34215,34234,"[-0.06547661895647605,-0.04945123851080003]","[-0.06547684979357915,-0.04945104782117845]","[2.3083710309484974e-07,-1.9068962158232117e-07]",3.0972134818124294e-07,-4.18470731066399e-09,-4.881747314548768e-09,-3.5982412431578847e-09,0.025296257892050387,-5.6657085280298336e-08,-1.3773240575434766e-07,-0.018005224538408762,0.0003029570793851022,True,"Immediate frozen motor receiver only; no body trajectory, support/history propagation or long-horizon benefit",,
FS-002,FS-002-bout-006-approach,bout,wall-2,6,349.31446669804245,34912,34931,"[-0.051441477760344356,-0.21567734275691985]","[-0.05144160924006551,-0.2156770839578293]","[1.3147972116669958e-07,-2.58799090571693e-07]",2.934507428345547e-07,1.4645294130893882e-08,1.3945427961709056e-08,1.5027252456278894e-08,0.03055056298228479,-2.2378629835201335e-07,-1.0896208697820381e-07,-0.040645922304866904,0.00044048995283807457,True,"Immediate frozen motor receiver only; no body trajectory, support/history propagation or long-horizon benefit",,
FS-002,FS-002-bout-007-approach,bout,wall-2,7,362.7429775602577,36255,36274,"[-0.15342034683527916,0.14799099982793482]","[-0.15342037226502397,0.14799099173382446]","[2.5429744821003907e-08,8.094110429124335e-09]",3.107889730409651e-08,-3.7236670137925416e-09,-4.782398864807335e-09,-2.075093877328474e-09,0.0043696472187438,-3.636867789619247e-07,-4.40799612488794e-09,-0.0007596231309560626,5.1562388868053866e-05,True,"Immediate frozen motor receiver only; no body trajectory, support/history propagation or long-horizon benefit",,
FS-002,FS-002-bout-008-approach,bout,wall-2,8,369.0807332728944,36889,36908,"[-0.1506542564444779,0.06839736841606445]","[-0.1506542658763406,0.06839742047893103]","[9.431862643682898e-09,-5.206286661021964e-08]",6.860933698033418e-08,4.499388212746494e-09,3.471168939957192e-09,6.309314350486095e-09,0.02211477079955069,-3.384279134488466e-07,-1.5648124224553178e-08,-0.01143795318029966,0.00022187181528099398,True,"Immediate frozen motor receiver only; no body trajectory, support/history propagation or long-horizon benefit",,
FS-002,FS-002-wall-2-ageblock-150,fixed_ageblock_closest,wall-2,,,16062,16081,"[0.08526801472197101,-0.20206749926059103]","[0.08526801472197101,-0.20206749926059103]","[0.0,0.0]",0.0,0.0,0.0,0.0,0.05739086464048239,0.0,0.0,-0.03213419475529855,0.0004101682502150039,True,"Immediate frozen motor receiver only; no body trajectory, support/history propagation or long-horizon benefit",160.8075353959947,180.0
FS-002,FS-002-wall-2-ageblock-180,fixed_ageblock_closest,wall-2,,,18959,18978,"[0.17863352560568502,0.0296158299241416]","[0.17863340663510605,0.029615897685965405]","[1.1897057898696551e-07,-6.776182380607148e-08]",1.4357814084981812e-07,-9.412406822353892e-09,-9.852497644124991e-09,-6.73785924276693e-09,0.004595499757828343,-1.6880348373549127e-07,-9.318803617144581e-08,0.05333561845066374,0.023861362274159026,True,"Immediate frozen motor receiver only; no body trajectory, support/history propagation or long-horizon benefit",180.0,210.0
FS-002,FS-002-wall-2-ageblock-210,fixed_ageblock_closest,wall-2,,,22462,22481,"[0.1739201552603782,-0.11062576919530272]","[0.17392005260051205,-0.11062558565103012]","[1.0265986613022804e-07,-1.8354427261599304e-07]",2.199084541936089e-07,1.4361242211885159e-08,1.1257706999251438e-08,1.4620786982152967e-08,0.020816270340285655,-1.5263655297539924e-07,-1.2134336587719844e-07,0.01475378127799196,7.523579433887928e-05,True,"Immediate frozen motor receiver only; no body trajectory, support/history propagation or long-horizon benefit",210.0,240.0
FS-002,FS-002-wall-2-ageblock-240,fixed_ageblock_closest,wall-2,,,24417,24436,"[0.030319522839370762,0.12617370977265363]","[0.030319275901633906,0.12617388775118393]","[2.4693773685701555e-07,-1.7797853032394672e-07]",3.065468723778107e-07,-1.0357142254946439e-08,-1.0949096577311801e-08,-9.666683186554392e-09,0.002989523829074072,-1.5543260257488978e-07,-1.9192941960981733e-07,0.034519071606653316,0.0045907520031327476,True,"Immediate frozen motor receiver only; no body trajectory, support/history propagation or long-horizon benefit",240.0,270.0
FS-002,FS-002-wall-2-ageblock-270,fixed_ageblock_closest,wall-2,,,28790,28809,"[0.21295765807545028,-0.030656925159654534]","[0.21295735741948763,-0.03065674529243234]","[3.006559626470007e-07,-1.798672221817177e-07]",3.5288770843337295e-07,-1.352778371491864e-08,-1.4010082514254174e-08,-1.3319421045265845e-08,0.0024996700054735568,-1.4188441192150568e-07,-2.0965738981512952e-07,0.034985617032294844,0.017575301284430855,True,"Immediate frozen motor receiver only; no body trajectory, support/history propagation or long-horizon benefit",270.0,300.0
FS-002,FS-002-wall-2-ageblock-300,fixed_ageblock_closest,wall-2,,,31544,31563,"[0.11486228312612831,0.1304505491430206]","[0.11486201096676223,0.13045073014536718]","[2.7215936611521554e-07,-1.8100234661436176e-07]",3.3172002980642567e-07,-9.384002005313752e-09,-1.0524245138560095e-08,-8.559291740650732e-09,0.00306687354054385,-1.522152408582611e-07,-1.7807544762544187e-07,0.042715287439839385,0.006625727857015762,True,"Immediate frozen motor receiver only; no body trajectory, support/history propagation or long-horizon benefit",300.0,330.0
FS-002,FS-002-wall-2-ageblock-330,fixed_ageblock_closest,wall-2,,,34216,34235,"[-0.06245463694956273,-0.048330680846488366]","[-0.06245486892056477,-0.048330489661602916]","[2.3197100203313504e-07,-1.9118488545251389e-07]",3.1041096375480057e-07,-4.251655157799794e-09,-4.937198185873959e-09,-3.6362809464896007e-09,0.025164066626502984,-5.671517524022396e-08,-1.3824858780541369e-07,-0.017355639485120786,6.497604259547707e-05,True,"Immediate frozen motor receiver only; no body trajectory, support/history propagation or long-horizon benefit",330.0,360.0
FS-002,FS-002-wall-2-ageblock-360,fixed_ageblock_closest,wall-2,,,36890,36909,"[-0.1503898457367348,0.07048215890214642]","[-0.15038985511812125,0.07048220951779482]","[9.381386421869475e-09,-5.061564840522226e-08]",6.65349871407356e-08,4.353092394274865e-09,3.3833979810535264e-09,6.043143827363928e-09,0.021980955447624302,-3.389484932336817e-07,-1.5260492996153148e-08,-0.0111102274114927,1.5151117699008232e-05,True,"Immediate frozen motor receiver only; no body trajectory, support/history propagation or long-horizon benefit",360.0,390.0
FS-002,FS-002-wall-2-ageblock-390,fixed_ageblock_closest,wall-2,,,40605,40624,"[0.1941778553170888,0.06486288378105864]","[0.1941778132043201,0.06486297172120924]","[4.211276865562219e-08,-8.794015058898041e-08]",9.843031884248358e-08,4.255682337431233e-09,4.1331019023926885e-09,4.336970074736435e-09,0.0030701310732125456,1.112449574958152e-08,-2.476647336773919e-08,0.029779297547039056,0.08908075849599262,True,"Immediate frozen motor receiver only; no body trajectory, support/history propagation or long-horizon benefit",390.0,420.0
FS-002,FS-002-wall-2-ageblock-420,fixed_ageblock_closest,wall-2,,,42535,42554,"[-0.16227878174337118,0.21675277189902342]","[-0.16227879676888252,0.2167528701305598]","[1.5025511383714996e-08,-9.823153634402893e-08]",9.981643399090465e-08,6.7125642030929635e-09,6.637658930309931e-09,6.8067245277692034e-09,0.0005380322999090686,1.5730728179785823e-08,-2.0026318738487874e-08,0.0055973992038559186,0.10069895760883485,True,"Immediate frozen motor receiver only; no body trajectory, support/history propagation or long-horizon benefit",420.0,429.4020111898858
FS-010,FS-010-episode-001-approach,episode,mover,1,6.928214356550966,673,692,"[0.1344533510421479,0.19011204962653622]","[0.1344533510421479,0.19011204962653622]","[0.0,0.0]",0.0,0.0,0.0,0.0,0.7717143720227161,0.0,0.0,0.12190840814579193,0.013609472030167269,True,"Immediate frozen motor receiver only; no body trajectory, support/history propagation or long-horizon benefit",,
FS-010,FS-010-bout-001-approach,bout,mover,1,6.928214356550966,673,692,"[0.1344533510421479,0.19011204962653622]","[0.1344533510421479,0.19011204962653622]","[0.0,0.0]",0.0,0.0,0.0,0.0,0.7717143720227161,0.0,0.0,0.12190840814579193,0.013609472030167269,True,"Immediate frozen motor receiver only; no body trajectory, support/history propagation or long-horizon benefit",,
FS-010,FS-010-mover-ageblock-000,fixed_ageblock_closest,mover,,,718,737,"[0.10350579734999428,0.21708581982355074]","[0.10350561584106724,0.21708495377764742]","[1.8150892706833567e-07,8.660459033388301e-07]",1.0241595314805907e-06,4.8434590930275175e-08,2.069799621279289e-08,8.217712142363776e-08,-0.0014607075920143708,-3.5962528768355984e-06,-7.110012712968193e-07,0.11953725016294478,1.0219244174214381e-06,True,"Immediate frozen motor receiver only; no body trajectory, support/history propagation or long-horizon benefit",6.928214356550966,30.0
FS-010,FS-010-mover-ageblock-030,fixed_ageblock_closest,mover,,,4072,4091,"[0.2230245725682823,-0.057453636905836034]","[0.22301760208646298,-0.05745486863071917]","[6.970481819273955e-06,1.2317248831321403e-06]",7.475839678097031e-06,-1.113042134955229e-06,-1.1652015736787757e-06,-1.0427116263617142e-06,0.002633988189357231,-2.134904122237033e-05,5.17696518870794e-06,0.057829461533191,0.18176504781434843,True,"Immediate frozen motor receiver only; no body trajectory, support/history propagation or long-horizon benefit",30.0,60.0
FS-010,FS-010-mover-ageblock-060,fixed_ageblock_closest,mover,,,6879,6898,"[0.1641530876591187,0.04878190168562492]","[0.16414907317619645,0.048780226597593054]","[4.014482922221063e-06,1.675088031860908e-06]",4.804363369275029e-06,-2.55965734921983e-07,-4.6042010165212033e-07,-5.6744417916212986e-08,0.05918420109935324,-2.1323118424257382e-05,2.140761455463191e-06,0.07074140348540285,0.11080101330433045,True,"Immediate frozen motor receiver only; no body trajectory, support/history propagation or long-horizon benefit",60.0,90.0
FS-010,FS-010-mover-ageblock-090,fixed_ageblock_closest,mover,,,9853,9872,"[0.07945514647003096,0.1593727187969382]","[0.07945604546755398,0.15937062010045966]","[-8.989975229890812e-07,2.0986964785044137e-06]",2.4913139501957978e-06,-3.3915040910479245e-08,-4.49558692806884e-08,-8.558776108192126e-09,0.07447427187431235,-1.9636659018595903e-05,-2.6134221687093352e-06,0.07493638136520643,0.17808668156327123,True,"Immediate frozen motor receiver only; no body trajectory, support/history propagation or long-horizon benefit",90.0,120.0
FS-010,FS-010-mover-ageblock-120,fixed_ageblock_closest,mover,,,12830,12849,"[-0.22957822179161497,-0.17252665640083337]","[-0.22956346879752537,-0.17252727196408818]","[-1.4752994089629878e-05,6.155632547993894e-07]",1.4868301315454378e-05,-8.425339745474214e-07,-1.1340758129183004e-06,-5.476286962929899e-07,0.0504184232975947,-2.0444388851371258e-05,-1.2354062748312614e-05,-0.1182617398800057,0.1940047679659851,True,"Immediate frozen motor receiver only; no body trajectory, support/history propagation or long-horizon benefit",120.0,150.0
FS-010,FS-010-mover-ageblock-150,fixed_ageblock_closest,mover,,,16283,16302,"[-0.20438196012676063,-0.04621793626161375]","[-0.20436865113754496,-0.04621910025916427]","[-1.3308989215676803e-05,1.1639975505253752e-06]",1.3980072611115425e-05,-4.88741188182061e-07,-5.335219058072438e-07,-4.3786369229026345e-07,0.0013398060291339292,-2.008235969196831e-05,-1.0864872228328175e-05,-0.067977306143907,0.21039195986480053,True,"Immediate frozen motor receiver only; no body trajectory, support/history propagation or long-horizon benefit",150.0,180.0
FS-010,FS-010-mover-ageblock-180,fixed_ageblock_closest,mover,,,19061,19080,"[-0.1837562424251839,-0.08312615418168234]","[-0.18374389448544293,-0.08312715747646894]","[-1.2347939740964264e-05,1.0032947865848408e-06]",1.3183938001029275e-05,-8.034657196463996e-08,-9.259172464035417e-08,-6.840421506917188e-08,0.0002476893471583295,-1.9956616225239032e-05,-9.459727056669165e-06,-0.06764166812690829,0.25301625280864926,True,"Immediate frozen motor receiver only; no body trajectory, support/history propagation or long-horizon benefit",180.0,210.0
FS-010,FS-010-mover-ageblock-210,fixed_ageblock_closest,mover,,,22187,22206,"[0.12585157776131387,0.12096593292617626]","[0.1258495180343364,0.12096410904240613]","[2.0597269774838556e-06,1.8238837701071986e-06]",3.096308996337537e-06,-4.1948333660730973e-07,-4.6660918578272925e-07,-3.3978059263764515e-07,0.003187302191210261,-2.022437151633083e-05,1.3104104132162779e-07,0.05764416418912225,0.2292996634840847,True,"Immediate frozen motor receiver only; no body trajectory, support/history propagation or long-horizon benefit",210.0,240.0
FS-010,FS-010-mover-ageblock-240,fixed_ageblock_closest,mover,,,24973,24992,"[0.004000212726268032,0.17537635168316118]","[0.004004120946899425,0.1753743387415642]","[-3.908220631393584e-06,2.0129415970057686e-06]",5.133270911954024e-06,1.6196668909994673e-07,8.008034204157188e-08,2.3495522617940356e-07,0.001860359860988914,-1.907172950012248e-05,-3.2749287226993616e-06,0.03876291824255635,0.24579127318837202,True,"Immediate frozen motor receiver only; no body trajectory, support/history propagation or long-horizon benefit",240.0,270.0
FS-010,FS-010-mover-ageblock-270,fixed_ageblock_closest,mover,,,28478,28497,"[0.05310177042863219,0.17486943298065183]","[0.05310337585599184,0.17486750774503396]","[-1.6054273596532303e-06,1.925235617855625e-06]",2.9517378200881207e-06,-2.980917650514253e-08,-7.908954803223511e-08,3.181068411461929e-08,0.002564311602774222,-1.887300615602966e-05,-1.6814862795127124e-06,0.044046179226652576,0.28273596022945924,True,"Immediate frozen motor receiver only; no body trajectory, support/history propagation or long-horizon benefit",270.0,300.0
FS-010,FS-010-mover-ageblock-300,fixed_ageblock_closest,mover,,,31265,31284,"[0.026478072695754296,0.21947876616517736]","[0.026480690708377653,0.21947668045583318]","[-2.6180126233581525e-06,2.085709344198938e-06]",3.8021072350674527e-06,4.164083020567061e-08,-2.5936760232603273e-08,9.627527560243654e-08,0.002374054174496887,-1.9453094134344594e-05,-2.051657740575604e-06,0.04311132120285581,0.2963885252133238,True,"Immediate frozen motor receiver only; no body trajectory, support/history propagation or long-horizon benefit",300.0,330.0
FS-010,FS-010-mover-ageblock-330,fixed_ageblock_closest,mover,,,34025,34044,"[0.0014476755896178175,0.17745351024788117]","[0.0014515424408264913,0.1774516405165386]","[-3.866851208673855e-06,1.8697313425408702e-06]",4.71626927807096e-06,1.1363490585378222e-07,7.588934575197825e-08,1.4566717675482121e-07,0.0012929878620475377,-1.7163523308463825e-05,-2.348076496227048e-06,0.028179080365739344,0.3321582698513339,True,"Immediate frozen motor receiver only; no body trajectory, support/history propagation or long-horizon benefit",330.0,360.0
FS-010,FS-010-mover-ageblock-360,fixed_ageblock_closest,mover,,,37535,37554,"[0.019248864350647748,0.1631388331079345]","[0.01925197652976969,0.1631370503690658]","[-3.112179121938759e-06,1.7827388687538526e-06]",4.033696615336902e-06,8.077819733153315e-08,5.062459738740255e-08,1.1668177846840821e-07,0.001364559473183718,-1.6723873593141313e-05,-1.6401339990648198e-06,0.02458530054264855,0.34547275489119933,True,"Immediate frozen motor receiver only; no body trajectory, support/history propagation or long-horizon benefit",360.0,390.0
FS-010,FS-010-mover-ageblock-390,fixed_ageblock_closest,mover,,,40319,40338,"[-0.005901996016913569,0.1731975258298212]","[-0.005898140642623273,0.17319571638366993]","[-3.855374290294151e-06,1.8094461512505045e-06]",5.793896397906714e-06,1.1918891013999213e-07,2.7910070745859605e-08,2.2426209900835298e-07,0.0013739297639525304,-1.8266779943588996e-05,-1.5965973934508145e-06,0.019546883272722797,0.3787181742418504,True,"Immediate frozen motor receiver only; no body trajectory, support/history propagation or long-horizon benefit",390.0,420.0
FS-010,FS-010-mover-ageblock-420,fixed_ageblock_closest,mover,,,42799,42818,"[0.06270548380839426,0.025605546944292634]","[0.06270634975099962,0.02560422684036137]","[-8.659426053391623e-07,1.3201039312555827e-06]",2.002105905888296e-06,-2.0587991835701105e-08,-3.4211281594968834e-08,1.0874149586857784e-08,0.0517985596668625,-1.8079966452021202e-05,-5.410695545056942e-07,0.008859111183258534,0.417843002653171,True,"Immediate frozen motor receiver only; no body trajectory, support/history propagation or long-horizon benefit",420.0,429.9273372020348
FS-015,FS-015-episode-001-approach,episode,mover,1,6.7724581879461745,658,677,"[0.1950013100059331,0.22875350996902216]","[0.1950013100059331,0.22875350996902216]","[0.0,0.0]",0.0,0.0,0.0,0.0,0.2005059486506325,0.0,0.0,0.15918758710331718,0.0020239184006815014,True,"Immediate frozen motor receiver only; no body trajectory, support/history propagation or long-horizon benefit",,
FS-015,FS-015-episode-002-approach,episode,mover,2,127.63814766745307,12744,12763,"[-0.18109778081427627,-0.12169061361674494]","[-0.18109874766476344,-0.12169106783586384]","[9.668504871745975e-07,4.5421911888596235e-07]",1.1722969435983297e-06,-4.1538948856098543e-07,-4.438200885692467e-07,-3.886124524815626e-07,0.13495741517652277,1.7691209162264132e-06,6.914531214860602e-08,-0.08973467683849276,0.00205093224232622,True,"Immediate frozen motor receiver only; no body trajectory, support/history propagation or long-horizon benefit",,
FS-015,FS-015-episode-003-approach,episode,mover,3,248.8620346077934,24867,24886,"[-0.04708983464490922,0.1492887367112512]","[-0.047089870481802514,0.14928830629061354]","[3.583689330861201e-08,4.304206376495867e-07]",4.430571234387832e-07,-7.506979900779449e-08,-7.839590180670764e-08,-6.918963818547397e-08,0.015117183987153796,6.845744563305223e-07,-1.6166697863161914e-07,0.0222529647802043,0.0001425816762523624,True,"Immediate frozen motor receiver only; no body trajectory, support/history propagation or long-horizon benefit",,
FS-015,FS-015-episode-004-approach,episode,mover,4,277.30704817444615,27711,27730,"[0.01596115405470946,0.14284323749689934]","[0.01596114935565684,0.14284282649722144]","[4.699052618805516e-09,4.109996778842162e-07]",4.1599456639985106e-07,-7.354118761928458e-08,-7.758844055086311e-08,-6.879629110487229e-08,0.07769305726289924,7.038853569590886e-07,-1.0336544624210714e-07,0.031617321122563005,0.0006731418351525464,True,"Immediate frozen motor receiver only; no body trajectory, support/history propagation or long-horizon benefit",,
FS-015,FS-015-bout-001-approach,bout,mover,1,6.7724581879461745,658,677,"[0.1950013100059331,0.22875350996902216]","[0.1950013100059331,0.22875350996902216]","[0.0,0.0]",0.0,0.0,0.0,0.0,0.2005059486506325,0.0,0.0,0.15918758710331718,0.0020239184006815014,True,"Immediate frozen motor receiver only; no body trajectory, support/history propagation or long-horizon benefit",,
FS-015,FS-015-bout-002-approach,bout,mover,2,127.63814766745307,12744,12763,"[-0.18109778081427627,-0.12169061361674494]","[-0.18109874766476344,-0.12169106783586384]","[9.668504871745975e-07,4.5421911888596235e-07]",1.1722969435983297e-06,-4.1538948856098543e-07,-4.438200885692467e-07,-3.886124524815626e-07,0.13495741517652277,1.7691209162264132e-06,6.914531214860602e-08,-0.08973467683849276,0.00205093224232622,True,"Immediate frozen motor receiver only; no body trajectory, support/history propagation or long-horizon benefit",,
FS-015,FS-015-bout-003-approach,bout,mover,3,128.5736439517028,12838,12857,"[-0.27422621784696066,-0.1924179362412654]","[-0.2742275220390458,-0.19241860422899698]","[1.3041920850775934e-06,6.679877315354799e-07]",1.4743550323313129e-06,-5.153197813148602e-07,-5.181809494964051e-07,-5.026772396249379e-07,0.027229699161987288,2.0950299265951044e-06,2.4481590162367676e-07,-0.13785313652362038,0.0005025532413274192,True,"Immediate frozen motor receiver only; no body trajectory, support/history propagation or long-horizon benefit",,
FS-015,FS-015-bout-004-approach,bout,mover,4,248.8620346077934,24867,24886,"[-0.04708983464490922,0.1492887367112512]","[-0.047089870481802514,0.14928830629061354]","[3.583689330861201e-08,4.304206376495867e-07]",4.430571234387832e-07,-7.506979900779449e-08,-7.839590180670764e-08,-6.918963818547397e-08,0.015117183987153796,6.845744563305223e-07,-1.6166697863161914e-07,0.0222529647802043,0.0001425816762523624,True,"Immediate frozen motor receiver only; no body trajectory, support/history propagation or long-horizon benefit",,
FS-015,FS-015-bout-005-approach,bout,mover,5,277.30704817444615,27711,27730,"[0.01596115405470946,0.14284323749689934]","[0.01596114935565684,0.14284282649722144]","[4.699052618805516e-09,4.109996778842162e-07]",4.1599456639985106e-07,-7.354118761928458e-08,-7.758844055086311e-08,-6.879629110487229e-08,0.07769305726289924,7.038853569590886e-07,-1.0336544624210714e-07,0.031617321122563005,0.0006731418351525464,True,"Immediate frozen motor receiver only; no body trajectory, support/history propagation or long-horizon benefit",,
FS-015,FS-015-mover-ageblock-000,fixed_ageblock_closest,mover,,,659,678,"[0.19407120810126927,0.230230599615939]","[0.19407120810126927,0.230230599615939]","[0.0,0.0]",0.0,0.0,0.0,0.0,0.19676899231737333,0.0,0.0,0.15939017369112854,0.0003950893371895692,True,"Immediate frozen motor receiver only; no body trajectory, support/history propagation or long-horizon benefit",6.7724581879461745,30.0
FS-015,FS-015-mover-ageblock-030,fixed_ageblock_closest,mover,,,4065,4084,"[0.1601879403422733,0.002827881231147779]","[0.16018840331479786,0.002827452272303597]","[-4.6297252458138427e-07,4.2895884418146663e-07]",6.539117388373108e-07,7.667365183733343e-09,4.6603284634127995e-09,1.090932168212877e-08,0.004616657358177863,1.9338553919029387e-06,-6.716226638490398e-07,0.05749618707712869,0.034233693048213,True,"Immediate frozen motor receiver only; no body trajectory, support/history propagation or long-horizon benefit",30.0,60.0
FS-015,FS-015-mover-ageblock-060,fixed_ageblock_closest,mover,,,6815,6834,"[0.1736149463120184,0.02783783025624768]","[0.17361540949152876,0.027837414900729312]","[-4.63179510361289e-07,4.153555183669666e-07]",6.62560721570656e-07,1.050679866720916e-08,-3.4175182753171107e-09,2.634684923702446e-08,0.005364074470821967,1.8183522192738443e-06,-6.197120524514811e-07,0.06746947896861895,0.058526250387702206,True,"Immediate frozen motor receiver only; no body trajectory, support/history propagation or long-horizon benefit",60.0,90.0
FS-015,FS-015-mover-ageblock-090,fixed_ageblock_closest,mover,,,9741,9760,"[0.22883413351482149,0.12570746410236075]","[0.22883480377350293,0.12570711558551376]","[-6.702586813955858e-07,3.485168469583022e-07]",7.757962740755581e-07,9.409674812319025e-08,8.365902917639723e-08,1.0486050913693923e-07,0.025841561361165926,1.785600343584548e-06,-3.374874550968827e-07,0.11198557560489639,0.07369915084001943,True,"Immediate frozen motor receiver only; no body trajectory, support/history propagation or long-horizon benefit",90.0,120.0
FS-015,FS-015-mover-ageblock-120,fixed_ageblock_closest,mover,,,12839,12858,"[-0.27418204824304293,-0.19166883937376708]","[-0.2741833538738879,-0.1916695084174031]","[1.3056308449943543e-06,6.690436359868545e-07]",1.4743550323313129e-06,-5.159033145525626e-07,-5.181809494964051e-07,-5.031478624295538e-07,0.028172157118724384,2.1009201864402583e-06,2.450543324096936e-07,-0.1376153673135287,0.0001350249370730694,True,"Immediate frozen motor receiver only; no body trajectory, support/history propagation or long-horizon benefit",120.0,150.0
FS-015,FS-015-mover-ageblock-150,fixed_ageblock_closest,mover,,,15871,15890,"[0.0814805589949131,0.11043114381617496]","[0.0814805632629481,0.11043063326244582]","[-4.2680349858492675e-09,5.105537291272277e-07]",5.247973965213403e-07,-1.1586133818186627e-07,-1.1972302437629478e-07,-1.1381157496992422e-07,0.00533633660294666,7.355908480041751e-07,-2.2219385040271527e-07,0.05290906351358889,0.09880062372921827,True,"Immediate frozen motor receiver only; no body trajectory, support/history propagation or long-horizon benefit",150.0,180.0
FS-015,FS-015-mover-ageblock-180,fixed_ageblock_closest,mover,,,18736,18755,"[0.13520890688312498,0.17540192914313626]","[0.13520893046997293,0.17540154532249366]","[-2.358684793382637e-08,3.838206425896273e-07]",3.97018352196125e-07,-8.106795237675102e-08,-8.566432788126299e-08,-7.636671231492365e-08,0.02974869546277602,7.29828476379174e-07,-1.4194004658777903e-07,0.07985763100400678,0.0388624312244491,True,"Immediate frozen motor receiver only; no body trajectory, support/history propagation or long-horizon benefit",180.0,210.0
FS-015,FS-015-mover-ageblock-210,fixed_ageblock_closest,mover,,,22156,22175,"[0.11214445557005197,0.11033348626269568]","[0.11214447166769619,0.1103330276521568]","[-1.6097644223861397e-08,4.586105388629247e-07]",4.819881840960369e-07,-6.8734995834277e-08,-7.371145107487598e-08,-6.397295984617024e-08,0.004415774084882788,7.541028859033017e-07,-2.3470586861044884e-07,0.05227051485401535,0.0019990498780178,True,"Immediate frozen motor receiver only; no body trajectory, support/history propagation or long-horizon benefit",210.0,240.0
FS-015,FS-015-mover-ageblock-240,fixed_ageblock_closest,mover,,,24868,24887,"[-0.04486917910955969,0.14830862074282716]","[-0.044869214237492884,0.14830819155380576]","[3.512793321797797e-08,4.291890214114247e-07]",4.429694852969389e-07,-7.470541557924245e-08,-7.821524712625649e-08,-6.918963818547397e-08,0.014802947916565437,6.875837236103299e-07,-1.6157800887867563e-07,0.022521337981922046,2.4004567643842734e-05,True,"Immediate frozen motor receiver only; no body trajectory, support/history propagation or long-horizon benefit",240.0,270.0
FS-015,FS-015-mover-ageblock-270,fixed_ageblock_closest,mover,,,27712,27731,"[0.016224486124374483,0.14314559438229718]","[0.016224481458583462,0.1431451840989155]","[4.665791017606502e-09,4.102833816604923e-07]",4.1599456639985106e-07,-7.307379027293726e-08,-7.72984078065142e-08,-6.824049362391671e-08,0.07393298354693348,7.038787316573924e-07,-1.049382113240886e-07,0.03172888454209566,0.0002661651529525244,True,"Immediate frozen motor receiver only; no body trajectory, support/history propagation or long-horizon benefit",270.0,300.0
FS-015,FS-015-mover-ageblock-300,fixed_ageblock_closest,mover,,,31164,31183,"[-0.13364812024993702,0.16343160959203518]","[-0.13364818698109301,0.16343112983556468]","[6.673115601901758e-08,4.797564705075197e-07]",5.111790092566555e-07,-8.125004466150208e-08,-8.550748581436819e-08,-7.343103714495258e-08,0.013907650162290276,7.388336997066203e-07,-1.1019657697310568e-07,0.005310299667943844,0.09322309580919308,True,"Immediate frozen motor receiver only; no body trajectory, support/history propagation or long-horizon benefit",300.0,330.0
FS-015,FS-015-mover-ageblock-330,fixed_ageblock_closest,mover,,,33880,33899,"[-0.10782903664262242,0.19985065446309697]","[-0.10782907825043053,0.19985029680509536]","[4.160780812390019e-08,3.5765800163733987e-07]",4.638507105571501e-07,-5.3780476458103676e-08,-7.039742579498243e-08,-4.770989722735486e-08,0.001696119050712695,7.505445517745624e-07,-7.480569995671078e-08,0.014670211572034955,0.06371954888256504,True,"Immediate frozen motor receiver only; no body trajectory, support/history propagation or long-horizon benefit",330.0,360.0
FS-015,FS-015-mover-ageblock-360,fixed_ageblock_closest,mover,,,36749,36768,"[-0.08345352869954453,0.14732625414541758]","[-0.08345355704564486,0.14732576882544385]","[2.834610032323437e-08,4.853199736989944e-07]",5.519063984518607e-07,-6.087531092299585e-08,-6.496460373556917e-08,-5.7289993856540766e-08,0.020404502354634757,7.163395480735968e-07,-9.612369422266202e-08,0.008987581657703945,0.1532919074712944,True,"Immediate frozen motor receiver only; no body trajectory, support/history propagation or long-horizon benefit",360.0,390.0
FS-015,FS-015-mover-ageblock-390,fixed_ageblock_closest,mover,,,40136,40155,"[-0.15881758208821115,0.12114614597493749]","[-0.15881763276983304,0.1211456179148777]","[5.068162188398562e-08,5.280600597436236e-07]",5.4908904487194e-07,-5.699622742222062e-08,-5.919301309959685e-08,-5.531536054751611e-08,0.006933542418624999,6.621908824160083e-07,-8.768173416114417e-08,-0.004418524896962479,0.23831917846338413,True,"Immediate frozen motor receiver only; no body trajectory, support/history propagation or long-horizon benefit",390.0,420.0
FS-015,FS-015-mover-ageblock-420,fixed_ageblock_closest,mover,,,42782,42801,"[0.014849809467640227,0.04542239233701792]","[0.014849834042286025,0.04542175228559552]","[-2.457464580269634e-08,6.400514223955239e-07]",6.646166592347481e-07,-5.620474743360526e-08,-5.7983047562111534e-08,-4.9651000675471346e-08,0.01137953775411173,6.475443855388785e-07,-8.038097791888332e-08,0.006087522921507846,0.3189597182853344,True,"Immediate frozen motor receiver only; no body trajectory, support/history propagation or long-horizon benefit",420.0,429.8377150171771
FS-017,FS-017-episode-001-approach,episode,repair-0,1,187.82768691543913,18763,18782,"[0.11854275118352657,-0.003963512317408527]","[0.11854275118352657,-0.003963512317408527]","[0.0,0.0]",0.0,0.0,0.0,0.0,0.057171077662635995,0.0,0.0,0.029517684626567085,0.0009549301359516038,True,"Immediate frozen motor receiver only; no body trajectory, support/history propagation or long-horizon benefit",,
FS-017,FS-017-bout-001-approach,bout,repair-0,1,187.82768691543913,18763,18782,"[0.11854275118352657,-0.003963512317408527]","[0.11854275118352657,-0.003963512317408527]","[0.0,0.0]",0.0,0.0,0.0,0.0,0.057171077662635995,0.0,0.0,0.029517684626567085,0.0009549301359516038,True,"Immediate frozen motor receiver only; no body trajectory, support/history propagation or long-horizon benefit",,
FS-017,FS-017-repair-0-ageblock-180,fixed_ageblock_closest,repair-0,,,18764,18783,"[0.11809612871811628,-0.006175855580205016]","[0.11809612871811628,-0.006175855580205016]","[0.0,0.0]",0.0,0.0,0.0,0.0,0.05689152340023682,0.0,0.0,0.02883199370525531,0.0004139596192593853,True,"Immediate frozen motor receiver only; no body trajectory, support/history propagation or long-horizon benefit",187.82768691543913,210.0
FS-017,FS-017-repair-0-ageblock-210,fixed_ageblock_closest,repair-0,,,22460,22479,"[-0.16138198907324183,-0.07809285844291577]","[-0.16138194470232012,-0.07809277047579466]","[-4.437092161677092e-08,-8.796712111514005e-08]",1.7451540736926083e-07,-2.9762191441906614e-08,-5.232194598414619e-08,-9.459451139059993e-09,0.006800419474512799,1.4224987128143296e-06,7.64465172215873e-09,-0.05589569599968465,0.0061707753889928,True,"Immediate frozen motor receiver only; no body trajectory, support/history propagation or long-horizon benefit",210.0,240.0
FS-017,FS-017-repair-0-ageblock-240,fixed_ageblock_closest,repair-0,,,24377,24396,"[0.11737490001736572,-0.20468620104790253]","[0.11737538447327182,-0.20468640440508284]","[-4.844559061537024e-07,2.0335718031727623e-07]",5.435504162768539e-07,-5.7674303507830595e-08,-6.056132492021638e-08,-5.512798193635371e-08,0.002175282894395281,1.5150998433050012e-06,-1.5723741882262495e-07,-0.019299551159448113,0.10143141549133139,True,"Immediate frozen motor receiver only; no body trajectory, support/history propagation or long-horizon benefit",240.0,270.0
FS-017,FS-017-repair-0-ageblock-270,fixed_ageblock_closest,repair-0,,,28777,28796,"[-0.15041006535351992,-0.09532137593279742]","[-0.1504100312847541,-0.09532133002349648]","[-3.406876584455265e-08,-4.590930095318968e-08]",1.396795150786691e-07,-1.372300757300493e-08,-3.37474585915265e-08,2.4151828662000163e-09,0.0053888568576891255,1.4620081485977599e-06,2.8854622071311633e-09,-0.0472529164990937,0.22617744763510272,True,"Immediate frozen motor receiver only; no body trajectory, support/history propagation or long-horizon benefit",270.0,300.0
FS-017,FS-017-repair-0-ageblock-300,fixed_ageblock_closest,repair-0,,,31506,31525,"[-0.06760845958693829,-0.1749626817080454]","[-0.06760826550695045,-0.1749627629234491]","[-1.940799878214633e-07,8.121540371747171e-08]",2.269527330927109e-07,-1.8797177070428718e-08,-2.6886830817307583e-08,-1.197973294869703e-08,0.005046493873611031,1.3419303900169544e-06,-4.0208209350922404e-08,-0.04234462700640553,0.2574950982502098,True,"Immediate frozen motor receiver only; no body trajectory, support/history propagation or long-horizon benefit",300.0,330.0
FS-017,FS-017-repair-0-ageblock-330,fixed_ageblock_closest,repair-0,,,35085,35104,"[-0.14650272652209287,-0.06264270924346091]","[-0.14650267135656314,-0.0626425728283774]","[-5.516552969292432e-08,-1.3641508351952547e-07]",1.87320522730966e-07,-2.714356691010944e-08,-3.627222454685719e-08,-1.549659829624961e-08,0.0037228715414025807,1.35601286957443e-06,1.2118463608485151e-08,-0.031653199798553834,0.33542954005161985,True,"Immediate frozen motor receiver only; no body trajectory, support/history propagation or long-horizon benefit",330.0,360.0
FS-017,FS-017-repair-0-ageblock-360,fixed_ageblock_closest,repair-0,,,38627,38646,"[-0.20921672097492539,-0.04900522658417502]","[-0.20921679719659517,-0.0490050709949157]","[7.622166976889445e-08,-1.5558925932045164e-07]",2.008628219269528e-07,-8.854911740137361e-09,-1.4542898059410891e-08,-1.7535726828943332e-09,0.0036981444937209075,1.3878134702549616e-06,4.135124331442253e-08,-0.033161285057604864,0.3328536972249754,True,"Immediate frozen motor receiver only; no body trajectory, support/history propagation or long-horizon benefit",360.0,390.0
FS-017,FS-017-repair-0-ageblock-390,fixed_ageblock_closest,repair-0,,,40576,40595,"[0.06206598534192098,-0.23014909418671356]","[0.06206636618022696,-0.23014932899767557]","[-3.8083830598382994e-07,2.3481096211169783e-07]",4.682351676846793e-07,-1.4148811416231366e-08,-2.292349862882681e-08,-7.228454213664692e-09,0.0019740713560353696,1.4430349168925716e-06,-1.0890668369312465e-07,-0.01944314107576836,0.32731393086431293,True,"Immediate frozen motor receiver only; no body trajectory, support/history propagation or long-horizon benefit",390.0,420.0
FS-017,FS-017-repair-0-ageblock-420,fixed_ageblock_closest,repair-0,,,42151,42170,"[-0.1790818324845836,0.01139800346684008]","[-0.17908180515362226,0.011398275002211905]","[-2.7330961327454162e-08,-2.715353718216098e-07]",2.867884760259124e-07,-2.4412300763786837e-08,-2.5704954683888892e-08,-2.342133694627213e-08,0.0015969350185887523,1.2892723906671177e-06,4.551731511300237e-08,-0.01766358710367529,0.33672294096402444,True,"Immediate frozen motor receiver only; no body trajectory, support/history propagation or long-horizon benefit",420.0,429.880671472229
FS-032,FS-032-episode-001-approach,episode,mover,1,9.240306242503788,905,924,"[-0.05903798840449914,0.05447439697986943]","[-0.05903798840449914,0.05447439697986943]","[0.0,0.0]",0.0,0.0,0.0,0.0,0.2566687476207793,0.0,0.0,-0.0017070217098930703,0.002461858561001895,True,"Immediate frozen motor receiver only; no body trajectory, support/history propagation or long-horizon benefit",,
FS-032,FS-032-bout-001-approach,bout,mover,1,9.240306242503788,905,924,"[-0.05903798840449914,0.05447439697986943]","[-0.05903798840449914,0.05447439697986943]","[0.0,0.0]",0.0,0.0,0.0,0.0,0.2566687476207793,0.0,0.0,-0.0017070217098930703,0.002461858561001895,True,"Immediate frozen motor receiver only; no body trajectory, support/history propagation or long-horizon benefit",,
FS-032,FS-032-mover-ageblock-000,fixed_ageblock_closest,mover,,,913,932,"[-0.07476470382349479,0.05644745088377103]","[-0.07476470382349479,0.05644745088377103]","[0.0,0.0]",0.0,0.0,0.0,0.0,0.1615452549593294,0.0,0.0,-0.00682741619774693,3.0340762124936305e-09,True,"Immediate frozen motor receiver only; no body trajectory, support/history propagation or long-horizon benefit",9.240306242503788,30.0
FS-032,FS-032-mover-ageblock-030,fixed_ageblock_closest,mover,,,4059,4078,"[0.14804847720292438,-0.03417943785199688]","[0.14804790554388744,-0.034179696750450315]","[5.716590369561625e-07,2.588984534392796e-07]",6.722699950731435e-07,2.0773385445253812e-07,1.9194519964432777e-07,2.2263009069253825e-07,0.017319762681914052,4.548175331367532e-07,-2.173333269941945e-07,0.04012255778613184,0.052741756296246334,True,"Immediate frozen motor receiver only; no body trajectory, support/history propagation or long-horizon benefit",30.0,60.0
FS-032,FS-032-mover-ageblock-060,fixed_ageblock_closest,mover,,,7036,7055,"[0.22207869027876853,-0.22123902266627624]","[0.22207795816106649,-0.22123985181021877]","[7.321177020166991e-07,8.291439425670011e-07]",1.1145234824997284e-06,4.83495827608228e-07,4.717044533317574e-07,4.902538774395962e-07,0.015613957026307222,4.0902628484565384e-07,3.3784035434465104e-08,0.00017449036648104627,0.17464829418552275,True,"Immediate frozen motor receiver only; no body trajectory, support/history propagation or long-horizon benefit",60.0,90.0
FS-032,FS-032-mover-ageblock-090,fixed_ageblock_closest,mover,,,10062,10081,"[-0.10547710180151557,0.17867220418466714]","[-0.10547712795789,0.17867267159420577]","[2.615637441014118e-08,-4.6740953858759315e-07]",4.749748586658873e-07,-1.3428068830062535e-07,-1.416843794545264e-07,-1.2254248759474562e-07,0.015336999307596475,4.800780310329488e-07,-1.0678992772136459e-07,0.02303078224139922,0.28626222412831515,True,"Immediate frozen motor receiver only; no body trajectory, support/history propagation or long-horizon benefit",90.0,120.0
FS-032,FS-032-mover-ageblock-120,fixed_ageblock_closest,mover,,,13033,13052,"[-0.19696553203336215,-0.03833721481146829]","[-0.19696538825061288,-0.03833747558969664]","[-1.4378274931364788e-07,2.6077822834567194e-07]",3.456799326129624e-07,2.286014191520136e-08,3.817542969242194e-09,4.157874062410416e-08,0.018854283260991596,4.3020846388908127e-07,2.4963038066602163e-07,-0.0692631762705312,0.1953661228716932,True,"Immediate frozen motor receiver only; no body trajectory, support/history propagation or long-horizon benefit",120.0,150.0
FS-032,FS-032-mover-ageblock-150,fixed_ageblock_closest,mover,,,16039,16058,"[0.21398688279303477,-0.14860997033893278]","[0.21398622770771486,-0.14861055267542636]","[6.550853198644679e-07,5.823364936194397e-07]",9.1402073417831e-07,2.746608487906414e-07,2.5619301291177066e-07,2.8921741261622724e-07,0.014866207893326147,4.3941779118011894e-07,-3.269014611994274e-08,0.017907275548022294,0.08320495876527756,True,"Immediate frozen motor receiver only; no body trajectory, support/history propagation or long-horizon benefit",150.0,180.0
FS-032,FS-032-mover-ageblock-180,fixed_ageblock_closest,mover,,,19068,19087,"[0.019400398790856598,0.13954072953633892]","[0.01940010316629457,0.1395410470097128]","[2.956245620306351e-07,-3.174733738467439e-07]",4.5205525330522935e-07,-5.284519040762992e-09,-1.8860578612778234e-08,2.0744555101481765e-09,0.01496524896702324,5.061865317859682e-07,-1.6103844666556357e-07,0.040593184459643786,0.271571069176483,True,"Immediate frozen motor receiver only; no body trajectory, support/history propagation or long-horizon benefit",180.0,210.0
FS-032,FS-032-mover-ageblock-210,fixed_ageblock_closest,mover,,,22037,22056,"[-0.21152941655504343,-0.025812809558729034]","[-0.21152921676238381,-0.025813028804505155]","[-1.9979265963865345e-07,2.1924577612332518e-07]",3.1288894990488894e-07,3.815538044196765e-09,-2.6297614225123667e-09,1.0892214963309499e-08,0.020379615499420644,4.83583468322002e-07,1.58140346615699e-07,-0.055974220402936925,0.2865737769679839,True,"Immediate frozen motor receiver only; no body trajectory, support/history propagation or long-horizon benefit",210.0,240.0
FS-032,FS-032-mover-ageblock-240,fixed_ageblock_closest,mover,,,25013,25032,"[-0.011587022337939982,-0.1651635247739402]","[-0.011587249071354572,-0.16516414994334092]","[2.2673341458787423e-07,6.251694007947117e-07]",7.359655876827029e-07,1.4567784438635627e-07,1.3574138359173649e-07,1.5472317127507296e-07,0.013716782538717564,4.3169658668629207e-07,1.485845766911838e-07,-0.03829282555271557,0.5278225963927423,True,"Immediate frozen motor receiver only; no body trajectory, support/history propagation or long-horizon benefit",240.0,270.0
FS-032,FS-032-mover-ageblock-270,fixed_ageblock_closest,mover,,,28071,28090,"[0.08724632905377808,0.16814268858659207]","[0.08724591674428152,0.16814309588686668]","[4.123094965884089e-07,-4.07300274596345e-07]",6.11859861062346e-07,7.120666022097932e-10,-2.3892469322439602e-09,2.166456958274665e-09,0.013214749272273113,4.748972356402592e-07,-2.6151395415764624e-07,0.05024360953912902,0.5594239560332146,True,"Immediate frozen motor receiver only; no body trajectory, support/history propagation or long-horizon benefit",270.0,300.0
FS-032,FS-032-mover-ageblock-300,fixed_ageblock_closest,mover,,,31048,31067,"[-0.18238309536114036,-0.028790851374476328]","[-0.18238301336471763,-0.028791064670798054]","[-8.199642269612894e-08,2.1329632173185815e-07]",2.6534104322633185e-07,1.936790554775414e-08,1.545480968201396e-08,2.1209523796972274e-08,0.018218695037080908,4.499794875746643e-07,8.177907286602056e-08,-0.037433864355711596,0.48027609598623144,True,"Immediate frozen motor receiver only; no body trajectory, support/history propagation or long-horizon benefit",300.0,330.0
FS-032,FS-032-mover-ageblock-330,fixed_ageblock_closest,mover,,,34019,34038,"[-0.15246986107231847,-0.1337184666416093]","[-0.15246982707922524,-0.13371895278762158]","[-3.399309327078992e-08,4.861460123128936e-07]",4.996746495930014e-07,5.389545114017902e-08,5.026776546401823e-08,5.6226169602158205e-08,0.01479566668724239,3.911256356681214e-07,1.5119557440808683e-07,-0.04519886718075106,0.5049726631263762,True,"Immediate frozen motor receiver only; no body trajectory, support/history propagation or long-horizon benefit",330.0,360.0
FS-032,FS-032-mover-ageblock-360,fixed_ageblock_closest,mover,,,37064,37083,"[0.254314672750918,0.18613840832370016]","[0.25431403295486366,0.1861388647660825]","[6.397960542678383e-07,-4.5644238235997835e-07]",8.129470613440913e-07,1.9843503024780107e-08,1.4611362654515236e-08,2.9551751913603486e-08,0.01228834916876308,5.245525913903648e-07,-2.61862470697979e-07,0.06086402463089711,0.4833509677855127,True,"Immediate frozen motor receiver only; no body trajectory, support/history propagation or long-horizon benefit",360.0,390.0
FS-032,FS-032-mover-ageblock-390,fixed_ageblock_closest,mover,,,40053,40072,"[0.0718825071686241,-0.03399977495611093]","[0.07188214797780057,-0.033999996656300144]","[3.591908235327929e-07,2.2170018921241485e-07]",4.3920366087538674e-07,4.569032016228918e-08,4.292096449434735e-08,4.8613157586550014e-08,0.017588495111342375,4.0334754201065694e-07,-3.417555778662419e-08,0.004492389291979939,0.38211507549713297,True,"Immediate frozen motor receiver only; no body trajectory, support/history propagation or long-horizon benefit",390.0,420.0
FS-032,FS-032-mover-ageblock-420,fixed_ageblock_closest,mover,,,42983,43002,"[-0.1898967317030183,-0.17761717422529755]","[-0.18989663697770687,-0.1776177421185018]","[-9.472531143916996e-08,5.678932042993412e-07]",5.896761464871193e-07,3.213158226694074e-08,2.9013127268717742e-08,3.589763089908993e-08,0.0918353436288532,3.789350551453019e-07,1.3595736693405606e-07,-0.036697272493702145,0.43147218802900955,True,"Immediate frozen motor receiver only; no body trajectory, support/history propagation or long-horizon benefit",420.0,430.01927334678896
FS-033,FS-033-episode-001-approach,episode,mover,1,1.5488846670106675,135,154,"[-0.1359970457617487,-0.1677039177095882]","[-0.1359970457617487,-0.1677039177095882]","[0.0,0.0]",0.0,0.0,0.0,0.0,0.5208740226137112,0.0,0.0,-0.11512318753374809,0.008782531147619288,True,"Immediate frozen motor receiver only; no body trajectory, support/history propagation or long-horizon benefit",,
FS-033,FS-033-bout-001-approach,bout,mover,1,1.5488846670106675,135,154,"[-0.1359970457617487,-0.1677039177095882]","[-0.1359970457617487,-0.1677039177095882]","[0.0,0.0]",0.0,0.0,0.0,0.0,0.5208740226137112,0.0,0.0,-0.11512318753374809,0.008782531147619288,True,"Immediate frozen motor receiver only; no body trajectory, support/history propagation or long-horizon benefit",,
FS-033,FS-033-mover-ageblock-000,fixed_ageblock_closest,mover,,,136,155,"[-0.13797762345018244,-0.16646300331257924]","[-0.13797762345018244,-0.16646300331257924]","[0.0,0.0]",0.0,0.0,0.0,0.0,0.5158654360550814,0.0,0.0,-0.11540157217542046,0.004105006485248031,True,"Immediate frozen motor receiver only; no body trajectory, support/history propagation or long-horizon benefit",1.5488846670106675,30.0
FS-033,FS-033-mover-ageblock-030,fixed_ageblock_closest,mover,,,3517,3536,"[-0.013888788771993388,-0.14560241087717973]","[-0.013887396741324404,-0.1456036176744395]","[-1.392030668982973e-06,1.2067972598145405e-06]",1.9830528092857173e-06,-6.211935252159461e-08,-1.0379915562491737e-07,-3.696013284315569e-08,0.006691571598783834,2.3412665633770756e-06,7.039126294121976e-07,-0.05677270768751378,0.36861610044334725,True,"Immediate frozen motor receiver only; no body trajectory, support/history propagation or long-horizon benefit",30.0,60.0
FS-033,FS-033-mover-ageblock-060,fixed_ageblock_closest,mover,,,6228,6247,"[0.1022138206254817,-0.2349898703236676]","[0.10221482112718301,-0.23499185188011507]","[-1.0005017013085814e-06,1.98155644759862e-06]",2.2781201081313138e-06,3.099624228314335e-07,2.77599868356293e-07,3.329901549428693e-07,0.040422407196701746,2.335842160199747e-06,1.0236726710279901e-06,-0.0450195683130271,0.529058167180523,True,"Immediate frozen motor receiver only; no body trajectory, support/history propagation or long-horizon benefit",60.0,90.0
FS-033,FS-033-mover-ageblock-090,fixed_ageblock_closest,mover,,,9819,9838,"[-0.020509982015520102,-0.15094660946417698]","[-0.020508580538042755,-0.1509477474709652]","[-1.401477477342664e-06,1.1380067881761047e-06]",1.9011017179909018e-06,-7.995019129861114e-08,-8.97972403518521e-08,-4.2036247635546253e-08,0.006466982683559945,2.2071855553237873e-06,4.712233875968846e-07,-0.05399984147760164,0.6604262921963606,True,"Immediate frozen motor receiver only; no body trajectory, support/history propagation or long-horizon benefit",90.0,120.0
FS-033,FS-033-mover-ageblock-120,fixed_ageblock_closest,mover,,,12631,12650,"[0.0691444726146904,-0.17860242903578585]","[0.06914554546135301,-0.17860391588186159]","[-1.072846662620447e-06,1.4868460756975455e-06]",1.955368374084169e-06,1.1545059008973013e-07,9.597474207034828e-08,1.2480357069327708e-07,0.003885855670915859,2.355736459770663e-06,-7.665047376914687e-07,-0.032546390103813855,0.6612406233819534,True,"Immediate frozen motor receiver only; no body trajectory, support/history propagation or long-horizon benefit",120.0,150.0
FS-033,FS-033-mover-ageblock-150,fixed_ageblock_closest,mover,,,16020,16039,"[0.20824936144594197,-0.07677821109346121]","[0.20824996241592114,-0.07677874706910486]","[-6.009699791309497e-07,5.359756436482815e-07]",9.536387382832986e-07,-1.648998366205606e-08,-4.863449824810129e-08,-1.4064404744995596e-09,0.04054650405393523,2.431155152101544e-06,-2.607930838876319e-07,0.03596604786171241,0.5990676774598807,True,"Immediate frozen motor receiver only; no body trajectory, support/history propagation or long-horizon benefit",150.0,180.0
FS-033,FS-033-mover-ageblock-180,fixed_ageblock_closest,mover,,,18890,18909,"[0.09840026467742877,-0.20402603936488545]","[0.09840120134273238,-0.20402758085289113]","[-9.366653035851325e-07,1.5414880057393331e-06]",1.8568465826697347e-06,1.427760566656555e-07,1.0398583150106333e-07,1.6142842637623112e-07,0.00295166335504826,2.092933848134304e-06,-7.049623913249563e-07,-0.02711387003633432,0.5866749439516834,True,"Immediate frozen motor receiver only; no body trajectory, support/history propagation or long-horizon benefit",180.0,210.0
FS-033,FS-033-mover-ageblock-210,fixed_ageblock_closest,mover,,,21709,21728,"[0.06746156987214043,-0.13336840322966095]","[0.06746261094953641,-0.13336933080939928]","[-1.0410773959818737e-06,9.27579738348172e-07]",1.4456222384530338e-06,-2.1338498788422978e-08,-3.4748012198507205e-08,-1.0947858338633543e-08,0.0017882491703146732,2.0735062190024856e-06,-7.651528775591792e-07,-0.01570817578669449,0.6995543967978417,True,"Immediate frozen motor receiver only; no body trajectory, support/history propagation or long-horizon benefit",210.0,240.0
FS-033,FS-033-mover-ageblock-240,fixed_ageblock_closest,mover,,,24195,24214,"[-0.018318539621478003,-0.07555702853964998]","[-0.018317232693495587,-0.07555756018059437]","[-1.3069279824203543e-06,5.316409443900661e-07]",1.4449892877752136e-06,-1.5103718440188236e-07,-2.0618419720522252e-07,-8.471152578362617e-08,0.0359817907936717,2.3874209513718992e-06,-5.412786489820263e-07,-0.02078811757835835,0.6441295845087676,True,"Immediate frozen motor receiver only; no body trajectory, support/history propagation or long-horizon benefit",240.0,270.0
FS-033,FS-033-mover-ageblock-270,fixed_ageblock_closest,mover,,,27719,27738,"[-0.02128397616829285,-0.02877202525404988]","[-0.02128271592097187,-0.028772084957980337]","[-1.260247320978864e-06,5.970393045931847e-08]",1.3062775264161114e-06,-2.1250741069965378e-07,-2.4950867902068935e-07,-1.748519262278342e-07,0.001120267216097906,1.9303297074724223e-06,-3.276937932837446e-07,-0.009928042001392037,0.6498589475359537,True,"Immediate frozen motor receiver only; no body trajectory, support/history propagation or long-horizon benefit",270.0,300.0
FS-033,FS-033-mover-ageblock-300,fixed_ageblock_closest,mover,,,30323,30342,"[-0.20850777602596154,0.040455345009995626]","[-0.20850600183131157,0.04045587768261712]","[-1.77419464994083e-06,-5.32672621485035e-07]",1.912439148719993e-06,-3.3859049935990036e-07,-3.6501853089773717e-07,-3.122463251188645e-07,0.0031381803321271426,2.2716600060354587e-06,-3.6826897854345073e-07,-0.03041033930989521,0.5580425918365641,True,"Immediate frozen motor receiver only; no body trajectory, support/history propagation or long-horizon benefit",300.0,330.0
FS-033,FS-033-mover-ageblock-330,fixed_ageblock_closest,mover,,,33195,33214,"[-0.10141302697535796,-0.08919625340780186]","[-0.10141155274693844,-0.08919685032807423]","[-1.4742284195179423e-06,5.96920272357554e-07]",1.6307578528826222e-06,-1.3267538588618983e-07,-1.5921708540478363e-07,-1.1388052837540963e-07,0.03798430140465611,2.1154319188101955e-06,-3.4351575012293374e-07,-0.031029447229760997,0.6174891700012504,True,"Immediate frozen motor receiver only; no body trajectory, support/history propagation or long-horizon benefit",330.0,360.0
FS-033,FS-033-mover-ageblock-360,fixed_ageblock_closest,mover,,,36636,36655,"[-0.18104555656874183,0.036165237548811395]","[-0.1810439333732378,0.0361656991181102]","[-1.623195504012187e-06,-4.6156929880223493e-07]",1.7550730857896266e-06,-2.8028461348111876e-07,-3.067999053054521e-07,-2.513345477017648e-07,0.0024265385995698467,2.19461977941926e-06,-1.303929188066406e-07,-0.020305576703090474,0.5941257919486489,True,"Immediate frozen motor receiver only; no body trajectory, support/history propagation or long-horizon benefit",360.0,390.0
FS-033,FS-033-mover-ageblock-390,fixed_ageblock_closest,mover,,,39377,39396,"[-0.16180181176496192,-0.010393649488141792]","[-0.1618002734087018,-0.010393560027261712]","[-1.5383562601375966e-06,-8.946088008090092e-08]",1.5594358404550712e-06,-1.8459824649031536e-07,-1.93380437479157e-07,-1.7477578014707396e-07,0.002412096206431378,1.873545070055216e-06,-1.8801593336590527e-07,-0.021097023217211096,0.6329023466823553,True,"Immediate frozen motor receiver only; no body trajectory, support/history propagation or long-horizon benefit",390.0,420.0
FS-033,FS-033-mover-ageblock-420,fixed_ageblock_closest,mover,,,42199,42218,"[-0.20194072057813722,-0.10220627034813742]","[-0.20193906425542232,-0.10220686212935222]","[-1.6563227148880255e-06,5.917812147940294e-07]",1.765218423178651e-06,-1.0594595862296192e-07,-1.1735970167209286e-07,-9.413653366541208e-08,0.039183366720168186,1.7454911090855619e-06,-1.9370609924937546e-07,-0.03174834497710017,0.6351722338072567,True,"Immediate frozen motor receiver only; no body trajectory, support/history propagation or long-horizon benefit",420.0,429.51568698389104
FS-034,FS-034-episode-001-approach,episode,mover,1,10.612716224725387,1042,1061,"[0.06398910556673858,0.24707249022982145]","[0.06398910556673858,0.24707249022982145]","[0.0,0.0]",0.0,0.0,0.0,0.0,0.18093973486953532,0.0,0.0,0.11604772058682808,0.002163044886074772,True,"Immediate frozen motor receiver only; no body trajectory, support/history propagation or long-horizon benefit",,
FS-034,FS-034-episode-002-approach,episode,mover,2,40.40156843586096,4021,4040,"[0.17736451860029953,-0.0066535757425281224]","[0.1773637717229862,-0.006652945281947639]","[7.468773133373352e-07,-6.304605804842433e-07]",9.971056873920623e-07,2.4971866655412734e-08,1.992447470899883e-08,2.9130887209405376e-08,0.24828856399361737,-5.176866421235937e-07,-1.077385975785453e-06,0.06024959058108616,0.002653598350212505,True,"Immediate frozen motor receiver only; no body trajectory, support/history propagation or long-horizon benefit",,
FS-034,FS-034-episode-003-approach,episode,source-4,3,331.39646839636504,33120,33139,"[-0.10579645353843722,-0.14016464487751903]","[-0.10579686052712371,-0.14016476464541036]","[4.0698868650004825e-07,1.1976789131493137e-07]",4.747396415684399e-07,-4.7442701604956394e-08,-5.388644853943081e-08,-4.349022772465183e-08,0.03124693153990195,1.2981302508874304e-06,1.0943495708304851e-07,-0.040198529022495724,0.0004922607134247858,True,"Immediate frozen motor receiver only; no body trajectory, support/history propagation or long-horizon benefit",,
FS-034,FS-034-episode-004-approach,episode,source-4,4,358.974290166215,35878,35897,"[-0.12174267058319461,-0.003150722021091603]","[-0.12174307753922424,-0.0031502143178093233]","[4.0695602965476476e-07,-5.077032822794808e-07]",7.684013666934634e-07,1.0142154444926777e-08,-1.1214314020804861e-08,2.513934014257424e-08,0.021741478586547302,1.0779399053480188e-06,2.7243452408933425e-07,-0.018185711062392425,0.00029474844421306656,True,"Immediate frozen motor receiver only; no body trajectory, support/history propagation or long-horizon benefit",,
FS-034,FS-034-episode-005-approach,episode,source-4,5,367.0837234931349,36689,36708,"[-0.01991514121412567,-0.17658401395696638]","[-0.019915872812600023,-0.17658438406326077]","[7.315984743583911e-07,3.701062943978206e-07]",8.32144870847662e-07,-1.0040689248699136e-07,-1.0276320359589586e-07,-9.252361105223372e-08,0.02368817632836416,1.9230701382044748e-06,1.0805849484031697e-07,-0.027684160692634692,0.00031479409551415927,True,"Immediate frozen motor receiver only; no body trajectory, support/history propagation or long-horizon benefit",,
FS-034,FS-034-bout-001-approach,bout,mover,1,10.612716224725387,1042,1061,"[0.06398910556673858,0.24707249022982145]","[0.06398910556673858,0.24707249022982145]","[0.0,0.0]",0.0,0.0,0.0,0.0,0.18093973486953532,0.0,0.0,0.11604772058682808,0.002163044886074772,True,"Immediate frozen motor receiver only; no body trajectory, support/history propagation or long-horizon benefit",,
FS-034,FS-034-bout-002-approach,bout,mover,2,40.40156843586096,4021,4040,"[0.17736451860029953,-0.0066535757425281224]","[0.1773637717229862,-0.006652945281947639]","[7.468773133373352e-07,-6.304605804842433e-07]",9.971056873920623e-07,2.4971866655412734e-08,1.992447470899883e-08,2.9130887209405376e-08,0.24828856399361737,-5.176866421235937e-07,-1.077385975785453e-06,0.06024959058108616,0.002653598350212505,True,"Immediate frozen motor receiver only; no body trajectory, support/history propagation or long-horizon benefit",,
FS-034,FS-034-bout-003-approach,bout,source-4,3,331.39646839636504,33120,33139,"[-0.10579645353843722,-0.14016464487751903]","[-0.10579686052712371,-0.14016476464541036]","[4.0698868650004825e-07,1.1976789131493137e-07]",4.747396415684399e-07,-4.7442701604956394e-08,-5.388644853943081e-08,-4.349022772465183e-08,0.03124693153990195,1.2981302508874304e-06,1.0943495708304851e-07,-0.040198529022495724,0.0004922607134247858,True,"Immediate frozen motor receiver only; no body trajectory, support/history propagation or long-horizon benefit",,
FS-034,FS-034-bout-004-approach,bout,source-4,4,358.974290166215,35878,35897,"[-0.12174267058319461,-0.003150722021091603]","[-0.12174307753922424,-0.0031502143178093233]","[4.0695602965476476e-07,-5.077032822794808e-07]",7.684013666934634e-07,1.0142154444926777e-08,-1.1214314020804861e-08,2.513934014257424e-08,0.021741478586547302,1.0779399053480188e-06,2.7243452408933425e-07,-0.018185711062392425,0.00029474844421306656,True,"Immediate frozen motor receiver only; no body trajectory, support/history propagation or long-horizon benefit",,
FS-034,FS-034-bout-005-approach,bout,source-4,5,367.0837234931349,36689,36708,"[-0.01991514121412567,-0.17658401395696638]","[-0.019915872812600023,-0.17658438406326077]","[7.315984743583911e-07,3.701062943978206e-07]",8.32144870847662e-07,-1.0040689248699136e-07,-1.0276320359589586e-07,-9.252361105223372e-08,0.02368817632836416,1.9230701382044748e-06,1.0805849484031697e-07,-0.027684160692634692,0.00031479409551415927,True,"Immediate frozen motor receiver only; no body trajectory, support/history propagation or long-horizon benefit",,
FS-034,FS-034-mover-ageblock-000,fixed_ageblock_closest,mover,,,1043,1062,"[0.06539195139868802,0.24734444373418057]","[0.06539195139868802,0.24734444373418057]","[0.0,0.0]",0.0,0.0,0.0,0.0,0.17985807301718715,0.0,0.0,0.11667045877913144,0.0004600426586058859,True,"Immediate frozen motor receiver only; no body trajectory, support/history propagation or long-horizon benefit",10.612716224725387,30.0
FS-034,FS-034-mover-ageblock-030,fixed_ageblock_closest,mover,,,4022,4041,"[0.17548966424666004,-0.007470988212613524]","[0.17548891993103874,-0.007470358318745171]","[7.443156213163271e-07,-6.298938683526483e-07]",9.957381066317333e-07,2.4572019272951774e-08,1.992447470899883e-08,2.8807942524522456e-08,0.24643349983671467,-5.188249665770417e-07,-1.0741189395114192e-06,0.05929803898167087,0.0003583852721487091,True,"Immediate frozen motor receiver only; no body trajectory, support/history propagation or long-horizon benefit",30.0,60.0
FS-034,FS-034-mover-ageblock-060,fixed_ageblock_closest,mover,,,7081,7100,"[-0.23983080828914116,-0.07472097536941738]","[-0.23983098920944,-0.07472079007038554]","[1.8092029885202753e-07,-1.8529903183031604e-07]",3.167979632904541e-07,-1.2999320675444182e-09,-5.2028017033523e-09,4.0433455195110213e-10,0.018897041769605192,1.694728487114383e-06,-1.9818542383115356e-07,-0.10453050593614359,0.29564346220514004,True,"Immediate frozen motor receiver only; no body trajectory, support/history propagation or long-horizon benefit",60.0,90.0
FS-034,FS-034-mover-ageblock-090,fixed_ageblock_closest,mover,,,10146,10165,"[0.12722461098880566,0.1255872027185574]","[0.12722369338149805,0.1255886096648172]","[9.176073075982394e-07,-1.4069462598347016e-06]",1.7927374762111685e-06,-1.1318212919039783e-07,-1.544965785721386e-07,-7.735264880015524e-08,0.016120685675509224,1.6032234139429224e-06,-1.3800842097510803e-06,0.07903947498376587,0.341502798491943,True,"Immediate frozen motor receiver only; no body trajectory, support/history propagation or long-horizon benefit",90.0,120.0
FS-034,FS-034-mover-ageblock-120,fixed_ageblock_closest,mover,,,13128,13147,"[0.19176125104672598,-0.20716506807729643]","[0.19176024333426586,-0.20716564626628525]","[1.007712460089627e-06,5.781889888437087e-07]",1.2358787239456304e-06,3.729586117372238e-07,3.512247741051418e-07,4.115739337291757e-07,0.020466474689929893,1.5444101913501818e-06,-2.1036535851152798e-07,-0.00465719271033981,0.12007048912332152,True,"Immediate frozen motor receiver only; no body trajectory, support/history propagation or long-horizon benefit",120.0,150.0
FS-034,FS-034-mover-ageblock-150,fixed_ageblock_closest,mover,,,16111,16130,"[-0.21785318409773108,0.028472454221294057]","[-0.21785342703382266,0.028473261039233727]","[2.429360915129353e-07,-8.068179396678032e-07]",8.510716068500075e-07,-1.2186558705253036e-07,-1.2678668326326914e-07,-1.1339284228251145e-07,0.021189496821742773,1.5515775701399614e-06,-4.970854986831932e-07,-0.051806335580227195,0.2973127307049719,True,"Immediate frozen motor receiver only; no body trajectory, support/history propagation or long-horizon benefit",150.0,180.0
FS-034,FS-034-mover-ageblock-180,fixed_ageblock_closest,mover,,,19124,19143,"[-0.12531892658785743,0.1777775512265728]","[-0.1253193199131774,0.17777914072547923]","[3.9332531999308753e-07,-1.5894989064721421e-06]",1.678385075034245e-06,-1.9427188826500254e-07,-2.027184156979528e-07,-1.8458212562057208e-07,0.01668685414119239,1.4341967924789977e-06,-1.0886074116973448e-06,0.013431651725815688,0.3065305164758332,True,"Immediate frozen motor receiver only; no body trajectory, support/history propagation or long-horizon benefit",180.0,210.0
FS-034,FS-034-mover-ageblock-210,fixed_ageblock_closest,mover,,,22125,22144,"[0.18719982761961235,-0.2042717678630243]","[0.18719887232119123,-0.20427238277036497]","[9.552984211097514e-07,6.149073406735983e-07]",1.177391274761882e-06,2.1735589236161209e-07,2.0735786774098153e-07,2.2947996733153203e-07,0.01928410222118654,1.5971274805376411e-06,-1.798029669274842e-07,-0.004118778596894193,0.31784161346782724,True,"Immediate frozen motor receiver only; no body trajectory, support/history propagation or long-horizon benefit",210.0,240.0
FS-034,FS-034-mover-ageblock-240,fixed_ageblock_closest,mover,,,25120,25139,"[-0.04236725598520695,-0.0386545007588475]","[-0.042367826215702335,-0.03865411041626867]","[5.702304953798115e-07,-3.903425788235812e-07]",7.411327179981384e-07,3.347185191741181e-08,1.987914914625133e-08,3.717416746824853e-08,0.019073649105028737,1.5342950313919356e-06,-2.8616823791434463e-07,-0.017449445869442626,0.41571220217715243,True,"Immediate frozen motor receiver only; no body trajectory, support/history propagation or long-horizon benefit",240.0,270.0
FS-034,FS-034-mover-ageblock-270,fixed_ageblock_closest,mover,,,28126,28145,"[-0.19568771274748506,0.19301924064130294]","[-0.19568794947716409,0.19302087756142813]","[2.367296790081741e-07,-1.636920125207275e-06]",1.7357006200515116e-06,-2.34346281745971e-07,-2.5659550463607347e-07,-2.1055322412769518e-07,0.019821368224874222,1.4625321228152466e-06,-5.372529326409103e-07,-0.000431679044354908,0.4246735188705628,True,"Immediate frozen motor receiver only; no body trajectory, support/history propagation or long-horizon benefit",270.0,300.0
FS-034,FS-034-mover-ageblock-300,fixed_ageblock_closest,mover,,,31111,31130,"[0.0006529776193483442,-0.19034354317137067]","[0.0006523606974839603,-0.1903439382103749]","[6.169218643852686e-07,3.9503900424314733e-07]",8.129020423745251e-07,1.0935472877903613e-07,1.0158435187479498e-07,1.2283731217616056e-07,0.018288621763722847,1.3086431410042065e-06,-8.62372882094655e-08,-0.03352493573437318,0.42683105106274155,True,"Immediate frozen motor receiver only; no body trajectory, support/history propagation or long-horizon benefit",300.0,330.0
FS-034,FS-034-mover-ageblock-330,fixed_ageblock_closest,mover,,,34127,34146,"[0.13893571561519047,0.009939555544876988]","[0.13893478614914276,0.009940131997005556]","[9.294660476985572e-07,-5.764521285694414e-07]",1.113686406718732e-06,3.782057384875415e-08,3.076520508141223e-08,4.040431098029096e-08,0.017382139610153502,1.1184904644453986e-06,-4.818130872461166e-07,0.023359359831819127,0.4933402401596165,True,"Immediate frozen motor receiver only; no body trajectory, support/history propagation or long-horizon benefit",330.0,360.0
FS-034,FS-034-mover-ageblock-360,fixed_ageblock_closest,mover,,,37131,37150,"[-0.1259173339182186,0.16658238937737252]","[-0.12591817498030236,0.16658373269059418]","[8.410620837534522e-07,-1.3433132216050802e-06]",1.6119928364737602e-06,-5.51148038635714e-08,-5.898214407943497e-08,-5.135140507088465e-08,0.018853095375896765,1.997476287408928e-06,-5.178076328266079e-07,0.005670888745366589,0.45071626077826643,True,"Immediate frozen motor receiver only; no body trajectory, support/history propagation or long-horizon benefit",360.0,390.0
FS-034,FS-034-mover-ageblock-390,fixed_ageblock_closest,mover,,,40112,40131,"[-0.12764802326719354,-0.2059570623466392]","[-0.12764887359567129,-0.20595737581571996]","[8.50328477728507e-07,3.134690806746998e-07]",9.303840269350451e-07,1.0277631274265009e-07,9.497170464986548e-08,1.0903276984400301e-07,0.02043970455744192,2.0253358144796396e-06,-1.1860219208944427e-07,-0.039590229077258995,0.43043510122038775,True,"Immediate frozen motor receiver only; no body trajectory, support/history propagation or long-horizon benefit",390.0,420.0
FS-034,FS-034-mover-ageblock-420,fixed_ageblock_closest,mover,,,43034,43053,"[0.11682637566661278,-0.16290602144124813]","[0.11682568857583094,-0.16290621089115867]","[6.870907818451455e-07,1.8944991053565507e-07]",7.609128504041819e-07,6.246273169141666e-08,5.0736213747166244e-08,6.885792133096841e-08,0.1574377012275841,2.115871291580307e-06,-9.671680377311231e-08,-0.00463203692155576,0.5182518252177992,True,"Immediate frozen motor receiver only; no body trajectory, support/history propagation or long-horizon benefit",420.0,430.5252801656493
FS-034,FS-034-source-4-ageblock-000,fixed_ageblock_closest,source-4,,,1756,1775,"[0.1589286206150031,0.10866702730588511]","[0.15892790120402941,0.108667732616582]","[7.194109737068688e-07,-7.053106968975265e-07]",1.013789046100135e-06,-3.771173711503151e-09,-4.470218126217951e-09,-3.1318823229264936e-09,0.00866365488252106,-3.7797942848902255e-07,9.426492063756463e-07,0.09843394841437862,0.2810484361569787,True,"Immediate frozen motor receiver only; no body trajectory, support/history propagation or long-horizon benefit",10.612716224725387,30.0
FS-034,FS-034-source-4-ageblock-030,fixed_ageblock_closest,source-4,,,5310,5329,"[0.19438088492460642,-0.01924371934781296]","[0.19437983697533792,-0.01924316374331386]","[1.0479492685358527e-06,-5.556044990993013e-07]",1.2138629323813647e-06,-1.4003373239729334e-07,-1.577811705802401e-07,-1.2949646277515825e-07,0.006174591461066482,1.6191081402133767e-06,8.602173895443715e-07,0.060164198445878045,0.07721112187030044,True,"Immediate frozen motor receiver only; no body trajectory, support/history propagation or long-horizon benefit",30.0,60.0
FS-034,FS-034-source-4-ageblock-060,fixed_ageblock_closest,source-4,,,8054,8073,"[0.15192748671691567,0.08336216335171853]","[0.1519265266365931,0.08336332338276661]","[9.60080322592871e-07,-1.1600310480960886e-06]",1.519144074277054e-06,5.568999674465669e-08,5.074948610656049e-08,5.9257997869766044e-08,0.007730681688796549,1.6424561004590998e-06,1.0416873455701644e-06,0.076732912682231,0.056425978564530244,True,"Immediate frozen motor receiver only; no body trajectory, support/history propagation or long-horizon benefit",60.0,90.0
FS-034,FS-034-source-4-ageblock-090,fixed_ageblock_closest,source-4,,,10807,10826,"[0.11768909110728343,0.10991881774557492]","[0.1176881938110351,0.10992008003083575]","[8.972962483512481e-07,-1.2622852608439039e-06]",1.57983807512997e-06,9.457897042139395e-08,8.980294576022008e-08,1.0255804555603376e-07,0.007165398638259493,1.4489896433392268e-06,1.028404412879422e-06,0.07018994366270719,0.12370778379662317,True,"Immediate frozen motor receiver only; no body trajectory, support/history propagation or long-horizon benefit",90.0,120.0
FS-034,FS-034-source-4-ageblock-120,fixed_ageblock_closest,source-4,,,14334,14353,"[0.11112605111275824,0.057223327464376805]","[0.11112516953741385,0.05722429487239765]","[8.815753444010865e-07,-9.67408020835156e-07]",1.376517317118197e-06,2.3881098051153903e-08,4.971679096188453e-09,5.104867263627799e-08,0.005724306091311542,1.3984165163682948e-06,4.615386061347883e-07,0.04804010411255076,0.19773827325152715,True,"Immediate frozen motor receiver only; no body trajectory, support/history propagation or long-horizon benefit",120.0,150.0
FS-034,FS-034-source-4-ageblock-150,fixed_ageblock_closest,source-4,,,17883,17902,"[0.2517175213759423,-0.04939444035124182]","[0.25171645450686647,-0.049394068876634514]","[1.0668690757914545e-06,-3.7147460730559134e-07]",1.1906431279046758e-06,-1.197728710222029e-07,-1.2614207911196273e-07,-1.1085249407294384e-07,0.004256125060901276,1.4715224640998726e-06,7.95051052739649e-07,0.05300143036939385,0.08203357485294038,True,"Immediate frozen motor receiver only; no body trajectory, support/history propagation or long-horizon benefit",150.0,180.0
FS-034,FS-034-source-4-ageblock-180,fixed_ageblock_closest,source-4,,,17982,18001,"[0.2338052104835564,0.11502465286381051]","[0.23380414769148414,0.11502590976694589]","[1.0627920723066397e-06,-1.256903135366666e-06]",1.6859247663061074e-06,3.833696328309211e-08,2.2227915438821633e-08,4.869898959092289e-08,-0.03354634648408813,1.4202100746874002e-06,1.138007714991653e-06,0.09128030620313407,0.09471717744802244,True,"Immediate frozen motor receiver only; no body trajectory, support/history propagation or long-horizon benefit",180.0,210.0
FS-034,FS-034-source-4-ageblock-210,fixed_ageblock_closest,source-4,,,23440,23459,"[0.04806419273268573,0.13641210141638027]","[0.04806346397405042,0.13641341021239412]","[7.287586353207226e-07,-1.3087960138144505e-06]",1.580532339182074e-06,9.759824995802386e-08,8.328399010368304e-08,1.0724300011921706e-07,0.003790177194245918,1.3018268940644117e-06,8.680633498411889e-07,0.041773062355153184,0.007350814815009654,True,"Immediate frozen motor receiver only; no body trajectory, support/history propagation or long-horizon benefit",210.0,240.0
FS-034,FS-034-source-4-ageblock-240,fixed_ageblock_closest,source-4,,,26164,26183,"[-0.02613740484302775,0.21777157932094576]","[-0.026137983363338328,0.21777324988984045]","[5.78520310572355e-07,-1.6705688946461184e-06]",1.882675408922725e-06,1.8670978516877046e-07,1.7635616690950262e-07,1.9390783151385094e-07,0.003928184463819982,1.2864833543242693e-06,7.572375400567819e-07,0.040042859606213586,0.0018205006869369544,True,"Immediate frozen motor receiver only; no body trajectory, support/history propagation or long-horizon benefit",240.0,270.0
FS-034,FS-034-source-4-ageblock-270,fixed_ageblock_closest,source-4,,,29704,29723,"[0.11681522877889224,0.13625843293001616]","[0.1168144024684411,0.13625977626030877]","[8.263104511414821e-07,-1.3433302925983103e-06]",1.6326962456850776e-06,6.977816668120307e-08,6.217900784533104e-08,7.661183999696508e-08,0.0041521829072649645,1.4809773812594905e-06,7.785189275733024e-07,0.04697474158109876,0.014389563441076891,True,"Immediate frozen motor receiver only; no body trajectory, support/history propagation or long-horizon benefit",270.0,300.0
FS-034,FS-034-source-4-ageblock-300,fixed_ageblock_closest,source-4,,,32495,32514,"[-0.0034103120188712526,0.20744810395508492]","[-0.0034109285657503694,0.20744982715875096]","[6.165468791163854e-07,-1.7232036660264071e-06]",1.8529965922862726e-06,1.0729370107844665e-07,1.0227212162913779e-07,1.1116555844251086e-07,0.0024238575338115676,1.543116040630954e-06,8.964999222254517e-07,0.034216325484050625,0.006446945569223317,True,"Immediate frozen motor receiver only; no body trajectory, support/history propagation or long-horizon benefit",300.0,330.0
FS-034,FS-034-source-4-ageblock-330,fixed_ageblock_closest,source-4,,,35913,35932,"[-0.0912722373847498,0.04809619979406014]","[-0.09127274049829187,0.04809695687022354]","[5.031135420760502e-07,-7.570761634139583e-07]",9.911165632403456e-07,2.516533924481058e-08,2.3674457353718703e-08,2.666125068645237e-08,-2.9200775760020085e-06,1.174432428757699e-06,3.7926704620738555e-07,-0.006264415470586174,4.10996991995205e-09,True,"Immediate frozen motor receiver only; no body trajectory, support/history propagation or long-horizon benefit",330.0,360.0
FS-034,FS-034-source-4-ageblock-360,fixed_ageblock_closest,source-4,,,36715,36734,"[0.05275258691410628,-0.11931903382274814]","[0.05275185955601851,-0.11931911425141373]","[7.273580877696986e-07,8.042866556437489e-08]",7.556518069428139e-07,-7.360830329602693e-08,-8.315372419971656e-08,-6.491354214441594e-08,-4.849048373630231e-06,1.9918665259077707e-06,1.9367175541625883e-07,-0.009400045326530704,5.3073185846130855e-09,True,"Immediate frozen motor receiver only; no body trajectory, support/history propagation or long-horizon benefit",360.0,390.0
FS-034,FS-034-source-4-ageblock-390,fixed_ageblock_closest,source-4,,,39542,39561,"[0.16937878882147173,0.085733528217212]","[0.1693781006148066,0.08573456837500773]","[6.882066651114905e-07,-1.0401577957286356e-06]",1.2993648508014005e-06,2.9879189267743855e-08,2.165593124617282e-08,3.7446016537545646e-08,0.002779376356382986,2.238971374263904e-06,4.295446884311696e-07,0.03121042317674682,0.00042047605939132815,True,"Immediate frozen motor receiver only; no body trajectory, support/history propagation or long-horizon benefit",390.0,420.0
FS-034,FS-034-source-4-ageblock-420,fixed_ageblock_closest,source-4,,,42284,42303,"[0.0812116980409382,0.16602875105754233]","[0.08121097901899399,0.16603004403491575]","[7.190219441972206e-07,-1.2929773733669215e-06]",1.5088183567437821e-06,3.758451284719202e-08,3.30597000625793e-08,4.116301861173399e-08,0.002037415956265733,1.971516378784788e-06,4.6088027190233733e-07,0.02586472908650041,0.0559475573293613,True,"Immediate frozen motor receiver only; no body trajectory, support/history propagation or long-horizon benefit",420.0,430.5252801656493
FS-038,FS-038-episode-001-approach,episode,wall-2,1,29.98567265545076,2979,2998,"[0.08186761760566391,0.015142348177380305]","[0.08186761760566391,0.015142348177380305]","[0.0,0.0]",0.0,0.0,0.0,0.0,0.034039221453004934,0.0,0.0,0.03497491207202443,0.0004168952142713511,True,"Immediate frozen motor receiver only; no body trajectory, support/history propagation or long-horizon benefit",,
FS-038,FS-038-episode-002-approach,episode,wall-2,2,57.00714380581228,5681,5700,"[-0.039013638629878236,-0.01784692491680004]","[-0.039013448601417824,-0.017846916546257023]","[-1.9002846040564597e-07,-8.370543013586085e-09]",1.9618293643411083e-07,6.713295809500364e-08,6.628183022404366e-08,6.939027607719139e-08,0.07902760339714267,3.242067166259188e-07,-2.7830374576852223e-08,-0.019491467421239146,0.0012441825181813693,True,"Immediate frozen motor receiver only; no body trajectory, support/history propagation or long-horizon benefit",,
FS-038,FS-038-episode-003-approach,episode,wall-2,3,175.16720438364558,17497,17516,"[-0.19625038617132035,0.12347979450280891]","[-0.19624986668298847,0.12348012678817366]","[-5.194883318834776e-07,-3.32285364823548e-07]",6.542337318557285e-07,2.1273328349108792e-07,2.0269284528758036e-07,2.2486580298491932e-07,0.026936480866327828,-2.8573324994951577e-07,-4.758683811787669e-08,-0.019321517609763757,0.0004464096117158256,True,"Immediate frozen motor receiver only; no body trajectory, support/history propagation or long-horizon benefit",,
FS-038,FS-038-bout-001-approach,bout,wall-2,1,29.98567265545076,2979,2998,"[0.08186761760566391,0.015142348177380305]","[0.08186761760566391,0.015142348177380305]","[0.0,0.0]",0.0,0.0,0.0,0.0,0.034039221453004934,0.0,0.0,0.03497491207202443,0.0004168952142713511,True,"Immediate frozen motor receiver only; no body trajectory, support/history propagation or long-horizon benefit",,
FS-038,FS-038-bout-002-approach,bout,wall-2,2,57.00714380581228,5681,5700,"[-0.039013638629878236,-0.01784692491680004]","[-0.039013448601417824,-0.017846916546257023]","[-1.9002846040564597e-07,-8.370543013586085e-09]",1.9618293643411083e-07,6.713295809500364e-08,6.628183022404366e-08,6.939027607719139e-08,0.07902760339714267,3.242067166259188e-07,-2.7830374576852223e-08,-0.019491467421239146,0.0012441825181813693,True,"Immediate frozen motor receiver only; no body trajectory, support/history propagation or long-horizon benefit",,
FS-038,FS-038-bout-003-approach,bout,wall-2,3,175.16720438364558,17497,17516,"[-0.19625038617132035,0.12347979450280891]","[-0.19624986668298847,0.12348012678817366]","[-5.194883318834776e-07,-3.32285364823548e-07]",6.542337318557285e-07,2.1273328349108792e-07,2.0269284528758036e-07,2.2486580298491932e-07,0.026936480866327828,-2.8573324994951577e-07,-4.758683811787669e-08,-0.019321517609763757,0.0004464096117158256,True,"Immediate frozen motor receiver only; no body trajectory, support/history propagation or long-horizon benefit",,
FS-038,FS-038-wall-2-ageblock-000,fixed_ageblock_closest,wall-2,,,2980,2999,"[0.08277269235705075,0.017243131392649432]","[0.08277269235705075,0.017243131392649432]","[0.0,0.0]",0.0,0.0,0.0,0.0,0.03335793421938286,0.0,0.0,0.03605802733972305,0.00014943094281283376,True,"Immediate frozen motor receiver only; no body trajectory, support/history propagation or long-horizon benefit",29.98567265545076,30.0
FS-038,FS-038-wall-2-ageblock-030,fixed_ageblock_closest,wall-2,,,5682,5701,"[-0.03724042553725255,-0.01746291857570185]","[-0.03724023648320103,-0.017462909660546803]","[-1.8905405151526528e-07,-8.91515504640103e-09]",1.9584062313211887e-07,6.698138303408083e-08,6.628183022404366e-08,6.892647365364102e-08,0.07843273431952369,3.2282746858722233e-07,-2.767061271236607e-08,-0.018751727824545556,0.0005165579562468325,True,"Immediate frozen motor receiver only; no body trajectory, support/history propagation or long-horizon benefit",30.0,60.0
FS-038,FS-038-wall-2-ageblock-060,fixed_ageblock_closest,wall-2,,,8500,8519,"[0.010880237811649441,0.17501453535602987]","[0.010880355048980418,0.17501496228793692]","[-1.1723733097529645e-07,-4.269319070285271e-07]",4.5006490410717746e-07,1.764103637544312e-07,1.7022555844070641e-07,1.7980720558308239e-07,0.007422248548188387,-2.2311490016843626e-07,9.436001778827098e-09,0.0603025187182345,0.11744244774479118,True,"Immediate frozen motor receiver only; no body trajectory, support/history propagation or long-horizon benefit",60.0,90.0
FS-038,FS-038-wall-2-ageblock-090,fixed_ageblock_closest,wall-2,,,9306,9325,"[0.20088870688517463,0.018168925636869303]","[0.20088839261432753,0.018169130312353114]","[3.1427084711543876e-07,-2.046754838135479e-07]",3.957243093526137e-07,-3.484758164390423e-08,-4.0046829949402785e-08,-1.912397251668807e-08,0.008843009149458524,-2.897140774782425e-07,-3.0332883325427613e-08,0.06987911752456935,0.07830995639690996,True,"Immediate frozen motor receiver only; no body trajectory, support/history propagation or long-horizon benefit",90.0,120.0
FS-038,FS-038-wall-2-ageblock-120,fixed_ageblock_closest,wall-2,,,14821,14840,"[0.010044353593804855,0.13611334169908687]","[0.010044467948968343,0.13611369346414565]","[-1.1435516348717867e-07,-3.5176505881889806e-07]",3.711814754243951e-07,1.2071975332879348e-07,1.1825599732784298e-07,1.217782230958364e-07,0.004440890422287321,-2.7459043798472305e-07,7.627120462015383e-08,0.04140430558306506,0.10080430421820963,True,"Immediate frozen motor receiver only; no body trajectory, support/history propagation or long-horizon benefit",120.0,150.0
FS-038,FS-038-wall-2-ageblock-150,fixed_ageblock_closest,wall-2,,,17498,17517,"[-0.19523249746175048,0.12328543799140028]","[-0.19523198192397012,0.12328577006078892]","[-5.155377803878203e-07,-3.320693886567361e-07]",6.542337318557285e-07,2.115876157147284e-07,2.0173027272078758e-07,2.2486580298491932e-07,0.026849092038266853,-2.8237015000862065e-07,-4.680224141015249e-08,-0.019102226485705108,0.0001865970437869846,True,"Immediate frozen motor receiver only; no body trajectory, support/history propagation or long-horizon benefit",150.0,180.0
FS-038,FS-038-wall-2-ageblock-180,fixed_ageblock_closest,wall-2,,,18322,18341,"[0.07846828725964897,0.0958170196275771]","[0.07846819568006326,0.09581728081315519]","[9.157958570579771e-08,-2.6118557807999763e-07]",3.023030954098512e-07,4.32472666525574e-08,2.7652198357486224e-08,6.038807071756525e-08,0.00542476888502033,-1.215828644192396e-06,5.356842575040785e-08,0.04539636190789752,0.0566837985690557,True,"Immediate frozen motor receiver only; no body trajectory, support/history propagation or long-horizon benefit",180.0,210.0
FS-038,FS-038-wall-2-ageblock-210,fixed_ageblock_closest,wall-2,,,21073,21092,"[0.009409321118269066,0.16843752351909397]","[0.009409432470986405,0.1684377728299341]","[-1.1135271733982451e-07,-2.4931084017520975e-07]",3.1526723965285327e-07,8.688884874478997e-08,6.878982800745392e-08,1.0600268605942542e-07,0.005505323059840176,-1.3131288417511654e-06,1.1305074830040829e-08,0.0431573144573147,0.13151945623049976,True,"Immediate frozen motor receiver only; no body trajectory, support/history propagation or long-horizon benefit",210.0,240.0
FS-038,FS-038-wall-2-ageblock-240,fixed_ageblock_closest,wall-2,,,24649,24668,"[0.10898990418435128,0.14998020089896372]","[0.10898973494313433,0.14998044794652451]","[1.6924121692268868e-07,-2.470475607890821e-07]",3.676636111997639e-07,1.5565832410177615e-08,-5.6799443620692e-09,3.0152750796208494e-08,0.006316433943275168,-1.1687551239175642e-06,1.063563303677203e-07,0.05681950222813722,0.26473953806285166,True,"Immediate frozen motor receiver only; no body trajectory, support/history propagation or long-horizon benefit",240.0,270.0
FS-038,FS-038-wall-2-ageblock-270,fixed_ageblock_closest,wall-2,,,28217,28236,"[0.09945519965811474,0.0989373244332554]","[0.09945500515881509,0.09893757972407327]","[1.9449929964041046e-07,-2.5529081787850626e-07]",3.7158454604921454e-07,1.088083305730153e-08,-3.330782837041024e-09,2.6673076809757834e-08,0.004524415616741029,-1.3050645851969688e-06,1.0263563694786213e-07,0.038919242544935666,0.19556451769177752,True,"Immediate frozen motor receiver only; no body trajectory, support/history propagation or long-horizon benefit",270.0,300.0
FS-038,FS-038-wall-2-ageblock-300,fixed_ageblock_closest,wall-2,,,30110,30129,"[-0.09341978517631656,0.20302091183175341]","[-0.0934193597647695,0.20302114121924672]","[-4.254115470787856e-07,-2.293874932945972e-07]",5.060093417006926e-07,1.1313927390423778e-07,1.0836870273367438e-07,1.1758714337645193e-07,0.0022034539640572123,-1.2416755306568494e-06,-3.4502351935961325e-08,0.020177507284833633,0.2403150622787399,True,"Immediate frozen motor receiver only; no body trajectory, support/history propagation or long-horizon benefit",300.0,330.0
FS-038,FS-038-wall-2-ageblock-330,fixed_ageblock_closest,wall-2,,,35302,35321,"[0.16475910340160496,0.025873668659407538]","[0.16475878499662472,0.025873912291397395]","[3.1840498025542676e-07,-2.436319898503278e-07]",4.6999752189133336e-07,-8.59074513834962e-09,-1.8239724675073177e-08,-5.7953070398131246e-09,0.0027426431401550806,-1.1379251939516722e-06,1.5198889372078566e-07,0.028646461536858226,0.26441107698552613,True,"Immediate frozen motor receiver only; no body trajectory, support/history propagation or long-horizon benefit",330.0,360.0
FS-038,FS-038-wall-2-ageblock-360,fixed_ageblock_closest,wall-2,,,38050,38069,"[0.2037265194542998,0.03884839487781432]","[0.20372605172021516,0.038848642140803226]","[4.677340846012679e-07,-2.472629888977673e-07]",5.62305046204982e-07,-2.037417316108625e-08,-2.3397981222667008e-08,-1.666774586753239e-08,0.0028530872754549104,-1.1920627458895939e-06,1.8983231602373414e-07,0.032128975016036655,0.2974317982626077,True,"Immediate frozen motor receiver only; no body trajectory, support/history propagation or long-horizon benefit",360.0,390.0
FS-038,FS-038-wall-2-ageblock-390,fixed_ageblock_closest,wall-2,,,41603,41622,"[0.135371918565432,-0.018898070851247527]","[0.13537169403226568,-0.01889782179805504]","[2.2453316628617824e-07,-2.490531924818819e-07]",3.587734281741323e-07,1.898787190673934e-09,-4.734085189833648e-10,2.7571008965471266e-09,0.0011061309991928978,-1.1048511269345918e-06,1.0335949155700116e-07,0.012740044945175477,0.2769901672521914,True,"Immediate frozen motor receiver only; no body trajectory, support/history propagation or long-horizon benefit",390.0,420.0
FS-038,FS-038-wall-2-ageblock-420,fixed_ageblock_closest,wall-2,,,42807,42826,"[-0.004502376403709738,0.17717541795936956]","[-0.004502232657861821,0.1771756335564357]","[-1.4374584791848404e-07,-2.1559706619295183e-07]",2.836355767120346e-07,2.699072888731613e-08,2.3304438602836375e-08,3.0159493166759255e-08,0.001554007316531668,-1.142883129871819e-06,1.3816675326448668e-08,0.017555075046857164,0.2637816684328975,True,"Immediate frozen motor receiver only; no body trajectory, support/history propagation or long-horizon benefit",420.0,430.84316626881713
FS-044,FS-044-episode-001-approach,episode,repair-2,1,52.586560086268264,5239,5258,"[-0.008695628711372519,0.1630863828416667]","[-0.008695628711372519,0.1630863828416667]","[0.0,0.0]",0.0,0.0,0.0,0.0,0.02605796644751126,0.0,0.0,0.05338177983311152,0.000290787019757488,True,"Immediate frozen motor receiver only; no body trajectory, support/history propagation or long-horizon benefit",,
FS-044,FS-044-episode-002-approach,episode,repair-2,2,115.15529362732966,11496,11515,"[-0.15443898271863682,0.11830274071173152]","[-0.15443901312667863,0.11830283586605712]","[3.040804181231316e-08,-9.515432559809022e-08]",1.0146426480827241e-07,1.9574438766406522e-08,1.8401346800478446e-08,2.0614130655065288e-08,0.04818534044636867,3.0847788752563776e-07,-1.4184267531393096e-08,-0.011016576411601251,0.0006759588158651297,True,"Immediate frozen motor receiver only; no body trajectory, support/history propagation or long-horizon benefit",,
FS-044,FS-044-episode-003-approach,episode,repair-2,3,185.72783952057412,18553,18572,"[0.058532049714695625,-0.08297212152083769]","[0.05853216149537329,-0.08297213398725718]","[-1.1178067767653177e-07,1.2466419511969473e-08]",1.2048557877573756e-07,2.53635279199335e-08,2.2971433633750538e-08,2.6986610517434895e-08,0.0615794315674146,3.8184712140010293e-07,1.4579220413517337e-08,-0.006334867066598337,0.0009879260619491959,True,"Immediate frozen motor receiver only; no body trajectory, support/history propagation or long-horizon benefit",,
FS-044,FS-044-bout-001-approach,bout,repair-2,1,52.586560086268264,5239,5258,"[-0.008695628711372519,0.1630863828416667]","[-0.008695628711372519,0.1630863828416667]","[0.0,0.0]",0.0,0.0,0.0,0.0,0.02605796644751126,0.0,0.0,0.05338177983311152,0.000290787019757488,True,"Immediate frozen motor receiver only; no body trajectory, support/history propagation or long-horizon benefit",,
FS-044,FS-044-bout-002-approach,bout,repair-2,2,115.15529362732966,11496,11515,"[-0.15443898271863682,0.11830274071173152]","[-0.15443901312667863,0.11830283586605712]","[3.040804181231316e-08,-9.515432559809022e-08]",1.0146426480827241e-07,1.9574438766406522e-08,1.8401346800478446e-08,2.0614130655065288e-08,0.04818534044636867,3.0847788752563776e-07,-1.4184267531393096e-08,-0.011016576411601251,0.0006759588158651297,True,"Immediate frozen motor receiver only; no body trajectory, support/history propagation or long-horizon benefit",,
FS-044,FS-044-bout-003-approach,bout,repair-2,3,185.72783952057412,18553,18572,"[0.058532049714695625,-0.08297212152083769]","[0.05853216149537329,-0.08297213398725718]","[-1.1178067767653177e-07,1.2466419511969473e-08]",1.2048557877573756e-07,2.53635279199335e-08,2.2971433633750538e-08,2.6986610517434895e-08,0.0615794315674146,3.8184712140010293e-07,1.4579220413517337e-08,-0.006334867066598337,0.0009879260619491959,True,"Immediate frozen motor receiver only; no body trajectory, support/history propagation or long-horizon benefit",,
FS-044,FS-044-repair-2-ageblock-030,fixed_ageblock_closest,repair-2,,,5240,5259,"[-0.008134995566419858,0.16481032120304856]","[-0.008134995566419858,0.16481032120304856]","[0.0,0.0]",0.0,0.0,0.0,0.0,0.02526811637091228,0.0,0.0,0.05417069878143419,0.0001131328543593213,True,"Immediate frozen motor receiver only; no body trajectory, support/history propagation or long-horizon benefit",52.586560086268264,60.0
FS-044,FS-044-repair-2-ageblock-060,fixed_ageblock_closest,repair-2,,,8822,8841,"[0.12524306188782003,0.1151314825557703]","[0.12524310302544972,0.11513157640073553]","[-4.113762965968215e-08,-9.384496524114661e-08]",1.1139932538270115e-07,4.3472521610993245e-08,3.822895371097257e-08,4.725749681855351e-08,0.009598669040973987,3.0642631675820153e-07,-2.1760091309730298e-09,0.07749397098712275,0.0016549163328605232,True,"Immediate frozen motor receiver only; no body trajectory, support/history propagation or long-horizon benefit",60.0,90.0
FS-044,FS-044-repair-2-ageblock-090,fixed_ageblock_closest,repair-2,,,11497,11516,"[-0.15339922090277106,0.1187846739743108]","[-0.15339925103482477,0.11878476922942256]","[3.013205369245542e-08,-9.525511176361467e-08]",1.0146426480827241e-07,1.969091187551536e-08,1.864863006031947e-08,2.0730808982655224e-08,0.04781451751112756,3.0801969911342655e-07,-1.4042332234435067e-08,-0.010552273522684008,0.0002332825590514176,True,"Immediate frozen motor receiver only; no body trajectory, support/history propagation or long-horizon benefit",90.0,120.0
FS-044,FS-044-repair-2-ageblock-120,fixed_ageblock_closest,repair-2,,,12384,12403,"[0.15444140513815266,0.056075009037372524]","[0.15444150242580848,0.056075153348780146]","[-9.728765585498289e-08,-1.4431140762903583e-07]",1.9460299426564686e-07,7.195412954665026e-08,6.619283934861109e-08,7.896742525159706e-08,0.0074567931095286585,3.981594788343701e-07,-3.6054864073712366e-09,0.06294741995019056,0.02196271262941707,True,"Immediate frozen motor receiver only; no body trajectory, support/history propagation or long-horizon benefit",120.0,150.0
FS-044,FS-044-repair-2-ageblock-150,fixed_ageblock_closest,repair-2,,,15099,15118,"[0.10334709423850086,0.09922386968283596]","[0.10334720559609756,0.09922406148086298]","[-1.1135759674860135e-07,-1.917980270126074e-07]",2.2886426873175157e-07,8.421930300477054e-08,8.333695980522471e-08,8.663363523786494e-08,0.006434281307033329,4.1229572051992846e-07,-1.0198745919422513e-08,0.05701434036409493,0.01958406906076604,True,"Immediate frozen motor receiver only; no body trajectory, support/history propagation or long-horizon benefit",150.0,180.0
FS-044,FS-044-repair-2-ageblock-180,fixed_ageblock_closest,repair-2,,,18554,18573,"[0.06150815447397255,-0.08165923885076622]","[0.06150826563794707,-0.08165924988332574]","[-1.1116397451889359e-07,1.1032559543711073e-08]",1.198501208569521e-07,2.5569336109954998e-08,2.3406307989026764e-08,2.7087597434180544e-08,0.06102894094826141,3.8176651565510753e-07,1.4389172839047821e-08,-0.005224482422015659,0.0004320313599812664,True,"Immediate frozen motor receiver only; no body trajectory, support/history propagation or long-horizon benefit",180.0,210.0
FS-044,FS-044-repair-2-ageblock-210,fixed_ageblock_closest,repair-2,,,21405,21424,"[0.1355851059559519,0.144947670949012]","[0.1355849059734686,0.144947446616968]","[1.9998248331001832e-07,2.2433204398542018e-07]",3.5723078004595064e-07,-9.73647694052504e-08,-1.1591947708666783e-07,-8.234240103655033e-08,0.008118321297239021,-1.5993400878683283e-06,4.911173659751824e-09,0.06742155810833556,0.12594725188284173,True,"Immediate frozen motor receiver only; no body trajectory, support/history propagation or long-horizon benefit",210.0,240.0
FS-044,FS-044-repair-2-ageblock-240,fixed_ageblock_closest,repair-2,,,26956,26975,"[-0.011148366706287676,0.17752952070431005]","[-0.011148285254055073,0.1775292377511956]","[-8.145223260669701e-08,2.82953114413842e-07]",2.997449759804326e-07,-3.993188574333978e-08,-5.086360798517431e-08,-2.8746431901538472e-08,0.004309555146243821,-1.5392029765227966e-06,5.091030567081477e-08,0.0339862977867225,0.10480716012236613,True,"Immediate frozen motor receiver only; no body trajectory, support/history propagation or long-horizon benefit",240.0,270.0
FS-044,FS-044-repair-2-ageblock-270,fixed_ageblock_closest,repair-2,,,26982,27001,"[0.07253632189785564,0.1923724897335364]","[0.07253625544851001,0.19237212026417969]","[6.644934563079797e-08,3.6946935670911786e-07]",4.021801755049246e-07,-8.671653389732969e-08,-1.0305362689588815e-07,-6.96636329663991e-08,-0.006324999069363289,-1.606055805056933e-06,3.8771210310627044e-08,0.05405527939126299,0.10486778726777857,True,"Immediate frozen motor receiver only; no body trajectory, support/history propagation or long-horizon benefit",270.0,300.0
FS-044,FS-044-repair-2-ageblock-300,fixed_ageblock_closest,repair-2,,,31257,31276,"[0.16643704051130617,0.04531553122712167]","[0.1664368162206126,0.045315506449148064]","[2.242906935651101e-07,2.477797360171674e-08]",2.3485653427829672e-07,-4.355084887719407e-08,-4.633695821487649e-08,-4.159507772938387e-08,0.00425918541900389,-1.5860322220506707e-06,-1.2192312448274083e-08,0.037315829333371874,0.1978882810786402,True,"Immediate frozen motor receiver only; no body trajectory, support/history propagation or long-horizon benefit",300.0,330.0
FS-044,FS-044-repair-2-ageblock-330,fixed_ageblock_closest,repair-2,,,34035,34054,"[0.198653172888131,0.06359488191509434]","[0.1986528815049097,0.06359483457365625]","[2.9138322131944116e-07,4.734143808672597e-08]",3.2237050437971055e-07,-5.34788421661242e-08,-6.376589287843126e-08,-4.5915225121984093e-08,0.004979214446550687,-1.5243708732584627e-06,-4.693892025418548e-09,0.04144690406071149,0.16132793487807007,True,"Immediate frozen motor receiver only; no body trajectory, support/history propagation or long-horizon benefit",330.0,360.0
FS-044,FS-044-repair-2-ageblock-360,fixed_ageblock_closest,repair-2,,,35982,36001,"[-0.13880394559204035,0.26487447344888804]","[-0.1388036210747195,0.2648740312682269]","[-3.245173208696328e-07,4.421806611615287e-07]",6.119645882824564e-07,-1.7124155704106164e-08,-3.196593046511653e-08,-8.063997757740138e-09,-0.002198503533539495,-1.550418750222854e-06,-5.768574726179414e-09,0.01833141395985565,0.1842550738995392,True,"Immediate frozen motor receiver only; no body trajectory, support/history propagation or long-horizon benefit",360.0,390.0
FS-044,FS-044-repair-2-ageblock-390,fixed_ageblock_closest,repair-2,,,39566,39585,"[-0.014626909261350459,0.12463101944235444]","[-0.014626826179350617,0.1246308482506131]","[-8.308199984370483e-08,1.7119174130983407e-07]",2.58079045021837e-07,-1.0715351466544788e-08,-2.2599122184718823e-08,-4.528850783974692e-09,0.0017201485707576416,-1.5224509032352174e-06,-7.324068631582884e-09,0.013420493770487405,0.19133139844611335,True,"Immediate frozen motor receiver only; no body trajectory, support/history propagation or long-horizon benefit",390.0,420.0
FS-044,FS-044-repair-2-ageblock-420,fixed_ageblock_closest,repair-2,,,42943,42962,"[-0.24342488356430664,0.005016980016459963]","[-0.24342444684536915,0.005017048596718211]","[-4.3671893752150746e-07,-6.858025824769834e-08]",4.5223689772001686e-07,5.0066790598449205e-08,4.5767001220081704e-08,5.4722519252092816e-08,0.027293894005602243,-1.446953123893091e-06,-1.3467672571639018e-08,-0.023823870410465745,0.24416453611778266,True,"Immediate frozen motor receiver only; no body trajectory, support/history propagation or long-horizon benefit",420.0,429.61922193592056
