kind,life,query_age,k,early_count,late_count,paired_dispersion_available,early_action_dispersion,early_mean_common,early_mean_differential,early_mean_omega,early_collision_fraction,early_productive_fraction,early_matched_ages,late_action_dispersion,late_mean_common,late_mean_differential,late_mean_omega,late_collision_fraction,late_productive_fraction,late_matched_ages
generic_contact_free,RS-M1-001,5.009999999999938,3,3,0,False,0.013973694275106004,-0.05993563184246245,-0.043311025776177535,-0.04038030518283995,0.0,0.0,30.000000;42.000000;19.000000,,,,,,,
chemical_imbalance,RS-M1-001,5.009999999999938,3,3,0,False,0.013973694275106004,-0.05993563184246245,-0.043311025776177535,-0.04038030518283995,0.0,0.0,30.000000;42.000000;19.000000,,,,,,,
generic_contact_free,RS-M1-001,5.009999999999938,5,3,0,False,0.013973694275106004,-0.05993563184246245,-0.043311025776177535,-0.04038030518283995,0.0,0.0,30.000000;42.000000;19.000000,,,,,,,
chemical_imbalance,RS-M1-001,5.009999999999938,5,3,0,False,0.013973694275106004,-0.05993563184246245,-0.043311025776177535,-0.04038030518283995,0.0,0.0,30.000000;42.000000;19.000000,,,,,,,
generic_contact_free,RS-M1-001,35.000000000001606,3,3,0,False,0.010599862055027527,0.012073628606611353,0.05743531458335271,0.06536704230416111,0.0,0.0,96.000000;9.010000;80.000000,,,,,,,
generic_contact_free,RS-M1-001,35.000000000001606,5,5,0,False,0.02073605107215088,-0.00771740163605886,0.000755046197066811,-0.012920724874220597,0.0,0.0,96.000000;9.010000;80.000000;68.010000;58.010000,,,,,,,
generic_contact_free,RS-M1-001,65.00999999999635,3,3,0,False,0.010168150346459473,-0.025733824828335607,-0.05510824567036927,-0.07536924351721501,0.0,0.0,22.000000;81.000000;41.000000,,,,,,,
generic_contact_free,RS-M1-001,65.00999999999635,5,5,0,False,0.007997733914363321,-0.006638167533541068,-0.026734447304131003,-0.043458250670366176,0.0,0.0,22.000000;81.000000;41.000000;107.000000;95.000000,,,,,,,
generic_contact_free,RS-M1-001,95.0000000000117,3,3,0,False,0.013590099333392506,-0.027734888813989667,0.08026792578124796,0.08170410507227747,0.0,0.0,69.010000;130.000000;34.000000,,,,,,,
chemical_imbalance,RS-M1-001,95.0000000000117,3,3,0,False,0.013590099333392506,-0.027734888813989667,0.08026792578124796,0.08170410507227747,0.0,0.0,69.010000;130.000000;34.000000,,,,,,,
generic_contact_free,RS-M1-001,95.0000000000117,5,5,0,False,0.009710832505928621,0.0004064602047003485,0.06035551792643434,0.050520258008300865,0.0,0.0,69.010000;130.000000;34.000000;80.000000;108.000000,,,,,,,
chemical_imbalance,RS-M1-001,95.0000000000117,5,5,0,False,0.009710832505928621,0.0004064602047003485,0.06035551792643434,0.050520258008300865,0.0,0.0,69.010000;130.000000;34.000000;80.000000;108.000000,,,,,,,
generic_contact_free,RS-M1-001,125.00000000002704,3,0,0,False,,,,,,,,,,,,,,
generic_contact_free,RS-M1-001,125.00000000002704,5,0,0,False,,,,,,,,,,,,,,
generic_contact_free,RS-M1-001,155.000000000004,3,3,0,False,0.005322021124762212,0.03833508359790463,0.13960080330573585,0.17071080510390838,0.0,0.0,178.010000;99.000000;132.000000,,,,,,,
chemical_imbalance,RS-M1-001,155.000000000004,3,3,0,False,0.005322021124762212,0.03833508359790463,0.13960080330573585,0.17071080510390838,0.0,0.0,178.010000;99.000000;132.000000,,,,,,,
generic_contact_free,RS-M1-001,155.000000000004,5,5,0,False,0.011388070386222676,-0.009912481293153474,0.11991590804788561,0.1373792120949724,0.0,0.0,178.010000;99.000000;132.000000;144.000000;165.010000,,,,,,,
chemical_imbalance,RS-M1-001,155.000000000004,5,5,0,False,0.011388070386222676,-0.009912481293153474,0.11991590804788561,0.1373792120949724,0.0,0.0,178.010000;99.000000;132.000000;144.000000;165.010000,,,,,,,
generic_contact_free,RS-M1-001,185.0099999999767,3,0,0,False,,,,,,,,,,,,,,
generic_contact_free,RS-M1-001,185.0099999999767,5,0,0,False,,,,,,,,,,,,,,
generic_contact_free,RS-M1-001,215.00999999994943,3,3,0,False,0.02131163639257085,-0.05049559541977622,-0.05211032372887562,-0.027891080250434696,0.3333333333333333,0.0,232.010000;269.010000;162.010000,,,,,,,
chemical_imbalance,RS-M1-001,215.00999999994943,3,3,0,False,0.02131163639257085,-0.05049559541977622,-0.05211032372887562,-0.027891080250434696,0.3333333333333333,0.0,232.010000;269.010000;162.010000,,,,,,,
generic_contact_free,RS-M1-001,215.00999999994943,5,3,0,False,0.02131163639257085,-0.05049559541977622,-0.05211032372887562,-0.027891080250434696,0.3333333333333333,0.0,232.010000;269.010000;162.010000,,,,,,,
chemical_imbalance,RS-M1-001,215.00999999994943,5,3,0,False,0.02131163639257085,-0.05049559541977622,-0.05211032372887562,-0.027891080250434696,0.3333333333333333,0.0,232.010000;269.010000;162.010000,,,,,,,
generic_contact_free,RS-M1-001,245.00999999992214,3,0,0,False,,,,,,,,,,,,,,
generic_contact_free,RS-M1-001,245.00999999992214,5,0,0,False,,,,,,,,,,,,,,
generic_contact_free,RS-M1-001,275.0099999998949,3,3,0,False,0.010753839345102956,-0.05945079251304098,0.0007223440703645381,0.025987759664866137,0.6666666666666666,0.0,264.010000;294.010000;241.010000,,,,,,,
generic_contact_free,RS-M1-001,275.0099999998949,5,5,0,False,0.015192268397017995,0.00471675412791594,0.02617005467634944,0.03610890845909742,0.4,0.0,264.010000;294.010000;241.010000;322.010000;307.010000,,,,,,,
generic_contact_free,RS-M1-001,305.0099999998676,3,0,0,False,,,,,,,,,,,,,,
generic_contact_free,RS-M1-001,305.0099999998676,5,0,0,False,,,,,,,,,,,,,,
generic_contact_free,RS-M1-001,335.0099999998403,3,3,0,False,0.012640132266592921,-0.10796365792521789,-0.03334173999283541,-0.027360355026936244,0.3333333333333333,0.0,389.010000;352.010000;297.010000,,,,,,,
low_E,RS-M1-001,335.0099999998403,3,3,0,False,0.012640132266592921,-0.10796365792521789,-0.03334173999283541,-0.027360355026936244,0.3333333333333333,0.0,389.010000;352.010000;297.010000,,,,,,,
generic_contact_free,RS-M1-001,335.0099999998403,5,5,0,False,0.01731625565795742,-0.06182270904927014,-0.044277710818820606,-0.030029416399518928,0.2,0.0,389.010000;352.010000;297.010000;320.010000;365.010000,,,,,,,
low_E,RS-M1-001,335.0099999998403,5,5,0,False,0.01731625565795742,-0.06182270904927014,-0.044277710818820606,-0.030029416399518928,0.2,0.0,389.010000;352.010000;297.010000;320.010000;365.010000,,,,,,,
generic_contact_free,RS-M1-001,365.00999999981303,3,3,0,False,0.007720389331298188,0.004991344457730039,-0.11812294474993786,-0.05403245385136752,0.0,0.0,347.010000;383.010000;415.010000,,,,,,,
low_E,RS-M1-001,365.00999999981303,3,3,0,False,0.007720389331298188,0.004991344457730039,-0.11812294474993786,-0.05403245385136752,0.0,0.0,347.010000;383.010000;415.010000,,,,,,,
chemical_imbalance,RS-M1-001,365.00999999981303,3,3,0,False,0.007720389331298188,0.004991344457730039,-0.11812294474993786,-0.05403245385136752,0.0,0.0,347.010000;383.010000;415.010000,,,,,,,
generic_contact_free,RS-M1-001,365.00999999981303,5,5,0,False,0.011293366278659213,-0.020089149291062626,-0.0697245365213631,-0.038817492328920775,0.0,0.0,347.010000;383.010000;415.010000;333.010000;319.010000,,,,,,,
low_E,RS-M1-001,365.00999999981303,5,5,0,False,0.011293366278659213,-0.020089149291062626,-0.0697245365213631,-0.038817492328920775,0.0,0.0,347.010000;383.010000;415.010000;333.010000;319.010000,,,,,,,
chemical_imbalance,RS-M1-001,365.00999999981303,5,5,0,False,0.011293366278659213,-0.020089149291062626,-0.0697245365213631,-0.038817492328920775,0.0,0.0,347.010000;383.010000;415.010000;333.010000;319.010000,,,,,,,
generic_contact_free,RS-M1-001,395.00999999978575,3,1,0,False,,0.04468576023106248,-0.033482838612526405,-0.0005947156867137064,0.0,0.0,407.010000,,,,,,,
low_E,RS-M1-001,395.00999999978575,3,1,0,False,,0.04468576023106248,-0.033482838612526405,-0.0005947156867137064,0.0,0.0,407.010000,,,,,,,
generic_contact_free,RS-M1-001,395.00999999978575,5,1,0,False,,0.04468576023106248,-0.033482838612526405,-0.0005947156867137064,0.0,0.0,407.010000,,,,,,,
low_E,RS-M1-001,395.00999999978575,5,1,0,False,,0.04468576023106248,-0.033482838612526405,-0.0005947156867137064,0.0,0.0,407.010000,,,,,,,
generic_contact_free,RS-M1-001,425.00999999975846,3,1,0,False,,0.073275437087097,-0.061900015265932494,-0.011753233935986701,0.0,0.0,413.010000,,,,,,,
low_E,RS-M1-001,425.00999999975846,3,1,0,False,,0.073275437087097,-0.061900015265932494,-0.011753233935986701,0.0,0.0,413.010000,,,,,,,
generic_contact_free,RS-M1-001,425.00999999975846,5,1,0,False,,0.073275437087097,-0.061900015265932494,-0.011753233935986701,0.0,0.0,413.010000,,,,,,,
low_E,RS-M1-001,425.00999999975846,5,1,0,False,,0.073275437087097,-0.061900015265932494,-0.011753233935986701,0.0,0.0,413.010000,,,,,,,
generic_contact_free,RS-M1-001,455.0047888557905,3,3,0,False,0.014420834214852258,0.015471517403489175,0.10831971565551683,0.13231105384603578,0.0,0.0,466.004789;433.004789;498.004789,,,,,,,
chemical_imbalance,RS-M1-001,455.0047888557905,3,3,0,False,0.014420834214852258,0.015471517403489175,0.10831971565551683,0.13231105384603578,0.0,0.0,466.004789;433.004789;498.004789,,,,,,,
generic_contact_free,RS-M1-001,455.0047888557905,5,4,0,False,0.011278717744714862,0.030816338584098588,0.0948756266208595,0.10003916021018462,0.0,0.0,466.004789;433.004789;498.004789;516.004789,,,,,,,
chemical_imbalance,RS-M1-001,455.0047888557905,5,4,0,False,0.011278717744714862,0.030816338584098588,0.0948756266208595,0.10003916021018462,0.0,0.0,466.004789;433.004789;498.004789;516.004789,,,,,,,
generic_contact_free,RS-M1-001,485.0047888557632,3,1,0,False,,0.06500475047873124,-0.03399480765353746,-0.04751952565286182,0.0,0.0,515.004789,,,,,,,
generic_contact_free,RS-M1-001,485.0047888557632,5,1,0,False,,0.06500475047873124,-0.03399480765353746,-0.04751952565286182,0.0,0.0,515.004789,,,,,,,
generic_contact_free,RS-M1-001,515.0047888557359,3,3,0,False,0.035133687688119614,-0.0032086808952106007,0.002363315015372467,-0.009966485965495153,0.0,0.0,485.004789;498.004789;458.004789,,,,,,,
generic_contact_free,RS-M1-001,515.0047888557359,5,5,0,False,0.030829261203642835,0.008438808346305055,-0.005053770940151678,-0.013318387207932303,0.2,0.0,485.004789;498.004789;458.004789;556.004789;526.004789,,,,,,,
generic_contact_free,RS-M1-001,545.0047888557086,3,1,0,False,,-0.1375582565494186,-0.09455101926651945,-0.09605748737181148,0.0,0.0,488.004789,,,,,,,
chemical_imbalance,RS-M1-001,545.0047888557086,3,1,0,False,,-0.1375582565494186,-0.09455101926651945,-0.09605748737181148,0.0,0.0,488.004789,,,,,,,
generic_contact_free,RS-M1-001,545.0047888557086,5,1,0,False,,-0.1375582565494186,-0.09455101926651945,-0.09605748737181148,0.0,0.0,488.004789,,,,,,,
chemical_imbalance,RS-M1-001,545.0047888557086,5,1,0,False,,-0.1375582565494186,-0.09455101926651945,-0.09605748737181148,0.0,0.0,488.004789,,,,,,,
generic_contact_free,RS-M1-001,575.0047888556813,3,3,0,False,0.02816638608845095,-0.025788667366500668,0.046835265944484256,0.04347953137467636,0.3333333333333333,0.0,539.004789;517.004789;556.004789,,,,,,,
chemical_imbalance,RS-M1-001,575.0047888556813,3,3,0,False,0.02816638608845095,-0.025788667366500668,0.046835265944484256,0.04347953137467636,0.3333333333333333,0.0,539.004789;517.004789;556.004789,,,,,,,
generic_contact_free,RS-M1-001,575.0047888556813,5,4,0,False,0.0211281087548193,-0.03837141736064814,0.026115615612465747,0.021931446901294956,0.5,0.0,539.004789;517.004789;556.004789;593.004789,,,,,,,
chemical_imbalance,RS-M1-001,575.0047888556813,5,4,0,False,0.0211281087548193,-0.03837141736064814,0.026115615612465747,0.021931446901294956,0.5,0.0,539.004789;517.004789;556.004789;593.004789,,,,,,,
generic_contact_free,RS-M1-002,5.009999999999938,3,3,0,False,0.014051670257458106,-0.01388467331813001,0.025153398837644003,0.0394492325910096,0.0,0.0,29.000000;48.010000;63.010000,,,,,,,
generic_contact_free,RS-M1-002,5.009999999999938,5,3,0,False,0.014051670257458106,-0.01388467331813001,0.025153398837644003,0.0394492325910096,0.0,0.0,29.000000;48.010000;63.010000,,,,,,,
generic_contact_free,RS-M1-002,35.000000000001606,3,3,0,False,0.012443070932037382,-0.00784164116084216,0.032931282320001316,0.05174041549111317,0.0,0.0,80.000000;14.010000;49.010000,,,,,,,
generic_contact_free,RS-M1-002,35.000000000001606,5,5,0,False,0.00899999430617829,-0.0026070350607517003,0.010190280562145429,0.031558184088566116,0.0,0.0,80.000000;14.010000;49.010000;3.010000;62.010000,,,,,,,
generic_contact_free,RS-M1-002,65.00999999999635,3,3,0,False,0.009173667978030684,0.004147022473681469,-0.04598044025221907,-0.07672412071040355,0.0,0.0,17.010000;78.000000;33.000000,,,,,,,
chemical_imbalance,RS-M1-002,65.00999999999635,3,3,0,False,0.009173667978030684,0.004147022473681469,-0.04598044025221907,-0.07672412071040355,0.0,0.0,17.010000;78.000000;33.000000,,,,,,,
generic_contact_free,RS-M1-002,65.00999999999635,5,5,0,False,0.01384969065974539,0.005572614544874776,-0.007651909762879913,-0.018893516478844113,0.0,0.0,17.010000;78.000000;33.000000;4.010000;44.010000,,,,,,,
chemical_imbalance,RS-M1-002,65.00999999999635,5,5,0,False,0.01384969065974539,0.005572614544874776,-0.007651909762879913,-0.018893516478844113,0.0,0.0,17.010000;78.000000;33.000000;4.010000;44.010000,,,,,,,
generic_contact_free,RS-M1-002,95.0000000000117,3,3,0,False,0.003106590640773615,0.17657869095272516,-0.030142489276694957,-0.029014376825962983,0.0,0.0,105.000000;85.000000;115.000000,,,,,,,
generic_contact_free,RS-M1-002,95.0000000000117,5,5,0,False,0.027382858289871765,0.06645859531862766,-0.012179882659543973,-0.00953963800775513,0.0,0.0,105.000000;85.000000;115.000000;62.010000;37.000000,,,,,,,
generic_contact_free,RS-M1-002,125.00000000002704,3,3,0,False,0.011947203042184641,-0.007918086480624231,-0.03995863619178605,-0.024550043272597428,0.3333333333333333,0.0,186.010000;80.000000;160.010000,,,,,,,
chemical_imbalance,RS-M1-002,125.00000000002704,3,3,0,False,0.011947203042184641,-0.007918086480624231,-0.03995863619178605,-0.024550043272597428,0.3333333333333333,0.0,186.010000;80.000000;160.010000,,,,,,,
generic_contact_free,RS-M1-002,125.00000000002704,5,4,0,False,0.010718655302510914,0.00043402214335327115,-0.06483242963247851,-0.05882459077632412,0.25,0.0,186.010000;80.000000;160.010000;69.010000,,,,,,,
chemical_imbalance,RS-M1-002,125.00000000002704,5,4,0,False,0.010718655302510914,0.00043402214335327115,-0.06483242963247851,-0.05882459077632412,0.25,0.0,186.010000;80.000000;160.010000;69.010000,,,,,,,
generic_contact_free,RS-M1-002,155.000000000004,3,3,0,False,0.00924802947913929,-0.0803551475039347,-0.04451189631918972,-0.033173555256374006,0.3333333333333333,0.0,211.010000;180.010000;191.010000,,,,,,,
chemical_imbalance,RS-M1-002,155.000000000004,3,3,0,False,0.00924802947913929,-0.0803551475039347,-0.04451189631918972,-0.033173555256374006,0.3333333333333333,0.0,211.010000;180.010000;191.010000,,,,,,,
generic_contact_free,RS-M1-002,155.000000000004,5,5,0,False,0.008514579759399512,-0.08886223011829317,-0.044420489151688794,-0.038677104165152104,0.2,0.0,211.010000;180.010000;191.010000;140.000000;123.000000,,,,,,,
chemical_imbalance,RS-M1-002,155.000000000004,5,5,0,False,0.008514579759399512,-0.08886223011829317,-0.044420489151688794,-0.038677104165152104,0.2,0.0,211.010000;180.010000;191.010000;140.000000;123.000000,,,,,,,
generic_contact_free,RS-M1-002,185.0099999999767,3,3,0,False,0.021213230892073894,-0.06268151078456215,-0.05680405025271953,-0.035854590606023536,0.3333333333333333,0.0,206.010000;160.010000;222.010000,,,,,,,
chemical_imbalance,RS-M1-002,185.0099999999767,3,3,0,False,0.021213230892073894,-0.06268151078456215,-0.05680405025271953,-0.035854590606023536,0.3333333333333333,0.0,206.010000;160.010000;222.010000,,,,,,,
generic_contact_free,RS-M1-002,185.0099999999767,5,5,0,False,0.022456800648839627,-0.030120407652369563,0.014761550217905563,0.0165767663029618,0.2,0.0,206.010000;160.010000;222.010000;126.000000;245.010000,,,,,,,
chemical_imbalance,RS-M1-002,185.0099999999767,5,5,0,False,0.022456800648839627,-0.030120407652369563,0.014761550217905563,0.0165767663029618,0.2,0.0,206.010000;160.010000;222.010000;126.000000;245.010000,,,,,,,
generic_contact_free,RS-M1-002,215.00999999994943,3,3,0,False,0.0039839173925358354,-0.07341317603092229,-0.07847373783026856,-0.054793619643132764,0.3333333333333333,0.0,180.010000;154.000000;191.010000,,,,,,,
chemical_imbalance,RS-M1-002,215.00999999994943,3,3,0,False,0.0039839173925358354,-0.07341317603092229,-0.07847373783026856,-0.054793619643132764,0.3333333333333333,0.0,180.010000;154.000000;191.010000,,,,,,,
generic_contact_free,RS-M1-002,215.00999999994943,5,5,0,False,0.009288531439267177,-0.10547235427646103,-0.02970261087640109,-0.018135308189453088,0.2,0.0,180.010000;154.000000;191.010000;268.010000;169.010000,,,,,,,
chemical_imbalance,RS-M1-002,215.00999999994943,5,5,0,False,0.009288531439267177,-0.10547235427646103,-0.02970261087640109,-0.018135308189453088,0.2,0.0,180.010000;154.000000;191.010000;268.010000;169.010000,,,,,,,
generic_contact_free,RS-M1-002,245.00999999992214,3,3,0,False,0.02471808015358233,-0.057721112089241224,0.025878739070136464,0.029094498894714712,0.3333333333333333,0.0,284.010000;260.010000;298.010000,,,,,,,
generic_contact_free,RS-M1-002,245.00999999992214,5,5,0,False,0.015054789514544,-0.061536524692072346,0.04674981935078409,0.052812593721775505,0.2,0.0,284.010000;260.010000;298.010000;272.010000;206.010000,,,,,,,
generic_contact_free,RS-M1-002,275.0099999998949,3,3,0,False,0.023390824005326587,-0.008815681045995052,0.07017352867819147,0.060653339384500654,0.3333333333333333,0.0,249.010000;294.010000;321.010000,,,,,,,
chemical_imbalance,RS-M1-002,275.0099999998949,3,3,0,False,0.023390824005326587,-0.008815681045995052,0.07017352867819147,0.060653339384500654,0.3333333333333333,0.0,249.010000;294.010000;321.010000,,,,,,,
generic_contact_free,RS-M1-002,275.0099999998949,5,5,0,False,0.026198658390067367,-0.007089549726425172,0.03926403657978139,0.039297368977257996,0.2,0.0,249.010000;294.010000;321.010000;260.010000;308.010000,,,,,,,
chemical_imbalance,RS-M1-002,275.0099999998949,5,5,0,False,0.026198658390067367,-0.007089549726425172,0.03926403657978139,0.039297368977257996,0.2,0.0,249.010000;294.010000;321.010000;260.010000;308.010000,,,,,,,
generic_contact_free,RS-M1-002,305.0099999998676,3,3,0,False,0.016761566907566628,0.02078885592992226,-0.042792796325840786,-0.029273037108530176,0.0,0.0,353.010000;293.010000;366.010000,,,,,,,
generic_contact_free,RS-M1-002,305.0099999998676,5,5,0,False,0.017970180538243334,-0.006670991059691346,-0.04295994456661566,-0.026869143276416558,0.0,0.0,353.010000;293.010000;366.010000;274.010000;337.010000,,,,,,,
generic_contact_free,RS-M1-002,335.0099999998403,3,3,0,False,0.004114425407716834,0.01047110171522996,-0.15790929832874276,-0.0780655115653384,0.0,0.0,384.010000;305.010000;371.010000,,,,,,,
low_E,RS-M1-002,335.0099999998403,3,3,0,False,0.004114425407716834,0.01047110171522996,-0.15790929832874276,-0.0780655115653384,0.0,0.0,384.010000;305.010000;371.010000,,,,,,,
chemical_imbalance,RS-M1-002,335.0099999998403,3,3,0,False,0.004114425407716834,0.01047110171522996,-0.15790929832874276,-0.0780655115653384,0.0,0.0,384.010000;305.010000;371.010000,,,,,,,
generic_contact_free,RS-M1-002,335.0099999998403,5,5,0,False,0.008379595860489156,0.014006801329701618,-0.12779978171353198,-0.06604736732713062,0.0,0.0,384.010000;305.010000;371.010000;346.010000;358.010000,,,,,,,
low_E,RS-M1-002,335.0099999998403,5,5,0,False,0.008379595860489156,0.014006801329701618,-0.12779978171353198,-0.06604736732713062,0.0,0.0,384.010000;305.010000;371.010000;346.010000;358.010000,,,,,,,
chemical_imbalance,RS-M1-002,335.0099999998403,5,5,0,False,0.008379595860489156,0.014006801329701618,-0.12779978171353198,-0.06604736732713062,0.0,0.0,384.010000;305.010000;371.010000;346.010000;358.010000,,,,,,,
generic_contact_free,RS-M1-002,365.00999999981303,3,3,0,False,0.015492899342955427,-0.01920110829665872,-0.09574005889493094,-0.05684069835790049,0.0,0.0,353.010000;306.010000;378.010000,,,,,,,
low_E,RS-M1-002,365.00999999981303,3,3,0,False,0.015492899342955427,-0.01920110829665872,-0.09574005889493094,-0.05684069835790049,0.0,0.0,353.010000;306.010000;378.010000,,,,,,,
generic_contact_free,RS-M1-002,365.00999999981303,5,5,0,False,0.01781234952347937,-0.011011451128212044,-0.08287967632390415,-0.04767492489534188,0.0,0.0,353.010000;306.010000;378.010000;318.010000;391.010000,,,,,,,
low_E,RS-M1-002,365.00999999981303,5,5,0,False,0.01781234952347937,-0.011011451128212044,-0.08287967632390415,-0.04767492489534188,0.0,0.0,353.010000;306.010000;378.010000;318.010000;391.010000,,,,,,,
generic_contact_free,RS-M1-002,395.00999999978575,3,3,0,False,0.01568209895396985,-0.07778653485724639,-0.07701841718685605,-0.0421505511762937,0.0,0.0,424.010000;353.010000;381.010000,,,,,,,
low_E,RS-M1-002,395.00999999978575,3,3,0,False,0.01568209895396985,-0.07778653485724639,-0.07701841718685605,-0.0421505511762937,0.0,0.0,424.010000;353.010000;381.010000,,,,,,,
chemical_imbalance,RS-M1-002,395.00999999978575,3,3,0,False,0.01568209895396985,-0.07778653485724639,-0.07701841718685605,-0.0421505511762937,0.0,0.0,424.010000;353.010000;381.010000,,,,,,,
generic_contact_free,RS-M1-002,395.00999999978575,5,5,0,False,0.01872837084857787,-0.07348763347730632,-0.06552247046761413,-0.03836254059155595,0.0,0.0,424.010000;353.010000;381.010000;370.010000;408.010000,,,,,,,
low_E,RS-M1-002,395.00999999978575,5,5,0,False,0.01872837084857787,-0.07348763347730632,-0.06552247046761413,-0.03836254059155595,0.0,0.0,424.010000;353.010000;381.010000;370.010000;408.010000,,,,,,,
chemical_imbalance,RS-M1-002,395.00999999978575,5,5,0,False,0.01872837084857787,-0.07348763347730632,-0.06552247046761413,-0.03836254059155595,0.0,0.0,424.010000;353.010000;381.010000;370.010000;408.010000,,,,,,,
generic_contact_free,RS-M1-002,425.00999999975846,3,3,0,False,0.011752443652518471,-0.11595689934983937,-0.0984923861893655,-0.04213894995538237,0.0,0.0,401.010000;379.010000;390.010000,,,,,,,
low_E,RS-M1-002,425.00999999975846,3,3,0,False,0.011752443652518471,-0.11595689934983937,-0.0984923861893655,-0.04213894995538237,0.0,0.0,401.010000;379.010000;390.010000,,,,,,,
chemical_imbalance,RS-M1-002,425.00999999975846,3,3,0,False,0.011752443652518471,-0.11595689934983937,-0.0984923861893655,-0.04213894995538237,0.0,0.0,401.010000;379.010000;390.010000,,,,,,,
generic_contact_free,RS-M1-002,425.00999999975846,5,5,0,False,0.014806355903795886,-0.07901553749521117,-0.10099626050246864,-0.042996299766081755,0.0,0.0,401.010000;379.010000;390.010000;414.010000;368.010000,,,,,,,
low_E,RS-M1-002,425.00999999975846,5,5,0,False,0.014806355903795886,-0.07901553749521117,-0.10099626050246864,-0.042996299766081755,0.0,0.0,401.010000;379.010000;390.010000;414.010000;368.010000,,,,,,,
chemical_imbalance,RS-M1-002,425.00999999975846,5,5,0,False,0.014806355903795886,-0.07901553749521117,-0.10099626050246864,-0.042996299766081755,0.0,0.0,401.010000;379.010000;390.010000;414.010000;368.010000,,,,,,,
generic_contact_free,RS-M1-002,455.00776683631483,3,3,0,False,0.01530781606709868,0.106174530089638,-0.024743223646670993,-0.008573153239988576,0.0,0.0,466.007767;515.007767;484.007767,,,,,,,
generic_contact_free,RS-M1-002,455.00776683631483,5,3,0,False,0.01530781606709868,0.106174530089638,-0.024743223646670993,-0.008573153239988576,0.0,0.0,466.007767;515.007767;484.007767,,,,,,,
generic_contact_free,RS-M1-002,485.00776683628754,3,3,0,False,0.005738615797356201,0.13625542945389726,0.04644999038006851,0.06937540056136292,0.0,0.0,514.007767;474.007767;448.007767,,,,,,,
generic_contact_free,RS-M1-002,485.00776683628754,5,4,0,False,0.023351854946822844,0.07153935075718114,0.020118318792413423,0.04757304255767428,0.0,0.0,514.007767;474.007767;448.007767;535.007767,,,,,,,
generic_contact_free,RS-M1-002,515.0077668362603,3,3,0,False,0.016500495254124267,0.11700601146641099,0.07117588452883951,0.06995838627111615,0.0,0.0,485.007767;474.007767;463.007767,,,,,,,
generic_contact_free,RS-M1-002,515.0077668362603,5,4,0,False,0.029582573285098016,0.05710228726656642,0.038662739403991675,0.048010281839989205,0.0,0.0,485.007767;474.007767;463.007767;535.007767,,,,,,,
generic_contact_free,RS-M1-002,545.007766836233,3,3,0,False,0.017141753913623815,-0.021042338665301186,-0.0035612304467185357,0.009550556559945652,0.0,0.0,533.007767;504.007767;571.007767,,,,,,,
chemical_imbalance,RS-M1-002,545.007766836233,3,3,0,False,0.017141753913623815,-0.021042338665301186,-0.0035612304467185357,0.009550556559945652,0.0,0.0,533.007767;504.007767;571.007767,,,,,,,
generic_contact_free,RS-M1-002,545.007766836233,5,5,0,False,0.012686393525641701,-0.030389833503328988,-0.037473092475669836,-0.03017340825222916,0.0,0.0,533.007767;504.007767;571.007767;522.007767;557.007767,,,,,,,
chemical_imbalance,RS-M1-002,545.007766836233,5,5,0,False,0.012686393525641701,-0.030389833503328988,-0.037473092475669836,-0.03017340825222916,0.0,0.0,533.007767;504.007767;571.007767;522.007767;557.007767,,,,,,,
generic_contact_free,RS-M1-002,575.0077668362057,3,3,0,False,0.01425900084264206,-0.018476639400137527,-0.050795085536543716,-0.06833171324333008,0.0,0.0,563.007767;529.007767;552.007767,,,,,,,
chemical_imbalance,RS-M1-002,575.0077668362057,3,3,0,False,0.01425900084264206,-0.018476639400137527,-0.050795085536543716,-0.06833171324333008,0.0,0.0,563.007767;529.007767;552.007767,,,,,,,
generic_contact_free,RS-M1-002,575.0077668362057,5,5,0,False,0.017994602419360003,-0.012087727006785119,-0.010923777569919213,-0.032459645729052376,0.0,0.0,563.007767;529.007767;552.007767;595.007767;517.007767,,,,,,,
chemical_imbalance,RS-M1-002,575.0077668362057,5,5,0,False,0.017994602419360003,-0.012087727006785119,-0.010923777569919213,-0.032459645729052376,0.0,0.0,563.007767;529.007767;552.007767;595.007767;517.007767,,,,,,,
generic_contact_free,RS-M1-003,5.009999999999938,3,2,0,False,0.005538151050095784,-0.1472111326967742,-0.04372679952939852,-0.057804866089185794,0.0,0.0,17.010000;29.000000,,,,,,,
generic_contact_free,RS-M1-003,5.009999999999938,5,2,0,False,0.005538151050095784,-0.1472111326967742,-0.04372679952939852,-0.057804866089185794,0.0,0.0,17.010000;29.000000,,,,,,,
generic_contact_free,RS-M1-003,35.000000000001606,3,3,0,False,0.009904758969900979,-0.020524049808579616,-0.16544357004045465,-0.19542364166939344,0.0,0.0,434.003142;61.010000;521.003142,,,,,,,
generic_contact_free,RS-M1-003,35.000000000001606,5,5,0,False,0.012929938945840201,0.020479673546835296,-0.11756110768697195,-0.1305594755350953,0.0,0.0,434.003142;61.010000;521.003142;488.003142;451.003142,,,,,,,
generic_contact_free,RS-M1-003,65.00999999999635,3,3,0,False,0.011784383722211224,0.05691844624836103,-0.13672323388820343,-0.19167122878209417,0.0,0.0,41.000000;437.003142;82.000000,,,,,,,
generic_contact_free,RS-M1-003,65.00999999999635,5,5,0,False,0.008093220084528467,0.04488975873941771,-0.12415065573227355,-0.16904758330619474,0.0,0.0,41.000000;437.003142;82.000000;526.003142;452.003142,,,,,,,
generic_contact_free,RS-M1-003,95.0000000000117,3,3,0,False,0.017263840387776452,0.15469040746178161,0.043602114150791876,0.03221267496153428,0.0,0.0,491.003142;502.003142;551.003142,,,,,,,
chemical_imbalance,RS-M1-003,95.0000000000117,3,3,0,False,0.017263840387776452,0.15469040746178161,0.043602114150791876,0.03221267496153428,0.0,0.0,491.003142;502.003142;551.003142,,,,,,,
generic_contact_free,RS-M1-003,95.0000000000117,5,5,0,False,0.013540173091631512,0.1482628285685716,0.01033888785109644,0.00638384405839656,0.0,0.0,491.003142;502.003142;551.003142;478.003142;155.000000,,,,,,,
chemical_imbalance,RS-M1-003,95.0000000000117,5,5,0,False,0.013540173091631512,0.1482628285685716,0.01033888785109644,0.00638384405839656,0.0,0.0,491.003142;502.003142;551.003142;478.003142;155.000000,,,,,,,
generic_contact_free,RS-M1-003,125.00000000002704,3,3,0,False,0.014759912996729171,0.005704248926728092,0.11414798314706896,0.13412476392630066,0.0,0.0,114.000000;600.000000;548.003142,,,,,,,
chemical_imbalance,RS-M1-003,125.00000000002704,3,3,0,False,0.014759912996729171,0.005704248926728092,0.11414798314706896,0.13412476392630066,0.0,0.0,114.000000;600.000000;548.003142,,,,,,,
generic_contact_free,RS-M1-003,125.00000000002704,5,4,0,False,0.01066654771405845,0.007912266060982493,0.09994319207523021,0.11563535860951796,0.0,0.0,114.000000;600.000000;548.003142;514.003142,,,,,,,
chemical_imbalance,RS-M1-003,125.00000000002704,5,4,0,False,0.01066654771405845,0.007912266060982493,0.09994319207523021,0.11563535860951796,0.0,0.0,114.000000;600.000000;548.003142;514.003142,,,,,,,
generic_contact_free,RS-M1-003,155.000000000004,3,3,0,False,0.0061199004162845495,0.1562811704464351,0.04737280043846868,0.036866117190638904,0.0,0.0,94.000000;538.003142;550.003142,,,,,,,
generic_contact_free,RS-M1-003,155.000000000004,5,3,0,False,0.0061199004162845495,0.1562811704464351,0.04737280043846868,0.036866117190638904,0.0,0.0,94.000000;538.003142;550.003142,,,,,,,
generic_contact_free,RS-M1-003,185.0099999999767,3,3,0,False,0.00896380256468817,-0.007720945085917592,0.011746499646770986,0.02473821078255405,0.0,0.0,168.010000;225.010000;201.010000,,,,,,,
generic_contact_free,RS-M1-003,185.0099999999767,5,5,0,False,0.009381033728003547,-0.009634675527949853,0.06087904773341716,0.06200431949433212,0.0,0.0,168.010000;225.010000;201.010000;244.010000;132.000000,,,,,,,
generic_contact_free,RS-M1-003,215.00999999994943,3,3,0,False,0.022200511486183586,0.049090731878148906,0.0015334475812923316,-0.012819632074839915,0.0,0.0,164.010000;177.010000;276.010000,,,,,,,
chemical_imbalance,RS-M1-003,215.00999999994943,3,3,0,False,0.022200511486183586,0.049090731878148906,0.0015334475812923316,-0.012819632074839915,0.0,0.0,164.010000;177.010000;276.010000,,,,,,,
generic_contact_free,RS-M1-003,215.00999999994943,5,3,0,False,0.022200511486183586,0.049090731878148906,0.0015334475812923316,-0.012819632074839915,0.0,0.0,164.010000;177.010000;276.010000,,,,,,,
chemical_imbalance,RS-M1-003,215.00999999994943,5,3,0,False,0.022200511486183586,0.049090731878148906,0.0015334475812923316,-0.012819632074839915,0.0,0.0,164.010000;177.010000;276.010000,,,,,,,
generic_contact_free,RS-M1-003,245.00999999992214,3,3,0,False,0.012572896036153441,-0.019286478756356213,0.021511904919466033,0.053819689404081196,0.0,0.0,256.010000;185.010000;228.010000,,,,,,,
generic_contact_free,RS-M1-003,245.00999999992214,5,5,0,False,0.009937627093283136,-0.0333221884763613,-0.017855873839924558,0.004955648705533874,0.0,0.0,256.010000;185.010000;228.010000;199.010000;268.010000,,,,,,,
generic_contact_free,RS-M1-003,275.0099999998949,3,3,0,False,0.006747336233721551,-0.047451371326535596,0.03556978095792424,0.014662272612918576,0.0,0.0,296.010000;220.010000;237.010000,,,,,,,
chemical_imbalance,RS-M1-003,275.0099999998949,3,3,0,False,0.006747336233721551,-0.047451371326535596,0.03556978095792424,0.014662272612918576,0.0,0.0,296.010000;220.010000;237.010000,,,,,,,
generic_contact_free,RS-M1-003,275.0099999998949,5,3,0,False,0.006747336233721551,-0.047451371326535596,0.03556978095792424,0.014662272612918576,0.0,0.0,296.010000;220.010000;237.010000,,,,,,,
chemical_imbalance,RS-M1-003,275.0099999998949,5,3,0,False,0.006747336233721551,-0.047451371326535596,0.03556978095792424,0.014662272612918576,0.0,0.0,296.010000;220.010000;237.010000,,,,,,,
generic_contact_free,RS-M1-003,305.0099999998676,3,3,0,False,0.00764243421645772,-0.025649846684773613,0.019645709971807312,0.00915498198835755,0.0,0.0,285.010000;322.010000;366.010000,,,,,,,
chemical_imbalance,RS-M1-003,305.0099999998676,3,3,0,False,0.00764243421645772,-0.025649846684773613,0.019645709971807312,0.00915498198835755,0.0,0.0,285.010000;322.010000;366.010000,,,,,,,
generic_contact_free,RS-M1-003,305.0099999998676,5,4,0,False,0.010210620614175712,-0.0002776244204188566,-0.005556798927820558,-0.003997316928947232,0.0,0.0,285.010000;322.010000;366.010000;339.010000,,,,,,,
chemical_imbalance,RS-M1-003,305.0099999998676,5,4,0,False,0.010210620614175712,-0.0002776244204188566,-0.005556798927820558,-0.003997316928947232,0.0,0.0,285.010000;322.010000;366.010000;339.010000,,,,,,,
generic_contact_free,RS-M1-003,335.0099999998403,3,3,0,False,0.00041901689112649185,0.020597611879216642,-0.0009235071471520763,-0.003600035743173973,0.0,0.0,368.010000;319.010000;382.010000,,,,,,,
low_E,RS-M1-003,335.0099999998403,3,3,0,False,0.00041901689112649185,0.020597611879216642,-0.0009235071471520763,-0.003600035743173973,0.0,0.0,368.010000;319.010000;382.010000,,,,,,,
chemical_imbalance,RS-M1-003,335.0099999998403,3,3,0,False,0.00041901689112649185,0.020597611879216642,-0.0009235071471520763,-0.003600035743173973,0.0,0.0,368.010000;319.010000;382.010000,,,,,,,
generic_contact_free,RS-M1-003,335.0099999998403,5,5,0,False,0.0021649699802532268,0.017397742245472053,-1.5580252472402468e-05,-0.0065313916875406105,0.0,0.0,368.010000;319.010000;382.010000;346.010000;393.010000,,,,,,,
low_E,RS-M1-003,335.0099999998403,5,5,0,False,0.0021649699802532268,0.017397742245472053,-1.5580252472402468e-05,-0.0065313916875406105,0.0,0.0,368.010000;319.010000;382.010000;346.010000;393.010000,,,,,,,
chemical_imbalance,RS-M1-003,335.0099999998403,5,5,0,False,0.0021649699802532268,0.017397742245472053,-1.5580252472402468e-05,-0.0065313916875406105,0.0,0.0,368.010000;319.010000;382.010000;346.010000;393.010000,,,,,,,
generic_contact_free,RS-M1-003,365.00999999981303,3,3,0,False,0.009054455828211141,-0.013731022506739451,0.0173386468038809,0.0043526122638246805,0.0,0.0,391.010000;319.010000;334.010000,,,,,,,
low_E,RS-M1-003,365.00999999981303,3,3,0,False,0.009054455828211141,-0.013731022506739451,0.0173386468038809,0.0043526122638246805,0.0,0.0,391.010000;319.010000;334.010000,,,,,,,
chemical_imbalance,RS-M1-003,365.00999999981303,3,3,0,False,0.009054455828211141,-0.013731022506739451,0.0173386468038809,0.0043526122638246805,0.0,0.0,391.010000;319.010000;334.010000,,,,,,,
generic_contact_free,RS-M1-003,365.00999999981303,5,5,0,False,0.011646439382654071,0.010623940253379104,0.028331257422275165,0.01211781967222177,0.0,0.0,391.010000;319.010000;334.010000;377.010000;354.010000,,,,,,,
low_E,RS-M1-003,365.00999999981303,5,5,0,False,0.011646439382654071,0.010623940253379104,0.028331257422275165,0.01211781967222177,0.0,0.0,391.010000;319.010000;334.010000;377.010000;354.010000,,,,,,,
chemical_imbalance,RS-M1-003,365.00999999981303,5,5,0,False,0.011646439382654071,0.010623940253379104,0.028331257422275165,0.01211781967222177,0.0,0.0,391.010000;319.010000;334.010000;377.010000;354.010000,,,,,,,
generic_contact_free,RS-M1-003,395.00999999978575,3,3,0,False,0.014164317479399257,-0.03346678593955896,0.04084663327398853,0.019462458922852414,0.0,0.0,366.010000;422.010000;384.010000,,,,,,,
low_E,RS-M1-003,395.00999999978575,3,3,0,False,0.014164317479399257,-0.03346678593955896,0.04084663327398853,0.019462458922852414,0.0,0.0,366.010000;422.010000;384.010000,,,,,,,
chemical_imbalance,RS-M1-003,395.00999999978575,3,3,0,False,0.014164317479399257,-0.03346678593955896,0.04084663327398853,0.019462458922852414,0.0,0.0,366.010000;422.010000;384.010000,,,,,,,
generic_contact_free,RS-M1-003,395.00999999978575,5,5,0,False,0.015273744513420057,-0.022874241555424453,0.036237812647238354,0.020399082115812203,0.0,0.0,366.010000;422.010000;384.010000;354.010000;409.010000,,,,,,,
low_E,RS-M1-003,395.00999999978575,5,5,0,False,0.015273744513420057,-0.022874241555424453,0.036237812647238354,0.020399082115812203,0.0,0.0,366.010000;422.010000;384.010000;354.010000;409.010000,,,,,,,
chemical_imbalance,RS-M1-003,395.00999999978575,5,5,0,False,0.015273744513420057,-0.022874241555424453,0.036237812647238354,0.020399082115812203,0.0,0.0,366.010000;422.010000;384.010000;354.010000;409.010000,,,,,,,
generic_contact_free,RS-M1-003,425.00999999975846,3,3,0,False,0.012788020393767193,-0.024260886416232686,-0.034125865238350636,-0.021508063766782704,0.0,0.0,410.010000;398.010000;374.010000,,,,,,,
low_E,RS-M1-003,425.00999999975846,3,3,0,False,0.012788020393767193,-0.024260886416232686,-0.034125865238350636,-0.021508063766782704,0.0,0.0,410.010000;398.010000;374.010000,,,,,,,
chemical_imbalance,RS-M1-003,425.00999999975846,3,3,0,False,0.012788020393767193,-0.024260886416232686,-0.034125865238350636,-0.021508063766782704,0.0,0.0,410.010000;398.010000;374.010000,,,,,,,
generic_contact_free,RS-M1-003,425.00999999975846,5,5,0,False,0.018431884872477565,-0.02839951028447605,0.03962119627149273,0.0159041900401849,0.0,0.0,410.010000;398.010000;374.010000;363.010000;387.010000,,,,,,,
low_E,RS-M1-003,425.00999999975846,5,5,0,False,0.018431884872477565,-0.02839951028447605,0.03962119627149273,0.0159041900401849,0.0,0.0,410.010000;398.010000;374.010000;363.010000;387.010000,,,,,,,
chemical_imbalance,RS-M1-003,425.00999999975846,5,5,0,False,0.018431884872477565,-0.02839951028447605,0.03962119627149273,0.0159041900401849,0.0,0.0,410.010000;398.010000;374.010000;363.010000;387.010000,,,,,,,
generic_contact_free,RS-M1-003,455.0031417043799,3,3,0,False,0.0060900204234630145,0.1217488427931872,-0.014820294594096917,-0.050568201951165036,0.0,0.0,42.000000;83.000000;490.003142,,,,,,,
chemical_imbalance,RS-M1-003,455.0031417043799,3,3,0,False,0.0060900204234630145,0.1217488427931872,-0.014820294594096917,-0.050568201951165036,0.0,0.0,42.000000;83.000000;490.003142,,,,,,,
generic_contact_free,RS-M1-003,455.0031417043799,5,5,0,False,0.006069790041101363,0.1091185847080229,0.013840246605430035,-0.010912875771280833,0.0,0.0,42.000000;83.000000;490.003142;478.003142;510.003142,,,,,,,
chemical_imbalance,RS-M1-003,455.0031417043799,5,5,0,False,0.006069790041101363,0.1091185847080229,0.013840246605430035,-0.010912875771280833,0.0,0.0,42.000000;83.000000;490.003142;478.003142;510.003142,,,,,,,
generic_contact_free,RS-M1-003,485.00314170435263,3,3,0,False,0.0017958262061257427,-0.022023496379479257,0.07354685095641743,0.07306046405348517,0.0,0.0,111.000000;44.010000;511.003142,,,,,,,
chemical_imbalance,RS-M1-003,485.00314170435263,3,3,0,False,0.0017958262061257427,-0.022023496379479257,0.07354685095641743,0.07306046405348517,0.0,0.0,111.000000;44.010000;511.003142,,,,,,,
generic_contact_free,RS-M1-003,485.00314170435263,5,5,0,False,0.004427325440910741,0.003493042694646238,0.07414402136810552,0.08270617075495394,0.0,0.0,111.000000;44.010000;511.003142;449.003142;546.003142,,,,,,,
chemical_imbalance,RS-M1-003,485.00314170435263,5,5,0,False,0.004427325440910741,0.003493042694646238,0.07414402136810552,0.08270617075495394,0.0,0.0,111.000000;44.010000;511.003142;449.003142;546.003142,,,,,,,
generic_contact_free,RS-M1-003,515.0031417043253,3,3,0,False,0.011550531777045937,0.02438003206376535,0.01894242996224901,0.032984590013939157,0.0,0.0,558.003142;111.000000;487.003142,,,,,,,
chemical_imbalance,RS-M1-003,515.0031417043253,3,3,0,False,0.011550531777045937,0.02438003206376535,0.01894242996224901,0.032984590013939157,0.0,0.0,558.003142;111.000000;487.003142,,,,,,,
generic_contact_free,RS-M1-003,515.0031417043253,5,5,0,False,0.009937562871698285,0.02827812786534737,0.055400370074666784,0.0646786441683888,0.0,0.0,558.003142;111.000000;487.003142;45.010000;547.003142,,,,,,,
chemical_imbalance,RS-M1-003,515.0031417043253,5,5,0,False,0.009937562871698285,0.02827812786534737,0.055400370074666784,0.0646786441683888,0.0,0.0,558.003142;111.000000;487.003142;45.010000;547.003142,,,,,,,
generic_contact_free,RS-M1-003,545.0031417042981,3,3,0,False,0.01999761272134925,0.0024380916123406884,0.09202433347255567,0.0879689216829585,0.0,0.0,588.003142;136.000000;530.003142,,,,,,,
chemical_imbalance,RS-M1-003,545.0031417042981,3,3,0,False,0.01999761272134925,0.0024380916123406884,0.09202433347255567,0.0879689216829585,0.0,0.0,588.003142;136.000000;530.003142,,,,,,,
generic_contact_free,RS-M1-003,545.0031417042981,5,5,0,False,0.011249809296480423,-0.0011364343006592926,0.07174478898507877,0.08080058190726626,0.0,0.0,588.003142;136.000000;530.003142;515.003142;485.003142,,,,,,,
chemical_imbalance,RS-M1-003,545.0031417042981,5,5,0,False,0.011249809296480423,-0.0011364343006592926,0.07174478898507877,0.08080058190726626,0.0,0.0,588.003142;136.000000;530.003142;515.003142;485.003142,,,,,,,
generic_contact_free,RS-M1-003,575.0031417042708,3,3,0,False,0.008017617362436943,0.005778448751130524,-0.06549271360936482,-0.08634978791509662,0.0,0.0,527.003142;199.010000;106.000000,,,,,,,
chemical_imbalance,RS-M1-003,575.0031417042708,3,3,0,False,0.008017617362436943,0.005778448751130524,-0.06549271360936482,-0.08634978791509662,0.0,0.0,527.003142;199.010000;106.000000,,,,,,,
generic_contact_free,RS-M1-003,575.0031417042708,5,5,0,False,0.01126799035924792,0.00749932579943415,-0.06207809830779718,-0.07022834438633552,0.0,0.0,527.003142;199.010000;106.000000;563.003142;543.003142,,,,,,,
chemical_imbalance,RS-M1-003,575.0031417042708,5,5,0,False,0.01126799035924792,0.00749932579943415,-0.06207809830779718,-0.07022834438633552,0.0,0.0,527.003142;199.010000;106.000000;563.003142;543.003142,,,,,,,
generic_contact_free,RS-M1-004,5.009999999999938,3,3,0,False,0.0034851829759202793,-0.04116565976630862,-0.030308021421196634,-0.0007685676444389144,0.3333333333333333,0.3333333333333333,515.004800;43.000000;107.000000,,,,,,,
chemical_imbalance,RS-M1-004,5.009999999999938,3,3,0,False,0.0034851829759202793,-0.04116565976630862,-0.030308021421196634,-0.0007685676444389144,0.3333333333333333,0.3333333333333333,515.004800;43.000000;107.000000,,,,,,,
generic_contact_free,RS-M1-004,5.009999999999938,5,5,0,False,0.0105761091327661,-0.028425951516639215,0.029640825903171807,0.03943556305966773,0.2,0.2,515.004800;43.000000;107.000000;555.004800;544.004800,,,,,,,
chemical_imbalance,RS-M1-004,5.009999999999938,5,5,0,False,0.0105761091327661,-0.028425951516639215,0.029640825903171807,0.03943556305966773,0.2,0.2,515.004800;43.000000;107.000000;555.004800;544.004800,,,,,,,
generic_contact_free,RS-M1-004,35.000000000001606,3,0,0,False,,,,,,,,,,,,,,
chemical_imbalance,RS-M1-004,35.000000000001606,3,0,0,False,,,,,,,,,,,,,,
generic_contact_free,RS-M1-004,35.000000000001606,5,0,0,False,,,,,,,,,,,,,,
chemical_imbalance,RS-M1-004,35.000000000001606,5,0,0,False,,,,,,,,,,,,,,
generic_contact_free,RS-M1-004,95.0000000000117,3,1,0,False,,-0.09288102880351456,0.0050467987813217555,0.022849246864646008,0.0,0.0,75.000000,,,,,,,
chemical_imbalance,RS-M1-004,95.0000000000117,3,1,0,False,,-0.09288102880351456,0.0050467987813217555,0.022849246864646008,0.0,0.0,75.000000,,,,,,,
generic_contact_free,RS-M1-004,95.0000000000117,5,1,0,False,,-0.09288102880351456,0.0050467987813217555,0.022849246864646008,0.0,0.0,75.000000,,,,,,,
chemical_imbalance,RS-M1-004,95.0000000000117,5,1,0,False,,-0.09288102880351456,0.0050467987813217555,0.022849246864646008,0.0,0.0,75.000000,,,,,,,
generic_contact_free,RS-M1-004,125.00000000002704,3,3,0,False,0.003663099950589248,-0.07523970736650896,0.005923024781991785,0.0005585467292370019,0.0,0.0,172.010000;572.004800;144.000000,,,,,,,
chemical_imbalance,RS-M1-004,125.00000000002704,3,3,0,False,0.003663099950589248,-0.07523970736650896,0.005923024781991785,0.0005585467292370019,0.0,0.0,172.010000;572.004800;144.000000,,,,,,,
generic_contact_free,RS-M1-004,125.00000000002704,5,5,0,False,0.006347357628192979,-0.04732975951302606,0.03376619495364276,0.03177857887571536,0.0,0.0,172.010000;572.004800;144.000000;183.010000;17.010000,,,,,,,
chemical_imbalance,RS-M1-004,125.00000000002704,5,5,0,False,0.006347357628192979,-0.04732975951302606,0.03376619495364276,0.03177857887571536,0.0,0.0,172.010000;572.004800;144.000000;183.010000;17.010000,,,,,,,
generic_contact_free,RS-M1-004,155.000000000004,3,2,0,False,0.0009913405439843023,-0.15639128141114383,0.01948047672940033,0.02112417357406353,0.0,0.0,576.004800;104.000000,,,,,,,
generic_contact_free,RS-M1-004,155.000000000004,5,2,0,False,0.0009913405439843023,-0.15639128141114383,0.01948047672940033,0.02112417357406353,0.0,0.0,576.004800;104.000000,,,,,,,
generic_contact_free,RS-M1-004,185.0099999999767,3,3,0,False,0.006191407252454142,-0.020587466708102343,0.061727267956622346,0.05211707857066645,0.0,0.0,568.004800;171.010000;242.010000,,,,,,,
generic_contact_free,RS-M1-004,185.0099999999767,5,5,0,False,0.00932451706877291,-0.03211134233315234,0.03898708890830532,0.04607459079808067,0.0,0.0,568.004800;171.010000;242.010000;126.000000;557.004800,,,,,,,
generic_contact_free,RS-M1-004,215.00999999994943,3,1,0,False,,0.14997383084305746,0.07543189261802963,0.063600462785897,0.0,0.0,252.010000,,,,,,,
chemical_imbalance,RS-M1-004,215.00999999994943,3,1,0,False,,0.14997383084305746,0.07543189261802963,0.063600462785897,0.0,0.0,252.010000,,,,,,,
generic_contact_free,RS-M1-004,215.00999999994943,5,1,0,False,,0.14997383084305746,0.07543189261802963,0.063600462785897,0.0,0.0,252.010000,,,,,,,
chemical_imbalance,RS-M1-004,215.00999999994943,5,1,0,False,,0.14997383084305746,0.07543189261802963,0.063600462785897,0.0,0.0,252.010000,,,,,,,
generic_contact_free,RS-M1-004,245.00999999992214,3,3,0,False,0.00479885295831833,0.015858635895913045,0.1516549616027991,0.13656488834797884,0.0,0.0,279.010000;189.010000;256.010000,,,,,,,
generic_contact_free,RS-M1-004,245.00999999992214,5,4,0,False,0.0032360234342856103,0.013622601597181738,0.15370366431425123,0.13586660147892896,0.0,0.0,279.010000;189.010000;256.010000;268.010000,,,,,,,
generic_contact_free,RS-M1-004,275.0099999998949,3,3,0,False,0.023872029333978976,-0.018955431347006006,0.047959550736514,0.05639679138329149,0.0,0.0,261.010000;245.010000;330.010000,,,,,,,
generic_contact_free,RS-M1-004,275.0099999998949,5,4,0,False,0.025042140064075243,0.005157397970374414,0.006723220605590271,0.010788037921830862,0.0,0.0,261.010000;245.010000;330.010000;232.010000,,,,,,,
generic_contact_free,RS-M1-004,305.0099999998676,3,2,0,False,0.006457813111562908,-0.05825164205598962,0.04243517685035233,0.0267990140537005,0.0,0.0,294.010000;316.010000,,,,,,,
chemical_imbalance,RS-M1-004,305.0099999998676,3,2,0,False,0.006457813111562908,-0.05825164205598962,0.04243517685035233,0.0267990140537005,0.0,0.0,294.010000;316.010000,,,,,,,
generic_contact_free,RS-M1-004,305.0099999998676,5,2,0,False,0.006457813111562908,-0.05825164205598962,0.04243517685035233,0.0267990140537005,0.0,0.0,294.010000;316.010000,,,,,,,
chemical_imbalance,RS-M1-004,305.0099999998676,5,2,0,False,0.006457813111562908,-0.05825164205598962,0.04243517685035233,0.0267990140537005,0.0,0.0,294.010000;316.010000,,,,,,,
generic_contact_free,RS-M1-004,335.0099999998403,3,3,0,False,0.0006658958448480273,-0.034158975871487245,-0.16030533650801262,-0.09819927354182777,0.0,0.0,346.010000;360.010000;371.010000,,,,,,,
generic_contact_free,RS-M1-004,335.0099999998403,5,5,0,False,0.02402627114328348,-0.013242164072376822,-0.0958927452879332,-0.05430411548456471,0.0,0.0,346.010000;360.010000;371.010000;385.010000;276.010000,,,,,,,
generic_contact_free,RS-M1-004,365.00999999981303,3,3,0,False,0.008269423222554868,-0.0345546517084547,-0.15656860208556758,-0.11082986117655724,0.0,0.0,351.010000;330.010000;377.010000,,,,,,,
chemical_imbalance,RS-M1-004,365.00999999981303,3,3,0,False,0.008269423222554868,-0.0345546517084547,-0.15656860208556758,-0.11082986117655724,0.0,0.0,351.010000;330.010000;377.010000,,,,,,,
generic_contact_free,RS-M1-004,365.00999999981303,5,3,0,False,0.008269423222554868,-0.0345546517084547,-0.15656860208556758,-0.11082986117655724,0.0,0.0,351.010000;330.010000;377.010000,,,,,,,
chemical_imbalance,RS-M1-004,365.00999999981303,5,3,0,False,0.008269423222554868,-0.0345546517084547,-0.15656860208556758,-0.11082986117655724,0.0,0.0,351.010000;330.010000;377.010000,,,,,,,
generic_contact_free,RS-M1-004,395.00999999978575,3,0,0,False,,,,,,,,,,,,,,
low_E,RS-M1-004,395.00999999978575,3,0,0,False,,,,,,,,,,,,,,
generic_contact_free,RS-M1-004,395.00999999978575,5,0,0,False,,,,,,,,,,,,,,
low_E,RS-M1-004,395.00999999978575,5,0,0,False,,,,,,,,,,,,,,
generic_contact_free,RS-M1-004,425.00999999975846,3,2,0,False,0.014969805489014222,-0.008734458532581958,-0.07605767216807584,-0.03546993487626407,0.0,0.0,403.010000;436.010000,,,,,,,
low_E,RS-M1-004,425.00999999975846,3,2,0,False,0.014969805489014222,-0.008734458532581958,-0.07605767216807584,-0.03546993487626407,0.0,0.0,403.010000;436.010000,,,,,,,
generic_contact_free,RS-M1-004,425.00999999975846,5,2,0,False,0.014969805489014222,-0.008734458532581958,-0.07605767216807584,-0.03546993487626407,0.0,0.0,403.010000;436.010000,,,,,,,
low_E,RS-M1-004,425.00999999975846,5,2,0,False,0.014969805489014222,-0.008734458532581958,-0.07605767216807584,-0.03546993487626407,0.0,0.0,403.010000;436.010000,,,,,,,
generic_contact_free,RS-M1-004,455.0099999997312,3,3,0,False,0.008523792154796627,0.052019645544634674,-0.07826845743500963,-0.06304454601612756,0.0,0.0,493.010000;481.010000;466.010000,,,,,,,
low_E,RS-M1-004,455.0099999997312,3,3,0,False,0.008523792154796627,0.052019645544634674,-0.07826845743500963,-0.06304454601612756,0.0,0.0,493.010000;481.010000;466.010000,,,,,,,
chemical_imbalance,RS-M1-004,455.0099999997312,3,3,0,False,0.008523792154796627,0.052019645544634674,-0.07826845743500963,-0.06304454601612756,0.0,0.0,493.010000;481.010000;466.010000,,,,,,,
generic_contact_free,RS-M1-004,455.0099999997312,5,5,0,False,0.008216622195735147,0.008679813302072922,-0.07986650202640969,-0.04798343717931725,0.0,0.0,493.010000;481.010000;466.010000;444.010000;415.010000,,,,,,,
low_E,RS-M1-004,455.0099999997312,5,5,0,False,0.008216622195735147,0.008679813302072922,-0.07986650202640969,-0.04798343717931725,0.0,0.0,493.010000;481.010000;466.010000;444.010000;415.010000,,,,,,,
chemical_imbalance,RS-M1-004,455.0099999997312,5,5,0,False,0.008216622195735147,0.008679813302072922,-0.07986650202640969,-0.04798343717931725,0.0,0.0,493.010000;481.010000;466.010000;444.010000;415.010000,,,,,,,
generic_contact_free,RS-M1-004,485.0099999997039,3,3,0,False,0.004689327397717674,-0.05178961021591764,-0.02294718897381905,-0.014933925243220169,0.0,0.0,454.010000;466.010000;443.010000,,,,,,,
low_E,RS-M1-004,485.0099999997039,3,3,0,False,0.004689327397717674,-0.05178961021591764,-0.02294718897381905,-0.014933925243220169,0.0,0.0,454.010000;466.010000;443.010000,,,,,,,
chemical_imbalance,RS-M1-004,485.0099999997039,3,3,0,False,0.004689327397717674,-0.05178961021591764,-0.02294718897381905,-0.014933925243220169,0.0,0.0,454.010000;466.010000;443.010000,,,,,,,
generic_contact_free,RS-M1-004,485.0099999997039,5,3,0,False,0.004689327397717674,-0.05178961021591764,-0.02294718897381905,-0.014933925243220169,0.0,0.0,454.010000;466.010000;443.010000,,,,,,,
low_E,RS-M1-004,485.0099999997039,5,3,0,False,0.004689327397717674,-0.05178961021591764,-0.02294718897381905,-0.014933925243220169,0.0,0.0,454.010000;466.010000;443.010000,,,,,,,
chemical_imbalance,RS-M1-004,485.0099999997039,5,3,0,False,0.004689327397717674,-0.05178961021591764,-0.02294718897381905,-0.014933925243220169,0.0,0.0,454.010000;466.010000;443.010000,,,,,,,
generic_contact_free,RS-M1-004,515.0047997072086,3,3,0,False,0.007314834721718344,-0.03089900368901316,0.08149886362376642,0.08593291290243983,0.0,0.0,5.010000;547.004800;558.004800,,,,,,,
chemical_imbalance,RS-M1-004,515.0047997072086,3,3,0,False,0.007314834721718344,-0.03089900368901316,0.08149886362376642,0.08593291290243983,0.0,0.0,5.010000;547.004800;558.004800,,,,,,,
generic_contact_free,RS-M1-004,515.0047997072086,5,5,0,False,0.013665503129514468,0.004829384369415758,0.032323209381269945,0.035995468197289826,0.0,0.0,5.010000;547.004800;558.004800;526.004800;107.000000,,,,,,,
chemical_imbalance,RS-M1-004,515.0047997072086,5,5,0,False,0.013665503129514468,0.004829384369415758,0.032323209381269945,0.035995468197289826,0.0,0.0,5.010000;547.004800;558.004800;526.004800;107.000000,,,,,,,
generic_contact_free,RS-M1-004,545.0047997071813,3,3,0,False,0.014240627338116854,-0.010435509875504132,0.05988931057063709,0.0783278260311664,0.0,0.0,512.004800;556.004800;524.004800,,,,,,,
chemical_imbalance,RS-M1-004,545.0047997071813,3,3,0,False,0.014240627338116854,-0.010435509875504132,0.05988931057063709,0.0783278260311664,0.0,0.0,512.004800;556.004800;524.004800,,,,,,,
generic_contact_free,RS-M1-004,545.0047997071813,5,5,0,False,0.007903312455804118,-0.0186302011656652,0.06304475671664782,0.0845810846803768,0.2,0.2,512.004800;556.004800;524.004800;6.010000;42.000000,,,,,,,
chemical_imbalance,RS-M1-004,545.0047997071813,5,5,0,False,0.007903312455804118,-0.0186302011656652,0.06304475671664782,0.0845810846803768,0.2,0.2,512.004800;556.004800;524.004800;6.010000;42.000000,,,,,,,
generic_contact_free,RS-M1-004,575.004799707154,3,3,0,False,0.005359507825816206,-0.05178488894432479,0.09751854986649748,0.08705337950309412,0.0,0.0,136.000000;165.010000;588.004800,,,,,,,
generic_contact_free,RS-M1-004,575.004799707154,5,5,0,False,0.014200338756998292,-0.028487071058459313,0.06777680262901879,0.05364762918544928,0.0,0.0,136.000000;165.010000;588.004800;599.004800;147.000000,,,,,,,
generic_contact_free,RS-M1-005,5.009999999999938,3,3,2,True,0.03268221737028222,-0.01167044022030782,0.007767231742658407,0.002435007582855945,0.0,0.0,32.000000;453.002061;21.000000,0.010327233118974644,0.03944243531955176,0.016001442286252953,-0.002900629681163818,0.0,0.0,3983.003995;3951.003995
generic_contact_free,RS-M1-005,5.009999999999938,5,5,2,True,0.019793328179061452,-0.013411009640956966,-0.005947276190462322,-0.006786982230558935,0.0,0.0,32.000000;453.002061;21.000000;472.002061;64.010000,0.010327233118974644,0.03944243531955176,0.016001442286252953,-0.002900629681163818,0.0,0.0,3983.003995;3951.003995
generic_contact_free,RS-M1-005,35.000000000001606,3,3,1,False,0.00991960551906641,0.090070500473187,0.01569145073446422,0.04343167574818658,0.0,0.0,46.010000;19.000000;60.010000,,0.03269170279736838,0.08659017389934864,0.1164010804133828,0.0,0.0,4007.003995
chemical_imbalance,RS-M1-005,35.000000000001606,3,3,1,False,0.00991960551906641,0.090070500473187,0.01569145073446422,0.04343167574818658,0.0,0.0,46.010000;19.000000;60.010000,,0.03269170279736838,0.08659017389934864,0.1164010804133828,0.0,0.0,4007.003995
generic_contact_free,RS-M1-005,35.000000000001606,5,3,1,False,0.00991960551906641,0.090070500473187,0.01569145073446422,0.04343167574818658,0.0,0.0,46.010000;19.000000;60.010000,,0.03269170279736838,0.08659017389934864,0.1164010804133828,0.0,0.0,4007.003995
chemical_imbalance,RS-M1-005,35.000000000001606,5,3,1,False,0.00991960551906641,0.090070500473187,0.01569145073446422,0.04343167574818658,0.0,0.0,46.010000;19.000000;60.010000,,0.03269170279736838,0.08659017389934864,0.1164010804133828,0.0,0.0,4007.003995
generic_contact_free,RS-M1-005,65.00999999999635,3,3,3,True,0.009700801036533264,0.05846071007037801,0.009915592077604346,0.0212555528366086,0.0,0.0,88.000000;17.010000;28.000000,0.002642903369117543,0.05088199181526182,-0.05832825543636292,-0.060324620331963195,0.0,0.0,3972.003995;3993.003995;4030.003995
chemical_imbalance,RS-M1-005,65.00999999999635,3,3,3,True,0.009700801036533264,0.05846071007037801,0.009915592077604346,0.0212555528366086,0.0,0.0,88.000000;17.010000;28.000000,0.002642903369117543,0.05088199181526182,-0.05832825543636292,-0.060324620331963195,0.0,0.0,3972.003995;3993.003995;4030.003995
generic_contact_free,RS-M1-005,65.00999999999635,5,5,5,True,0.007874435824162637,0.02378065362852492,0.001882964717828463,0.01727526057913758,0.0,0.0,88.000000;17.010000;28.000000;468.002061;491.002061,0.003551643814321481,0.0651322180206609,-0.06427603360070407,-0.058415521315417204,0.0,0.0,3972.003995;3993.003995;4030.003995;3944.003995;4020.003995
chemical_imbalance,RS-M1-005,65.00999999999635,5,5,5,True,0.007874435824162637,0.02378065362852492,0.001882964717828463,0.01727526057913758,0.0,0.0,88.000000;17.010000;28.000000;468.002061;491.002061,0.003551643814321481,0.0651322180206609,-0.06427603360070407,-0.058415521315417204,0.0,0.0,3972.003995;3993.003995;4030.003995;3944.003995;4020.003995
generic_contact_free,RS-M1-005,95.0000000000117,3,3,3,True,0.01324588806623861,-0.06330745146147392,-0.1173634486829841,-0.12160591419368243,0.0,0.0,596.002061;69.010000;109.000000,0.0026065262096806644,0.035939306996209626,-0.09072671039758835,-0.10211166167711656,0.0,0.0,4092.003995;3972.003995;4027.003995
chemical_imbalance,RS-M1-005,95.0000000000117,3,3,3,True,0.01324588806623861,-0.06330745146147392,-0.1173634486829841,-0.12160591419368243,0.0,0.0,596.002061;69.010000;109.000000,0.0026065262096806644,0.035939306996209626,-0.09072671039758835,-0.10211166167711656,0.0,0.0,4092.003995;3972.003995;4027.003995
generic_contact_free,RS-M1-005,95.0000000000117,5,5,5,True,0.014875222081911523,-0.07500737975973863,-0.0967979113646277,-0.09698587070198791,0.0,0.0,596.002061;69.010000;109.000000;531.002061;582.002061,0.003196155995910187,0.030018306750403585,-0.0643933006498941,-0.07609010535440165,0.0,0.0,4092.003995;3972.003995;4027.003995;3994.003995;4071.003995
chemical_imbalance,RS-M1-005,95.0000000000117,5,5,5,True,0.014875222081911523,-0.07500737975973863,-0.0967979113646277,-0.09698587070198791,0.0,0.0,596.002061;69.010000;109.000000;531.002061;582.002061,0.003196155995910187,0.030018306750403585,-0.0643933006498941,-0.07609010535440165,0.0,0.0,4092.003995;3972.003995;4027.003995;3994.003995;4071.003995
generic_contact_free,RS-M1-005,125.00000000002704,3,3,0,False,0.003496901138871168,-0.2144086798044392,0.01378548042788598,0.006521662068873525,0.0,0.0,136.000000;105.000000;556.002061,,,,,,,
generic_contact_free,RS-M1-005,125.00000000002704,5,5,0,False,0.0021945361694341112,-0.2218691650983049,0.003357409456201435,-0.005338066189160326,0.0,0.0,136.000000;105.000000;556.002061;115.000000;545.002061,,,,,,,
generic_contact_free,RS-M1-005,155.000000000004,3,3,2,True,0.0009068300615180206,-0.18163005022929746,-0.05158939508766328,-0.07266480644185874,0.0,0.0,540.002061;600.000000;112.000000,0.001429182220096122,-0.14600429038143256,-0.04200136245394946,-0.04784303168643111,0.0,0.0,4117.003995;4136.003995
chemical_imbalance,RS-M1-005,155.000000000004,3,3,2,True,0.0009068300615180206,-0.18163005022929746,-0.05158939508766328,-0.07266480644185874,0.0,0.0,540.002061;600.000000;112.000000,0.001429182220096122,-0.14600429038143256,-0.04200136245394946,-0.04784303168643111,0.0,0.0,4117.003995;4136.003995
generic_contact_free,RS-M1-005,155.000000000004,5,5,2,True,0.003240625004233909,-0.18830236256935523,-0.021936332435839898,-0.03199814895455881,0.0,0.0,540.002061;600.000000;112.000000;98.000000;561.002061,0.001429182220096122,-0.14600429038143256,-0.04200136245394946,-0.04784303168643111,0.0,0.0,4117.003995;4136.003995
chemical_imbalance,RS-M1-005,155.000000000004,5,5,2,True,0.003240625004233909,-0.18830236256935523,-0.021936332435839898,-0.03199814895455881,0.0,0.0,540.002061;600.000000;112.000000;98.000000;561.002061,0.001429182220096122,-0.14600429038143256,-0.04200136245394946,-0.04784303168643111,0.0,0.0,4117.003995;4136.003995
generic_contact_free,RS-M1-005,185.0099999999767,3,1,2,False,,0.08619359936317042,-0.11761101192135864,-0.07134279688706403,0.0,0.0,172.010000,0.01416916576562773,0.12495766970389678,-0.055726044784950066,-0.03927539055028398,0.0,0.0,4083.003995;4067.003995
generic_contact_free,RS-M1-005,185.0099999999767,5,1,2,False,,0.08619359936317042,-0.11761101192135864,-0.07134279688706403,0.0,0.0,172.010000,0.01416916576562773,0.12495766970389678,-0.055726044784950066,-0.03927539055028398,0.0,0.0,4083.003995;4067.003995
generic_contact_free,RS-M1-005,215.00999999994943,3,0,0,False,,,,,,,,,,,,,,
chemical_imbalance,RS-M1-005,215.00999999994943,3,0,0,False,,,,,,,,,,,,,,
generic_contact_free,RS-M1-005,215.00999999994943,5,0,0,False,,,,,,,,,,,,,,
chemical_imbalance,RS-M1-005,215.00999999994943,5,0,0,False,,,,,,,,,,,,,,
generic_contact_free,RS-M1-005,245.00999999992214,3,3,1,False,0.018463599747518093,0.046101641510784226,-0.07275066179315907,-0.05156096516871852,0.0,0.0,197.010000;295.010000;229.010000,,-0.07219714949748801,-0.14052669152356487,-0.1187291267436409,0.0,0.0,4131.003995
generic_contact_free,RS-M1-005,245.00999999992214,5,4,1,False,0.01687832688170178,0.03449925818900644,-0.04100637416382913,-0.02954318707358885,0.0,0.0,197.010000;295.010000;229.010000;257.010000,,-0.07219714949748801,-0.14052669152356487,-0.1187291267436409,0.0,0.0,4131.003995
generic_contact_free,RS-M1-005,275.0099999998949,3,3,0,False,0.009651804187714066,-0.07057370147277663,-0.12410812584257092,-0.08784870688386782,0.0,0.0,264.010000;286.010000;225.010000,,,,,,,
generic_contact_free,RS-M1-005,275.0099999998949,5,3,0,False,0.009651804187714066,-0.07057370147277663,-0.12410812584257092,-0.08784870688386782,0.0,0.0,264.010000;286.010000;225.010000,,,,,,,
generic_contact_free,RS-M1-005,305.0099999998676,3,1,2,False,,-0.14658184276792946,-0.010459574722134782,-0.029692221934332685,0.0,0.0,291.010000,0.0009261958086762188,-0.1997505954274705,0.049032905053055895,0.018725007508092615,0.5,0.0,4297.003995;4285.003995
generic_contact_free,RS-M1-005,305.0099999998676,5,1,2,False,,-0.14658184276792946,-0.010459574722134782,-0.029692221934332685,0.0,0.0,291.010000,0.0009261958086762188,-0.1997505954274705,0.049032905053055895,0.018725007508092615,0.5,0.0,4297.003995;4285.003995
generic_contact_free,RS-M1-005,335.0099999998403,3,3,1,False,0.008539018490992669,0.008605230526346585,-0.14213257156961157,-0.07962653261808571,0.0,0.0,316.010000;351.010000;362.010000,,0.12307258159575117,-0.0022002635703358003,0.006521225386761126,0.0,0.0,3902.006242
low_E,RS-M1-005,335.0099999998403,3,3,1,False,0.008539018490992669,0.008605230526346585,-0.14213257156961157,-0.07962653261808571,0.0,0.0,316.010000;351.010000;362.010000,,0.12307258159575117,-0.0022002635703358003,0.006521225386761126,0.0,0.0,3902.006242
chemical_imbalance,RS-M1-005,335.0099999998403,3,3,1,False,0.008539018490992669,0.008605230526346585,-0.14213257156961157,-0.07962653261808571,0.0,0.0,316.010000;351.010000;362.010000,,0.12307258159575117,-0.0022002635703358003,0.006521225386761126,0.0,0.0,3902.006242
generic_contact_free,RS-M1-005,335.0099999998403,5,4,1,False,0.013251412140480583,-0.032010197671260975,-0.12663837010756931,-0.07552122007783288,0.0,0.0,316.010000;351.010000;362.010000;298.010000,,0.12307258159575117,-0.0022002635703358003,0.006521225386761126,0.0,0.0,3902.006242
low_E,RS-M1-005,335.0099999998403,5,4,1,False,0.013251412140480583,-0.032010197671260975,-0.12663837010756931,-0.07552122007783288,0.0,0.0,316.010000;351.010000;362.010000;298.010000,,0.12307258159575117,-0.0022002635703358003,0.006521225386761126,0.0,0.0,3902.006242
chemical_imbalance,RS-M1-005,335.0099999998403,5,4,1,False,0.013251412140480583,-0.032010197671260975,-0.12663837010756931,-0.07552122007783288,0.0,0.0,316.010000;351.010000;362.010000;298.010000,,0.12307258159575117,-0.0022002635703358003,0.006521225386761126,0.0,0.0,3902.006242
generic_contact_free,RS-M1-005,365.00999999981303,3,3,2,True,0.0033979533386100723,-0.006014450960698556,-0.1118401267543155,-0.07443344617230808,0.0,0.0,352.010000;341.010000;315.010000,0.002493705196760309,0.006548888840893077,0.056924692922166925,0.007492245893448508,0.0,0.0,3927.006242;3906.006242
low_E,RS-M1-005,365.00999999981303,3,3,2,True,0.0033979533386100723,-0.006014450960698556,-0.1118401267543155,-0.07443344617230808,0.0,0.0,352.010000;341.010000;315.010000,0.002493705196760309,0.006548888840893077,0.056924692922166925,0.007492245893448508,0.0,0.0,3927.006242;3906.006242
chemical_imbalance,RS-M1-005,365.00999999981303,3,3,2,True,0.0033979533386100723,-0.006014450960698556,-0.1118401267543155,-0.07443344617230808,0.0,0.0,352.010000;341.010000;315.010000,0.002493705196760309,0.006548888840893077,0.056924692922166925,0.007492245893448508,0.0,0.0,3927.006242;3906.006242
generic_contact_free,RS-M1-005,365.00999999981303,5,4,2,True,0.0032107268614725037,-0.02003979046689262,-0.10554361893893832,-0.07075447531220905,0.0,0.0,352.010000;341.010000;315.010000;329.010000,0.002493705196760309,0.006548888840893077,0.056924692922166925,0.007492245893448508,0.0,0.0,3927.006242;3906.006242
low_E,RS-M1-005,365.00999999981303,5,4,2,True,0.0032107268614725037,-0.02003979046689262,-0.10554361893893832,-0.07075447531220905,0.0,0.0,352.010000;341.010000;315.010000;329.010000,0.002493705196760309,0.006548888840893077,0.056924692922166925,0.007492245893448508,0.0,0.0,3927.006242;3906.006242
chemical_imbalance,RS-M1-005,365.00999999981303,5,4,2,True,0.0032107268614725037,-0.02003979046689262,-0.10554361893893832,-0.07075447531220905,0.0,0.0,352.010000;341.010000;315.010000;329.010000,0.002493705196760309,0.006548888840893077,0.056924692922166925,0.007492245893448508,0.0,0.0,3927.006242;3906.006242
generic_contact_free,RS-M1-005,395.00999999978575,3,1,0,False,,-0.11950667738707282,0.016658770216628864,0.006991731030355524,0.0,0.0,409.010000,,,,,,,
low_E,RS-M1-005,395.00999999978575,3,1,0,False,,-0.11950667738707282,0.016658770216628864,0.006991731030355524,0.0,0.0,409.010000,,,,,,,
chemical_imbalance,RS-M1-005,395.00999999978575,3,1,0,False,,-0.11950667738707282,0.016658770216628864,0.006991731030355524,0.0,0.0,409.010000,,,,,,,
generic_contact_free,RS-M1-005,395.00999999978575,5,1,0,False,,-0.11950667738707282,0.016658770216628864,0.006991731030355524,0.0,0.0,409.010000,,,,,,,
low_E,RS-M1-005,395.00999999978575,5,1,0,False,,-0.11950667738707282,0.016658770216628864,0.006991731030355524,0.0,0.0,409.010000,,,,,,,
chemical_imbalance,RS-M1-005,395.00999999978575,5,1,0,False,,-0.11950667738707282,0.016658770216628864,0.006991731030355524,0.0,0.0,409.010000,,,,,,,
generic_contact_free,RS-M1-005,425.00999999975846,3,1,0,False,,-0.11103392545282872,0.058943756771080796,0.026360696804338016,0.0,0.0,414.010000,,,,,,,
low_E,RS-M1-005,425.00999999975846,3,1,0,False,,-0.11103392545282872,0.058943756771080796,0.026360696804338016,0.0,0.0,414.010000,,,,,,,
chemical_imbalance,RS-M1-005,425.00999999975846,3,1,0,False,,-0.11103392545282872,0.058943756771080796,0.026360696804338016,0.0,0.0,414.010000,,,,,,,
generic_contact_free,RS-M1-005,425.00999999975846,5,1,0,False,,-0.11103392545282872,0.058943756771080796,0.026360696804338016,0.0,0.0,414.010000,,,,,,,
low_E,RS-M1-005,425.00999999975846,5,1,0,False,,-0.11103392545282872,0.058943756771080796,0.026360696804338016,0.0,0.0,414.010000,,,,,,,
chemical_imbalance,RS-M1-005,425.00999999975846,5,1,0,False,,-0.11103392545282872,0.058943756771080796,0.026360696804338016,0.0,0.0,414.010000,,,,,,,
generic_contact_free,RS-M1-005,455.0020613257134,3,3,3,True,0.002567615232423666,-0.05377644056977585,-0.09933818293930448,-0.13956025155327176,0.0,0.0,513.002061;502.002061;467.002061,0.002686493451334435,0.06527007056333661,-0.1321104474242031,-0.15353516500421924,0.0,0.0,3962.003995;3946.003995;3972.003995
chemical_imbalance,RS-M1-005,455.0020613257134,3,3,3,True,0.002567615232423666,-0.05377644056977585,-0.09933818293930448,-0.13956025155327176,0.0,0.0,513.002061;502.002061;467.002061,0.002686493451334435,0.06527007056333661,-0.1321104474242031,-0.15353516500421924,0.0,0.0,3962.003995;3946.003995;3972.003995
generic_contact_free,RS-M1-005,455.0020613257134,5,5,3,True,0.008644462466881489,-0.03988593988864163,-0.043853061065231694,-0.07130107106133197,0.0,0.0,513.002061;502.002061;467.002061;10.010000;490.002061,0.002686493451334435,0.06527007056333661,-0.1321104474242031,-0.15353516500421924,0.0,0.0,3962.003995;3946.003995;3972.003995
chemical_imbalance,RS-M1-005,455.0020613257134,5,5,3,True,0.008644462466881489,-0.03988593988864163,-0.043853061065231694,-0.07130107106133197,0.0,0.0,513.002061;502.002061;467.002061;10.010000;490.002061,0.002686493451334435,0.06527007056333661,-0.1321104474242031,-0.15353516500421924,0.0,0.0,3962.003995;3946.003995;3972.003995
generic_contact_free,RS-M1-005,485.0020613256861,3,3,1,False,0.002408022181502276,-0.13086135535353258,-0.05117119439139445,-0.0464339232404792,0.0,0.0,446.002061;474.002061;99.000000,,-0.12198177569979596,-0.015713715419543327,-0.008853234392292358,0.0,0.0,3958.003995
chemical_imbalance,RS-M1-005,485.0020613256861,3,3,1,False,0.002408022181502276,-0.13086135535353258,-0.05117119439139445,-0.0464339232404792,0.0,0.0,446.002061;474.002061;99.000000,,-0.12198177569979596,-0.015713715419543327,-0.008853234392292358,0.0,0.0,3958.003995
generic_contact_free,RS-M1-005,485.0020613256861,5,5,1,False,0.006800745289928526,-0.10294952444997385,-0.06574806594845839,-0.057552483956263376,0.0,0.0,446.002061;474.002061;99.000000;542.002061;19.000000,,-0.12198177569979596,-0.015713715419543327,-0.008853234392292358,0.0,0.0,3958.003995
chemical_imbalance,RS-M1-005,485.0020613256861,5,5,1,False,0.006800745289928526,-0.10294952444997385,-0.06574806594845839,-0.057552483956263376,0.0,0.0,446.002061;474.002061;99.000000;542.002061;19.000000,,-0.12198177569979596,-0.015713715419543327,-0.008853234392292358,0.0,0.0,3958.003995
generic_contact_free,RS-M1-005,515.0020613256588,3,3,3,True,0.0031997194236162837,-0.025182914221758206,-0.16335542608920114,-0.19983704544791245,0.0,0.0,533.002061;499.002061;458.002061,0.008663788637103717,0.036591918084653306,-0.08725983898114932,-0.09851346295955232,0.0,0.0,3962.003995;3952.003995;3972.003995
chemical_imbalance,RS-M1-005,515.0020613256588,3,3,3,True,0.0031997194236162837,-0.025182914221758206,-0.16335542608920114,-0.19983704544791245,0.0,0.0,533.002061;499.002061;458.002061,0.008663788637103717,0.036591918084653306,-0.08725983898114932,-0.09851346295955232,0.0,0.0,3962.003995;3952.003995;3972.003995
generic_contact_free,RS-M1-005,515.0020613256588,5,5,4,True,0.009320079733331247,-0.005819694447494961,-0.11591801602687068,-0.14442899804910408,0.0,0.0,533.002061;499.002061;458.002061;469.002061;15.010000,0.0064641520982857605,0.02746048758409248,-0.07784229000414644,-0.08792059269355448,0.0,0.0,3962.003995;3952.003995;3972.003995;4071.003995
chemical_imbalance,RS-M1-005,515.0020613256588,5,5,4,True,0.009320079733331247,-0.005819694447494961,-0.11591801602687068,-0.14442899804910408,0.0,0.0,533.002061;499.002061;458.002061;469.002061;15.010000,0.0064641520982857605,0.02746048758409248,-0.07784229000414644,-0.08792059269355448,0.0,0.0,3962.003995;3952.003995;3972.003995;4071.003995
generic_contact_free,RS-M1-005,545.0020613256315,3,3,0,False,0.012389639443834203,-0.18230467182966315,-0.023164705698989003,-0.01860490778718513,0.0,0.0,141.000000;153.000000;556.002061,,,,,,,
chemical_imbalance,RS-M1-005,545.0020613256315,3,3,0,False,0.012389639443834203,-0.18230467182966315,-0.023164705698989003,-0.01860490778718513,0.0,0.0,141.000000;153.000000;556.002061,,,,,,,
generic_contact_free,RS-M1-005,545.0020613256315,5,5,0,False,0.006538054715730696,-0.18864096577175188,-0.020872296060661467,-0.01943752757069927,0.0,0.0,141.000000;153.000000;556.002061;598.002061;116.000000,,,,,,,
chemical_imbalance,RS-M1-005,545.0020613256315,5,5,0,False,0.006538054715730696,-0.18864096577175188,-0.020872296060661467,-0.01943752757069927,0.0,0.0,141.000000;153.000000;556.002061;598.002061;116.000000,,,,,,,
generic_contact_free,RS-M1-005,575.0020613256042,3,3,3,True,0.031177623632953448,-0.040469525356580965,0.048704038269134615,0.043113921482563204,0.0,0.0,586.002061;97.000000;183.010000,0.01022864100280274,-0.004072105757701121,0.02922693783171106,0.06622406678598042,0.0,0.0,4123.003995;4018.003995;4086.003995
chemical_imbalance,RS-M1-005,575.0020613256042,3,3,3,True,0.031177623632953448,-0.040469525356580965,0.048704038269134615,0.043113921482563204,0.0,0.0,586.002061;97.000000;183.010000,0.01022864100280274,-0.004072105757701121,0.02922693783171106,0.06622406678598042,0.0,0.0,4123.003995;4018.003995;4086.003995
generic_contact_free,RS-M1-005,575.0020613256042,5,5,5,True,0.027318696674836922,-0.03963913059497286,0.027076871792374852,0.024260592227315497,0.0,0.0,586.002061;97.000000;183.010000;76.000000;109.000000,0.011852723843220503,0.014709721977575968,0.016850368929210352,0.04599948420278993,0.0,0.0,4123.003995;4018.003995;4086.003995;4113.003995;4053.003995
chemical_imbalance,RS-M1-005,575.0020613256042,5,5,5,True,0.027318696674836922,-0.03963913059497286,0.027076871792374852,0.024260592227315497,0.0,0.0,586.002061;97.000000;183.010000;76.000000;109.000000,0.011852723843220503,0.014709721977575968,0.016850368929210352,0.04599948420278993,0.0,0.0,4123.003995;4018.003995;4086.003995;4113.003995;4053.003995
generic_contact_free,RS-M1-006,5.009999999999938,3,1,0,False,,-0.060640769061431885,-0.03157610680465095,0.01885835757828128,0.0,0.0,29.000000,,,,,,,
chemical_imbalance,RS-M1-006,5.009999999999938,3,1,0,False,,-0.060640769061431885,-0.03157610680465095,0.01885835757828128,0.0,0.0,29.000000,,,,,,,
generic_contact_free,RS-M1-006,5.009999999999938,5,1,0,False,,-0.060640769061431885,-0.03157610680465095,0.01885835757828128,0.0,0.0,29.000000,,,,,,,
chemical_imbalance,RS-M1-006,5.009999999999938,5,1,0,False,,-0.060640769061431885,-0.03157610680465095,0.01885835757828128,0.0,0.0,29.000000,,,,,,,
generic_contact_free,RS-M1-006,35.000000000001606,3,3,0,False,0.013992358827441065,-0.053794578889250204,-0.023899822364384826,-0.03749009817399267,0.0,0.0,21.000000;91.000000;556.009598,,,,,,,
chemical_imbalance,RS-M1-006,35.000000000001606,3,3,0,False,0.013992358827441065,-0.053794578889250204,-0.023899822364384826,-0.03749009817399267,0.0,0.0,21.000000;91.000000;556.009598,,,,,,,
generic_contact_free,RS-M1-006,35.000000000001606,5,5,0,False,0.014158330923225047,-0.022199662995260123,-0.0737299936093635,-0.09055438913916385,0.0,0.0,21.000000;91.000000;556.009598;45.010000;596.009598,,,,,,,
chemical_imbalance,RS-M1-006,35.000000000001606,5,5,0,False,0.014158330923225047,-0.022199662995260123,-0.0737299936093635,-0.09055438913916385,0.0,0.0,21.000000;91.000000;556.009598;45.010000;596.009598,,,,,,,
generic_contact_free,RS-M1-006,65.00999999999635,3,3,0,False,0.02674993776363599,0.0514326141933552,-0.046533697351826504,-0.03893940140026084,0.0,0.0,579.009598;54.010000;89.000000,,,,,,,
chemical_imbalance,RS-M1-006,65.00999999999635,3,3,0,False,0.02674993776363599,0.0514326141933552,-0.046533697351826504,-0.03893940140026084,0.0,0.0,579.009598;54.010000;89.000000,,,,,,,
generic_contact_free,RS-M1-006,65.00999999999635,5,3,0,False,0.02674993776363599,0.0514326141933552,-0.046533697351826504,-0.03893940140026084,0.0,0.0,579.009598;54.010000;89.000000,,,,,,,
chemical_imbalance,RS-M1-006,65.00999999999635,5,3,0,False,0.02674993776363599,0.0514326141933552,-0.046533697351826504,-0.03893940140026084,0.0,0.0,579.009598;54.010000;89.000000,,,,,,,
generic_contact_free,RS-M1-006,95.0000000000117,3,1,0,False,,-0.21819968484166372,-0.016950092183939947,0.0016129037683700858,0.0,0.0,105.000000,,,,,,,
chemical_imbalance,RS-M1-006,95.0000000000117,3,1,0,False,,-0.21819968484166372,-0.016950092183939947,0.0016129037683700858,0.0,0.0,105.000000,,,,,,,
generic_contact_free,RS-M1-006,95.0000000000117,5,1,0,False,,-0.21819968484166372,-0.016950092183939947,0.0016129037683700858,0.0,0.0,105.000000,,,,,,,
chemical_imbalance,RS-M1-006,95.0000000000117,5,1,0,False,,-0.21819968484166372,-0.016950092183939947,0.0016129037683700858,0.0,0.0,105.000000,,,,,,,
generic_contact_free,RS-M1-006,215.00999999994943,3,3,0,False,0.007724376331525065,-0.13606041311881736,0.009592642104964405,0.004404782398744256,0.3333333333333333,0.3333333333333333,88.000000;204.010000;107.000000,,,,,,,
generic_contact_free,RS-M1-006,215.00999999994943,5,4,0,False,0.020802127149722315,-0.07370423214109498,0.014576859801848514,0.012273076364044037,0.25,0.25,88.000000;204.010000;107.000000;244.010000,,,,,,,
generic_contact_free,RS-M1-006,245.00999999992214,3,2,0,False,0.011438121321093979,-0.13747538041809873,0.06076246814367124,0.050408146828211396,0.5,0.0,256.010000;218.010000,,,,,,,
chemical_imbalance,RS-M1-006,245.00999999992214,3,2,0,False,0.011438121321093979,-0.13747538041809873,0.06076246814367124,0.050408146828211396,0.5,0.0,256.010000;218.010000,,,,,,,
generic_contact_free,RS-M1-006,245.00999999992214,5,2,0,False,0.011438121321093979,-0.13747538041809873,0.06076246814367124,0.050408146828211396,0.5,0.0,256.010000;218.010000,,,,,,,
chemical_imbalance,RS-M1-006,245.00999999992214,5,2,0,False,0.011438121321093979,-0.13747538041809873,0.06076246814367124,0.050408146828211396,0.5,0.0,256.010000;218.010000,,,,,,,
generic_contact_free,RS-M1-006,275.0099999998949,3,0,0,False,,,,,,,,,,,,,,
generic_contact_free,RS-M1-006,275.0099999998949,5,0,0,False,,,,,,,,,,,,,,
generic_contact_free,RS-M1-006,365.00999999981303,3,3,0,False,0.007662670191969884,0.08731353769544925,0.02180223125865992,0.020308062235531766,0.0,0.0,354.010000;376.010000;419.010000,,,,,,,
chemical_imbalance,RS-M1-006,365.00999999981303,3,3,0,False,0.007662670191969884,0.08731353769544925,0.02180223125865992,0.020308062235531766,0.0,0.0,354.010000;376.010000;419.010000,,,,,,,
generic_contact_free,RS-M1-006,365.00999999981303,5,5,0,False,0.008204201294319986,0.06778621832948299,0.04313114786774992,0.03376978677406704,0.0,0.0,354.010000;376.010000;419.010000;402.010000;321.010000,,,,,,,
chemical_imbalance,RS-M1-006,365.00999999981303,5,5,0,False,0.008204201294319986,0.06778621832948299,0.04313114786774992,0.03376978677406704,0.0,0.0,354.010000;376.010000;419.010000;402.010000;321.010000,,,,,,,
generic_contact_free,RS-M1-006,395.00999999978575,3,2,0,False,0.008831370933356229,0.01568316504102411,0.0758995925722898,0.04346370955459264,0.0,0.0,408.010000;384.010000,,,,,,,
low_E,RS-M1-006,395.00999999978575,3,2,0,False,0.008831370933356229,0.01568316504102411,0.0758995925722898,0.04346370955459264,0.0,0.0,408.010000;384.010000,,,,,,,
chemical_imbalance,RS-M1-006,395.00999999978575,3,2,0,False,0.008831370933356229,0.01568316504102411,0.0758995925722898,0.04346370955459264,0.0,0.0,408.010000;384.010000,,,,,,,
generic_contact_free,RS-M1-006,395.00999999978575,5,2,0,False,0.008831370933356229,0.01568316504102411,0.0758995925722898,0.04346370955459264,0.0,0.0,408.010000;384.010000,,,,,,,
low_E,RS-M1-006,395.00999999978575,5,2,0,False,0.008831370933356229,0.01568316504102411,0.0758995925722898,0.04346370955459264,0.0,0.0,408.010000;384.010000,,,,,,,
chemical_imbalance,RS-M1-006,395.00999999978575,5,2,0,False,0.008831370933356229,0.01568316504102411,0.0758995925722898,0.04346370955459264,0.0,0.0,408.010000;384.010000,,,,,,,
generic_contact_free,RS-M1-006,425.00999999975846,3,3,0,False,0.0020111164044898694,0.0843658022988152,0.045795416517100875,0.009597465678134895,0.3333333333333333,0.0,444.010000;401.010000;363.010000,,,,,,,
low_E,RS-M1-006,425.00999999975846,3,3,0,False,0.0020111164044898694,0.0843658022988152,0.045795416517100875,0.009597465678134895,0.3333333333333333,0.0,444.010000;401.010000;363.010000,,,,,,,
chemical_imbalance,RS-M1-006,425.00999999975846,3,3,0,False,0.0020111164044898694,0.0843658022988152,0.045795416517100875,0.009597465678134895,0.3333333333333333,0.0,444.010000;401.010000;363.010000,,,,,,,
generic_contact_free,RS-M1-006,425.00999999975846,5,5,0,False,0.009021463805770279,0.06633512644451453,0.021859877095283108,0.003390303182576753,0.2,0.0,444.010000;401.010000;363.010000;471.010000;377.010000,,,,,,,
low_E,RS-M1-006,425.00999999975846,5,5,0,False,0.009021463805770279,0.06633512644451453,0.021859877095283108,0.003390303182576753,0.2,0.0,444.010000;401.010000;363.010000;471.010000;377.010000,,,,,,,
chemical_imbalance,RS-M1-006,425.00999999975846,5,5,0,False,0.009021463805770279,0.06633512644451453,0.021859877095283108,0.003390303182576753,0.2,0.0,444.010000;401.010000;363.010000;471.010000;377.010000,,,,,,,
generic_contact_free,RS-M1-006,485.0099999997039,3,3,3,True,0.004753646360885221,-0.02363488248454168,0.08240172412757252,0.04007174501640664,0.0,0.0,467.010000;431.010000;500.010000,0.008450504577078275,0.0007456763250017808,0.1412973307243103,0.07111639998772172,0.0,0.0,3964.009566;3954.009566;3942.009566
low_E,RS-M1-006,485.0099999997039,3,3,3,True,0.004753646360885221,-0.02363488248454168,0.08240172412757252,0.04007174501640664,0.0,0.0,467.010000;431.010000;500.010000,0.008450504577078275,0.0007456763250017808,0.1412973307243103,0.07111639998772172,0.0,0.0,3964.009566;3954.009566;3942.009566
chemical_imbalance,RS-M1-006,485.0099999997039,3,3,3,True,0.004753646360885221,-0.02363488248454168,0.08240172412757252,0.04007174501640664,0.0,0.0,467.010000;431.010000;500.010000,0.008450504577078275,0.0007456763250017808,0.1412973307243103,0.07111639998772172,0.0,0.0,3964.009566;3954.009566;3942.009566
generic_contact_free,RS-M1-006,485.0099999997039,5,4,3,True,0.0075067687285751816,0.000317533511059169,0.05980306140969008,0.03314728701460811,0.25,0.0,467.010000;431.010000;500.010000;446.010000,0.008450504577078275,0.0007456763250017808,0.1412973307243103,0.07111639998772172,0.0,0.0,3964.009566;3954.009566;3942.009566
low_E,RS-M1-006,485.0099999997039,5,4,3,True,0.0075067687285751816,0.000317533511059169,0.05980306140969008,0.03314728701460811,0.25,0.0,467.010000;431.010000;500.010000;446.010000,0.008450504577078275,0.0007456763250017808,0.1412973307243103,0.07111639998772172,0.0,0.0,3964.009566;3954.009566;3942.009566
chemical_imbalance,RS-M1-006,485.0099999997039,5,4,3,True,0.0075067687285751816,0.000317533511059169,0.05980306140969008,0.03314728701460811,0.25,0.0,467.010000;431.010000;500.010000;446.010000,0.008450504577078275,0.0007456763250017808,0.1412973307243103,0.07111639998772172,0.0,0.0,3964.009566;3954.009566;3942.009566
generic_contact_free,RS-M1-006,575.0095984622782,3,3,3,True,0.008210054614766099,0.031094211477224815,0.11231619749620421,0.11564855159889165,0.3333333333333333,0.0,559.009598;548.009598;66.010000,0.0095870795055535,0.05323818432435121,0.13381785854863748,0.16658896159396078,0.6666666666666666,0.0,4048.007125;4115.007125;4104.007125
chemical_imbalance,RS-M1-006,575.0095984622782,3,3,3,True,0.008210054614766099,0.031094211477224815,0.11231619749620421,0.11564855159889165,0.3333333333333333,0.0,559.009598;548.009598;66.010000,0.0095870795055535,0.05323818432435121,0.13381785854863748,0.16658896159396078,0.6666666666666666,0.0,4048.007125;4115.007125;4104.007125
generic_contact_free,RS-M1-006,575.0095984622782,5,5,4,True,0.016960951170412263,0.06075857050903175,0.03530015151977479,0.03705035571570507,0.2,0.0,559.009598;548.009598;66.010000;588.009598;42.000000,0.018621614320709877,0.028731695233465148,0.08424983469901409,0.11600227272684008,0.5,0.0,4048.007125;4115.007125;4104.007125;4144.007125
chemical_imbalance,RS-M1-006,575.0095984622782,5,5,4,True,0.016960951170412263,0.06075857050903175,0.03530015151977479,0.03705035571570507,0.2,0.0,559.009598;548.009598;66.010000;588.009598;42.000000,0.018621614320709877,0.028731695233465148,0.08424983469901409,0.11600227272684008,0.5,0.0,4048.007125;4115.007125;4104.007125;4144.007125
generic_contact_free,RS-M1-007,5.009999999999938,3,3,0,False,0.01615520673658306,0.001435201041229607,-0.014827052095712842,-0.022447016357555732,0.0,0.0,477.002230;494.002230;440.002230,,,,,,,
generic_contact_free,RS-M1-007,5.009999999999938,5,4,0,False,0.016409867778450687,-0.021528923511899133,0.01488122069191123,0.017792012732116336,0.0,0.0,477.002230;494.002230;440.002230;50.010000,,,,,,,
generic_contact_free,RS-M1-007,35.000000000001606,3,3,0,False,0.004484077869812342,0.16148436743696157,-0.006353309160732022,-0.013737205590541353,0.0,0.0,492.002230;13.010000;24.000000,,,,,,,
chemical_imbalance,RS-M1-007,35.000000000001606,3,3,0,False,0.004484077869812342,0.16148436743696157,-0.006353309160732022,-0.013737205590541353,0.0,0.0,492.002230;13.010000;24.000000,,,,,,,
generic_contact_free,RS-M1-007,35.000000000001606,5,3,0,False,0.004484077869812342,0.16148436743696157,-0.006353309160732022,-0.013737205590541353,0.0,0.0,492.002230;13.010000;24.000000,,,,,,,
chemical_imbalance,RS-M1-007,35.000000000001606,5,3,0,False,0.004484077869812342,0.16148436743696157,-0.006353309160732022,-0.013737205590541353,0.0,0.0,492.002230;13.010000;24.000000,,,,,,,
generic_contact_free,RS-M1-007,65.00999999999635,3,0,0,False,,,,,,,,,,,,,,
generic_contact_free,RS-M1-007,65.00999999999635,5,0,0,False,,,,,,,,,,,,,,
generic_contact_free,RS-M1-007,95.0000000000117,3,3,0,False,0.01133889846209973,-0.012011050660203698,-0.07637293775858871,-0.08474881162904291,0.0,0.0,553.002230;123.000000;541.002230,,,,,,,
chemical_imbalance,RS-M1-007,95.0000000000117,3,3,0,False,0.01133889846209973,-0.012011050660203698,-0.07637293775858871,-0.08474881162904291,0.0,0.0,553.002230;123.000000;541.002230,,,,,,,
generic_contact_free,RS-M1-007,95.0000000000117,5,3,0,False,0.01133889846209973,-0.012011050660203698,-0.07637293775858871,-0.08474881162904291,0.0,0.0,553.002230;123.000000;541.002230,,,,,,,
chemical_imbalance,RS-M1-007,95.0000000000117,5,3,0,False,0.01133889846209973,-0.012011050660203698,-0.07637293775858871,-0.08474881162904291,0.0,0.0,553.002230;123.000000;541.002230,,,,,,,
generic_contact_free,RS-M1-007,125.00000000002704,3,3,0,False,0.0018080267403806933,0.0050107568459919665,-0.08740718776549532,-0.08673235003168972,0.0,0.0,549.002230;173.010000;148.000000,,,,,,,
chemical_imbalance,RS-M1-007,125.00000000002704,3,3,0,False,0.0018080267403806933,0.0050107568459919665,-0.08740718776549532,-0.08673235003168972,0.0,0.0,549.002230;173.010000;148.000000,,,,,,,
generic_contact_free,RS-M1-007,125.00000000002704,5,5,0,False,0.0026685602001735955,-0.005296535626538005,-0.09766534737509833,-0.0951212164090614,0.0,0.0,549.002230;173.010000;148.000000;92.000000;596.002230,,,,,,,
chemical_imbalance,RS-M1-007,125.00000000002704,5,5,0,False,0.0026685602001735955,-0.005296535626538005,-0.09766534737509833,-0.0951212164090614,0.0,0.0,549.002230;173.010000;148.000000;92.000000;596.002230,,,,,,,
generic_contact_free,RS-M1-007,155.000000000004,3,3,0,False,0.007070587690001422,0.19597015561050193,-0.04066102329923461,-0.03963980606634459,0.0,0.0,562.002230;115.000000;575.002230,,,,,,,
generic_contact_free,RS-M1-007,155.000000000004,5,5,0,False,0.029057225208273543,0.11392067262016874,-0.007718489855271278,-0.003394212960827591,0.0,0.0,562.002230;115.000000;575.002230;102.000000;182.010000,,,,,,,
generic_contact_free,RS-M1-007,185.0099999999767,3,3,0,False,0.005197048973314702,-0.1212802496362994,0.0315009403145921,0.009006123274476663,0.0,0.0,242.010000;215.010000;227.010000,,,,,,,
generic_contact_free,RS-M1-007,185.0099999999767,5,5,0,False,0.0034231617509526803,-0.12151872171795564,0.03441566616720605,0.015133690755029173,0.0,0.0,242.010000;215.010000;227.010000;196.010000;133.000000,,,,,,,
generic_contact_free,RS-M1-007,215.00999999994943,3,3,0,False,0.003666846839284754,-0.09947774268196259,0.02583050729717438,0.016287265525131767,0.0,0.0,236.010000;196.010000;184.010000,,,,,,,
chemical_imbalance,RS-M1-007,215.00999999994943,3,3,0,False,0.003666846839284754,-0.09947774268196259,0.02583050729717438,0.016287265525131767,0.0,0.0,236.010000;196.010000;184.010000,,,,,,,
generic_contact_free,RS-M1-007,215.00999999994943,5,5,0,False,0.01047789205852716,-0.06657603240998501,0.01792534020887006,0.0034468631178949717,0.0,0.0,236.010000;196.010000;184.010000;259.010000;173.010000,,,,,,,
chemical_imbalance,RS-M1-007,215.00999999994943,5,5,0,False,0.01047789205852716,-0.06657603240998501,0.01792534020887006,0.0034468631178949717,0.0,0.0,236.010000;196.010000;184.010000;259.010000;173.010000,,,,,,,
generic_contact_free,RS-M1-007,245.00999999992214,3,3,0,False,0.001119508372592619,-0.10392354209444137,0.08054143595580583,0.06894308909209547,0.0,0.0,217.010000;194.010000;258.010000,,,,,,,
chemical_imbalance,RS-M1-007,245.00999999992214,3,3,0,False,0.001119508372592619,-0.10392354209444137,0.08054143595580583,0.06894308909209547,0.0,0.0,217.010000;194.010000;258.010000,,,,,,,
generic_contact_free,RS-M1-007,245.00999999992214,5,5,0,False,0.00950001885497265,-0.07175279252631186,0.037702016361710285,0.040321304806855376,0.0,0.0,217.010000;194.010000;258.010000;272.010000;233.010000,,,,,,,
chemical_imbalance,RS-M1-007,245.00999999992214,5,5,0,False,0.00950001885497265,-0.07175279252631186,0.037702016361710285,0.040321304806855376,0.0,0.0,217.010000;194.010000;258.010000;272.010000;233.010000,,,,,,,
generic_contact_free,RS-M1-007,275.0099999998949,3,3,0,False,0.011621324155586114,-0.012492959032525583,0.008785201825524386,-0.0058636383024113165,0.0,0.0,292.010000;307.010000;239.010000,,,,,,,
chemical_imbalance,RS-M1-007,275.0099999998949,3,3,0,False,0.011621324155586114,-0.012492959032525583,0.008785201825524386,-0.0058636383024113165,0.0,0.0,292.010000;307.010000;239.010000,,,,,,,
generic_contact_free,RS-M1-007,275.0099999998949,5,5,0,False,0.010456586651329564,-0.04773440627688008,0.02500839474739843,0.0035618230768923896,0.0,0.0,292.010000;307.010000;239.010000;214.010000;259.010000,,,,,,,
chemical_imbalance,RS-M1-007,275.0099999998949,5,5,0,False,0.010456586651329564,-0.04773440627688008,0.02500839474739843,0.0035618230768923896,0.0,0.0,292.010000;307.010000;239.010000;214.010000;259.010000,,,,,,,
generic_contact_free,RS-M1-007,305.0099999998676,3,3,0,False,0.005148472889510032,0.09024534019504431,-0.011535676074716596,-0.006220566924067967,0.0,0.0,274.010000;294.010000;246.010000,,,,,,,
chemical_imbalance,RS-M1-007,305.0099999998676,3,3,0,False,0.005148472889510032,0.09024534019504431,-0.011535676074716596,-0.006220566924067967,0.0,0.0,274.010000;294.010000;246.010000,,,,,,,
generic_contact_free,RS-M1-007,305.0099999998676,5,5,0,False,0.01832019386452543,0.02831548194254227,0.04450545669505515,0.02802777431335069,0.0,0.0,274.010000;294.010000;246.010000;260.010000;352.010000,,,,,,,
chemical_imbalance,RS-M1-007,305.0099999998676,5,5,0,False,0.01832019386452543,0.02831548194254227,0.04450545669505515,0.02802777431335069,0.0,0.0,274.010000;294.010000;246.010000;260.010000;352.010000,,,,,,,
generic_contact_free,RS-M1-007,335.0099999998403,3,3,0,False,0.008482467507177094,-0.05891367805237687,-0.015333756514259543,-0.02032481554253853,0.0,0.0,321.010000;277.010000;356.010000,,,,,,,
low_E,RS-M1-007,335.0099999998403,3,3,0,False,0.008482467507177094,-0.05891367805237687,-0.015333756514259543,-0.02032481554253853,0.0,0.0,321.010000;277.010000;356.010000,,,,,,,
generic_contact_free,RS-M1-007,335.0099999998403,5,5,0,False,0.009426449581476096,-0.01057090982552105,-0.027508716670077166,-0.02586503498974176,0.0,0.0,321.010000;277.010000;356.010000;293.010000;387.010000,,,,,,,
low_E,RS-M1-007,335.0099999998403,5,5,0,False,0.009426449581476096,-0.01057090982552105,-0.027508716670077166,-0.02586503498974176,0.0,0.0,321.010000;277.010000;356.010000;293.010000;387.010000,,,,,,,
generic_contact_free,RS-M1-007,365.00999999981303,3,3,0,False,0.002607593703706076,-0.01491301647779012,0.05205171121977345,0.021197135664222308,0.0,0.0,307.010000;415.010000;347.010000,,,,,,,
low_E,RS-M1-007,365.00999999981303,3,3,0,False,0.002607593703706076,-0.01491301647779012,0.05205171121977345,0.021197135664222308,0.0,0.0,307.010000;415.010000;347.010000,,,,,,,
chemical_imbalance,RS-M1-007,365.00999999981303,3,3,0,False,0.002607593703706076,-0.01491301647779012,0.05205171121977345,0.021197135664222308,0.0,0.0,307.010000;415.010000;347.010000,,,,,,,
generic_contact_free,RS-M1-007,365.00999999981303,5,5,0,False,0.007144440089987613,0.004606093886859721,0.005992150188309946,0.005951599743541633,0.0,0.0,307.010000;415.010000;347.010000;427.010000;390.010000,,,,,,,
low_E,RS-M1-007,365.00999999981303,5,5,0,False,0.007144440089987613,0.004606093886859721,0.005992150188309946,0.005951599743541633,0.0,0.0,307.010000;415.010000;347.010000;427.010000;390.010000,,,,,,,
chemical_imbalance,RS-M1-007,365.00999999981303,5,5,0,False,0.007144440089987613,0.004606093886859721,0.005992150188309946,0.005951599743541633,0.0,0.0,307.010000;415.010000;347.010000;427.010000;390.010000,,,,,,,
generic_contact_free,RS-M1-007,395.00999999978575,3,3,0,False,0.013453973071212226,0.018972067513904557,0.023770549744358976,0.016655141633927204,0.0,0.0,423.010000;348.010000;367.010000,,,,,,,
low_E,RS-M1-007,395.00999999978575,3,3,0,False,0.013453973071212226,0.018972067513904557,0.023770549744358976,0.016655141633927204,0.0,0.0,423.010000;348.010000;367.010000,,,,,,,
chemical_imbalance,RS-M1-007,395.00999999978575,3,3,0,False,0.013453973071212226,0.018972067513904557,0.023770549744358976,0.016655141633927204,0.0,0.0,423.010000;348.010000;367.010000,,,,,,,
generic_contact_free,RS-M1-007,395.00999999978575,5,5,0,False,0.01208414740586956,-0.03157601841374107,0.02433899948689475,0.009569114832910055,0.0,0.0,423.010000;348.010000;367.010000;337.010000;409.010000,,,,,,,
low_E,RS-M1-007,395.00999999978575,5,5,0,False,0.01208414740586956,-0.03157601841374107,0.02433899948689475,0.009569114832910055,0.0,0.0,423.010000;348.010000;367.010000;337.010000;409.010000,,,,,,,
chemical_imbalance,RS-M1-007,395.00999999978575,5,5,0,False,0.01208414740586956,-0.03157601841374107,0.02433899948689475,0.009569114832910055,0.0,0.0,423.010000;348.010000;367.010000;337.010000;409.010000,,,,,,,
generic_contact_free,RS-M1-007,425.00999999975846,3,3,0,False,0.009864269202438125,0.046554753221696644,0.013161800861223557,0.013066415909556353,0.0,0.0,389.010000;367.010000;413.010000,,,,,,,
low_E,RS-M1-007,425.00999999975846,3,3,0,False,0.009864269202438125,0.046554753221696644,0.013161800861223557,0.013066415909556353,0.0,0.0,389.010000;367.010000;413.010000,,,,,,,
chemical_imbalance,RS-M1-007,425.00999999975846,3,3,0,False,0.009864269202438125,0.046554753221696644,0.013161800861223557,0.013066415909556353,0.0,0.0,389.010000;367.010000;413.010000,,,,,,,
generic_contact_free,RS-M1-007,425.00999999975846,5,4,0,False,0.015842544798967906,-0.0009513257006227155,0.005431095971285001,0.005704149825216221,0.0,0.0,389.010000;367.010000;413.010000;400.010000,,,,,,,
low_E,RS-M1-007,425.00999999975846,5,4,0,False,0.015842544798967906,-0.0009513257006227155,0.005431095971285001,0.005704149825216221,0.0,0.0,389.010000;367.010000;413.010000;400.010000,,,,,,,
chemical_imbalance,RS-M1-007,425.00999999975846,5,4,0,False,0.015842544798967906,-0.0009513257006227155,0.005431095971285001,0.005704149825216221,0.0,0.0,389.010000;367.010000;413.010000;400.010000,,,,,,,
generic_contact_free,RS-M1-007,455.0022300195986,3,3,0,False,0.005392231387516529,0.010339788279744211,-0.12400387710839478,-0.17597835012954696,0.0,0.0,484.002230;471.002230;443.002230,,,,,,,
generic_contact_free,RS-M1-007,455.0022300195986,5,4,0,False,0.004387039918066006,-0.0008303450471917832,-0.1154433356697812,-0.16209950274483592,0.0,0.0,484.002230;471.002230;443.002230;44.010000,,,,,,,
generic_contact_free,RS-M1-007,485.0022300195713,3,3,0,False,0.0036056577598973178,0.015156307303549402,-0.12315711260070972,-0.1620532547759635,0.0,0.0,452.002230;438.002230;467.002230,,,,,,,
chemical_imbalance,RS-M1-007,485.0022300195713,3,3,0,False,0.0036056577598973178,0.015156307303549402,-0.12315711260070972,-0.1620532547759635,0.0,0.0,452.002230;438.002230;467.002230,,,,,,,
generic_contact_free,RS-M1-007,485.0022300195713,5,5,0,False,0.004377669798061528,0.02484734377310447,-0.10356529425460212,-0.14023527198797442,0.0,0.0,452.002230;438.002230;467.002230;496.002230;43.000000,,,,,,,
chemical_imbalance,RS-M1-007,485.0022300195713,5,5,0,False,0.004377669798061528,0.02484734377310447,-0.10356529425460212,-0.14023527198797442,0.0,0.0,452.002230;438.002230;467.002230;496.002230;43.000000,,,,,,,
generic_contact_free,RS-M1-007,515.0022300195441,3,3,0,False,0.012142343515029406,-0.11375651230739292,0.027353155079651054,-0.0010739311119418,0.0,0.0,504.002230;47.010000;529.002230,,,,,,,
generic_contact_free,RS-M1-007,515.0022300195441,5,5,0,False,0.009888495225459587,-0.097659115427946,0.011203389200526803,-0.001635804018389778,0.0,0.0,504.002230;47.010000;529.002230;91.000000;133.000000,,,,,,,
generic_contact_free,RS-M1-007,545.0022300195168,3,3,0,False,0.0033282010300826597,-0.00875921446675471,-0.025532980705151313,-0.028370539734580636,0.0,0.0,150.000000;599.002230;92.000000,,,,,,,
chemical_imbalance,RS-M1-007,545.0022300195168,3,3,0,False,0.0033282010300826597,-0.00875921446675471,-0.025532980705151313,-0.028370539734580636,0.0,0.0,150.000000;599.002230;92.000000,,,,,,,
generic_contact_free,RS-M1-007,545.0022300195168,5,5,0,False,0.005932136024689942,-0.018617340646301373,-0.05217057276428818,-0.0572823558440564,0.0,0.0,150.000000;599.002230;92.000000;507.002230;173.010000,,,,,,,
chemical_imbalance,RS-M1-007,545.0022300195168,5,5,0,False,0.005932136024689942,-0.018617340646301373,-0.05217057276428818,-0.0572823558440564,0.0,0.0,150.000000;599.002230;92.000000;507.002230;173.010000,,,,,,,
generic_contact_free,RS-M1-007,575.0022300194895,3,3,0,False,0.006982235128523363,0.17886456926815675,-0.03240677905486849,-0.034767851892188305,0.0,0.0,562.002230;155.000000;115.000000,,,,,,,
chemical_imbalance,RS-M1-007,575.0022300194895,3,3,0,False,0.006982235128523363,0.17886456926815675,-0.03240677905486849,-0.034767851892188305,0.0,0.0,562.002230;155.000000;115.000000,,,,,,,
generic_contact_free,RS-M1-007,575.0022300194895,5,4,0,False,0.011547358247725221,0.1629360754617586,0.005926193595800641,0.0016309395583217756,0.0,0.0,562.002230;155.000000;115.000000;102.000000,,,,,,,
chemical_imbalance,RS-M1-007,575.0022300194895,5,4,0,False,0.011547358247725221,0.1629360754617586,0.005926193595800641,0.0016309395583217756,0.0,0.0,562.002230;155.000000;115.000000;102.000000,,,,,,,
generic_contact_free,RS-M1-008,5.009999999999938,3,1,0,False,,-0.023202733832413315,-0.03279835756697759,-0.041716479521499567,0.0,0.0,30.000000,,,,,,,
generic_contact_free,RS-M1-008,5.009999999999938,5,1,0,False,,-0.023202733832413315,-0.03279835756697759,-0.041716479521499567,0.0,0.0,30.000000,,,,,,,
generic_contact_free,RS-M1-008,35.000000000001606,3,3,0,False,0.007886706321396902,-0.03581919827697884,0.01107366957698186,-0.02627626943927638,0.0,0.0,25.000000;81.000000;449.008414,,,,,,,
chemical_imbalance,RS-M1-008,35.000000000001606,3,3,0,False,0.007886706321396902,-0.03581919827697884,0.01107366957698186,-0.02627626943927638,0.0,0.0,25.000000;81.000000;449.008414,,,,,,,
generic_contact_free,RS-M1-008,35.000000000001606,5,5,0,False,0.005514096450092798,-0.02647326482082219,0.00016762438490209377,-0.03863733121946741,0.0,0.0,25.000000;81.000000;449.008414;93.000000;2.000000,,,,,,,
chemical_imbalance,RS-M1-008,35.000000000001606,5,5,0,False,0.005514096450092798,-0.02647326482082219,0.00016762438490209377,-0.03863733121946741,0.0,0.0,25.000000;81.000000;449.008414;93.000000;2.000000,,,,,,,
generic_contact_free,RS-M1-008,65.00999999999635,3,3,1,False,0.0023826124569851564,0.007569676227303336,-0.030846045833065577,-0.06919127109535676,0.0,0.0,93.000000;449.008414;38.000000,,-0.008167117824164287,-0.09902891436134231,-0.11107600609590416,0.0,0.0,2377.004856
chemical_imbalance,RS-M1-008,65.00999999999635,3,3,1,False,0.0023826124569851564,0.007569676227303336,-0.030846045833065577,-0.06919127109535676,0.0,0.0,93.000000;449.008414;38.000000,,-0.008167117824164287,-0.09902891436134231,-0.11107600609590416,0.0,0.0,2377.004856
generic_contact_free,RS-M1-008,65.00999999999635,5,5,1,False,0.006217255813094245,-0.016440368598334722,-0.015568143799479923,-0.05365932006129594,0.0,0.0,93.000000;449.008414;38.000000;25.000000;81.000000,,-0.008167117824164287,-0.09902891436134231,-0.11107600609590416,0.0,0.0,2377.004856
chemical_imbalance,RS-M1-008,65.00999999999635,5,5,1,False,0.006217255813094245,-0.016440368598334722,-0.015568143799479923,-0.05365932006129594,0.0,0.0,93.000000;449.008414;38.000000;25.000000;81.000000,,-0.008167117824164287,-0.09902891436134231,-0.11107600609590416,0.0,0.0,2377.004856
generic_contact_free,RS-M1-008,95.0000000000117,3,3,3,True,0.01784433331007691,-0.026025900986715256,-0.02530801118723547,-0.00703880164593083,0.0,0.0,77.000000;41.000000;574.008414,0.005056730094828992,-0.018772356073575785,0.02077355845907891,-0.00016559235841159987,0.0,0.0,2439.004856;2846.004871;2864.004871
generic_contact_free,RS-M1-008,95.0000000000117,5,5,5,True,0.011301901865297208,-0.004884396793957815,-0.013491850754178547,-0.018283199867155313,0.0,0.0,77.000000;41.000000;574.008414;66.010000;545.008414,0.007971668725027152,-0.00804452828825999,-0.031108525838347577,-0.043020211573383225,0.0,0.0,2439.004856;2846.004871;2864.004871;2377.004856;2806.004871
generic_contact_free,RS-M1-008,155.000000000004,3,3,0,False,0.005008951245848549,-0.02477284502698823,-0.04049655870110023,-0.02300700871305476,0.0,0.0,142.000000;190.010000;173.010000,,,,,,,
chemical_imbalance,RS-M1-008,155.000000000004,3,3,0,False,0.005008951245848549,-0.02477284502698823,-0.04049655870110023,-0.02300700871305476,0.0,0.0,142.000000;190.010000;173.010000,,,,,,,
generic_contact_free,RS-M1-008,155.000000000004,5,4,0,False,0.004068413452153281,-0.01127331686818817,-0.040698783542946364,-0.03638027733577864,0.0,0.0,142.000000;190.010000;173.010000;93.000000,,,,,,,
chemical_imbalance,RS-M1-008,155.000000000004,5,4,0,False,0.004068413452153281,-0.01127331686818817,-0.040698783542946364,-0.03638027733577864,0.0,0.0,142.000000;190.010000;173.010000;93.000000,,,,,,,
generic_contact_free,RS-M1-008,185.0099999999767,3,3,1,False,0.015168222999583147,-0.0052645426193357004,-0.05640042541900156,-0.04460144874297888,0.0,0.0,173.010000;143.000000;157.000000,,-0.0650762660455601,-0.013084692435430489,-0.029577704681477565,0.0,0.0,2446.004856
chemical_imbalance,RS-M1-008,185.0099999999767,3,3,1,False,0.015168222999583147,-0.0052645426193357004,-0.05640042541900156,-0.04460144874297888,0.0,0.0,173.010000;143.000000;157.000000,,-0.0650762660455601,-0.013084692435430489,-0.029577704681477565,0.0,0.0,2446.004856
generic_contact_free,RS-M1-008,185.0099999999767,5,5,1,False,0.007757529447791732,-0.010500772917167814,-0.05709359888928569,-0.04309049265559486,0.0,0.0,173.010000;143.000000;157.000000;573.008414;242.010000,,-0.0650762660455601,-0.013084692435430489,-0.029577704681477565,0.0,0.0,2446.004856
chemical_imbalance,RS-M1-008,185.0099999999767,5,5,1,False,0.007757529447791732,-0.010500772917167814,-0.05709359888928569,-0.04309049265559486,0.0,0.0,173.010000;143.000000;157.000000;573.008414;242.010000,,-0.0650762660455601,-0.013084692435430489,-0.029577704681477565,0.0,0.0,2446.004856
generic_contact_free,RS-M1-008,215.00999999994943,3,3,3,True,0.016884626815944062,0.04852980210855773,0.06447162238647959,0.04777067744025367,0.0,0.0,199.010000;236.010000;163.010000,0.002899856211050835,0.03726758510662258,0.017980282961263975,0.014144477498155334,0.0,0.0,2501.004856;2553.004856;2879.004871
chemical_imbalance,RS-M1-008,215.00999999994943,3,3,3,True,0.016884626815944062,0.04852980210855773,0.06447162238647959,0.04777067744025367,0.0,0.0,199.010000;236.010000;163.010000,0.002899856211050835,0.03726758510662258,0.017980282961263975,0.014144477498155334,0.0,0.0,2501.004856;2553.004856;2879.004871
generic_contact_free,RS-M1-008,215.00999999994943,5,5,5,True,0.018508996896442607,-0.019186780445493386,0.057694390846409704,0.03991242292273941,0.2,0.0,199.010000;236.010000;163.010000;179.010000;258.010000,0.00551312601316381,0.01835544938653033,-0.016352113261934177,-0.009111490054692108,0.2,0.0,2501.004856;2553.004856;2879.004871;2918.004871;2463.004856
chemical_imbalance,RS-M1-008,215.00999999994943,5,5,5,True,0.018508996896442607,-0.019186780445493386,0.057694390846409704,0.03991242292273941,0.2,0.0,199.010000;236.010000;163.010000;179.010000;258.010000,0.00551312601316381,0.01835544938653033,-0.016352113261934177,-0.009111490054692108,0.2,0.0,2501.004856;2553.004856;2879.004871;2918.004871;2463.004856
generic_contact_free,RS-M1-008,245.00999999992214,3,3,3,True,0.014723762501536966,0.019467761982905486,-0.04230458727185824,-0.03479019375002532,0.0,0.0,198.010000;217.010000;303.010000,0.005100336599700082,0.0008059256748827853,-0.08342153372508015,-0.06744218236187718,0.0,0.0,2545.004856;2566.004856;2501.004856
chemical_imbalance,RS-M1-008,245.00999999992214,3,3,3,True,0.014723762501536966,0.019467761982905486,-0.04230458727185824,-0.03479019375002532,0.0,0.0,198.010000;217.010000;303.010000,0.005100336599700082,0.0008059256748827853,-0.08342153372508015,-0.06744218236187718,0.0,0.0,2545.004856;2566.004856;2501.004856
generic_contact_free,RS-M1-008,245.00999999992214,5,5,5,True,0.0162909920175499,-0.012033891748087326,0.01851055446294015,0.016443134772222836,0.0,0.0,198.010000;217.010000;303.010000;292.010000;183.010000,0.005304528649931256,0.00265604136467872,-0.08794377142129355,-0.071845788962452,0.2,0.0,2545.004856;2566.004856;2501.004856;2919.004871;2591.004856
chemical_imbalance,RS-M1-008,245.00999999992214,5,5,5,True,0.0162909920175499,-0.012033891748087326,0.01851055446294015,0.016443134772222836,0.0,0.0,198.010000;217.010000;303.010000;292.010000;183.010000,0.005304528649931256,0.00265604136467872,-0.08794377142129355,-0.071845788962452,0.2,0.0,2545.004856;2566.004856;2501.004856;2919.004871;2591.004856
generic_contact_free,RS-M1-008,275.0099999998949,3,0,0,False,,,,,,,,,,,,,,
generic_contact_free,RS-M1-008,275.0099999998949,5,0,0,False,,,,,,,,,,,,,,
generic_contact_free,RS-M1-008,305.0099999998676,3,3,3,True,0.007820485598119271,-0.06463610723924193,0.08469247819399751,0.06348917406758876,0.3333333333333333,0.0,292.010000;317.010000;255.010000,0.0033317550037701774,0.06650117106114971,0.05490580699695927,0.05262218182714379,0.0,0.0,2533.004856;2552.004856;2587.004856
chemical_imbalance,RS-M1-008,305.0099999998676,3,3,3,True,0.007820485598119271,-0.06463610723924193,0.08469247819399751,0.06348917406758876,0.3333333333333333,0.0,292.010000;317.010000;255.010000,0.0033317550037701774,0.06650117106114971,0.05490580699695927,0.05262218182714379,0.0,0.0,2533.004856;2552.004856;2587.004856
generic_contact_free,RS-M1-008,305.0099999998676,5,5,5,True,0.00494266779654588,-0.05570605690125866,0.10392261003571632,0.07049104479999026,0.6,0.0,292.010000;317.010000;255.010000;354.010000;338.010000,0.004051091991782982,0.06442910195198155,0.05087302985048967,0.04653862345658259,0.0,0.0,2533.004856;2552.004856;2587.004856;2572.004856;2598.004856
chemical_imbalance,RS-M1-008,305.0099999998676,5,5,5,True,0.00494266779654588,-0.05570605690125866,0.10392261003571632,0.07049104479999026,0.6,0.0,292.010000;317.010000;255.010000;354.010000;338.010000,0.004051091991782982,0.06442910195198155,0.05087302985048967,0.04653862345658259,0.0,0.0,2533.004856;2552.004856;2587.004856;2572.004856;2598.004856
generic_contact_free,RS-M1-008,425.00999999975846,3,2,0,False,0.0013746951145896555,0.000666389648028471,0.011146227308809925,0.014638033014250842,0.5,0.0,401.010000;377.010000,,,,,,,
low_E,RS-M1-008,425.00999999975846,3,2,0,False,0.0013746951145896555,0.000666389648028471,0.011146227308809925,0.014638033014250842,0.5,0.0,401.010000;377.010000,,,,,,,
chemical_imbalance,RS-M1-008,425.00999999975846,3,2,0,False,0.0013746951145896555,0.000666389648028471,0.011146227308809925,0.014638033014250842,0.5,0.0,401.010000;377.010000,,,,,,,
generic_contact_free,RS-M1-008,425.00999999975846,5,2,0,False,0.0013746951145896555,0.000666389648028471,0.011146227308809925,0.014638033014250842,0.5,0.0,401.010000;377.010000,,,,,,,
low_E,RS-M1-008,425.00999999975846,5,2,0,False,0.0013746951145896555,0.000666389648028471,0.011146227308809925,0.014638033014250842,0.5,0.0,401.010000;377.010000,,,,,,,
chemical_imbalance,RS-M1-008,425.00999999975846,5,2,0,False,0.0013746951145896555,0.000666389648028471,0.011146227308809925,0.014638033014250842,0.5,0.0,401.010000;377.010000,,,,,,,
generic_contact_free,RS-M1-008,455.0084135739052,3,3,2,True,0.001575422386795248,0.022072550992113953,0.010699205375429526,0.007398337486058298,0.0,0.0,45.010000;443.008414;73.000000,0.00439398520013731,0.0459424809915688,0.04741974513379728,0.06825737789720675,0.0,0.0,2788.004871;2798.004871
chemical_imbalance,RS-M1-008,455.0084135739052,3,3,2,True,0.001575422386795248,0.022072550992113953,0.010699205375429526,0.007398337486058298,0.0,0.0,45.010000;443.008414;73.000000,0.00439398520013731,0.0459424809915688,0.04741974513379728,0.06825737789720675,0.0,0.0,2788.004871;2798.004871
generic_contact_free,RS-M1-008,455.0084135739052,5,5,2,True,0.0073171697349381825,-0.00101480008799881,-0.027082779994940694,-0.023880645659684924,0.0,0.0,45.010000;443.008414;73.000000;18.000000;505.008414,0.00439398520013731,0.0459424809915688,0.04741974513379728,0.06825737789720675,0.0,0.0,2788.004871;2798.004871
chemical_imbalance,RS-M1-008,455.0084135739052,5,5,2,True,0.0073171697349381825,-0.00101480008799881,-0.027082779994940694,-0.023880645659684924,0.0,0.0,45.010000;443.008414;73.000000;18.000000;505.008414,0.00439398520013731,0.0459424809915688,0.04741974513379728,0.06825737789720675,0.0,0.0,2788.004871;2798.004871
generic_contact_free,RS-M1-008,485.00841357387793,3,3,0,False,0.005549681059683782,0.021255351565677677,-0.02684142159279913,-0.05787480362149138,0.0,0.0,504.008414;66.010000;545.008414,,,,,,,
generic_contact_free,RS-M1-008,485.00841357387793,5,4,0,False,0.007528824600836209,0.002476506404297857,-0.0022525159373344428,-0.0304529328984849,0.0,0.0,504.008414;66.010000;545.008414;450.008414,,,,,,,
generic_contact_free,RS-M1-008,515.0084135738507,3,3,0,False,0.0023363781657364953,0.01619714346277996,-0.10495404109647734,-0.11254946748016248,0.0,0.0,502.008414;60.010000;555.008414,,,,,,,
chemical_imbalance,RS-M1-008,515.0084135738507,3,3,0,False,0.0023363781657364953,0.01619714346277996,-0.10495404109647734,-0.11254946748016248,0.0,0.0,502.008414;60.010000;555.008414,,,,,,,
generic_contact_free,RS-M1-008,515.0084135738507,5,3,0,False,0.0023363781657364953,0.01619714346277996,-0.10495404109647734,-0.11254946748016248,0.0,0.0,502.008414;60.010000;555.008414,,,,,,,
chemical_imbalance,RS-M1-008,515.0084135738507,5,3,0,False,0.0023363781657364953,0.01619714346277996,-0.10495404109647734,-0.11254946748016248,0.0,0.0,502.008414;60.010000;555.008414,,,,,,,
generic_contact_free,RS-M1-008,545.0084135738234,3,3,3,True,0.008481899619433422,0.006905224110093067,-0.07410963614484675,-0.054760667042876944,0.0,0.0,503.008414;75.000000;574.008414,0.002751698426502163,0.020810210986251874,0.05492518270628532,0.023849200676525562,0.0,0.0,2448.004856;2413.004856;2846.004871
chemical_imbalance,RS-M1-008,545.0084135738234,3,3,3,True,0.008481899619433422,0.006905224110093067,-0.07410963614484675,-0.054760667042876944,0.0,0.0,503.008414;75.000000;574.008414,0.002751698426502163,0.020810210986251874,0.05492518270628532,0.023849200676525562,0.0,0.0,2448.004856;2413.004856;2846.004871
generic_contact_free,RS-M1-008,545.0084135738234,5,5,5,True,0.0062725576062999154,0.013340909097735443,-0.10501115166734958,-0.08137322376827065,0.2,0.0,503.008414;75.000000;574.008414;556.008414;596.008414,0.006761689446320727,0.01123355048123104,0.041773426460858264,0.027826788905207282,0.0,0.0,2448.004856;2413.004856;2846.004871;2836.004871;2857.004871
chemical_imbalance,RS-M1-008,545.0084135738234,5,5,5,True,0.0062725576062999154,0.013340909097735443,-0.10501115166734958,-0.08137322376827065,0.2,0.0,503.008414;75.000000;574.008414;556.008414;596.008414,0.006761689446320727,0.01123355048123104,0.041773426460858264,0.027826788905207282,0.0,0.0,2448.004856;2413.004856;2846.004871;2836.004871;2857.004871
generic_contact_free,RS-M1-008,575.0084135737961,3,3,3,True,0.003554676763777412,0.04568006509066789,-0.1239124663836549,-0.10783628094287685,0.0,0.0,591.008414;160.010000;92.000000,0.008221939186697363,0.019930677073242555,-0.1106061455688173,-0.1020214006246671,0.0,0.0,2412.004856;2861.004871;2480.004856
chemical_imbalance,RS-M1-008,575.0084135737961,3,3,3,True,0.003554676763777412,0.04568006509066789,-0.1239124663836549,-0.10783628094287685,0.0,0.0,591.008414;160.010000;92.000000,0.008221939186697363,0.019930677073242555,-0.1106061455688173,-0.1020214006246671,0.0,0.0,2412.004856;2861.004871;2480.004856
generic_contact_free,RS-M1-008,575.0084135737961,5,5,5,True,0.009206741661941499,0.0520380276943927,-0.08449460197617653,-0.078650463323865,0.0,0.0,591.008414;160.010000;92.000000;194.010000;545.008414,0.005289741388934512,0.00477912950641148,-0.11729326301876619,-0.1143057389185845,0.0,0.0,2412.004856;2861.004871;2480.004856;2851.004871;2809.004871
chemical_imbalance,RS-M1-008,575.0084135737961,5,5,5,True,0.009206741661941499,0.0520380276943927,-0.08449460197617653,-0.078650463323865,0.0,0.0,591.008414;160.010000;92.000000;194.010000;545.008414,0.005289741388934512,0.00477912950641148,-0.11729326301876619,-0.1143057389185845,0.0,0.0,2412.004856;2861.004871;2480.004856;2851.004871;2809.004871
generic_contact_free,RS-M1-009,5.009999999999938,3,3,3,True,0.011035029589891363,-0.04687935919529199,0.10654174424876627,0.1345093548127094,0.0,0.0,39.000000;60.010000;23.000000,0.024833411397292015,0.03214902505498068,0.10088511397027793,0.12598813379511156,0.0,0.0,501.001348;522.001348;490.001348
generic_contact_free,RS-M1-009,5.009999999999938,5,3,5,True,0.011035029589891363,-0.04687935919529199,0.10654174424876627,0.1345093548127094,0.0,0.0,39.000000;60.010000;23.000000,0.024454715375901208,0.022169866931669176,0.05013749695496529,0.07507479561137662,0.0,0.0,501.001348;522.001348;490.001348;477.001348;533.001348
generic_contact_free,RS-M1-009,35.000000000001606,3,3,3,True,0.014403246102459445,-0.07187043474059392,-0.025974115948335305,-0.018363651244717578,0.0,0.0,75.000000;45.010000;85.000000,0.018785084575957685,-0.06049611034266685,0.0024590418921701337,0.015283649389667536,0.0,0.0,562.001348;532.001348;494.001348
chemical_imbalance,RS-M1-009,35.000000000001606,3,3,3,True,0.014403246102459445,-0.07187043474059392,-0.025974115948335305,-0.018363651244717578,0.0,0.0,75.000000;45.010000;85.000000,0.018785084575957685,-0.06049611034266685,0.0024590418921701337,0.015283649389667536,0.0,0.0,562.001348;532.001348;494.001348
generic_contact_free,RS-M1-009,35.000000000001606,5,5,5,True,0.01281973851081076,-0.04393506516128654,-0.042946499708653676,-0.027301972190467573,0.0,0.0,75.000000;45.010000;85.000000;61.010000;95.000000,0.019637746641420144,-0.001385624579704478,0.009519222958780738,0.013354185071658023,0.2,0.0,562.001348;532.001348;494.001348;521.001348;546.001348
chemical_imbalance,RS-M1-009,35.000000000001606,5,5,5,True,0.01281973851081076,-0.04393506516128654,-0.042946499708653676,-0.027301972190467573,0.0,0.0,75.000000;45.010000;85.000000;61.010000;95.000000,0.019637746641420144,-0.001385624579704478,0.009519222958780738,0.013354185071658023,0.2,0.0,562.001348;532.001348;494.001348;521.001348;546.001348
generic_contact_free,RS-M1-009,65.00999999999635,3,3,1,False,0.007253325732365486,-0.012647498113006436,-0.025541046911911686,-0.016660501505510232,0.0,0.0,90.000000;45.010000;34.000000,,0.08344229605609696,-0.06466120275010967,-0.07514736745160629,0.0,0.0,521.001348
chemical_imbalance,RS-M1-009,65.00999999999635,3,3,1,False,0.007253325732365486,-0.012647498113006436,-0.025541046911911686,-0.016660501505510232,0.0,0.0,90.000000;45.010000;34.000000,,0.08344229605609696,-0.06466120275010967,-0.07514736745160629,0.0,0.0,521.001348
generic_contact_free,RS-M1-009,65.00999999999635,5,5,1,False,0.005767035408606858,-0.00417829300719561,-0.03208287482352037,-0.015218187436266573,0.0,0.0,90.000000;45.010000;34.000000;80.000000;8.010000,,0.08344229605609696,-0.06466120275010967,-0.07514736745160629,0.0,0.0,521.001348
chemical_imbalance,RS-M1-009,65.00999999999635,5,5,1,False,0.005767035408606858,-0.00417829300719561,-0.03208287482352037,-0.015218187436266573,0.0,0.0,90.000000;45.010000;34.000000;80.000000;8.010000,,0.08344229605609696,-0.06466120275010967,-0.07514736745160629,0.0,0.0,521.001348
generic_contact_free,RS-M1-009,95.0000000000117,3,3,3,True,0.0081105432838894,0.032815916167211995,0.015450148339705726,-0.01661296117392932,0.0,0.0,73.000000;59.010000;106.000000,0.021014508343393308,0.010760090826705334,-0.048094705975984954,-0.040938483873751645,0.0,0.0,533.001348;562.001348;522.001348
chemical_imbalance,RS-M1-009,95.0000000000117,3,3,3,True,0.0081105432838894,0.032815916167211995,0.015450148339705726,-0.01661296117392932,0.0,0.0,73.000000;59.010000;106.000000,0.021014508343393308,0.010760090826705334,-0.048094705975984954,-0.040938483873751645,0.0,0.0,533.001348;562.001348;522.001348
generic_contact_free,RS-M1-009,95.0000000000117,5,5,4,True,0.010530934116112277,0.03442805676799806,-0.001283474002703805,-0.019844819445140736,0.0,0.0,73.000000;59.010000;106.000000;34.000000;117.000000,0.019800590225724952,0.02421396228140542,-0.012503655948212157,-0.005216736652077867,0.25,0.0,533.001348;562.001348;522.001348;544.001348
chemical_imbalance,RS-M1-009,95.0000000000117,5,5,4,True,0.010530934116112277,0.03442805676799806,-0.001283474002703805,-0.019844819445140736,0.0,0.0,73.000000;59.010000;106.000000;34.000000;117.000000,0.019800590225724952,0.02421396228140542,-0.012503655948212157,-0.005216736652077867,0.25,0.0,533.001348;562.001348;522.001348;544.001348
generic_contact_free,RS-M1-009,125.00000000002704,3,1,3,False,,0.10865542068630182,-0.11111630583502996,-0.10784424039051399,0.0,0.0,115.000000,0.017607178355220666,0.04125411306135837,-0.020182285261515515,-0.008931422694865883,0.3333333333333333,0.0,539.001348;551.001348;565.001348
chemical_imbalance,RS-M1-009,125.00000000002704,3,1,3,False,,0.10865542068630182,-0.11111630583502996,-0.10784424039051399,0.0,0.0,115.000000,0.017607178355220666,0.04125411306135837,-0.020182285261515515,-0.008931422694865883,0.3333333333333333,0.0,539.001348;551.001348;565.001348
generic_contact_free,RS-M1-009,125.00000000002704,5,1,4,False,,0.10865542068630182,-0.11111630583502996,-0.10784424039051399,0.0,0.0,115.000000,0.016736439293724828,0.00857024720838365,-0.0067158451058601,-0.0033505954117806457,0.25,0.0,539.001348;551.001348;565.001348;582.001348
chemical_imbalance,RS-M1-009,125.00000000002704,5,1,4,False,,0.10865542068630182,-0.11111630583502996,-0.10784424039051399,0.0,0.0,115.000000,0.016736439293724828,0.00857024720838365,-0.0067158451058601,-0.0033505954117806457,0.25,0.0,539.001348;551.001348;565.001348;582.001348
generic_contact_free,RS-M1-009,155.000000000004,3,3,0,False,0.01944977074691281,-0.01873680873657663,0.07159781145384046,0.06264639523690572,0.0,0.0,144.000000;184.010000;129.000000,,,,,,,
chemical_imbalance,RS-M1-009,155.000000000004,3,3,0,False,0.01944977074691281,-0.01873680873657663,0.07159781145384046,0.06264639523690572,0.0,0.0,144.000000;184.010000;129.000000,,,,,,,
generic_contact_free,RS-M1-009,155.000000000004,5,3,0,False,0.01944977074691281,-0.01873680873657663,0.07159781145384046,0.06264639523690572,0.0,0.0,144.000000;184.010000;129.000000,,,,,,,
chemical_imbalance,RS-M1-009,155.000000000004,5,3,0,False,0.01944977074691281,-0.01873680873657663,0.07159781145384046,0.06264639523690572,0.0,0.0,144.000000;184.010000;129.000000,,,,,,,
generic_contact_free,RS-M1-009,185.0099999999767,3,2,0,False,0.0055089156029952315,-0.010137819784827959,0.17520966046387848,0.1655504821677465,0.0,0.0,162.010000;143.000000,,,,,,,
chemical_imbalance,RS-M1-009,185.0099999999767,3,2,0,False,0.0055089156029952315,-0.010137819784827959,0.17520966046387848,0.1655504821677465,0.0,0.0,162.010000;143.000000,,,,,,,
generic_contact_free,RS-M1-009,185.0099999999767,5,2,0,False,0.0055089156029952315,-0.010137819784827959,0.17520966046387848,0.1655504821677465,0.0,0.0,162.010000;143.000000,,,,,,,
chemical_imbalance,RS-M1-009,185.0099999999767,5,2,0,False,0.0055089156029952315,-0.010137819784827959,0.17520966046387848,0.1655504821677465,0.0,0.0,162.010000;143.000000,,,,,,,
generic_contact_free,RS-M1-010,5.009999999999938,3,0,0,False,,,,,,,,,,,,,,
generic_contact_free,RS-M1-010,5.009999999999938,5,0,0,False,,,,,,,,,,,,,,
generic_contact_free,RS-M1-010,35.000000000001606,3,2,0,False,0.000965906309754033,0.18467214278453886,0.023169913479259063,0.02214066666614251,0.0,0.0,45.010000;25.000000,,,,,,,
chemical_imbalance,RS-M1-010,35.000000000001606,3,2,0,False,0.000965906309754033,0.18467214278453886,0.023169913479259063,0.02214066666614251,0.0,0.0,45.010000;25.000000,,,,,,,
generic_contact_free,RS-M1-010,35.000000000001606,5,2,0,False,0.000965906309754033,0.18467214278453886,0.023169913479259063,0.02214066666614251,0.0,0.0,45.010000;25.000000,,,,,,,
chemical_imbalance,RS-M1-010,35.000000000001606,5,2,0,False,0.000965906309754033,0.18467214278453886,0.023169913479259063,0.02214066666614251,0.0,0.0,45.010000;25.000000,,,,,,,
generic_contact_free,RS-M1-010,65.00999999999635,3,3,3,True,0.015285193639326986,-0.009749251674745616,0.07978518168089356,0.12431221016476973,0.0,0.0,77.000000;126.000000;87.000000,0.00369470831311926,0.06262288712999119,0.11004086165535372,0.14675018351618893,0.0,0.0,448.000954;536.000954;459.000954
generic_contact_free,RS-M1-010,65.00999999999635,5,4,5,True,0.011097854119284597,0.004734061367012831,0.07564212726000859,0.11261730340482028,0.0,0.0,77.000000;126.000000;87.000000;105.000000,0.008242728915315474,0.03366891872381975,0.09817035552325248,0.12073433996183439,0.0,0.0,448.000954;536.000954;459.000954;548.000954;479.000954
generic_contact_free,RS-M1-010,95.0000000000117,3,3,3,True,0.0015478727130919306,0.14792618265609334,-0.00563863055402698,-0.012798039249997289,0.0,0.0,42.000000;132.000000;109.000000,0.0013748998806605817,0.12244986387794592,-0.03324740209704898,-0.021654114286980126,0.0,0.0,564.000954;553.000954;502.000954
generic_contact_free,RS-M1-010,95.0000000000117,5,4,5,True,0.008098322459881851,0.1346289389947844,0.03423347925304143,0.029626149962481394,0.0,0.0,42.000000;132.000000;109.000000;56.010000,0.006283850581039967,0.09892993585841932,-0.07940988510351589,-0.061360359383398067,0.0,0.0,564.000954;553.000954;502.000954;577.000954;471.000954
generic_contact_free,RS-M1-010,125.00000000002704,3,3,3,True,0.003148656308233863,0.019822546250852262,0.12214464595411491,0.1102757416347322,0.0,0.0,112.000000;156.000000;175.010000,0.0007270153351435537,0.07418326074342307,0.01788924110286583,0.03741039740016081,0.0,0.0,536.000954;549.000954;500.000954
chemical_imbalance,RS-M1-010,125.00000000002704,3,3,3,True,0.003148656308233863,0.019822546250852262,0.12214464595411491,0.1102757416347322,0.0,0.0,112.000000;156.000000;175.010000,0.0007270153351435537,0.07418326074342307,0.01788924110286583,0.03741039740016081,0.0,0.0,536.000954;549.000954;500.000954
generic_contact_free,RS-M1-010,125.00000000002704,5,5,5,True,0.005481032209595626,0.027806783391712893,0.1318165489169079,0.1268540362585851,0.0,0.0,112.000000;156.000000;175.010000;64.010000;102.000000,0.005367372763535563,0.0729431533503652,-0.028282206511332904,-0.007003476484951872,0.0,0.0,536.000954;549.000954;500.000954;522.000954;573.000954
chemical_imbalance,RS-M1-010,125.00000000002704,5,5,5,True,0.005481032209595626,0.027806783391712893,0.1318165489169079,0.1268540362585851,0.0,0.0,112.000000;156.000000;175.010000;64.010000;102.000000,0.005367372763535563,0.0729431533503652,-0.028282206511332904,-0.007003476484951872,0.0,0.0,536.000954;549.000954;500.000954;522.000954;573.000954
generic_contact_free,RS-M1-010,155.000000000004,3,3,3,True,0.002757635260293133,0.04259167880943618,0.09052968383449012,0.09655689574499264,0.0,0.0,122.000000;105.000000;176.010000,0.01716743757459403,0.007747722892851566,-0.028726651325725685,-0.015823937876113702,0.0,0.0,534.000954;545.000954;523.000954
chemical_imbalance,RS-M1-010,155.000000000004,3,3,3,True,0.002757635260293133,0.04259167880943618,0.09052968383449012,0.09655689574499264,0.0,0.0,122.000000;105.000000;176.010000,0.01716743757459403,0.007747722892851566,-0.028726651325725685,-0.015823937876113702,0.0,0.0,534.000954;545.000954;523.000954
generic_contact_free,RS-M1-010,155.000000000004,5,5,4,True,0.013364551576135121,0.057793661243733994,0.048584424936078854,0.05407108728369192,0.0,0.0,122.000000;105.000000;176.010000;199.010000;140.000000,0.014703386880148245,0.03572419127850821,-0.03437681423822155,-0.030772291514790672,0.0,0.0,534.000954;545.000954;523.000954;562.000954
chemical_imbalance,RS-M1-010,155.000000000004,5,5,4,True,0.013364551576135121,0.057793661243733994,0.048584424936078854,0.05407108728369192,0.0,0.0,122.000000;105.000000;176.010000;199.010000;140.000000,0.014703386880148245,0.03572419127850821,-0.03437681423822155,-0.030772291514790672,0.0,0.0,534.000954;545.000954;523.000954;562.000954
generic_contact_free,RS-M1-010,185.0099999999767,3,3,2,True,0.0017977598736337518,0.12074890636492115,0.0012946226615502335,0.011024336506112889,0.0,0.0,196.010000;171.010000;132.000000,0.0015610646558563283,0.12226450061162249,-0.03194790894135886,-0.03493466385805656,0.0,0.0,570.000954;555.000954
generic_contact_free,RS-M1-010,185.0099999999767,5,3,2,True,0.0017977598736337518,0.12074890636492115,0.0012946226615502335,0.011024336506112889,0.0,0.0,196.010000;171.010000;132.000000,0.0015610646558563283,0.12226450061162249,-0.03194790894135886,-0.03493466385805656,0.0,0.0,570.000954;555.000954
generic_contact_free,RS-M1-011,5.009999999999938,3,2,2,True,0.0025109202358317255,-0.10033722863866668,0.1283898314284831,0.17243342706434533,0.0,0.0,18.000000;44.010000,0.006882977684882537,0.08273840982114275,0.040245799247373926,0.03929187884120826,0.5,0.0,439.008133;486.008133
chemical_imbalance,RS-M1-011,5.009999999999938,3,2,2,True,0.0025109202358317255,-0.10033722863866668,0.1283898314284831,0.17243342706434533,0.0,0.0,18.000000;44.010000,0.006882977684882537,0.08273840982114275,0.040245799247373926,0.03929187884120826,0.5,0.0,439.008133;486.008133
generic_contact_free,RS-M1-011,5.009999999999938,5,2,2,True,0.0025109202358317255,-0.10033722863866668,0.1283898314284831,0.17243342706434533,0.0,0.0,18.000000;44.010000,0.006882977684882537,0.08273840982114275,0.040245799247373926,0.03929187884120826,0.5,0.0,439.008133;486.008133
chemical_imbalance,RS-M1-011,5.009999999999938,5,2,2,True,0.0025109202358317255,-0.10033722863866668,0.1283898314284831,0.17243342706434533,0.0,0.0,18.000000;44.010000,0.006882977684882537,0.08273840982114275,0.040245799247373926,0.03929187884120826,0.5,0.0,439.008133;486.008133
generic_contact_free,RS-M1-011,35.000000000001606,3,2,1,False,0.0012942237035257445,-0.19913921936882978,0.013705539039013198,0.01809215282166356,0.0,0.0,53.010000;66.010000,,-0.18168140424414486,0.05126776445929866,0.04435693046262248,0.0,0.0,555.008133
chemical_imbalance,RS-M1-011,35.000000000001606,3,2,1,False,0.0012942237035257445,-0.19913921936882978,0.013705539039013198,0.01809215282166356,0.0,0.0,53.010000;66.010000,,-0.18168140424414486,0.05126776445929866,0.04435693046262248,0.0,0.0,555.008133
rising_chemistry,RS-M1-011,35.000000000001606,3,2,1,False,0.0012942237035257445,-0.19913921936882978,0.013705539039013198,0.01809215282166356,0.0,0.0,53.010000;66.010000,,-0.18168140424414486,0.05126776445929866,0.04435693046262248,0.0,0.0,555.008133
generic_contact_free,RS-M1-011,35.000000000001606,5,2,1,False,0.0012942237035257445,-0.19913921936882978,0.013705539039013198,0.01809215282166356,0.0,0.0,53.010000;66.010000,,-0.18168140424414486,0.05126776445929866,0.04435693046262248,0.0,0.0,555.008133
chemical_imbalance,RS-M1-011,35.000000000001606,5,2,1,False,0.0012942237035257445,-0.19913921936882978,0.013705539039013198,0.01809215282166356,0.0,0.0,53.010000;66.010000,,-0.18168140424414486,0.05126776445929866,0.04435693046262248,0.0,0.0,555.008133
rising_chemistry,RS-M1-011,35.000000000001606,5,2,1,False,0.0012942237035257445,-0.19913921936882978,0.013705539039013198,0.01809215282166356,0.0,0.0,53.010000;66.010000,,-0.18168140424414486,0.05126776445929866,0.04435693046262248,0.0,0.0,555.008133
generic_contact_free,RS-M1-011,65.00999999999635,3,3,2,True,0.0054586613904326325,-0.16045542934670368,0.04544041053955861,0.053833084251137135,0.0,0.0,21.000000;37.000000;54.010000,0.0014937122710798518,-0.19487870709551153,0.027336877869177607,0.017679231575474446,0.5,0.5,535.008133;555.008133
generic_contact_free,RS-M1-011,65.00999999999635,5,3,2,True,0.0054586613904326325,-0.16045542934670368,0.04544041053955861,0.053833084251137135,0.0,0.0,21.000000;37.000000;54.010000,0.0014937122710798518,-0.19487870709551153,0.027336877869177607,0.017679231575474446,0.5,0.5,535.008133;555.008133
generic_contact_free,RS-M1-011,95.0000000000117,3,3,2,True,0.0017716615956064267,-0.06974602943232833,-0.02542976645703364,-0.006142419916876416,0.0,0.0,84.000000;133.000000;72.010000,0.005782468717700731,0.053456056182525094,0.03599230362565864,0.06276250426049862,0.5,0.0,583.008133;486.008133
chemical_imbalance,RS-M1-011,95.0000000000117,3,3,2,True,0.0017716615956064267,-0.06974602943232833,-0.02542976645703364,-0.006142419916876416,0.0,0.0,84.000000;133.000000;72.010000,0.005782468717700731,0.053456056182525094,0.03599230362565864,0.06276250426049862,0.5,0.0,583.008133;486.008133
generic_contact_free,RS-M1-011,95.0000000000117,5,5,2,True,0.012446855144607142,-0.048664669030475255,0.02024081510259453,0.043819318330851634,0.0,0.0,84.000000;133.000000;72.010000;151.000000;42.000000,0.005782468717700731,0.053456056182525094,0.03599230362565864,0.06276250426049862,0.5,0.0,583.008133;486.008133
chemical_imbalance,RS-M1-011,95.0000000000117,5,5,2,True,0.012446855144607142,-0.048664669030475255,0.02024081510259453,0.043819318330851634,0.0,0.0,84.000000;133.000000;72.010000;151.000000;42.000000,0.005782468717700731,0.053456056182525094,0.03599230362565864,0.06276250426049862,0.5,0.0,583.008133;486.008133
generic_contact_free,RS-M1-011,125.00000000002704,3,3,1,False,0.003305096793980303,-0.03601152042129393,0.08347124070306862,0.0856495583550571,0.0,0.0,93.000000;175.010000;142.000000,,0.05570533325386004,-0.0177308302321752,-0.007564311362536023,0.0,0.0,583.008133
generic_contact_free,RS-M1-011,125.00000000002704,5,5,1,False,0.00991015910202156,0.006526404903470717,0.05455953380684343,0.056205345622614734,0.0,0.0,93.000000;175.010000;142.000000;156.000000;82.000000,,0.05570533325386004,-0.0177308302321752,-0.007564311362536023,0.0,0.0,583.008133
generic_contact_free,RS-M1-011,155.000000000004,3,3,1,False,0.01291652862548517,0.05076796011335514,-0.012461141874778882,-0.015289061128702654,0.0,0.0,168.010000;128.000000;141.000000,,0.07694725177587244,0.008071166294431699,-0.0008597424083636668,0.0,0.0,584.008133
chemical_imbalance,RS-M1-011,155.000000000004,3,3,1,False,0.01291652862548517,0.05076796011335514,-0.012461141874778882,-0.015289061128702654,0.0,0.0,168.010000;128.000000;141.000000,,0.07694725177587244,0.008071166294431699,-0.0008597424083636668,0.0,0.0,584.008133
generic_contact_free,RS-M1-011,155.000000000004,5,5,1,False,0.01728152122950156,0.001147056847807143,0.03637693574404137,0.024454090285821607,0.0,0.0,168.010000;128.000000;141.000000;195.010000;184.010000,,0.07694725177587244,0.008071166294431699,-0.0008597424083636668,0.0,0.0,584.008133
chemical_imbalance,RS-M1-011,155.000000000004,5,5,1,False,0.01728152122950156,0.001147056847807143,0.03637693574404137,0.024454090285821607,0.0,0.0,168.010000;128.000000;141.000000;195.010000;184.010000,,0.07694725177587244,0.008071166294431699,-0.0008597424083636668,0.0,0.0,584.008133
generic_contact_free,RS-M1-011,185.0099999999767,3,3,0,False,0.01646952257292703,0.0019101311766832098,0.01484180964036252,0.043751369461526836,0.0,0.0,162.010000;136.000000;124.000000,,,,,,,
chemical_imbalance,RS-M1-011,185.0099999999767,3,3,0,False,0.01646952257292703,0.0019101311766832098,0.01484180964036252,0.043751369461526836,0.0,0.0,162.010000;136.000000;124.000000,,,,,,,
generic_contact_free,RS-M1-011,185.0099999999767,5,4,0,False,0.011211669996065092,-0.004436952839176586,0.019050324187173305,0.03556911220410974,0.0,0.0,162.010000;136.000000;124.000000;149.000000,,,,,,,
chemical_imbalance,RS-M1-011,185.0099999999767,5,4,0,False,0.011211669996065092,-0.004436952839176586,0.019050324187173305,0.03556911220410974,0.0,0.0,162.010000;136.000000;124.000000;149.000000,,,,,,,
generic_contact_free,RS-M1-012,5.009999999999938,3,3,3,True,0.018840193207948636,-0.06371062098854387,0.07370365888299919,0.10928813253946894,0.0,0.0,32.000000;54.010000;22.000000,0.007413192876973463,0.00800214702538904,0.06071329116674882,0.10626900118912974,0.0,0.0,459.003265;474.003265;430.003265
chemical_imbalance,RS-M1-012,5.009999999999938,3,3,3,True,0.018840193207948636,-0.06371062098854387,0.07370365888299919,0.10928813253946894,0.0,0.0,32.000000;54.010000;22.000000,0.007413192876973463,0.00800214702538904,0.06071329116674882,0.10626900118912974,0.0,0.0,459.003265;474.003265;430.003265
generic_contact_free,RS-M1-012,5.009999999999938,5,5,4,True,0.017051791154357954,-0.06433260335405819,0.02406585568398284,0.027643930899506154,0.0,0.0,32.000000;54.010000;22.000000;43.000000;66.010000,0.017451826542671713,0.016816201685194033,0.00548886785640855,0.029340054263248205,0.0,0.0,459.003265;474.003265;430.003265;445.003265
chemical_imbalance,RS-M1-012,5.009999999999938,5,5,4,True,0.017051791154357954,-0.06433260335405819,0.02406585568398284,0.027643930899506154,0.0,0.0,32.000000;54.010000;22.000000;43.000000;66.010000,0.017451826542671713,0.016816201685194033,0.00548886785640855,0.029340054263248205,0.0,0.0,459.003265;474.003265;430.003265;445.003265
generic_contact_free,RS-M1-012,35.000000000001606,3,3,3,True,0.03045746965284582,-0.05198560199000309,-0.01957475006990275,-0.00863172052783287,0.0,0.0,55.010000;67.010000;15.010000,0.024680881850714348,-0.008738811960352156,0.00012424337941398708,-0.005282276447714479,0.3333333333333333,0.0,483.003265;514.003265;432.003265
generic_contact_free,RS-M1-012,35.000000000001606,5,4,5,True,0.022891013942704437,-0.07576471195760623,-0.02857822010560437,-0.018402114633994493,0.0,0.0,55.010000;67.010000;15.010000;85.000000,0.02383979877444746,0.007788188222273344,-0.007398057585304307,-0.01237781377300251,0.2,0.0,483.003265;514.003265;432.003265;444.003265;458.003265
generic_contact_free,RS-M1-012,65.00999999999635,3,3,3,True,0.011894674464392694,-0.031782049283482265,-0.06546825755178627,-0.08006678203613879,0.0,0.0,78.000000;41.000000;29.000000,0.008890695289294715,0.009042946996070098,-0.13607196303153266,-0.1610501539830331,0.3333333333333333,0.0,481.003265;450.003265;509.003265
generic_contact_free,RS-M1-012,65.00999999999635,5,5,5,True,0.010731012722832474,-0.02974125140188192,-0.01910372567563031,-0.028286086561112166,0.0,0.0,78.000000;41.000000;29.000000;52.010000;3.010000,0.019086914115518265,0.04272224179855557,-0.05799957493856249,-0.06340842033462683,0.2,0.0,481.003265;450.003265;509.003265;433.003265;462.003265
generic_contact_free,RS-M1-012,95.0000000000117,3,3,1,False,0.005535931087218476,-0.17989361988428784,0.021902957081892896,0.02866056026133165,0.3333333333333333,0.0,110.000000;37.000000;73.000000,,0.11526243567941767,0.11865620046782639,0.14331516283957405,0.0,0.0,468.003265
chemical_imbalance,RS-M1-012,95.0000000000117,3,3,1,False,0.005535931087218476,-0.17989361988428784,0.021902957081892896,0.02866056026133165,0.3333333333333333,0.0,110.000000;37.000000;73.000000,,0.11526243567941767,0.11865620046782639,0.14331516283957405,0.0,0.0,468.003265
generic_contact_free,RS-M1-012,95.0000000000117,5,4,1,False,0.010125029981325381,-0.15293232616527047,-0.007790324230975521,0.0008987786992116116,0.25,0.0,110.000000;37.000000;73.000000;56.010000,,0.11526243567941767,0.11865620046782639,0.14331516283957405,0.0,0.0,468.003265
chemical_imbalance,RS-M1-012,95.0000000000117,5,4,1,False,0.010125029981325381,-0.15293232616527047,-0.007790324230975521,0.0008987786992116116,0.25,0.0,110.000000;37.000000;73.000000;56.010000,,0.11526243567941767,0.11865620046782639,0.14331516283957405,0.0,0.0,468.003265
generic_contact_free,RS-M1-012,155.000000000004,3,1,0,False,,0.08546217609736251,-0.0683687078730818,-0.029733063619168443,0.0,0.0,165.010000,,,,,,,
chemical_imbalance,RS-M1-012,155.000000000004,3,1,0,False,,0.08546217609736251,-0.0683687078730818,-0.029733063619168443,0.0,0.0,165.010000,,,,,,,
generic_contact_free,RS-M1-012,155.000000000004,5,1,0,False,,0.08546217609736251,-0.0683687078730818,-0.029733063619168443,0.0,0.0,165.010000,,,,,,,
chemical_imbalance,RS-M1-012,155.000000000004,5,1,0,False,,0.08546217609736251,-0.0683687078730818,-0.029733063619168443,0.0,0.0,165.010000,,,,,,,
generic_contact_free,RS-M1-012,185.0099999999767,3,2,1,False,0.007264591468717737,0.051837062792974835,0.007099866403859019,-0.014031638137862791,0.0,0.0,167.010000;196.010000,,0.09827544716671355,-0.12487261000965943,-0.1443069232484743,1.0,0.0,562.003265
chemical_imbalance,RS-M1-012,185.0099999999767,3,2,1,False,0.007264591468717737,0.051837062792974835,0.007099866403859019,-0.014031638137862791,0.0,0.0,167.010000;196.010000,,0.09827544716671355,-0.12487261000965943,-0.1443069232484743,1.0,0.0,562.003265
generic_contact_free,RS-M1-012,185.0099999999767,5,2,1,False,0.007264591468717737,0.051837062792974835,0.007099866403859019,-0.014031638137862791,0.0,0.0,167.010000;196.010000,,0.09827544716671355,-0.12487261000965943,-0.1443069232484743,1.0,0.0,562.003265
chemical_imbalance,RS-M1-012,185.0099999999767,5,2,1,False,0.007264591468717737,0.051837062792974835,0.007099866403859019,-0.014031638137862791,0.0,0.0,167.010000;196.010000,,0.09827544716671355,-0.12487261000965943,-0.1443069232484743,1.0,0.0,562.003265
