life_id,complete,start_s,end_s,sample_duration,mean_speed,mean_abs_omega,mean_forward_velocity,mean_abs_forward_velocity,mean_abs_lateral_velocity,forward_fraction,reverse_fraction,rotation_dominant_fraction,translation_dominant_fraction,contact_fraction,near_wall025_fraction,left_right_command_correlation,path,coverage025_end,coverage1_end,reversals
FS-001,True,0,60,60.0,0.04720424831942275,0.09156613059586209,-0.0011996948409906355,0.047042222298941935,0.0018901935365497466,0.4453333333333337,0.427666666666667,0.3541666666666669,0.37533333333333363,0.0,0.0,0.020727465256845986,2.8322548991653487,3,1,13
FS-001,True,60,120,60.0,0.04143716720452022,0.0879269115084656,-0.0039002785452888645,0.04130923902743454,0.0015323667221283917,0.40433333333333366,0.42516666666666697,0.392166666666667,0.32766666666666683,0.0,0.0,-0.061089071035971096,2.4862300322712327,4,2,13
FS-001,True,120,180,60.0,0.03745490825092705,0.07139060852375587,0.00478297019643573,0.03736295908957894,0.0012570908731649032,0.46550000000000036,0.3850000000000003,0.3383333333333336,0.3716666666666669,0.0,0.0,-0.007121285623253316,2.2472944950555913,6,4,13
FS-001,True,180,240,60.0,0.032536717250527564,0.05570819599583534,0.001237132159041333,0.03248047058497429,0.0009358636234008355,0.4000000000000003,0.3925000000000003,0.3365000000000002,0.39433333333333365,0.0,0.0,0.12355752414162526,1.952203035031677,6,4,13
FS-001,True,240,300,60.0,0.027430619063354096,0.05046099820274705,0.0027672669442195827,0.02740203176506477,0.0006246635991551549,0.4328333333333336,0.31950000000000023,0.3338333333333336,0.3738333333333336,0.0,0.0,0.03397366320570114,1.6458371438012,7,4,13
FS-001,True,300,360,60.0,0.024297095884626956,0.04009780200855259,-7.224538263511796e-05,0.024271721497383023,0.0005168337732600369,0.38750000000000023,0.39483333333333365,0.2935000000000002,0.40483333333333366,0.0,0.0,0.14665600819420743,1.4578257530776866,7,4,14
FS-001,True,360,420,60.0,0.01620335051675052,0.032971933211504774,0.0011315470250881949,0.01619591532635979,0.0002103582787765208,0.33583333333333354,0.28733333333333355,0.3518333333333336,0.3601666666666669,0.0,0.0,0.029830841823426758,0.9722010310050104,7,4,12
FS-001,True,420,429.7881124135106,9.788112413510682,0.007340375856634275,0.03870812135642138,-0.005084364190925405,0.00733418823702271,0.00019469412012945424,0.0,0.270736571878983,0.5782524516358657,0.12770593013159573,0.0,0.0,-0.7977441525268838,0.07184842404213673,7,4,0
FS-002,True,0,60,60.0,0.04957998724958424,0.09501386180934128,0.0056198131261579794,0.049378569041352065,0.0022694521112913476,0.5048333333333337,0.3778333333333336,0.3496666666666669,0.36050000000000026,0.0,0.0,0.043073605451093885,2.974799234975033,3,3,15
FS-002,True,60,120,60.0,0.04150231442170852,0.08524348364097195,-0.0059194034227165685,0.0413746058735356,0.001620836054893864,0.3211666666666668,0.434666666666667,0.39066666666666694,0.33483333333333365,0.0,0.5338333333333337,-0.00039675009712429084,2.490138865302513,5,3,13
FS-002,True,120,180,60.0,0.03768023798956526,0.079725326209627,-0.0025075622007301474,0.03741966065042793,0.0016558769604192443,0.3741666666666669,0.41483333333333366,0.3780000000000003,0.3243333333333336,0.006333333333333333,0.8343333333333273,-0.05149116066822971,2.2610458808481226,5,3,13
FS-002,True,180,240,60.0,0.0313019985667431,0.0650530115447309,-0.0012503683042077518,0.031203410231966634,0.0010396109404405473,0.3960000000000003,0.3923333333333337,0.36150000000000027,0.3411666666666669,0.0003333333333333333,0.9999999999999905,-0.07739402518394702,1.8781426223888862,5,3,13
FS-002,True,240,300,60.0,0.026799897272797028,0.050197155367998576,-0.001180387067705213,0.026766761932978594,0.0005340058056174712,0.3543333333333336,0.3695000000000003,0.35400000000000026,0.39866666666666695,0.0,0.9999999999999905,0.027900955906043277,1.6079938363678332,6,3,13
FS-002,True,300,360,60.0,0.022538793766305357,0.0411532676509236,-0.0014714799232505877,0.022172199110263344,0.0012676257737704233,0.34833333333333355,0.3810000000000003,0.31950000000000023,0.3778333333333336,0.018500000000000003,0.9999999999999905,0.04462400915021637,1.3523847483237925,6,3,13
FS-002,True,360,420,60.0,0.01779021427602309,0.030483237201094863,0.0020099639229120237,0.017675054590856124,0.0004952775592743998,0.4050000000000003,0.2816666666666669,0.2913333333333335,0.3898333333333336,0.006833333333333334,0.9999999999999905,0.12034841933047019,1.0674154236085074,6,3,14
FS-002,True,420,429.40201119013125,9.402011190131306,0.00625308327226295,0.04104012747655792,7.087719412192233e-05,0.006247915064282887,0.00017619551265905182,0.11912344894628428,0.1063602222734681,0.696873366520616,0.08083376892783575,0.0,1.0000000000000002,-0.8297474514014894,0.05879155889863776,6,3,1
FS-003,True,0,60,60.0,0.04633904399869351,0.08914740528035271,0.0013754930740721395,0.046236394137419014,0.001648293903349484,0.3738333333333336,0.39283333333333365,0.3798333333333336,0.3766666666666669,0.0,0.0,0.0861736397743748,2.7803426399216695,4,2,12
FS-003,True,60,120,60.0,0.043045285044022503,0.08016194101841947,0.010982650762895677,0.04288783280745586,0.00171825189609125,0.5200000000000004,0.3035000000000002,0.3750000000000002,0.3671666666666669,0.0,0.0,0.06903200548247805,2.5827171026413085,7,2,11
FS-003,True,120,180,60.0,0.03811193117477573,0.07512325263865355,-0.004101246313831035,0.03798455677207381,0.0015518915027670649,0.37833333333333363,0.47666666666666707,0.3368333333333336,0.3508333333333336,0.0,0.0,0.012623329753315933,2.2867158704865544,7,2,13
FS-003,True,180,240,60.0,0.031464793321042024,0.06508800805963123,-0.0005853464213345492,0.03140450213136755,0.001035414105287889,0.3675000000000003,0.4130000000000003,0.35300000000000026,0.32850000000000024,0.0,0.0,-0.015761143408540883,1.8878875992624553,7,2,13
FS-003,True,240,300,60.0,0.029272276197293046,0.05550453963519606,0.0005397777785812625,0.029228475954333304,0.0007450530331070231,0.42166666666666697,0.4046666666666669,0.3281666666666669,0.3720000000000002,0.0,0.0,-0.02386358777391804,1.7563365718375734,7,2,13
FS-003,True,300,360,60.0,0.020485911144452768,0.04577501087987042,-0.0029627399492978966,0.020467714155398106,0.0004563037639606666,0.2740000000000002,0.4023333333333336,0.3638333333333337,0.32983333333333353,0.0,0.0,-0.14522385434550378,1.2291546686671484,7,2,11
FS-003,True,360,420,60.0,0.016089985571028333,0.031864964916926565,0.0016780666902103426,0.01607972935907622,0.0002357745134684545,0.33716666666666695,0.25683333333333347,0.3531666666666669,0.3446666666666669,0.0,0.0,0.003693845937958989,0.9653991342617699,7,2,10
FS-003,True,420,429.8343547242134,9.83435472421348,0.016532273002267787,0.022916684556670845,-0.0012127449357717099,0.016525492519986418,0.00019283574145762797,0.34165942700106566,0.4285339345994082,0.22472242073581994,0.44582027465600976,0.0,0.0,0.29516688115239437,0.16258423710185155,7,2,2
FS-004,True,0,60,60.0,0.0468430488312609,0.09822508943931003,0.0033317427746665817,0.04662056793229159,0.00216455453766541,0.38450000000000023,0.39733333333333365,0.39050000000000024,0.3421666666666669,0.0,0.0,-0.04405835261553641,2.810582929875662,5,1,12
FS-004,True,60,120,60.0,0.03962814877106994,0.08313692847937322,-0.0001221691820399825,0.03952443957524465,0.0014390379753751348,0.3745000000000003,0.4378333333333337,0.3745000000000003,0.35183333333333355,0.0,0.0,-0.05032398357333317,2.3776889262642147,5,1,17
FS-004,True,120,180,60.0,0.03720747467993378,0.06925476271909824,0.0008971456588979517,0.03713168038663793,0.0011531827419578443,0.40250000000000025,0.45633333333333365,0.3355000000000003,0.377666666666667,0.0,0.0,0.02930899244351436,2.2324484807960396,5,1,13
FS-004,True,180,240,60.0,0.033909865120947166,0.056855817588100876,-0.0036471548241970185,0.0338510822986928,0.0009776073778178006,0.33833333333333354,0.4498333333333337,0.31716666666666693,0.3946666666666669,0.0,0.0,0.12593696493173187,2.034591907256815,5,1,12
FS-004,True,240,300,60.0,0.028211482512699972,0.052258375653093395,0.0005839056779387455,0.02817601243963896,0.0007016635020103457,0.43100000000000027,0.4050000000000003,0.32166666666666693,0.39300000000000035,0.0,0.0,0.014953195427599618,1.692688950762009,5,1,13
FS-004,True,300,360,60.0,0.021686020885686986,0.04297394012084612,-0.00301552082099256,0.021661869456757923,0.0004393942600596064,0.3006666666666669,0.38516666666666693,0.3495000000000002,0.35616666666666696,0.0,0.0,0.02242595700907813,1.3011612531412171,5,1,13
FS-004,True,360,420,60.0,0.016184063384353495,0.031505493148022236,0.002437940641006752,0.016176447951125515,0.00022887650329429305,0.35100000000000026,0.2580000000000002,0.35700000000000026,0.3775000000000002,0.0,0.0,0.07596709521737764,0.9710438030612056,5,1,11
FS-004,True,420,429.784887375161,9.784887375161052,0.010862211144782374,0.036221117608146794,0.00020413167662161437,0.010845397851429878,0.00030929728397710885,0.2810456466755947,0.19826492892751038,0.5084256143601417,0.15534159379887416,0.0,0.0,-0.5807930667552103,0.10628551269691479,5,1,1
FS-005,True,0,60,60.0,0.04939538361359218,0.09162313807991926,0.0055291537092261814,0.04919230302328604,0.002330230576697214,0.5110000000000005,0.37483333333333363,0.32750000000000024,0.395166666666667,0.0,0.0,0.0007854013988981265,2.9637230168155213,5,2,13
FS-005,True,60,120,60.0,0.04727026751802277,0.08939308298113705,-0.004374630667803342,0.047100636567362485,0.0018479240997809584,0.40866666666666696,0.4770000000000003,0.33533333333333354,0.3751666666666669,0.0,0.0,0.021254339209344313,2.836216051081329,5,2,13
FS-005,True,120,180,60.0,0.03766122541130392,0.07235680680079236,-0.00048825037160884094,0.03758520226102215,0.0011368090271995487,0.41216666666666696,0.41066666666666696,0.34716666666666696,0.36550000000000027,0.0,0.0,0.05578501899420583,2.259673524678253,5,2,14
FS-005,True,180,240,60.0,0.031108699701569893,0.06501384621302465,-0.004954130706139715,0.03103925783512118,0.0009286684349439507,0.32450000000000023,0.41566666666666696,0.3710000000000003,0.37483333333333363,0.0,0.0,-0.02522468937922633,1.8665219820941998,6,2,13
FS-005,True,240,300,60.0,0.026968299250789245,0.0568248615285395,-9.067434802002367e-05,0.026926200135119795,0.0007098971801238506,0.34850000000000025,0.3606666666666669,0.3725000000000003,0.3476666666666669,0.0,0.0,-0.014876726928167642,1.6180979550473666,7,2,13
FS-005,True,300,360,60.0,0.020620381635932456,0.03989237569722296,-0.002375532397715961,0.02060134031346903,0.00036688213640498124,0.32150000000000023,0.3845000000000003,0.3461666666666669,0.34233333333333354,0.0,0.0,0.06471180873213847,1.2372228981559241,7,2,13
FS-005,True,360,420,60.0,0.01693283855553752,0.03270506904173878,-8.85722500564329e-05,0.016922785575666652,0.0002602123893448458,0.30833333333333357,0.38216666666666693,0.32733333333333353,0.3625000000000002,0.0,0.0,0.011430646702912182,1.0159703133322546,9,2,11
FS-005,True,420,429.21930665053424,9.219306650534271,0.018480274729074878,0.01348505009567163,-0.003057008105575402,0.0184795228242425,9.913783358784881e-05,0.3243193998571168,0.44789774405594507,0.11606078857763041,0.6855179287949762,0.0,0.0,0.5961675076671337,0.1703753197134707,9,2,2
FS-006,True,0,60,60.0,0.04519309522771528,0.0949122981386882,0.004220500677258493,0.04504122431655164,0.001715977693042941,0.4323333333333336,0.4333333333333336,0.36033333333333356,0.34050000000000025,0.0,0.0,-0.01701114025166823,2.711585713662937,3,1,13
FS-006,True,60,120,60.0,0.04557724886666132,0.08550051578422,-0.002811178155935914,0.04542312924856595,0.0018655834427695466,0.46033333333333365,0.442166666666667,0.3133333333333335,0.3810000000000003,0.0,0.0,0.03487288413586604,2.7346349319996777,4,1,13
FS-006,True,120,180,60.0,0.03602892656234788,0.07721555427828743,0.005916181968062136,0.0359564849173299,0.0012170525342327992,0.48683333333333373,0.35233333333333355,0.3706666666666669,0.32300000000000023,0.0,0.0,-0.0856384558118152,2.161735593740871,4,1,13
FS-006,True,180,240,60.0,0.03198626595862784,0.06355161209491954,-0.003993176111544083,0.03192850856097399,0.000827699727290859,0.3675000000000003,0.4245000000000003,0.3771666666666669,0.3451666666666669,0.0,0.0,0.026121178767364812,1.9191759575176575,4,1,14
FS-006,True,240,300,60.0,0.028931270007771723,0.05552323599156338,0.00047834245298537705,0.028884353163360372,0.0007582279440120854,0.42083333333333367,0.4020000000000003,0.31600000000000017,0.38533333333333364,0.0,0.0,-0.04187665467188402,1.7358762004663069,4,1,13
FS-006,True,300,360,60.0,0.021281772160256066,0.043165204141344796,0.0007872289683429011,0.021261611286484114,0.0004137319714839046,0.3695000000000003,0.3115000000000002,0.3608333333333336,0.33600000000000024,0.0,0.0,-0.046971343818154064,1.2769063296153675,4,1,11
FS-006,True,360,420,60.0,0.017146388733389004,0.031206173924349153,-0.0024034358073173907,0.0171354639222902,0.0002663689676490954,0.2700000000000002,0.34700000000000025,0.33583333333333354,0.3625000000000002,0.0,0.0,0.054530004613635864,1.0287833240033377,4,1,11
FS-006,True,420,429.40507415734226,9.405074157342314,0.011433994165586806,0.02833046799301399,0.00279080295329453,0.011427746314767723,0.00013633927090225543,0.3673627766820977,0.2339162842519974,0.3625702405905961,0.29931440308151663,0.0,0.0,-0.06569714802284739,0.1075375630419681,4,1,2
FS-007,True,0,60,60.0,0.04530326645501104,0.10118884805041946,0.006901167394628144,0.04511368134496059,0.0019385750458118347,0.4850000000000004,0.3408333333333336,0.38933333333333364,0.3348333333333336,0.0,0.0,-0.0939930573493588,2.7181959873006365,4,1,13
FS-007,True,60,120,60.0,0.041383660251475524,0.07818874824605006,0.0017760715444536375,0.041273533300755366,0.001359633580006732,0.39633333333333365,0.46333333333333365,0.3560000000000002,0.3795000000000003,0.0,0.0,0.034121450777489286,2.4830196150885233,6,1,15
FS-007,True,120,180,60.0,0.036709560499815094,0.07009538720624077,0.002367219005543998,0.03664085055674029,0.001049465543326667,0.44516666666666704,0.36650000000000027,0.34916666666666696,0.372666666666667,0.0,0.0,0.03546365060755247,2.202573629988892,6,1,13
FS-007,True,180,240,60.0,0.03388980337208327,0.05992376821522833,0.0006733057266585275,0.03383961079189909,0.0008906660413860343,0.39083333333333364,0.4190000000000003,0.3251666666666669,0.3743333333333336,0.0,0.0,0.09313470834383229,2.033388202324982,6,1,13
FS-007,True,240,300,60.0,0.027131371884303323,0.0512928860810324,-0.000713752018928151,0.027098820886077277,0.0005841550808318267,0.3490000000000002,0.3596666666666669,0.35400000000000026,0.3743333333333336,0.0,0.0,0.05684607378014034,1.6278823130581745,6,1,10
FS-007,True,300,360,60.0,0.0231160772362578,0.040462262675674696,-0.0007815423610930026,0.02310001166197393,0.00040971939620660535,0.3611666666666669,0.36450000000000027,0.3133333333333335,0.3786666666666669,0.0,0.0,0.1273241103675194,1.3869646341754884,6,1,13
FS-007,True,360,420,60.0,0.016425270064637554,0.033452875063390494,0.00017407219410713498,0.01641545811232019,0.00025110159324797147,0.3085000000000002,0.29066666666666685,0.36450000000000027,0.3441666666666669,0.0,0.0,0.02354019685455339,0.9855162038783332,6,1,10
FS-007,True,420,429.80144132800393,9.801441328004003,0.00424648404235169,0.03894033932472191,0.000780130734631436,0.00423991258243566,0.0001266451466562188,0.0,0.09488400418649329,0.8163535402842068,0.015303871642982789,0.0,0.0,-0.9018175210062155,0.04162166419140882,6,1,0
FS-008,True,0,60,60.0,0.04814778253259021,0.100145498551377,0.0003722660176594747,0.04791407091696,0.0023055248662880385,0.45783333333333365,0.41683333333333367,0.372166666666667,0.30833333333333357,0.0,0.0,-0.03931818259416549,2.888866951955414,5,2,14
FS-008,True,60,120,60.0,0.04244977235450265,0.08425589830018934,-0.005801247336512013,0.04233407955657372,0.0014755525463413346,0.403166666666667,0.47550000000000037,0.36283333333333356,0.3736666666666669,0.0,0.0,-0.03215859738253215,2.5469863412701796,8,2,13
FS-008,True,120,180,60.0,0.038433711863698004,0.06974494802232915,-0.0022992321219990415,0.03835912777888254,0.00117783436092711,0.38366666666666693,0.45100000000000035,0.3473333333333336,0.3686666666666669,0.0,0.0,0.08001102107948929,2.306022711821818,8,2,13
FS-008,True,180,240,60.0,0.030541260445446562,0.0587015750231116,0.0011287616916738426,0.03048817851696133,0.0008182937615482052,0.38883333333333364,0.37583333333333363,0.34433333333333355,0.3710000000000003,0.0,0.0,-0.022619937483132173,1.8324756267267832,8,2,13
FS-008,True,240,300,60.0,0.028483753873084026,0.0514863584199448,-0.0031314304142281185,0.02845361885078148,0.0006437206809197533,0.34050000000000025,0.47366666666666707,0.3170000000000002,0.40566666666666695,0.0,0.0,0.032036461890668715,1.7090252323850528,9,2,13
FS-008,True,300,360,60.0,0.022999109172976182,0.038737632734410284,0.0004235320260592302,0.02297930510291024,0.00041002140222677917,0.3341666666666669,0.3613333333333336,0.3193333333333336,0.37533333333333363,0.0,0.0,0.21961311004277723,1.379946550378552,9,2,12
FS-008,True,360,420,60.0,0.014891143659034012,0.031920128437003537,0.0009057179197452909,0.01488375180526991,0.00019830936075090333,0.31100000000000017,0.2611666666666668,0.36916666666666687,0.3793333333333336,0.0,0.0,-0.016201049270435565,0.8934686195420207,9,2,13
FS-008,True,420,429.948288244605,9.948288244605063,0.0077491015681797676,0.04098577448051318,-0.003065254077471284,0.0077416392249515026,0.000155622942973534,0.0,0.20204480917508785,0.6692898397084386,0.12062376667169428,0.0,0.0,-0.7748285773392509,0.07709029603699347,9,2,0
FS-009,True,0,60,60.0,0.04247874452569081,0.08955050738973386,0.0033415178519529284,0.04233923227820074,0.0017283056927231558,0.45983333333333376,0.38266666666666693,0.3691666666666669,0.3666666666666669,0.0,0.0,-0.053707727353132964,2.548724671541429,4,1,13
FS-009,True,60,120,60.0,0.043037917114460575,0.08275261392893603,-0.004425379269059512,0.04290670232827993,0.001760719508903065,0.3868333333333336,0.48100000000000037,0.34800000000000025,0.3556666666666669,0.0,0.0,0.027029940476267875,2.582275026867686,5,2,13
FS-009,True,120,180,60.0,0.03563037010747652,0.07790742023984173,0.0040378905645341474,0.03553173305933554,0.0012813063428336092,0.46416666666666706,0.33600000000000024,0.3725000000000003,0.31516666666666693,0.0,0.0,-0.0579632306019443,2.1378222064485577,5,2,13
FS-009,True,180,240,60.0,0.03162901412625543,0.064751620878394,-0.0025432932589574226,0.03155992643845042,0.0010525196775379793,0.3670000000000002,0.445666666666667,0.3746666666666669,0.34400000000000025,0.0,0.0,-0.04844814969248157,1.8977408475753255,5,2,13
FS-009,True,240,300,60.0,0.027466368195623852,0.05199240144856464,-0.001837039744377134,0.027426059636458926,0.0006864329268993964,0.3676666666666669,0.4250000000000003,0.3330000000000002,0.3675000000000003,0.0,0.0,-0.02622155861535732,1.647982091737453,5,2,13
FS-009,True,300,360,60.0,0.023025134691306567,0.04032302617322626,0.0003693114395419148,0.023009771853793597,0.00036811131340732284,0.35000000000000026,0.3515000000000003,0.35200000000000026,0.37566666666666687,0.0,0.0,0.10904873370550405,1.3815080814783798,5,2,12
FS-009,True,360,420,60.0,0.017515357447037846,0.03194509950426105,0.001444140023053087,0.01750512506975057,0.0002627016147042882,0.34250000000000025,0.3180000000000002,0.3230000000000003,0.38800000000000023,0.0,0.0,0.05943460095420406,1.0509214468222743,5,2,13
FS-009,True,420,429.88233480550343,9.882334805503486,0.008797014930051866,0.03418520260582877,0.005455778773019044,0.0087948072927403,0.00010489735750803833,0.2511891020046264,0.03440482504303067,0.5504772006884909,0.2054170436392713,0.0,0.0,-0.5286933161400168,0.08693504682778663,5,2,1
FS-010,True,0,60,60.0,0.05146517435694827,0.10139546334381941,-0.007269422013941387,0.039292570371179565,0.015788836291019553,0.3425000000000002,0.44700000000000034,0.3691666666666669,0.31100000000000017,0.009166666666666667,0.0,-0.2061724686369988,3.082234097381665,8,3,13
FS-010,True,60,120,60.0,0.040908990498916546,0.08059175203863934,0.004108239419743454,0.04074838784293929,0.001561422985018097,0.4233333333333337,0.34250000000000025,0.3725000000000003,0.34433333333333355,0.0,0.0,0.014470298581297133,2.454539429934992,9,4,13
FS-010,True,120,180,60.0,0.04063314078810351,0.07606342328841083,0.0007440013661069016,0.040529189392973196,0.0013142979925795865,0.37400000000000033,0.4420000000000003,0.3541666666666669,0.36600000000000027,0.0,0.0,0.0551613450150812,2.437988447286235,11,4,13
FS-010,True,180,240,60.0,0.03217177645353506,0.056581884172721336,-0.0028441898852483364,0.03211658713690685,0.0008277424737178,0.3965000000000003,0.411666666666667,0.3110000000000002,0.3750000000000003,0.0,0.0,0.08317129827806638,1.9303065872120984,11,4,13
FS-010,True,240,300,60.0,0.02626316048726612,0.05396301432796275,0.001762632069541591,0.026225506530704493,0.0007032655328360674,0.4050000000000003,0.35350000000000026,0.35133333333333355,0.3383333333333336,0.0,0.0,-0.010669613989509344,1.5757896292359952,11,4,13
FS-010,True,300,360,60.0,0.021969407898639694,0.038926275067170904,0.002366252919756228,0.02195068301704667,0.00040408417468241196,0.40233333333333365,0.3085000000000002,0.3226666666666669,0.4205000000000003,0.0,0.0,0.10523498003004633,1.3181644739183977,11,4,12
FS-010,True,360,420,60.0,0.01628496964085156,0.03179920986749887,0.0002780821396917687,0.016276270110645252,0.00021922312039271964,0.28266666666666684,0.3270000000000002,0.3506666666666669,0.3661666666666669,0.0,0.0,0.12941907917715526,0.977098178451095,11,4,13
FS-010,True,420,429.9273372022807,9.92733720228076,0.008259130821780676,0.03480426451970877,0.0061140725726602325,0.008252282771151375,0.0001665765312503335,0.29413728379541126,0.0,0.5708819078875166,0.12289297473643897,0.0,0.0,-0.6739917113988806,0.08199117666556394,11,4,0
FS-011,True,0,60,60.0,0.046971348036383295,0.09006947142831016,0.009658357409625274,0.0468217287839217,0.001899443376962084,0.4840000000000004,0.34150000000000025,0.3598333333333336,0.3625000000000002,0.0,0.0,0.04194140215095722,2.8182808821830125,4,2,12
FS-011,True,60,120,60.0,0.04200155191745511,0.0851537980206287,-0.004263236109931512,0.04187542750990724,0.0017928272857062678,0.4308333333333337,0.414666666666667,0.35500000000000026,0.3243333333333336,0.0,0.0,0.008921901658149434,2.5200931150473194,6,2,14
FS-011,True,120,180,60.0,0.036877786249750195,0.07802452262406029,0.0050604359629143935,0.03678661558329495,0.0013320765806577358,0.487166666666667,0.3938333333333336,0.36783333333333357,0.32583333333333353,0.0,0.0,-0.04517211627881742,2.2126671749850217,6,2,13
FS-011,True,180,240,60.0,0.03359771899843308,0.06129327601388092,0.004327859967276373,0.033550961799591286,0.0008383178894187345,0.41600000000000037,0.40250000000000036,0.3451666666666669,0.3638333333333336,0.0,0.0,0.04422569134161434,2.0158631399059947,7,2,13
FS-011,True,240,300,60.0,0.02752801480842925,0.05401203602241389,-6.0744103376903005e-05,0.027492298700772005,0.0005650357659040997,0.379166666666667,0.3636666666666669,0.36466666666666697,0.3431666666666669,0.0,0.0,-0.00846114740878566,1.6516808885057437,8,2,13
FS-011,True,300,360,60.0,0.02144687630641213,0.040960436067548754,0.0027132881817952185,0.021428036030675616,0.00037420362346166325,0.3638333333333336,0.28250000000000014,0.3611666666666669,0.387666666666667,0.0,0.0,0.0012191109439182225,1.2868125783847812,8,2,12
FS-011,True,360,420,60.0,0.017688650973918908,0.03195372225296075,0.00047895423532006283,0.01767854467309799,0.0002683747285083468,0.35966666666666686,0.3338333333333336,0.3053333333333335,0.3858333333333336,0.0,0.0,0.04416119879049795,1.0613190584351013,8,2,13
FS-011,True,420,429.5457390455156,9.545739045515656,0.009297105499930585,0.036578829087097774,0.003690620535768172,0.009294075469105488,0.0001491710780481072,0.2907830428089929,0.0,0.5531263713395151,0.16866163974557177,0.0,0.0,-0.5097375213796804,0.08874774298097002,8,2,0
FS-012,True,0,60,60.0,0.047768513942174365,0.08324231838684583,0.0015303720884908875,0.047649989422256546,0.0015235524970019256,0.44750000000000034,0.40933333333333366,0.3268333333333336,0.3800000000000003,0.0,0.0,0.10040870265881345,2.8661108365304715,4,2,15
FS-012,True,60,120,60.0,0.04387319407092953,0.0765138285882483,0.0011491148046393186,0.04374911285422492,0.0015900981987270384,0.47950000000000037,0.4128333333333336,0.3076666666666669,0.40533333333333366,0.0,0.0,0.11452333169290776,2.6323916442557427,4,2,14
FS-012,True,120,180,60.0,0.03885109718076611,0.07278376372338873,-0.006165109467607159,0.03875879352552981,0.0013285962403408135,0.38566666666666694,0.48233333333333367,0.31466666666666687,0.3613333333333336,0.0,0.0,0.03891193186714094,2.3310658308459504,6,2,13
FS-012,True,180,240,60.0,0.03144906869796479,0.06279784798160229,0.001250548925608851,0.0314110843650667,0.0007458282173595036,0.41666666666666696,0.38483333333333364,0.35000000000000026,0.39166666666666694,0.0,0.0,-0.017445363160656376,1.8869441218778737,6,2,13
FS-012,True,240,300,60.0,0.026193084566293743,0.05051923085461073,9.152137515132337e-05,0.026161049281866737,0.0005380066029634404,0.3843333333333336,0.3596666666666669,0.3468333333333336,0.38800000000000023,0.0,0.0,0.030746091682696413,1.5715850739776491,6,2,13
FS-012,True,300,360,60.0,0.021247252221797228,0.047703168528437465,-0.0028509170262128835,0.0212217640377329,0.0004481974759040596,0.3163333333333336,0.3686666666666669,0.39133333333333364,0.3196666666666669,0.0,0.0,-0.07130321107652,1.2748351333078585,6,2,13
FS-012,True,360,420,60.0,0.016169341428046376,0.0338687728769793,-0.000679277584786085,0.01616028192040108,0.00023745465189216097,0.2830000000000002,0.3386666666666669,0.3695000000000003,0.33450000000000024,0.0,0.0,0.00512315985967306,0.9701604856827811,6,2,13
FS-012,True,420,429.5564183392375,9.55641833923757,0.01987631122306716,0.01371072779541872,-0.005253293054195917,0.019873993191875508,0.00011749328841218283,0.29613605218393807,0.5001873955615633,0.10845259201160698,0.6665677217002426,0.0,0.0,0.5487600418386253,0.18994634508851366,6,2,2
FS-013,True,0,60,60.0,0.04920117159926542,0.09478536990424714,0.0030039743933036886,0.04904618977732229,0.002122640908137752,0.4820000000000004,0.3981666666666669,0.3356666666666669,0.3688333333333336,0.0,0.0,-0.01578319129519004,2.952070295955915,3,2,12
FS-013,True,60,120,60.0,0.046035255551235096,0.08088659244117166,0.00011680210315410236,0.04588722373734079,0.0018245837776459703,0.449666666666667,0.41650000000000026,0.33750000000000024,0.3840000000000003,0.0,0.0,0.08669470794967254,2.7621153330741333,4,2,13
FS-013,True,120,180,60.0,0.03975740964124444,0.06991088960224975,-0.005411539827234279,0.039657392281860354,0.0013456891233215396,0.40350000000000025,0.45800000000000035,0.30816666666666687,0.39016666666666694,0.0,0.0,0.061125370548547234,2.3854445784747016,4,2,13
FS-013,True,180,240,60.0,0.03545432055071358,0.060328869073536774,6.213340971407629e-05,0.03539495482714747,0.0009915513324821642,0.41466666666666696,0.431666666666667,0.31900000000000023,0.3900000000000003,0.0,0.0,0.10931732934243892,2.127259233042806,4,2,14
FS-013,True,240,300,60.0,0.029100766794774906,0.049359057686541134,0.0006037121979117668,0.029072102738451795,0.0005852949802048183,0.41483333333333366,0.3893333333333337,0.3068333333333335,0.406666666666667,0.0,0.0,0.13326909295620684,1.7460460076865338,4,2,13
FS-013,True,300,360,60.0,0.02219210551472841,0.041735071212696546,0.0007896712564552605,0.022173512944543786,0.0004216651269706243,0.34783333333333355,0.35833333333333356,0.3158333333333335,0.38150000000000023,0.0,0.0,0.07831388283009717,1.3315263308837115,4,2,13
FS-013,True,360,420,60.0,0.016658223282434808,0.031049183241372354,-0.0003312846141411653,0.016648813518001605,0.0002464968792735786,0.3030000000000002,0.31766666666666693,0.3431666666666669,0.40433333333333366,0.0,0.0,0.02042954169140247,0.9994933969460859,4,2,11
FS-013,True,420,429.3579901644587,9.357990164458752,0.01154012980086409,0.03337931594143376,-0.00021041984039884586,0.011535876578538317,0.00014666719583660896,0.274631620127231,0.20089783884793552,0.4528739707971117,0.22333855488946022,0.0,0.0,-0.4916777416652125,0.10799242117305677,4,2,2
FS-014,True,0,60,60.0,0.049998852764172576,0.08816932166911705,-0.002986244060958688,0.049819013629507476,0.0021395253391389073,0.4740000000000003,0.4493333333333337,0.3118333333333336,0.37833333333333363,0.0,0.0,0.10581873161158827,2.9999311658504086,3,2,13
FS-014,True,60,120,60.0,0.043763952944814104,0.08563202293376201,0.0021196749176141338,0.04359480878913513,0.001888719534128641,0.3933333333333336,0.40866666666666696,0.36450000000000027,0.3558333333333336,0.0,0.0,0.04485566791363601,2.6258371766888255,4,3,13
FS-014,True,120,180,60.0,0.03849395948964874,0.07353232310406756,0.000381908697727521,0.038419723545311896,0.0012025693322413051,0.41833333333333367,0.3741666666666669,0.3501666666666669,0.3671666666666669,0.0,0.0,0.0652487487168773,2.309637569378939,6,3,12
FS-014,True,180,240,60.0,0.03314169017630505,0.06099966414902602,0.0003078235156904229,0.03309527190755005,0.000800682613343046,0.36000000000000026,0.4010000000000003,0.3625000000000002,0.3736666666666669,0.0,0.0,0.10274804772709187,1.988501410578333,6,3,13
FS-014,True,240,300,60.0,0.025629317721677054,0.05072373250562589,0.0011158609369347095,0.025591558245644467,0.0006251619097122809,0.391166666666667,0.35233333333333355,0.35183333333333355,0.374666666666667,0.0,0.0,0.047251855097393415,1.5377590633006277,6,3,13
FS-014,True,300,360,60.0,0.020661754332581786,0.04450790175748417,-0.0017879971118604202,0.020633168439986135,0.00045265378292597407,0.30016666666666686,0.33450000000000024,0.38766666666666694,0.34316666666666695,0.0,0.0,-0.057503936276611926,1.2397052599548828,6,3,11
FS-014,True,360,420,60.0,0.01717480846405123,0.03571069376488536,0.00106686053485408,0.017162699919818527,0.00030400490392051084,0.3223333333333336,0.32883333333333353,0.36050000000000026,0.3306666666666669,0.0,0.0,-0.059742480951246936,1.0304885078430601,6,3,13
FS-014,True,420,429.4674287588149,9.467428758814929,0.018197108158317682,0.01752657081740398,0.0027782404266214014,0.018191367100438845,0.00024390992615050112,0.3781385729115454,0.3601822719632318,0.1285912775083106,0.5312952574706908,0.0,0.0,0.5686610993660163,0.17227982510533174,6,3,2
FS-015,True,0,60,60.0,0.04858722157866196,0.0924618710456891,-0.0004985443488919599,0.04830913520163538,0.0026943586298830424,0.4165000000000003,0.433666666666667,0.3508333333333335,0.3591666666666669,0.00016666666666666666,0.0,-0.029390877561675587,2.9148475122369213,4,2,14
FS-015,True,60,120,60.0,0.04263812809072943,0.08408857036923865,-0.00029254953388276153,0.042505855070188635,0.0015969799467487366,0.39833333333333365,0.44616666666666693,0.36100000000000027,0.3570000000000002,0.0,0.0,0.031732288891738535,2.558287685443718,4,2,13
FS-015,True,120,180,60.0,0.03905692026160835,0.06780624484293961,-0.00015055737399716101,0.03820361746979069,0.002781655776512726,0.40383333333333366,0.41000000000000025,0.3218333333333336,0.3960000000000003,0.03033333333333333,0.0,0.16806376926151723,2.3426899316298018,6,2,15
FS-015,True,180,240,60.0,0.03193385633411181,0.05608618836646455,0.0005404682542319142,0.031881008033553884,0.0008168060887931527,0.3960000000000003,0.38183333333333364,0.3421666666666669,0.3780000000000002,0.0,0.0,0.11038738572228059,1.9160313800466855,6,2,13
FS-015,True,240,300,60.0,0.027646588141318575,0.05065621422851707,-0.0007694170419506232,0.02754578347017708,0.0010367186882824556,0.368166666666667,0.40050000000000024,0.3251666666666669,0.3691666666666669,0.0003333333333333333,0.0,0.07426979136579588,1.658544389849947,6,2,13
FS-015,True,300,360,60.0,0.02178451924415271,0.042083114363761755,0.0012880785956217852,0.021769650161728975,0.0003740073321760866,0.38800000000000023,0.2911666666666669,0.3693333333333336,0.36000000000000026,0.0,0.0,0.06392738407678551,1.3070711546491471,6,2,12
FS-015,True,360,420,60.0,0.016286526334401728,0.0310392359093451,0.002481496764403173,0.016279269067876433,0.0002126418100966316,0.2960000000000002,0.24966666666666681,0.3805000000000003,0.3628333333333336,0.0,0.0,0.1522839381182955,0.9771915800640599,7,2,12
FS-015,True,420,429.83771501742297,9.837715017423033,0.00930711226845079,0.034102307266525904,0.0060882293475074374,0.00930029354331078,0.00017309146094317496,0.24700857828229025,0.0,0.585269547575414,0.18500230965998696,0.0,0.0,-0.6793065893090343,0.09156071813219396,7,2,0
FS-016,True,0,60,60.0,0.04897059309115863,0.09119744471769818,0.0018763994285094668,0.04881853344119526,0.001926102584618023,0.49966666666666704,0.39733333333333365,0.3303333333333336,0.3788333333333336,0.0,0.0,0.018798081773435036,2.9382355854694753,4,1,13
FS-016,True,60,120,60.0,0.04585160559434172,0.07901674603105667,-0.0020533735476460776,0.04570970816827702,0.0017711652057142706,0.45600000000000035,0.4070000000000003,0.3235000000000002,0.40783333333333366,0.0,0.0,0.06107534121611131,2.7510963356604847,5,1,13
FS-016,True,120,180,60.0,0.03916622665614146,0.0690534015266777,-0.006316783470960824,0.03907253981284621,0.0011961057089102745,0.3556666666666669,0.440666666666667,0.3388333333333336,0.3623333333333336,0.0,0.0,0.10716191396372135,2.349973599368435,6,1,14
FS-016,True,180,240,60.0,0.032636862371312796,0.060216551353338726,-0.003299733305821164,0.032574782601065194,0.0008892138731238332,0.3845000000000003,0.39350000000000035,0.33650000000000024,0.3940000000000003,0.0,0.0,0.05899349055452695,1.9582117422787548,7,2,13
FS-016,True,240,300,60.0,0.028244524634050836,0.04976814363668501,0.0008826503828657319,0.028209173579969778,0.0006170381378603798,0.4030000000000003,0.36216666666666697,0.32783333333333353,0.3905000000000003,0.0,0.0,0.13252053191130192,1.6946714780430843,7,2,13
FS-016,True,300,360,60.0,0.0215179809531129,0.04150262681799323,0.0023636739365292285,0.021503794026948252,0.0004060490046202628,0.35000000000000026,0.34800000000000025,0.3625000000000002,0.381166666666667,0.0,0.0,0.06933952878737057,1.2910788571868461,7,2,11
FS-016,True,360,420,60.0,0.016275684269199595,0.03364534498165863,0.002499172036415214,0.016266018613119507,0.00026223795429807905,0.35500000000000026,0.2740000000000002,0.3588333333333336,0.3465000000000002,0.0,0.0,-0.027561927808252396,0.9765410561519423,8,2,13
FS-016,True,420,429.69215546354644,9.692155463546513,0.016145397379135822,0.02596970422787236,-0.0009585206303468408,0.016138398254227866,0.00017846677696431315,0.3621485450993412,0.3208780556293308,0.27982995874831873,0.3972284611488501,0.0,0.0,0.11025834508485616,0.15648370141929557,8,2,2
FS-017,True,0,60,60.0,0.04512412794743816,0.10739860676378449,0.0019713758578012723,0.0449282982959265,0.002039485747709111,0.42250000000000026,0.3803333333333336,0.4083333333333336,0.31416666666666687,0.0,0.0,-0.15989140740081265,2.7074476768462716,4,1,13
FS-017,True,60,120,60.0,0.04113795044976177,0.079302475730679,0.004799113105942082,0.04102438151131747,0.001347961646145797,0.4011666666666669,0.3703333333333336,0.3798333333333336,0.3546666666666669,0.0,0.0,0.0486883463880858,2.468277026985705,7,4,13
FS-017,True,120,180,60.0,0.037857400320547116,0.07024323416018662,0.0022981282587530246,0.037796924556894006,0.0011253130856591687,0.43266666666666703,0.41566666666666696,0.33500000000000024,0.3720000000000003,0.0,0.0,0.004075879030347683,2.271444019232824,7,4,13
FS-017,True,180,240,60.0,0.033247292355153626,0.060454029684001535,-0.000660406050491887,0.03310763375217497,0.001048280762337131,0.3685000000000002,0.3990000000000003,0.35483333333333356,0.37450000000000033,0.005333333333333333,0.01566666666666667,0.059399609867263926,1.9951787525670364,8,4,13
FS-017,True,240,300,60.0,0.027437403087637348,0.050114288348482784,-0.003776830204962258,0.027393507503697987,0.0006425937915891557,0.3638333333333336,0.3955000000000003,0.3306666666666669,0.4143333333333336,0.0,0.0,0.04511079398434011,1.646244185258238,8,4,14
FS-017,True,300,360,60.0,0.020165463025893737,0.039795319750412304,-0.000344584618980941,0.02015022145431451,0.000342987230880048,0.3725000000000003,0.34066666666666695,0.33000000000000024,0.35516666666666696,0.0,0.0,0.0421534492061752,1.2099277815536218,8,4,13
FS-017,True,360,420,60.0,0.016189090804191508,0.03191092428605332,0.0002612428721378195,0.016181655313647483,0.00022539461933796654,0.3120000000000002,0.3076666666666669,0.35383333333333356,0.39650000000000035,0.0,0.0,0.04065749515287176,0.9713454482515053,8,4,13
FS-017,True,420,429.8806714724749,9.880671472474933,0.006515486789368194,0.03703621211502069,-0.0009933732222464754,0.006512317608588975,0.00011738314664216581,0.12246131281368437,0.061736694889543364,0.6741112171404432,0.09614731171322327,0.0,0.0,-0.858177738744614,0.06437738444901318,8,4,1
FS-018,True,0,60,60.0,0.04979975096581575,0.08732248835659377,-0.0037099620907039914,0.049642392412115655,0.0019268923044245842,0.40266666666666695,0.477666666666667,0.3323333333333336,0.39466666666666694,0.0,0.0,0.1509925357610357,2.9879850579489315,4,2,13
FS-018,True,60,120,60.0,0.038580549046523936,0.08370598072241373,0.001808398907102056,0.038484852565675694,0.0013123285490257458,0.446666666666667,0.39016666666666694,0.3601666666666669,0.3333333333333336,0.0,0.0,-0.08252251032712059,2.3148329427913725,4,2,13
FS-018,True,120,180,60.0,0.03534304654820707,0.07440507716702129,0.004880063801010123,0.03527741446732637,0.0010472602270358497,0.4268333333333337,0.3290000000000003,0.39700000000000024,0.33750000000000024,0.0,0.0,9.415179235647634e-05,2.1205827928924346,5,3,13
FS-018,True,180,240,60.0,0.031491522110499034,0.06392311823411916,-0.0029638353889720175,0.031428225064236336,0.0009569038820767245,0.41166666666666696,0.4163333333333336,0.3571666666666669,0.33650000000000024,0.0,0.0,-0.012787744596308662,1.8894913266299291,6,3,13
FS-018,True,240,300,60.0,0.028287800554536818,0.0534266435357071,-0.002584136821491324,0.028251007092170034,0.0006606308848443412,0.3335000000000002,0.4158333333333336,0.34500000000000025,0.3808333333333336,0.0,0.0,0.011341035252683318,1.6972680332721868,7,3,13
FS-018,True,300,360,60.0,0.022511300433464377,0.040513825490606524,-0.00015842297282401302,0.022492190441849868,0.00040022314061966,0.4093333333333336,0.33550000000000024,0.3316666666666669,0.3923333333333336,0.0,0.0,-0.0032633530031403856,1.350678026007856,7,3,13
FS-018,True,360,420,60.0,0.018108929011826588,0.030687207050788694,-0.0006697531164116396,0.018098133067161074,0.00029403163173987145,0.2791666666666669,0.3606666666666669,0.32350000000000023,0.34483333333333355,0.0,0.0,0.16440919469616921,1.0865357407095653,7,3,11
FS-018,True,420,429.75194322228424,9.751943222284318,0.013621487159872563,0.022911551080026533,0.0005215427345984296,0.013618813606118104,0.00011823785264481235,0.31705919033848246,0.3240379817613207,0.28302051571558384,0.4052467423368166,0.0,0.0,0.3441758055205585,0.13283596938614423,7,3,2
FS-019,True,0,60,60.0,0.04828697379390897,0.09109521082451799,0.003964157090966927,0.048147844794629115,0.0019020173049119908,0.477666666666667,0.3745000000000002,0.33316666666666694,0.36033333333333367,0.0,0.0,0.03741547065029937,2.89721842763449,4,1,13
FS-019,True,60,120,60.0,0.04182836095022806,0.08664464211030874,-0.005063064555247463,0.041678313176413545,0.0018729585722924793,0.3508333333333336,0.4910000000000004,0.37233333333333357,0.3556666666666669,0.0,0.0,-0.01368977499092883,2.509701657013719,4,1,13
FS-019,True,120,180,60.0,0.0366265405988296,0.0682530360829065,0.005409439591886056,0.036561416706744246,0.0009885876598677101,0.4275000000000003,0.36000000000000026,0.3598333333333336,0.36633333333333357,0.0,0.0,0.12420774791586488,2.1975924359297547,4,1,15
FS-019,True,180,240,60.0,0.03109526137933447,0.06034724677957844,-0.0018885433234842577,0.03104159172883422,0.0008113849395736533,0.38566666666666694,0.4050000000000003,0.35700000000000026,0.3823333333333336,0.0,0.0,0.05144638470567071,1.8657156827600798,4,1,15
FS-019,True,240,300,60.0,0.02636392914510095,0.05492911157085637,0.0002980357622922565,0.026333872643204703,0.0006030298180717578,0.3790000000000003,0.36183333333333356,0.3743333333333336,0.3213333333333335,0.0,0.0,-0.018067523446730457,1.5818357487060535,4,1,13
FS-019,True,300,360,60.0,0.01987097220619952,0.03992302247610322,0.0009754090668099083,0.01985663004740089,0.00033650077511063377,0.3526666666666669,0.3068333333333335,0.3760000000000003,0.3351666666666669,0.0,0.0,0.032424978943667956,1.1922583323719502,4,1,13
FS-019,True,360,420,60.0,0.016494509236275493,0.033620715126929594,-0.0015754269855965785,0.016481721493941615,0.00028353156181528674,0.2556666666666668,0.33833333333333354,0.3571666666666669,0.33633333333333354,0.0,0.0,-0.05932387720190831,0.9896705541765556,4,1,11
FS-019,True,420,430.21661801271136,10.216618012711407,0.022351172923694738,0.007361246764638594,0.0016166592698668005,0.02235020084222806,8.308782519708736e-05,0.5135376507356562,0.3504094990676761,0.035236709403453456,0.841765835749166,0.0,0.0,0.8865498607643627,0.22835339589744244,4,1,2
FS-020,True,0,60,60.0,0.047265416305749985,0.09765375646970392,0.003914818510750251,0.047127286948364745,0.0019852227368602096,0.425666666666667,0.4408333333333337,0.3843333333333336,0.32633333333333353,0.0,0.0,-0.008170875023476949,2.835924978344977,5,1,15
FS-020,True,60,120,60.0,0.043177838690037426,0.07999252950173155,0.00039679359058297455,0.04304957361362895,0.0015289054033993817,0.44050000000000034,0.43600000000000033,0.3451666666666669,0.37050000000000033,0.0,0.0,0.026401682800175016,2.5906703214022415,5,1,14
FS-020,True,120,180,60.0,0.03549302507324967,0.07425772117830286,0.003627165986346645,0.0353973356207352,0.001235084452334085,0.455166666666667,0.3413333333333336,0.38166666666666693,0.3273333333333336,0.0,0.0,-0.0337218721141179,2.12958150439499,7,1,15
FS-020,True,180,240,60.0,0.032009495968300106,0.05999362736678046,0.0012823949690664745,0.03195641976950616,0.0008434745865051451,0.39166666666666694,0.35383333333333356,0.35516666666666696,0.380666666666667,0.0,0.0,0.049270618825023656,1.9205697580980274,7,1,13
FS-020,True,240,300,60.0,0.02759538371197307,0.05179235031150622,-0.0015749610594953797,0.027559460046441487,0.0006072320377613713,0.35433333333333356,0.4050000000000003,0.35033333333333355,0.3706666666666669,0.0,0.0,0.021222267017448428,1.655723022718397,7,1,14
FS-020,True,300,360,60.0,0.022920573768088686,0.040878753269150726,0.0002790763200198785,0.022896739755222772,0.00047384075457873473,0.3925000000000003,0.3471666666666669,0.33800000000000024,0.39583333333333365,0.0,0.0,0.0962098533311949,1.3752344260853226,7,1,13
FS-020,True,360,420,60.0,0.016986662934998023,0.03197768329926662,-0.0002482043503342028,0.016972839525959554,0.0002979412885267919,0.30466666666666686,0.3428333333333336,0.3173333333333336,0.3688333333333336,0.0,0.0,0.08068106467796404,1.0191997760998852,7,1,13
FS-020,True,420,429.63477747485035,9.634777474850416,0.007876486943137638,0.03722373733276024,-0.004847619695008058,0.007862482027605054,0.00021890260253586407,0.0,0.3051445669268708,0.6149366179256156,0.11728345599570204,0.0,0.0,-0.7354883165010745,0.07588819898068958,7,1,0
FS-021,True,0,60,60.0,0.04916967807064743,0.08542359941645071,0.0017244956191417083,0.04902101338814835,0.0019661854266917497,0.4055000000000003,0.44133333333333363,0.3123333333333335,0.37816666666666693,0.0,0.0,0.13687254214435007,2.95018068423883,3,2,13
FS-021,True,60,120,60.0,0.04495750944676649,0.0798187552978538,0.0022669313075083584,0.04481755137840947,0.0016317601566365849,0.47100000000000036,0.40633333333333366,0.3161666666666669,0.39616666666666694,0.0,0.0,0.09092711722987294,2.697450566805994,5,2,13
FS-021,True,120,180,60.0,0.03487316398348395,0.07084630957468467,-0.00027974197872805885,0.03476887499554328,0.0012526599817157128,0.4003333333333336,0.3821666666666669,0.35783333333333356,0.3348333333333335,0.0,0.0,0.026387614521452073,2.092389839009058,5,2,13
FS-021,True,180,240,60.0,0.033086272320052505,0.06100876399173898,0.000680288131311656,0.03302638934102428,0.0009483387098109637,0.3990000000000003,0.38233333333333364,0.35283333333333355,0.3863333333333337,0.0,0.0,0.11473086421843429,1.9851763392031496,6,2,15
FS-021,True,240,300,60.0,0.02791946961472281,0.05475367593394889,0.0004338628959286492,0.02787664876201633,0.0007524287291466358,0.40166666666666695,0.4115000000000003,0.3368333333333336,0.3385000000000003,0.0,0.0,-0.006719865705092912,1.6751681768833782,6,2,13
FS-021,True,300,360,60.0,0.022439619840257087,0.046458716424105546,-0.0016698398436699007,0.022410984301741547,0.0005015025236158921,0.2963333333333335,0.38983333333333364,0.36800000000000027,0.3313333333333336,0.0,0.0,-0.01393831843470482,1.3463771904154345,6,2,11
FS-021,True,360,420,60.0,0.01689067084271733,0.03265410076231889,0.0018108074705006643,0.01687987202163009,0.00026403068864250837,0.3695000000000003,0.2915000000000002,0.3251666666666669,0.3608333333333336,0.0,0.0,-0.02400827577670202,1.0134402505630247,6,2,13
FS-021,True,420,429.8237430869042,9.823743086904287,0.020725016853414758,0.010622898030118984,-0.004138615783096268,0.020723589184202983,0.00011484671643779095,0.31657994030257575,0.5174955250693862,0.05904063195353503,0.7553129122331553,0.0,0.0,0.8397283394219244,0.20359724103968765,6,2,2
FS-022,True,0,60,60.0,0.043076705727415475,0.08824936391393219,-0.002644655691148272,0.04295379696598988,0.0015183797513842424,0.40166666666666695,0.3998333333333336,0.39783333333333365,0.35483333333333356,0.0,0.0,0.024013853918301405,2.5846023436449364,4,2,12
FS-022,True,60,120,60.0,0.04187353463518546,0.08167523733285073,0.004477482467972437,0.041780998425221545,0.0014818808638782262,0.45866666666666706,0.3845000000000003,0.35066666666666696,0.3695000000000003,0.0,0.0,0.03583546923272782,2.5124120781111197,4,2,16
FS-022,True,120,180,60.0,0.03942095001489731,0.07476471941451071,0.0007652159820407203,0.039329720513606205,0.0013579019663567831,0.49566666666666703,0.36483333333333356,0.3446666666666669,0.3863333333333336,0.0,0.16716666666666674,0.05179678318669867,2.3652570008937968,6,2,13
FS-022,True,180,240,60.0,0.03074642034796682,0.06678463039964119,0.0007405529235066778,0.03067137776177652,0.001036399718371067,0.4045000000000003,0.36650000000000027,0.41400000000000037,0.3161666666666669,0.0,0.3533333333333336,-0.05902608632878053,1.8447852208780007,6,2,17
FS-022,True,240,300,60.0,0.02839063211258907,0.050663330335402004,0.0015067380314095174,0.028357104185303315,0.0006791091313099992,0.38633333333333364,0.36700000000000027,0.33500000000000024,0.38833333333333364,0.0,0.030999999999999996,0.050389501810144746,1.7034379267554038,7,2,13
FS-022,True,300,360,60.0,0.021470212699734297,0.04373964229039465,-0.0022700370497436987,0.021443448192525482,0.00046792413630917807,0.30566666666666686,0.384666666666667,0.3676666666666669,0.3528333333333336,0.0,0.0,-0.05560282699167071,1.2882127619840857,7,2,13
FS-022,True,360,420,60.0,0.017355892346686972,0.0323556657508065,0.001733147407591393,0.017345473235810763,0.0002426015054748536,0.34300000000000025,0.29533333333333356,0.3581666666666669,0.3606666666666669,0.0,0.0,0.06617641726853501,1.0413535408012649,7,2,12
FS-022,True,420,429.66217316403976,9.66217316403985,0.013782902579470123,0.02765830317694753,-0.0036403801976076376,0.013776347088397744,0.0001770186308321829,0.2452864339898748,0.36763708368011194,0.35913245820458467,0.3022094460972297,0.0,0.0,0.008057359737646557,0.13317279142594718,7,2,2
FS-023,True,0,60,60.0,0.049421099209582826,0.0933238504645207,0.0035989996483659654,0.0492389537675451,0.0019764512922281338,0.4333333333333337,0.41683333333333367,0.36083333333333356,0.38466666666666693,0.0,0.0,0.03138153332855151,2.965265952574957,3,1,13
FS-023,True,60,120,60.0,0.04191208536121012,0.07996237205165185,-0.007641756754626924,0.04180324115948158,0.0015169679064535137,0.35000000000000026,0.4888333333333337,0.36800000000000027,0.381166666666667,0.0,0.0,-0.0034563735473132334,2.514725121672596,5,1,15
FS-023,True,120,180,60.0,0.038507364404175765,0.07007654862979881,0.002369790200183038,0.03841509856478944,0.0011937510667929983,0.41950000000000026,0.3686666666666669,0.3248333333333336,0.3793333333333336,0.0,0.0,0.07017243676084649,2.3104418642505653,5,1,13
FS-023,True,180,240,60.0,0.03327873054088527,0.06367911549926591,-0.0013853458532771302,0.03321850930629606,0.0009581292481552601,0.3981666666666669,0.43633333333333363,0.32316666666666694,0.3696666666666669,0.0,0.0,0.006060702432542653,1.9967238324531262,5,1,14
FS-023,True,240,300,60.0,0.028534045489662097,0.053045639645542944,-9.311696112787558e-05,0.028495796008010586,0.000650240388727144,0.41050000000000025,0.3596666666666669,0.3236666666666669,0.39483333333333365,0.0,0.0,0.05106956304238729,1.7120427293797045,5,1,12
FS-023,True,300,360,60.0,0.021583358520586255,0.0450037472948832,-0.002619000809778408,0.021555631403670363,0.0004943828717829052,0.27500000000000024,0.38266666666666693,0.3636666666666669,0.33200000000000024,0.0,0.0,0.020993010059705604,1.2950015112351885,5,1,12
FS-023,True,360,420,60.0,0.0162985275266159,0.03214654588243065,0.0024457824997669076,0.016290043231145586,0.0002442936651976983,0.3691666666666669,0.3108333333333336,0.33400000000000024,0.365166666666667,0.0,0.0,0.032712401219474066,0.977911651596978,5,1,13
FS-023,True,420,429.31615274578326,9.316152745783327,0.012000882140201534,0.029995276038062554,-0.0005443331490625551,0.011991794170993783,0.00019994698499875186,0.2769383532454165,0.2200479163384123,0.4504169113889411,0.3016266560541165,0.0,0.0,-0.43245856028424573,0.11180205110225151,5,1,1
FS-024,True,0,60,60.0,0.04141575473166645,0.09127693816967726,-0.005834747078031444,0.04127748418163306,0.0015857343068185787,0.34883333333333355,0.4245000000000003,0.38633333333333364,0.3478333333333336,0.0,0.0,-0.08828354522380678,2.4849452838999833,4,1,13
FS-024,True,60,120,60.0,0.04523522752142969,0.08306728987072774,-0.002465698795614895,0.04508967183104457,0.0017365660833318054,0.44466666666666704,0.42566666666666697,0.32016666666666693,0.39283333333333365,0.0,0.0,-0.009708701248238503,2.714113651285783,5,2,13
FS-024,True,120,180,60.0,0.036302116360135465,0.07387932075164638,0.004419758634284943,0.03621006059396417,0.0012546965436775032,0.4115000000000003,0.37583333333333363,0.3653333333333336,0.31600000000000017,0.0,0.0,-0.0175114739950989,2.178126981608167,5,2,13
FS-024,True,180,240,60.0,0.03312409928709212,0.06090026198377633,-0.0006606931756580422,0.03307116967041472,0.0007747931253583305,0.3625000000000002,0.3985000000000003,0.3356666666666669,0.390666666666667,0.0,0.0,0.03754672053199174,1.9874459572255416,5,2,13
FS-024,True,240,300,60.0,0.026746332542127493,0.05173794607500504,-0.003758996773172017,0.026711752860822287,0.0006305917063066451,0.35400000000000026,0.4175000000000003,0.35150000000000026,0.36333333333333356,0.0,0.0,0.028254345508240495,1.6047799525276298,5,2,15
FS-024,True,300,360,60.0,0.021649116988174382,0.0415335462018669,0.001712214080682536,0.021629860701761042,0.0004216130441983626,0.3751666666666669,0.34433333333333355,0.32150000000000023,0.36166666666666697,0.0,0.0,0.021209944470002077,1.2989470192904702,5,2,13
FS-024,True,360,420,60.0,0.01762438984945277,0.03109715851126701,0.0011617790976864064,0.017614775202525374,0.00023308471678735182,0.33433333333333354,0.30316666666666686,0.33400000000000024,0.40533333333333366,0.0,0.0,0.10806875655240347,1.057463390967141,5,2,11
FS-024,True,420,429.9565823587775,9.956582358777524,0.006974758989218342,0.039201064456893746,-0.0037367099369010437,0.006967867854628214,0.0001936806059030656,0.0659445515657984,0.2721817489523318,0.6779434706377272,0.05523983834825923,0.0,0.0,-0.735738658840639,0.06944476230878754,5,2,2
FS-025,True,0,60,60.0,0.045531867735343415,0.09052924543651357,-0.005042894573120498,0.04541993595244339,0.0016877261357290075,0.3666666666666669,0.4925000000000004,0.36700000000000027,0.3715000000000002,0.0,0.0,-0.014138619676149829,2.7319120641206336,3,1,12
FS-025,True,60,120,60.0,0.044841797554894036,0.08088808795744594,0.006634360958684167,0.044740882116553075,0.0014509508005750129,0.47000000000000036,0.34233333333333354,0.3353333333333336,0.4108333333333336,0.0,0.0,0.05914920216492402,2.6905078532936235,6,2,12
FS-025,True,120,180,60.0,0.03658029778067366,0.07446455206119287,0.0010505261455559798,0.03649170894859135,0.0012832085318159635,0.4010000000000003,0.396666666666667,0.3583333333333336,0.36433333333333356,0.0,0.0,0.00046398061128319107,2.194817866840441,6,2,14
FS-025,True,180,240,60.0,0.03025166123732575,0.06410643920065888,-0.0008042433964799029,0.030194145141780374,0.0008398446449963216,0.3448333333333336,0.441166666666667,0.35650000000000026,0.3506666666666669,0.0,0.0,-0.0626715656415365,1.815099674239531,6,2,13
FS-025,True,240,300,60.0,0.027395237739629198,0.051588173688808595,0.0005932821889453333,0.027361220312657232,0.0006123775542176133,0.398666666666667,0.3731666666666669,0.36483333333333356,0.37583333333333363,0.0,0.0,0.07657720741161829,1.6437142643777851,6,2,15
FS-025,True,300,360,60.0,0.02204177778937307,0.04299816482139656,0.0004596530251911056,0.022019441601852503,0.00044850139156739425,0.35516666666666696,0.3511666666666669,0.3385000000000003,0.36300000000000027,0.0,0.0,0.034142528178351686,1.3225066673624397,6,2,13
FS-025,True,360,420,60.0,0.015766355509810027,0.033029346830387836,-0.0017736834848956758,0.015759200911859967,0.00022339682444987252,0.27766666666666684,0.3261666666666669,0.35700000000000026,0.3348333333333336,0.0,0.0,0.022876164601751105,0.9459813305885961,6,2,13
FS-025,True,420,429.73068930685514,9.7306893068552,0.017227624168624465,0.019583915361848583,0.003281277316808379,0.017223100835408504,0.00015476588032543542,0.4213473342645499,0.3278287795863206,0.17785885997160997,0.49534003686710526,0.0,0.0,0.25140698355222746,0.16763665828017174,6,2,2
FS-026,True,0,60,60.0,0.04898123538604508,0.09274927356916206,-0.0016888013311844301,0.048733573643410764,0.002331146732047387,0.36983333333333357,0.46700000000000036,0.34450000000000025,0.3558333333333336,0.0,0.0,0.024247251823807037,2.9388741231627247,5,2,11
FS-026,True,60,120,60.0,0.04400964411408261,0.08388244718338767,0.0014342586272853624,0.04388179491901645,0.0015982239096642246,0.447666666666667,0.4320000000000003,0.3156666666666669,0.37283333333333357,0.0,0.0,-0.01543468045384807,2.6405786468449683,6,3,13
FS-026,True,120,180,60.0,0.036793351593103193,0.07068040888920225,0.004751542625278268,0.03666980328040461,0.0013657216324849278,0.4528333333333337,0.3428333333333336,0.35550000000000026,0.35483333333333356,0.0,0.0,0.009503231637629877,2.2076010955862007,7,3,12
FS-026,True,180,240,60.0,0.034324461292391875,0.05779592647628314,-0.0015724876034242908,0.03426342679581571,0.0009321299829183292,0.41650000000000026,0.40116666666666695,0.3143333333333336,0.413166666666667,0.0,0.0,0.13651370711384056,2.05946767754348,7,3,13
FS-026,True,240,300,60.0,0.02499599293786012,0.052327846353494335,0.002958762508577667,0.02495812322260464,0.0005640700577396099,0.41483333333333366,0.3138333333333335,0.368166666666667,0.3360000000000003,0.0,0.0,0.018878281072952287,1.4997595762715994,7,3,14
FS-026,True,300,360,60.0,0.021447156470696248,0.043424921084277944,-0.0011418668986165567,0.02142503617491863,0.00045456945403217437,0.39700000000000024,0.3715000000000003,0.3426666666666669,0.3560000000000002,0.0,0.0,-0.027336259234021762,1.2868293882417734,7,3,13
FS-026,True,360,420,60.0,0.015461334575970601,0.03239116618343516,0.0004628812862120451,0.015453841054632196,0.00021131786556084626,0.27116666666666683,0.2830000000000002,0.3918333333333336,0.35000000000000026,0.0,0.0,-0.020171348884995742,0.9276800745582622,7,3,11
FS-026,True,420,429.9887961610406,9.988796161040664,0.016026145123434487,0.0291375421504382,0.0010942372640521387,0.01601823399610106,0.00024414431140476164,0.34839033091625765,0.38543183161712413,0.2741868105911299,0.33837911451061803,0.0,0.0,-0.014659646890402738,0.16008189688523228,7,3,2
FS-027,True,0,60,60.0,0.048983666952480194,0.0895493293839935,0.007940681631090565,0.04884513370556542,0.0018869947725127954,0.4570000000000004,0.36600000000000027,0.3583333333333336,0.39083333333333364,0.0,0.0,0.03277088524811225,2.9390200171488763,3,1,13
FS-027,True,60,120,60.0,0.04041556965514841,0.08613516653703748,0.006894062433723724,0.04025515500966544,0.0017041374343414633,0.4170000000000003,0.34400000000000025,0.40300000000000036,0.3038333333333335,0.0,0.0,-0.013453006326927051,2.4249341793088104,6,2,14
FS-027,True,120,180,60.0,0.03730160266280983,0.07129499003434779,-0.0022507291631082057,0.037224842158334166,0.0011771164547377145,0.41650000000000026,0.4628333333333336,0.3325000000000003,0.34900000000000025,0.0,0.0,0.04149816816084204,2.2380961597686304,7,2,14
FS-027,True,180,240,60.0,0.033576540077333544,0.060054535213110743,0.0032399870625196437,0.03351969794335126,0.000860982603295156,0.45833333333333365,0.3606666666666669,0.3150000000000002,0.4028333333333336,0.0,0.0,0.06802953469487745,2.014592404640039,7,2,13
FS-027,True,240,300,60.0,0.02688006496266371,0.05425235385104381,0.0003145306607753992,0.026835503361959286,0.000702917485240356,0.4193333333333336,0.35483333333333356,0.34616666666666696,0.3675000000000003,0.0,0.0,-0.039603188895686856,1.6128038977597376,7,2,13
FS-027,True,300,360,60.0,0.0206294885523734,0.041312981040726955,-0.0027012345342483693,0.020614746867828604,0.0003473257338095212,0.2953333333333335,0.38966666666666694,0.3578333333333336,0.3701666666666669,0.0,0.0,0.039585027793821885,1.2377693131424783,7,2,13
FS-027,True,360,420,60.0,0.01672128745088365,0.03435172001742385,0.0015334042232355237,0.016710728156797788,0.00026471465183072453,0.34433333333333355,0.2730000000000002,0.3693333333333336,0.3498333333333336,0.0,0.0,0.027719886291420366,1.0032772470530436,7,2,11
FS-027,True,420,429.6951979967951,9.695197996795176,0.017297475910226227,0.023603715761969332,-0.0037442157208845764,0.017293556018296994,0.0001549027791082917,0.29808571222117514,0.44661284910646665,0.23260979275932772,0.4074181879839591,0.0,0.0,0.14190404071270346,0.16770245379442722,7,2,2
FS-028,True,0,60,60.0,0.047833278354260884,0.09516120868658033,-0.004716604799115454,0.047656528515750404,0.0021910522380701857,0.40133333333333365,0.47333333333333366,0.35083333333333366,0.3580000000000003,0.0,0.0,0.006459493963746725,2.869996701255653,4,1,12
FS-028,True,60,120,60.0,0.03877652782801437,0.08514018065574726,0.005317146058644731,0.03867945794327829,0.0015003147896937524,0.45150000000000035,0.4283333333333337,0.3696666666666669,0.31450000000000017,0.0,0.0,-0.0731085851470447,2.326591669680862,5,1,15
FS-028,True,120,180,60.0,0.03620589711814528,0.07034294464883503,0.0010805962034070133,0.036120084173347715,0.001198490790225069,0.4160000000000003,0.3930000000000003,0.3631666666666669,0.3795000000000003,0.0,0.0,0.004773164743055443,2.1723538270887204,5,1,13
FS-028,True,180,240,60.0,0.03160308947398544,0.062416832142014836,-0.0027516245021524514,0.031542562844383636,0.0009161402850945272,0.3903333333333336,0.428166666666667,0.34450000000000025,0.3723333333333336,0.0,0.0,-0.08442078518593517,1.896185368439122,5,1,13
FS-028,True,240,300,60.0,0.026339493658442865,0.05566241965765836,0.0017394400696993631,0.0263015203678276,0.0005862189796780982,0.39183333333333364,0.33833333333333354,0.3795000000000003,0.3580000000000003,0.0,0.0,-0.06890395009896885,1.5803696195065642,5,1,15
FS-028,True,300,360,60.0,0.023744795711889633,0.0400922241810689,-0.0004989481499167672,0.02372433931260628,0.00042204179593335016,0.33900000000000025,0.3785000000000002,0.32316666666666694,0.38833333333333364,0.0,0.0,0.16220414146784792,1.4246877427133717,5,1,12
FS-028,True,360,420,60.0,0.016045120637015922,0.03226841969315548,0.0007966489741483081,0.016034856498151742,0.00024253003301812296,0.31666666666666693,0.27333333333333354,0.35233333333333355,0.3606666666666669,0.0,0.0,0.02846368539259496,0.9627072382209576,5,1,11
FS-028,True,420,429.90130334749813,9.901303347498178,0.007003746140991665,0.04111204199377411,-0.004985665975411557,0.007000702127453501,0.00014092396211665205,0.03736881772170834,0.2999605098201994,0.6323716310621126,0.08584728395527592,0.0,0.0,-0.7741854050540162,0.06934621511082904,5,1,1
FS-029,True,0,60,60.0,0.048183982381868475,0.09287004096071652,0.005083093093842445,0.048035491942123754,0.001985396575586507,0.4245000000000003,0.41766666666666696,0.34866666666666696,0.3721666666666669,0.0,0.0,0.018745599446377006,2.8910389429120604,3,1,13
FS-029,True,60,120,60.0,0.03985344877059063,0.08127435617452981,-0.004870308527666825,0.03976673303802339,0.0012455138589502054,0.39866666666666695,0.41550000000000037,0.37983333333333363,0.3598333333333336,0.0,0.0,0.011201040302237175,2.3912069262354523,4,1,13
FS-029,True,120,180,60.0,0.03539095566833813,0.07795531473910944,0.0005512301973198314,0.03530698532774301,0.0011953732475162328,0.38783333333333364,0.36900000000000027,0.4013333333333336,0.30833333333333357,0.0,0.0,-0.05047265147660452,2.1234573401003614,4,1,13
FS-029,True,180,240,60.0,0.0318375505099643,0.060716603029124926,-0.0005350304791629912,0.03178014568615731,0.0008801964724617287,0.38150000000000023,0.43366666666666703,0.3446666666666669,0.368166666666667,0.0,0.0,-0.012590262562119571,1.9102530305978949,4,1,13
FS-029,True,240,300,60.0,0.026541251330641374,0.053169261318669066,-0.0018112266233510912,0.026507266043481643,0.0005553245397619053,0.3576666666666669,0.41333333333333366,0.35950000000000026,0.36133333333333356,0.0,0.0,-0.036911086276124785,1.5924750798384935,4,1,13
FS-029,True,300,360,60.0,0.02082996712491103,0.03852291325892274,0.001496535965125363,0.020817006991617724,0.000373783517997881,0.34016666666666684,0.3115000000000003,0.34916666666666696,0.3785000000000002,0.0,0.0,0.121915864268433,1.2497980274946163,4,1,13
FS-029,True,360,420,60.0,0.0179836050697984,0.030755991647166792,-0.0019770688954461576,0.017974840506517147,0.000279630763563025,0.3111666666666669,0.403666666666667,0.29483333333333356,0.40366666666666695,0.0,0.0,0.05081947286810621,1.0790163041878902,4,1,14
FS-029,True,420,430.13773048698897,10.137730486989021,0.011634884769995893,0.03348266754433001,0.006766480395127339,0.011627405299888005,0.00017366526699284443,0.3314351278436822,0.08680443824477391,0.5038337223054403,0.26633179916010175,0.0,0.0,-0.17309438339982125,0.11795132604538693,4,1,1
FS-030,True,0,60,60.0,0.0504229468466312,0.09265747761526297,-0.0017994114851690483,0.05017535387059238,0.0023480844339329276,0.42133333333333367,0.45966666666666706,0.32300000000000023,0.3735000000000003,0.0,0.0,0.02086891320515591,3.02537681079785,2,1,13
FS-030,True,60,120,60.0,0.047137784804990805,0.07607281655571532,0.0009934738182668787,0.04700945565874424,0.0018214317019489407,0.46566666666666706,0.4145000000000003,0.30816666666666687,0.41833333333333367,0.0,0.0,0.15624776750991842,2.828267088299378,5,1,14
FS-030,True,120,180,60.0,0.03767463124386257,0.0729440216524797,-4.4135037991122296e-05,0.03760705731818219,0.0011568726770911776,0.409666666666667,0.4548333333333337,0.3203333333333335,0.3631666666666669,0.0,0.0,-0.016565903144797316,2.2604778746317447,5,1,13
FS-030,True,180,240,60.0,0.03294521662055184,0.065177359494691,0.0010626310028071454,0.03287976337219172,0.0009246248123714887,0.372666666666667,0.3820000000000003,0.36050000000000026,0.3643333333333336,0.0,0.0,0.055887770511363226,1.9767129972331863,5,1,13
FS-030,True,240,300,60.0,0.028826506835135497,0.049593001821955904,0.0015424895496768472,0.028797439906274376,0.0005877622434724145,0.3968333333333336,0.35750000000000026,0.3123333333333335,0.40683333333333366,0.0,0.0,0.15387907370601067,1.7295904101081419,5,1,13
FS-030,True,300,360,60.0,0.022053248657655514,0.04236000408886728,-0.002023339852540698,0.022030472627191884,0.00047053863142800266,0.34900000000000025,0.40083333333333365,0.32450000000000023,0.35700000000000026,0.0,0.0,0.039620441191673766,1.3231949194593415,5,1,13
FS-030,True,360,420,60.0,0.015597587652099487,0.033471736371515064,0.0012002578985751398,0.015588446290089257,0.00024156752852662377,0.32016666666666693,0.2761666666666669,0.37966666666666693,0.3203333333333335,0.0,0.0,-0.014488888954750293,0.9358552591259932,5,1,13
FS-030,True,420,429.6195592857151,9.619559285715223,0.012598777209807925,0.02513495206142432,-2.3466389406113304e-05,0.012588205867130895,0.00020660958453189163,0.3181018910652191,0.3149832450743836,0.3077064044291008,0.330576475028561,0.0,0.0,-0.02334181092266514,0.12119468429727073,5,1,2
FS-031,True,0,60,60.0,0.046472850394355565,0.09226511829064415,0.006333547845892443,0.046334570197478865,0.0017693203674596888,0.46733333333333366,0.36300000000000027,0.35866666666666697,0.3446666666666669,0.0,0.0,0.03643356073254772,2.788371023661317,5,2,13
FS-031,True,60,120,60.0,0.041978393308642996,0.08722710585315147,-0.00015723323187974252,0.04183319067925414,0.0016670715687818272,0.4215000000000003,0.39900000000000024,0.3730000000000003,0.3398333333333336,0.0,0.0,-0.01643406821641869,2.518703598518586,5,2,15
FS-031,True,120,180,60.0,0.0412237062791367,0.0748563497696782,-0.005635707453331617,0.041122809778509094,0.0013980877415381997,0.4033333333333336,0.4380000000000004,0.34616666666666696,0.3638333333333336,0.0,0.0,0.09889559941751311,2.4734223767482026,5,2,13
FS-031,True,180,240,60.0,0.03176851334296137,0.06337894972883337,0.004505408314152692,0.03171210125297577,0.0009576127332395888,0.454166666666667,0.34200000000000025,0.33100000000000024,0.3633333333333336,0.0,0.0,-0.012936842606148346,1.9061108005776428,5,2,13
FS-031,True,240,300,60.0,0.028065594468147933,0.05381949784575083,-0.0026126015461445384,0.02802770244319024,0.0006414412804202473,0.35250000000000026,0.40916666666666696,0.3403333333333336,0.3938333333333336,0.0,0.0,0.017290612595020426,1.683935668088841,5,2,13
FS-031,True,300,360,60.0,0.0207060727359637,0.04553147459361475,-0.001414769510873449,0.02068837865810489,0.0003894448304117869,0.3155000000000002,0.35250000000000026,0.394166666666667,0.3090000000000002,0.0,0.0,-0.04379773174331548,1.2423643641578206,5,2,13
FS-031,True,360,420,60.0,0.017287796786927,0.03142607588953419,0.002348018884012715,0.017278706507225804,0.0002794536403504304,0.34200000000000025,0.28933333333333355,0.32450000000000023,0.3920000000000003,0.0,0.0,-0.005572832184198552,1.0372678072156312,5,2,13
FS-031,True,420,429.33739269256586,9.337392692565917,0.017592412301070923,0.015021718210662833,0.0010117931600773175,0.017586476897281392,0.0002331954233765733,0.3962562271741878,0.3277146095008147,0.13172842146601377,0.5751070107906456,0.0,0.0,0.8004992572022263,0.16426726206462017,5,2,2
FS-032,True,0,60,60.0,0.0470436057195969,0.09407949571900641,-0.003413641523929108,0.04664050898399947,0.003331283895038897,0.46550000000000036,0.423166666666667,0.3563333333333336,0.3593333333333336,0.0018333333333333333,0.0,-0.08718828985646643,2.822678726884616,5,1,13
FS-032,True,60,120,60.0,0.042031916713146586,0.08293344078313897,-0.004542122194641015,0.04188386599647088,0.00166475979227219,0.44383333333333364,0.45783333333333365,0.3533333333333336,0.3730000000000002,0.0,0.0,-0.02717431687863394,2.5219150027887665,5,1,13
FS-032,True,120,180,60.0,0.038964555165887337,0.07796826110492651,-0.00024692216493902533,0.03888038616490123,0.0013820309132853933,0.44966666666666705,0.3915000000000003,0.3348333333333336,0.32016666666666693,0.0,0.0,-0.019430554817322587,2.3378733099532827,5,1,13
FS-032,True,180,240,60.0,0.030576220375055776,0.06591685641184698,-0.0039731091259981146,0.03051036160813275,0.0009224740613184341,0.36850000000000027,0.3933333333333336,0.3720000000000002,0.3371666666666669,0.0,0.0,-0.08860390806011874,1.8345732225033595,7,2,13
FS-032,True,240,300,60.0,0.027038601676692076,0.05277166792501201,-0.0027799042452598616,0.02699474888830776,0.000685293567937887,0.33700000000000024,0.3886666666666669,0.35216666666666696,0.3581666666666669,0.0,0.0,0.03884139720730673,1.6223161006015991,7,2,13
FS-032,True,300,360,60.0,0.02268017455238156,0.04160379062205857,0.00305820824132942,0.022661976196050183,0.00043318376966021074,0.3933333333333336,0.32850000000000024,0.3383333333333336,0.3840000000000003,0.0,0.0,0.03763579289324232,1.3608104731428528,7,2,13
FS-032,True,360,420,60.0,0.01706736431534863,0.027822582346934275,0.0005968901119843634,0.01706087999886898,0.0001905627310893669,0.3216666666666669,0.3183333333333335,0.3205000000000002,0.40483333333333366,0.0,0.0,0.1389173151963955,1.0240418589209512,7,2,13
FS-032,True,420,430.019273347035,10.01927334703505,0.013134201421950514,0.026628393536863998,0.0014953697238813109,0.013131313623590416,0.0001518077819433909,0.2954306063399236,0.339273441226252,0.3203825156591739,0.3193119137708518,0.0,0.0,0.16041379134354872,0.13159515424154908,7,2,2
FS-033,True,0,60,60.0,0.05600491562708455,0.09543380700123189,-0.014996525592372382,0.054984613800954145,0.005933396340487418,0.3268333333333336,0.49550000000000044,0.35600000000000026,0.37333333333333363,0.00016666666666666666,0.0,0.006370298907898897,3.3562707894608,7,3,12
FS-033,True,60,120,60.0,0.042862737128667484,0.07587292037919177,-0.003563723866491426,0.042754389168135454,0.0015812604009335972,0.428166666666667,0.4355000000000003,0.3268333333333336,0.38833333333333364,0.0,0.0,0.10334091500058999,2.571764227720039,10,3,13
FS-033,True,120,180,60.0,0.03983479070120335,0.07350883580566024,0.0029057519489645166,0.039739149769344256,0.0012873616996755646,0.45250000000000035,0.375166666666667,0.3166666666666668,0.3680000000000003,0.0,0.0,0.049241284352187546,2.3900874420721743,10,3,13
FS-033,True,180,240,60.0,0.03103740510411218,0.065358094982456,0.0008383033733608704,0.030980620291548154,0.0008639960961596785,0.4046666666666669,0.365166666666667,0.3676666666666669,0.35250000000000026,0.0,0.0,-0.026788606433299358,1.862244306246723,10,3,15
FS-033,True,240,300,60.0,0.02850783693529953,0.05352101938747293,-0.0008888266025703892,0.028472881460546332,0.000684014777267208,0.36333333333333356,0.4143333333333336,0.3596666666666669,0.36800000000000027,0.0,0.0,0.10560269667546372,1.710470216117957,10,3,13
FS-033,True,300,360,60.0,0.020595123269804918,0.04268133827103086,0.00041947890086891753,0.020578285928118396,0.00040265946887075194,0.36500000000000027,0.3265000000000003,0.36400000000000027,0.3463333333333336,0.0,0.0,-0.01660371515905397,1.2357073961882843,10,3,13
FS-033,True,360,420,60.0,0.015997696569566594,0.03412617134926514,-0.0005837306444463475,0.01598735037936772,0.00025760614694672547,0.3043333333333335,0.30666666666666687,0.37383333333333363,0.3338333333333336,0.0,0.0,-0.05312565529648231,0.9598617941739717,10,3,13
FS-033,True,420,429.51568698413666,9.5156869841367,0.014560140211213364,0.02674592085714082,0.0016570374274505293,0.01455356342841001,0.00019951663545808172,0.37727176251013467,0.32157425996685574,0.2664744004677605,0.3331341189852721,0.0,0.0,-0.10344601610932508,0.13854973669503956,10,3,2
FS-034,True,0,60,60.0,0.05220965798958678,0.09359683884379272,-0.007521269931447302,0.049355862821193565,0.006819687889686549,0.40816666666666696,0.4553333333333337,0.3303333333333336,0.3768333333333336,0.0028333333333333335,0.0,0.03797860860803944,3.1320622190703435,8,1,16
FS-034,True,60,120,60.0,0.040186614364037664,0.07961510641791468,0.0015735153973719916,0.040086652182484646,0.0013795543623838576,0.42116666666666697,0.35083333333333366,0.3706666666666669,0.365166666666667,0.0,0.0,0.027924035027187294,2.411196861842234,8,1,12
FS-034,True,120,180,60.0,0.03677322373002256,0.07543308052603903,-0.005135864294946999,0.03670760743524899,0.0012170370915329605,0.40566666666666695,0.45116666666666705,0.3438333333333336,0.36466666666666697,0.0,0.0,-0.018934896370601372,2.2063934238012504,9,2,13
FS-034,True,180,240,60.0,0.0304879143472424,0.06672299842043565,-6.284347663953297e-05,0.030420638094721435,0.0009112540016911962,0.3721666666666669,0.3706666666666669,0.3915000000000003,0.32983333333333353,0.0,0.0,-0.029947584031968746,1.829274860834551,9,2,13
FS-034,True,240,300,60.0,0.025286861941847247,0.0565984612665619,0.0005334874868694455,0.025251556491833884,0.0006051186903771763,0.37083333333333357,0.39166666666666694,0.3840000000000003,0.3403333333333336,0.0,0.0,-0.12096635659118264,1.51721171651073,10,3,13
FS-034,True,300,360,60.0,0.019608233731105144,0.045088689550193614,-0.0035797067069400844,0.01936444243093871,0.00099242767831265,0.29016666666666685,0.3351666666666669,0.3988333333333337,0.3041666666666669,0.011833333333333333,0.0,-0.13445533645866395,1.1765801482612697,10,3,11
FS-034,True,360,420,60.0,0.01687429966737366,0.03306662840774881,0.001696043061080664,0.016729701492515674,0.000635436060357077,0.3465000000000002,0.2935000000000002,0.3538333333333336,0.35750000000000026,0.004166666666666667,0.0,0.0046968138370580064,1.0124785934829685,10,3,12
FS-034,True,420,430.52528016589577,10.525280165895818,0.0216525279137491,0.00974542895381754,-0.004100530815709577,0.021651067677123294,0.00013175185677402027,0.3325327159785026,0.5078515803518164,0.02850280422672879,0.8237310421524623,0.0,0.0,0.8081097549389086,0.2278989225920965,10,3,2
FS-035,True,0,60,60.0,0.04958810761647644,0.08826561150922443,-0.002905538595262274,0.049395705415271204,0.002040710041818924,0.441666666666667,0.4235000000000003,0.3381666666666669,0.38533333333333364,0.0,0.0,0.05434991710883902,2.9752864569885986,3,1,14
FS-035,True,60,120,60.0,0.041406283307468386,0.0881162099960172,-0.0033094892499273654,0.04130122425531,0.0016220025106738875,0.42550000000000027,0.39016666666666694,0.36150000000000027,0.32316666666666694,0.0,0.0,0.0035174037104916123,2.484376998448103,4,1,14
FS-035,True,120,180,60.0,0.03798362047887869,0.06624735570957256,-0.001101850118924952,0.037905000349510706,0.0011742775695050029,0.4220000000000003,0.4115000000000003,0.3163333333333336,0.4035000000000003,0.0,0.0,0.141992242386398,2.279017228732738,4,1,13
FS-035,True,180,240,60.0,0.032074821608960684,0.06309876077182527,0.0014771450168665832,0.03201303409460808,0.0008786825540159892,0.387666666666667,0.36400000000000027,0.36600000000000027,0.38050000000000034,0.0,0.0,0.05102310446802923,1.9244892965376281,5,1,15
FS-035,True,240,300,60.0,0.025798845307771826,0.05285879792696468,0.0017021329930506505,0.02576905015828824,0.0006056160200527715,0.3750000000000003,0.38883333333333364,0.36033333333333356,0.3680000000000003,0.0,0.0,-0.03937360838909095,1.5479307184663247,5,1,13
FS-035,True,300,360,60.0,0.020995663083410845,0.044336019132285756,0.000429263847169996,0.020975187479668516,0.00043188805735787047,0.30450000000000016,0.3498333333333336,0.3691666666666669,0.35216666666666696,0.0,0.0,-0.03237201744118889,1.2597397850046699,6,1,11
FS-035,True,360,420,60.0,0.017438101102802153,0.03407997364449944,0.0007665525447180069,0.017425338431806107,0.00032340326496207707,0.34150000000000025,0.2768333333333335,0.3541666666666669,0.3206666666666669,0.0,0.0,0.07057804113175578,1.0462860661681668,6,1,13
FS-035,True,420,429.56482530482106,9.564825304821134,0.022372811256103804,0.01595279922386584,-0.0018042518285867996,0.02236914515215265,0.00020178785932939615,0.3763790644650276,0.4626143357360438,0.08782178170850642,0.6691183368267158,0.0,0.0,0.7983642510560539,0.2139920312423697,6,1,2
FS-036,True,0,60,60.0,0.05169312367723822,0.09479895167463791,-0.004127322171731826,0.05149925102655339,0.0022856170608683097,0.4140000000000003,0.4883333333333337,0.3225000000000003,0.38233333333333364,0.0,0.0,0.04848670806318213,3.101587420634299,5,1,13
FS-036,True,60,120,60.0,0.04368452455519876,0.07987681365741534,-0.009196927647431347,0.04353437020294392,0.0016505812194457274,0.38350000000000034,0.4323333333333336,0.33733333333333354,0.3653333333333336,0.0,0.0,0.03453255943127837,2.6210714733119103,8,2,12
FS-036,True,120,180,60.0,0.04144053211539952,0.07128721804406345,0.004423109306343055,0.041351954245549355,0.0014361730340007998,0.46550000000000036,0.4188333333333336,0.30916666666666687,0.40566666666666695,0.0,0.026000000000000002,0.0710465354027101,2.486431926923988,10,2,13
FS-036,True,180,240,60.0,0.03280440595891898,0.05772801066160701,-0.004055254917992277,0.032751868802757406,0.0008698521907580769,0.33450000000000024,0.45166666666666705,0.3261666666666669,0.3676666666666669,0.0,0.0,0.15430131344853287,1.9682643575351388,10,2,12
FS-036,True,240,300,60.0,0.02720210330728899,0.05286981946325865,0.00257666981384179,0.027169894961214622,0.0006448954133409404,0.41000000000000025,0.3583333333333336,0.34450000000000025,0.37833333333333363,0.0,0.0,0.037354792130894966,1.6321261984373274,10,2,13
FS-036,True,300,360,60.0,0.02018351463168731,0.04255205308431113,-0.0001497746839590614,0.020166987576315343,0.0004052551195586138,0.3243333333333336,0.34883333333333355,0.3740000000000003,0.34616666666666696,0.0,0.0,-0.008544835977098425,1.2110108779012236,10,2,13
FS-036,True,360,420,60.0,0.016718233835706066,0.03285472346239653,-0.0009371365622622094,0.016709274111595264,0.0002689658197225504,0.3005000000000002,0.3531666666666669,0.3398333333333336,0.36200000000000027,0.0,0.0,0.011206196772858525,1.0030940301423699,10,2,13
FS-036,True,420,429.6837794851511,9.68377948515117,0.013736057097034834,0.028835430792423882,0.005008729792523232,0.013730400342378839,0.0001913215948862197,0.33458010944674277,0.23441260754447707,0.33664541876431525,0.27404377487327136,0.0,0.0,0.07914564523324263,0.13301694792313376,10,2,1
FS-037,True,0,60,60.0,0.04422271607651813,0.08920604648891031,-0.006376774632689678,0.04405835577153193,0.0017275956905774136,0.3643333333333336,0.4713333333333337,0.379166666666667,0.3506666666666669,0.0,0.0,0.03470952641461739,2.653362964591067,5,1,15
FS-037,True,60,120,60.0,0.042337693534611344,0.08631332761344461,0.002459780489305799,0.0422142536756278,0.0015107268032643112,0.46300000000000036,0.401666666666667,0.35950000000000026,0.3626666666666669,0.0,0.0,-0.06308089387771589,2.540261612076636,5,1,13
FS-037,True,120,180,60.0,0.03486979400182861,0.073711718125093,0.0029363252024885637,0.03477940132738418,0.0012592540634228503,0.44433333333333364,0.3718333333333336,0.3561666666666669,0.33933333333333354,0.0,0.0,-0.0897012690903666,2.092187640109783,5,1,13
FS-037,True,180,240,60.0,0.03310826958540409,0.061650543253405,0.0002477944083132218,0.03304289715963916,0.0009431154754873758,0.3731666666666669,0.4170000000000003,0.3463333333333336,0.3868333333333336,0.0,0.0,0.04388251314100584,1.986496175124239,5,1,14
FS-037,True,240,300,60.0,0.025643150293543537,0.04916804975128639,0.0007240782002634723,0.02561590258040676,0.0005787441141954735,0.3958333333333336,0.34916666666666696,0.33616666666666695,0.38633333333333364,0.0,0.0,-0.025057830840341713,1.5385890176125023,6,1,13
FS-037,True,300,360,60.0,0.023968120122206876,0.043046154890158186,-0.0018955031330541814,0.023946554141647845,0.0004553186942204719,0.3498333333333336,0.39516666666666694,0.32850000000000024,0.38050000000000034,0.0,0.0,0.06451154765712294,1.4380872073325133,6,1,13
FS-037,True,360,420,60.0,0.017038202016606767,0.027544877206789848,4.3293573984165035e-05,0.017032221433525112,0.00020242406564489356,0.3371666666666669,0.30716666666666687,0.29466666666666685,0.4223333333333336,0.0,0.0,0.13800220053740292,1.0222921209963653,6,1,13
FS-037,True,420,430.0567258303612,10.056725830361248,0.007252376025659558,0.043635520299548744,-0.002288482402554703,0.007242055656958764,0.00017651657753469988,0.10010473063926457,0.21776471159116131,0.648322337705193,0.06629651057488337,0.0,0.0,-0.507831481680005,0.07293515730874671,6,1,1
FS-038,True,0,60,60.0,0.04591666066883037,0.09746735574005973,-0.0008950046069765582,0.045680821809011986,0.0021124759825862233,0.40100000000000036,0.42366666666666697,0.3736666666666669,0.34900000000000025,0.0008333333333333334,0.6214999999999985,-0.04434427258437113,2.75554241239477,2,1,13
FS-038,True,60,120,60.0,0.04103270920624042,0.0838408309738537,0.00031070780619052554,0.04091756115168184,0.0015177228604411424,0.4301666666666669,0.3980000000000003,0.3653333333333336,0.3573333333333336,0.0,0.5198333333333338,-0.04217025705381598,2.461962552374429,2,1,13
FS-038,True,120,180,60.0,0.034441562910997155,0.07268012765715896,-0.0008353953854188784,0.03432353904558594,0.0012527109329584615,0.38533333333333364,0.3873333333333336,0.37266666666666687,0.3178333333333336,0.002833333333333333,0.8313333333333274,-0.03248365054432752,2.066619603824379,2,1,13
FS-038,True,180,240,60.0,0.030872934767454438,0.058510299903639325,0.002138202230416301,0.03083011457849262,0.0007485802969821519,0.42216666666666697,0.3645000000000002,0.35200000000000026,0.37133333333333357,0.0,0.6149999999999987,0.040209093499975604,1.8523760860472718,2,1,13
FS-038,True,240,300,60.0,0.027784720740525175,0.04585751626941579,-0.0010304913901935631,0.027757115156761894,0.0005742924694954012,0.35400000000000026,0.3700000000000003,0.3335000000000002,0.40483333333333366,0.0,0.15400000000000008,0.15529582900794844,1.6670832444315216,2,1,13
FS-038,True,300,360,60.0,0.021592508074569503,0.03686834314110528,0.0017159383782584861,0.02157920838769845,0.0003743876370531479,0.38333333333333364,0.32833333333333353,0.3110000000000002,0.40216666666666695,0.0,0.05783333333333334,0.09713067823032279,1.2955504844741443,2,1,13
FS-038,True,360,420,60.0,0.01658681897072475,0.030521923738059,-0.000932458750766571,0.016577759330490893,0.00023127141575110676,0.3238333333333336,0.34433333333333355,0.31900000000000023,0.3716666666666669,0.0,0.0,0.068769913629435,0.9952091382434941,2,1,13
FS-038,True,420,430.8431662690639,10.843166269063948,0.00938528277927223,0.035937929864434885,-0.0011504346886381043,0.009380074191598305,0.00015950568988664645,0.19857357303530693,0.2803609134606061,0.5339768713608256,0.15309181458704144,0.0,0.0,-0.4297886689369894,0.10176618165784238,2,1,1
FS-039,True,0,60,60.0,0.044483925157463564,0.10199094763832554,0.0038491234250664003,0.04429113062484191,0.002123225521933798,0.420666666666667,0.3576666666666669,0.3885000000000003,0.3213333333333336,0.0,0.0,-0.07443909817707199,2.6690355094478138,5,1,13
FS-039,True,60,120,60.0,0.03980409374835901,0.08690555209243543,-0.0005523228484065318,0.03969905873069137,0.001491911411690716,0.45550000000000035,0.3780000000000002,0.380666666666667,0.3186666666666669,0.0,0.0,-0.05921742188322284,2.3882456249014723,5,1,13
FS-039,True,120,180,60.0,0.03678965115807957,0.06939318067126993,0.003121488510548015,0.03669863018853186,0.0010692135978760348,0.43500000000000033,0.38350000000000034,0.3308333333333336,0.39316666666666694,0.0,0.0,0.005406064205550021,2.207379069484831,5,1,13
FS-039,True,180,240,60.0,0.03107826803693193,0.06084156008057747,0.001834193419484905,0.031004090963140305,0.0009763105486874092,0.4285000000000004,0.38800000000000023,0.33583333333333354,0.36600000000000027,0.0,0.0,-0.018788448293539838,1.8646960822159224,5,1,14
FS-039,True,240,300,60.0,0.028025974586981157,0.051968806939860286,0.0016493322934362875,0.02798967812414307,0.0007344935679415423,0.35050000000000026,0.38183333333333364,0.3676666666666669,0.33800000000000024,0.0,0.0,0.0709108431404491,1.6815584752188388,8,1,11
FS-039,True,300,360,60.0,0.024293815931715954,0.042241762819797225,-0.00508253292505364,0.02427513606283987,0.0004932512682852839,0.3108333333333336,0.46250000000000036,0.3211666666666669,0.3695000000000003,0.0,0.0,0.099575120306715,1.4576289559029467,8,1,13
FS-039,True,360,420,60.0,0.018638008439616275,0.02850095063675504,-0.0027005293778925086,0.018630323696635972,0.00023007473802076332,0.2908333333333335,0.38833333333333364,0.2840000000000002,0.42866666666666703,0.0,0.0,0.1584615029457647,1.1182805063770118,8,1,13
FS-039,True,420,429.6846067696809,9.684606769680975,0.00866256052287224,0.042806312256232625,0.00021988172175394874,0.008653890071706576,0.00021624319367481333,0.039713204555196044,0.2230343524904061,0.6040513713281835,0.09396354665105074,0.0,0.0,-0.6068272328796285,0.08389349228256951,8,1,2
FS-040,True,0,60,60.0,0.04243467802369817,0.09608209160531271,0.007181349433952293,0.04226341250812715,0.001822902186730262,0.4433333333333337,0.3845000000000003,0.3953333333333336,0.30166666666666686,0.0,0.0,-0.11126771587321929,2.5460806814219015,3,1,13
FS-040,True,60,120,60.0,0.04061782431440783,0.07784760208111192,-0.0017199846011801687,0.04051432696482216,0.0013843397332467659,0.36350000000000027,0.39533333333333365,0.3608333333333336,0.3588333333333336,0.0,0.0,0.07081608996896868,2.4370694588646353,3,1,13
FS-040,True,120,180,60.0,0.03859839705909905,0.07193121334146516,0.004398567124605646,0.038523726730022245,0.0011367251267733068,0.45150000000000035,0.3511666666666669,0.34600000000000025,0.3693333333333336,0.0,0.0,0.032044189106866384,2.3159038235459466,3,1,13
FS-040,True,180,240,60.0,0.03327223460017422,0.06252007720397441,0.0003516032143763178,0.03321340060095152,0.0009167941360061986,0.39533333333333365,0.37966666666666693,0.33900000000000025,0.3611666666666669,0.0,0.0,0.04362908553197671,1.9963340760104575,4,1,13
FS-040,True,240,300,60.0,0.02932067655380497,0.053139901380201214,0.001330904794891924,0.029275119544114925,0.0007651088563937404,0.4098333333333336,0.37883333333333363,0.3165000000000003,0.39266666666666694,0.0,0.0,0.06984438049949394,1.7592405932282555,4,1,13
FS-040,True,300,360,60.0,0.022448116254690578,0.04046251438063187,-0.00030014744850293364,0.022433041598820237,0.00036818384669343797,0.3351666666666669,0.35500000000000026,0.3583333333333336,0.39016666666666694,0.0,0.0,0.13372652687295433,1.3468869752813566,4,1,13
FS-040,True,360,420,60.0,0.01586081285651105,0.03167909187254127,-0.0011900542296075433,0.015850481203503623,0.00025243129356235743,0.2803333333333335,0.3371666666666669,0.3576666666666669,0.3718333333333336,0.0,0.0,0.0163622116931279,0.9516487713906103,4,1,13
FS-040,True,420,429.9225069584697,9.92250695846975,0.006907721173790088,0.03810772665440881,0.002352190699994906,0.0069008361368897275,0.00015657742607647784,0.2247415909440602,0.10078098248612567,0.650289990773144,0.06046858949167541,0.0,0.0,-0.8107638212750348,0.06854191141408521,4,1,1
FS-041,True,0,60,60.0,0.05249903150296745,0.09535744197534128,0.00027067553958384555,0.052276454372207154,0.0023984094858637717,0.4818333333333337,0.4333333333333337,0.31066666666666687,0.371166666666667,0.0,0.0,0.06766398012999636,3.149941890178087,3,1,14
FS-041,True,60,120,60.0,0.04706942594510848,0.08417254142308815,0.003271944354301041,0.046926267623664926,0.0017730505360716306,0.4120000000000003,0.4488333333333337,0.3276666666666669,0.3775000000000003,0.0,0.0,0.08358808196980111,2.824165556706527,6,1,15
FS-041,True,120,180,60.0,0.03602312199554067,0.07282660519655376,-0.004588513504042802,0.03596892343370619,0.0009616411382274059,0.3573333333333336,0.4678333333333337,0.33966666666666695,0.38116666666666693,0.0,0.0,-0.029396893649290212,2.1613873197324507,6,1,12
FS-041,True,180,240,60.0,0.028970776978310513,0.06834767176014304,0.00426301964324089,0.02891579564765142,0.0009470512537992171,0.4085000000000003,0.31900000000000023,0.42900000000000027,0.3071666666666669,0.0,0.0,-0.08053917143841484,1.7382466186986292,6,1,13
FS-041,True,240,300,60.0,0.027489841320869415,0.051456488355868135,-0.001408845826484168,0.027458824865429797,0.0006418558683473,0.41483333333333355,0.427666666666667,0.30966666666666687,0.36100000000000027,0.0,0.0,0.032329845250085754,1.649390479252168,6,1,13
FS-041,True,300,360,60.0,0.02231318259740694,0.041314673194736216,-0.0002571671070173794,0.02229430712908403,0.000412455580813665,0.365166666666667,0.3581666666666669,0.33016666666666694,0.3855000000000003,0.0,0.0,0.017696628986331824,1.338790955844408,6,1,13
FS-041,True,360,420,60.0,0.017390164176159094,0.032425039365860574,0.0026068215708951858,0.01737968940776756,0.00027240479439747496,0.3730000000000003,0.3143333333333336,0.3278333333333336,0.36200000000000027,0.0,0.0,0.02260708762990991,1.0434098505695593,6,1,13
FS-041,True,420,429.15147008761755,9.151470087617636,0.021624315625779208,0.012625555490028395,-0.0017722616047512432,0.02162004836674669,0.0001275575321081192,0.3704322876590973,0.42850711962918037,0.1005302963558612,0.7082435964454901,0.0,0.0,0.8696625012493824,0.19789427761452966,6,1,2
FS-042,True,0,60,60.0,0.0491289383496526,0.09272009867546761,0.004974577159760228,0.04895573163126088,0.001823259582005051,0.44850000000000034,0.41433333333333366,0.3508333333333335,0.38316666666666693,0.0,0.0,0.016899733337982246,2.947736300979159,4,1,15
FS-042,True,60,120,60.0,0.043510163117637675,0.07781803859698427,0.0037823042266740326,0.04341430433396258,0.0013788150207861979,0.44866666666666705,0.36500000000000027,0.3511666666666669,0.387166666666667,0.0,0.0,0.0765883101607341,2.610609787058189,5,1,13
FS-042,True,120,180,60.0,0.03927130090769617,0.06651497073497278,-0.0051180636598858725,0.03919561456999596,0.001066843167101039,0.35650000000000026,0.5003333333333337,0.30666666666666687,0.4063333333333336,0.0,0.0,0.0726577104743728,2.356278054461763,5,1,13
FS-042,True,180,240,60.0,0.03224650091404017,0.06297378953632686,0.0003477024613232879,0.03220702471322921,0.0007562455288202984,0.4083333333333336,0.42366666666666697,0.33283333333333354,0.380666666666667,0.0,0.0,-0.014553718093445798,1.9347900548423667,5,1,14
FS-042,True,240,300,60.0,0.028437554307000942,0.05377802899388808,-0.00019297605137420543,0.02839876679152565,0.0006981378620834599,0.40666666666666695,0.40483333333333366,0.3513333333333336,0.3766666666666669,0.0,0.0,0.06653158630783283,1.7062532584200485,5,1,14
FS-042,True,300,360,60.0,0.021190943753140245,0.04066048181257167,0.00048525188558812873,0.021174602768565552,0.0004151683218161352,0.3700000000000003,0.3271666666666669,0.34550000000000025,0.36833333333333357,0.0,0.0,0.05290172306164881,1.2714566251884123,5,1,11
FS-042,True,360,420,60.0,0.01572249871988139,0.033848612110179935,-0.0012064750982573814,0.01571055791064639,0.00025522270978565326,0.30783333333333357,0.33283333333333354,0.35900000000000026,0.36100000000000027,0.0,0.0,-0.04789948277332516,0.9433499231928797,5,1,13
FS-042,True,420,429.4425749600678,9.44257496006787,0.013153571561959166,0.034952686996888464,0.0009039022284314668,0.013138377623014275,0.0002771225300562908,0.3102967159266206,0.3378315780907576,0.3921149660686683,0.21921986415293665,0.0,0.0,-0.30338576150606483,0.12420358546640986,5,1,2
FS-043,True,0,60,60.0,0.04713353460513493,0.08890480640523972,-0.005436503996300853,0.04700626714032071,0.0017033174928817142,0.387166666666667,0.4818333333333337,0.3541666666666669,0.3708333333333336,0.0,0.0,0.05427055976187315,2.8280120763081116,4,3,14
FS-043,True,60,120,60.0,0.04402649715594916,0.0878152965540608,-0.0003147153885111359,0.043897495681286404,0.0017235540269725032,0.46066666666666695,0.439666666666667,0.35000000000000026,0.3598333333333336,0.0,0.0,-0.018482265845624735,2.64158982935695,5,3,13
FS-043,True,120,180,60.0,0.0344304216961213,0.07429559617414123,-0.0038501193650987277,0.0343539102800644,0.001163731759943365,0.38766666666666694,0.44750000000000034,0.3653333333333336,0.3661666666666669,0.0,0.0,-0.04602726373089209,2.0658253017672896,5,3,13
FS-043,True,180,240,60.0,0.03307568707914871,0.06602366042608389,0.0003332618717007413,0.03301035412651039,0.0010173000508338665,0.3588333333333336,0.417666666666667,0.3558333333333336,0.3670000000000002,0.0,0.0,0.010668397849299826,1.984541224748941,5,3,11
FS-043,True,240,300,60.0,0.026754703983380763,0.05292862658883317,0.00032435773751208797,0.026714907549952264,0.0006396195655382085,0.35400000000000026,0.3858333333333336,0.3873333333333336,0.3408333333333336,0.0,0.0,0.02383604125989798,1.6052822390028394,5,3,13
FS-043,True,300,360,60.0,0.022016894195157986,0.041544757234661105,-0.0023609316000931468,0.02200045607039863,0.00038908759360727795,0.3256666666666669,0.380666666666667,0.3408333333333336,0.3855000000000003,0.0,0.0,-0.023896145887352026,1.321013651709469,6,3,13
FS-043,True,360,420,60.0,0.016104300793242057,0.03310138723860762,0.0008208649197550238,0.016093740275433973,0.00024847820889858674,0.31266666666666687,0.3180000000000002,0.34583333333333355,0.3216666666666669,0.0,0.0,-0.015327732688324517,0.9662580475945194,6,3,14
FS-043,True,420,429.50318246833973,9.503182468339801,0.021864857676691236,0.01407359119158383,-0.0032049149976061653,0.021862869701253118,0.00016989664089045055,0.3377815811381327,0.5085856747928101,0.06208446506900257,0.7169369304481071,0.0,0.0,0.8135753538882067,0.20778573214588394,6,3,2
FS-044,True,0,60,60.0,0.048167351742455206,0.09789805811435048,-0.007778855671723841,0.04800098076074908,0.0021669629735055086,0.40733333333333366,0.4920000000000004,0.35516666666666696,0.35783333333333356,0.00016666666666666666,0.0,-0.03367350844917695,2.8901252347929622,5,2,13
FS-044,True,60,120,60.0,0.043205211012974844,0.08391298624838087,0.003995709025668376,0.04304783738228452,0.0016443391292523318,0.4265000000000004,0.446666666666667,0.3496666666666669,0.3495000000000002,0.0015,0.0,0.037425257255763476,2.592475627921704,5,2,15
FS-044,True,120,180,60.0,0.03662231594742053,0.07202425159433432,-0.0037719856748887584,0.036536744167886284,0.0011589673442157118,0.368666666666667,0.4548333333333337,0.34900000000000025,0.3516666666666669,0.0,0.0,0.0021116875628863527,2.1973389568452557,5,2,13
FS-044,True,180,240,60.0,0.032937295895731036,0.060752045789294905,0.003381344472566303,0.03283899433757204,0.001054839879005966,0.43100000000000027,0.3543333333333336,0.36050000000000026,0.36100000000000027,0.00016666666666666666,0.0,0.07775641052860909,1.9766109865429518,5,2,13
FS-044,True,240,300,60.0,0.027281151628535075,0.04981274623156267,0.0010404494343218948,0.02724769828759038,0.0006321255602727437,0.36133333333333356,0.39933333333333365,0.33600000000000024,0.3601666666666669,0.0,0.0,0.049797125046725114,1.6368690977121645,5,2,13
FS-044,True,300,360,60.0,0.023618360876914015,0.042718449359090145,-0.0019234859633407279,0.023591062378426623,0.00044893806507723626,0.3273333333333336,0.3793333333333336,0.3531666666666669,0.3705000000000002,0.0,0.0,0.06572095009530016,1.4171016526148046,5,2,13
FS-044,True,360,420,60.0,0.01752107670759785,0.03048930295418406,0.0015104861791680236,0.017512256667687423,0.00024143645372786857,0.3723333333333336,0.2998333333333336,0.31450000000000017,0.3875000000000003,0.0,0.0,0.06868942491876388,1.0512646024559813,5,2,12
FS-044,True,420,429.61922193616624,9.619221936166287,0.010100873700303346,0.030775910678857845,-0.003277665630783505,0.010097851099403544,0.00011011910923024163,0.18608573665089997,0.23174659561444072,0.4771695705182297,0.24534208854532064,0.0,0.0,-0.19460005781320378,0.09716254587243037,5,2,1
FS-045,True,0,60,60.0,0.04547706366425444,0.09914115254979565,0.0070433528411098754,0.045298297029940364,0.0020134184744350072,0.45583333333333365,0.4180000000000003,0.36466666666666697,0.3108333333333336,0.0,0.0,-0.1035643193608684,2.7286238198552817,2,1,12
FS-045,True,60,120,60.0,0.040761776586747525,0.08346562104793286,0.00203565115080163,0.040643010935453076,0.001568382639127544,0.41650000000000026,0.45916666666666706,0.3638333333333337,0.3616666666666669,0.0,0.0,-0.06748536572328645,2.4457065952048587,3,2,13
FS-045,True,120,180,60.0,0.038313356748358805,0.07180664497171504,0.006308501224732901,0.03823263801028813,0.001242469197688029,0.5183333333333338,0.36166666666666697,0.33766666666666695,0.38966666666666694,0.0,0.0,0.00978451707967428,2.2988014049015275,5,2,15
FS-045,True,180,240,60.0,0.03007496337519202,0.057987146733330386,-0.0010773534540963188,0.03002037901379738,0.0008858216991437586,0.36000000000000026,0.3898333333333336,0.36050000000000026,0.34250000000000025,0.0,0.0,0.027008151290694598,1.8044978025115768,6,2,13
FS-045,True,240,300,60.0,0.026649612914522582,0.0508861271430082,-0.004119619322834159,0.026617003647843213,0.000592718679268255,0.3291666666666669,0.43650000000000033,0.33250000000000024,0.38166666666666693,0.0,0.0,0.006694750873726435,1.5989767748713342,7,2,14
FS-045,True,300,360,60.0,0.022743880187204756,0.041591250185474465,-0.000952985662164188,0.022724494767535283,0.0004621042134537915,0.3221666666666669,0.37966666666666693,0.3281666666666669,0.369166666666667,0.0,0.0,0.11631599986838191,1.364632811232307,7,2,12
FS-045,True,360,420,60.0,0.016129587882075205,0.03025877720665443,0.0020082877399179183,0.016121389927234088,0.00022693928862660683,0.33400000000000024,0.26783333333333353,0.34533333333333355,0.3780000000000003,0.0,0.0,0.1077863513796976,0.9677752729245057,7,2,13
FS-045,True,420,430.52985498584803,10.529854985848068,0.008127258033209772,0.03897091521401895,0.004817213542252505,0.008122853958000048,0.00018404343443872284,0.3133946293120978,0.0911693467089739,0.5954360239789284,0.12820689380949454,0.0,0.0,-0.843772646822168,0.08557884852227834,7,2,1
FS-046,True,0,60,60.0,0.04148062443385738,0.09525939912174293,0.0062068451775257084,0.04131347771956055,0.0017594618471536356,0.4398333333333337,0.35100000000000026,0.41200000000000025,0.3156666666666669,0.0,0.0,-0.09521202671390205,2.488837466031451,5,1,13
FS-046,True,60,120,60.0,0.043354527302290655,0.07573550292843961,0.0009129819343699143,0.043255962652028176,0.001535989501411291,0.4238333333333337,0.45783333333333365,0.3196666666666669,0.39516666666666694,0.0,0.0,0.04425749432843538,2.601271638137459,7,1,15
FS-046,True,120,180,60.0,0.03858442080850506,0.07289445733812082,0.001434874501140879,0.03848759875212223,0.001324406830925323,0.44800000000000034,0.4030000000000003,0.3621666666666669,0.3608333333333336,0.0,0.0,0.04531307842805263,2.315065248510306,7,1,13
FS-046,True,180,240,60.0,0.03313727758907989,0.06579420515466265,-0.0014583266257117908,0.033071537116080664,0.0009496451672683653,0.3478333333333336,0.39716666666666695,0.375666666666667,0.3460000000000002,0.0,0.0,0.02714631303405096,1.9882366553447972,8,2,13
FS-046,True,240,300,60.0,0.025514646855479373,0.04998361164862186,0.003523941100775469,0.025484819497533725,0.0006440178717869248,0.41683333333333367,0.31700000000000017,0.3418333333333336,0.3521666666666669,0.0,0.0,0.036077106999397174,1.5308788113288352,8,2,12
FS-046,True,300,360,60.0,0.024217468579090278,0.04436363480555481,-0.0005611461780889518,0.024188678647464473,0.000567755666233428,0.41366666666666696,0.39800000000000035,0.2900000000000002,0.3581666666666669,0.0,0.0,0.06400424397181453,1.4530481147454157,8,2,13
FS-046,True,360,420,60.0,0.016818011485443173,0.032898404086028406,0.0002462575367527193,0.016806526569530928,0.00024395408501667282,0.3355000000000003,0.3006666666666669,0.32750000000000024,0.3686666666666669,0.0,0.0,0.04526912341110388,1.0090806891266062,8,2,12
FS-046,True,420,429.95394384108477,9.953943841084836,0.007464833637638482,0.03779548887645629,-0.0027126179069435464,0.00745962026623747,0.00011851397286940085,0.0,0.24010583525047538,0.5796697361486376,0.13361538112264948,0.0,0.0,-0.6650279234436675,0.07430453481208327,8,2,0
FS-047,True,0,60,60.0,0.04422524839894012,0.09451287011855097,-0.0036624277605482214,0.044083955793384755,0.0017035593915285428,0.3346666666666669,0.4753333333333337,0.40516666666666695,0.32500000000000023,0.0,0.0,-0.03451464834245065,2.653514903936509,4,1,13
FS-047,True,60,120,60.0,0.04417106294458916,0.08306120412647049,-0.0002826931299687568,0.04406126964882402,0.0015256368195780761,0.417666666666667,0.43500000000000033,0.3346666666666669,0.3745000000000002,0.0,0.0,0.055193739536833826,2.650263776675349,4,1,14
FS-047,True,120,180,60.0,0.036701973669172744,0.07480220102153605,-0.00011967605019309217,0.036610488698139806,0.0011559812632456344,0.3925000000000003,0.3985000000000003,0.3533333333333336,0.36050000000000026,0.0,0.0,0.005543802491306787,2.2021184201503314,4,1,14
FS-047,True,180,240,60.0,0.03463807366761625,0.05914076995003867,-0.004219873354040207,0.03459337418808165,0.0008772502207110925,0.3810000000000003,0.46716666666666706,0.3005000000000002,0.4093333333333336,0.0,0.0,0.14194215794434276,2.0782844200569426,5,2,13
FS-047,True,240,300,60.0,0.028201813235200674,0.049216461136532066,0.0005150510615264189,0.0281686411923138,0.0006395365719051813,0.4300000000000003,0.42516666666666697,0.2900000000000002,0.4236666666666669,0.0,0.0,0.059023257479651196,1.6921087941120838,5,2,13
FS-047,True,300,360,60.0,0.022346688077503153,0.04283375017520574,-0.0004678895446179785,0.022324693370850236,0.0004706490008777728,0.34850000000000025,0.3536666666666669,0.34866666666666696,0.35983333333333356,0.0,0.0,0.036336345655536624,1.340801284650082,5,2,15
FS-047,True,360,420,60.0,0.016680388484814346,0.032275086120545485,-0.002825956072834489,0.016672207550270882,0.00022950510606500814,0.2721666666666669,0.3278333333333336,0.3541666666666669,0.3558333333333336,0.0,0.0,0.052519335695830144,1.000823309088801,8,3,11
FS-047,True,420,429.5897213181853,9.58972131818533,0.016979734532303847,0.019866242793921105,0.006015915864520348,0.01697710937302706,0.00012081874433104658,0.4900790296453223,0.27842310651267665,0.18770097068270333,0.5172204525478938,0.0,0.0,0.32237586645692506,0.16283092222153628,8,3,2
FS-048,True,0,60,60.0,0.05107062324624234,0.08796737545001927,0.004193328959843865,0.05092009774357084,0.0021107218585613417,0.44000000000000034,0.4618333333333337,0.3050000000000002,0.3933333333333336,0.0,0.0,0.07032641755280128,3.064237394774553,3,2,13
FS-048,True,60,120,60.0,0.04201058184307215,0.08861457258974757,0.0035617336970439543,0.04183926290543362,0.001669336070407225,0.4288333333333337,0.3793333333333336,0.3695000000000003,0.3668333333333337,0.0,0.0,-0.01648526976030064,2.520634910584347,4,2,14
FS-048,True,120,180,60.0,0.03683410829173343,0.07365474568805254,-0.003783586076185498,0.03674703952226701,0.0011681399815078976,0.4165000000000003,0.4283333333333336,0.3513333333333336,0.3920000000000003,0.0,0.0,-0.019616394177395725,2.2100464975039973,5,2,13
FS-048,True,180,240,60.0,0.03186033070258687,0.06236383066709571,-0.0008385487857561954,0.0318064775040643,0.0008783832061515844,0.3271666666666669,0.39133333333333364,0.36616666666666686,0.3655000000000002,0.0,0.0,0.06321296026152758,1.9116198421552353,5,2,11
FS-048,True,240,300,60.0,0.028251650813554494,0.0564688323696871,0.003994642918636863,0.028216880070480666,0.000678914879152957,0.46116666666666706,0.34433333333333366,0.34150000000000025,0.34366666666666684,0.0,0.0,-0.011996720077503341,1.695099048813299,5,2,13
FS-048,True,300,360,60.0,0.021778042892084345,0.0455554640190202,-0.007074501174375494,0.021755285436618806,0.0004916694152690262,0.27733333333333354,0.4618333333333337,0.3450000000000003,0.3130000000000003,0.0,0.0,-0.060551257406958686,1.3066825735250565,5,2,14
FS-048,True,360,420,60.0,0.017342923093060278,0.03438112456209478,0.0009937241280157847,0.01733399440352908,0.00025314280436319523,0.35516666666666696,0.3090000000000002,0.3370000000000003,0.34783333333333355,0.0,0.0,-0.03410294890989767,1.0405753855835664,5,2,13
FS-048,True,420,428.8747258880734,8.874725888073442,0.025525260159948916,0.010775495628833847,-0.002782284480160749,0.025522409745381926,0.0001836573772001565,0.3740960613174182,0.48505451800584337,0.020282316577450377,0.8230931276300167,0.0,0.0,0.8842945045600352,0.2265296871412995,5,2,2
FS-049,True,0,60,60.0,0.05196874294199279,0.08595165878065947,-0.0009513814422537764,0.051789322415413355,0.00214587035945408,0.4713333333333337,0.42216666666666697,0.30550000000000027,0.39166666666666694,0.0,0.0,0.16362605214729353,3.1181245765195524,5,1,14
FS-049,True,60,120,60.0,0.04247086006911702,0.07195798557413201,-0.0005523644735844925,0.04238830017782783,0.0011313317923612827,0.39433333333333365,0.46600000000000036,0.3218333333333335,0.430666666666667,0.0,0.0,0.08830772241229863,2.5482516041470205,6,1,14
FS-049,True,120,180,60.0,0.03808997712048041,0.07662014810305147,0.0051146438459659825,0.03800720887610869,0.0012807330696598437,0.4603333333333337,0.3925000000000003,0.33100000000000024,0.3436666666666669,0.0,0.0,-0.022284802198556893,2.285398627228811,6,1,13
FS-049,True,180,240,60.0,0.03199803867471847,0.06298193334299092,-0.003926249713426132,0.03192323511826644,0.000986411074988422,0.3426666666666669,0.46350000000000036,0.35666666666666685,0.36783333333333357,0.0,0.0,0.019796066988267597,1.9198823204831112,6,1,13
FS-049,True,240,300,60.0,0.02865185803675764,0.051133816325931024,0.0036614112883933125,0.028619697322440813,0.0006746799532964954,0.4445000000000004,0.3933333333333336,0.3175000000000002,0.394166666666667,0.0,0.0,0.11548758822176923,1.7191114822054634,7,1,13
FS-049,True,300,360,60.0,0.022579691483680688,0.043554158100525875,-0.0015729106506405827,0.022557649890431734,0.00043353612953122195,0.35350000000000026,0.3785000000000002,0.33916666666666695,0.34316666666666695,0.0,0.0,0.023266011562794918,1.3547814890208232,7,1,13
FS-049,True,360,420,60.0,0.015560159104694372,0.03265920500003096,-0.0022506137563883507,0.015551601674476301,0.0002092098863771908,0.25350000000000017,0.29750000000000015,0.40533333333333366,0.33583333333333354,0.0,0.0,0.01232133877859817,0.9336095462816716,7,1,9
FS-049,True,420,429.5468545714765,9.54685457147658,0.021351547846762676,0.01588908158147006,0.0034745253674372317,0.021349111430980904,0.0001445986104435765,0.46788756841675705,0.3414737257797976,0.10998386873275688,0.6428142929726658,0.0,0.0,0.7184478917583741,0.2038401221689693,7,1,2
FS-050,True,0,60,60.0,0.04333312474184717,0.09651444713801881,0.004750681431328619,0.04320262002367222,0.0017184962273502173,0.4158333333333336,0.36633333333333357,0.396666666666667,0.3293333333333336,0.0,0.0,-0.05074129397373738,2.5999874845108475,6,1,13
FS-050,True,60,120,60.0,0.04367118112048771,0.08208019721651962,-0.001899638228990482,0.04356043399619136,0.001495363224824227,0.34150000000000025,0.465166666666667,0.3581666666666669,0.374666666666667,0.0,0.0,0.06539650853704321,2.620270867229366,6,1,11
FS-050,True,120,180,60.0,0.039005796539153065,0.07218930172842505,0.0001316228072919074,0.03889278580217971,0.0014367901827658665,0.447166666666667,0.3805000000000003,0.35750000000000026,0.3653333333333336,0.0,0.0,0.0117751936395587,2.340347792349168,6,1,15
FS-050,True,180,240,60.0,0.032493878523990785,0.06471092177903061,0.0030767121050425273,0.032426492017039586,0.0009136792372813571,0.4445000000000004,0.34800000000000025,0.371166666666667,0.3463333333333336,0.0,0.0,-0.0002500881788033398,1.9496327114395324,6,1,14
FS-050,True,240,300,60.0,0.029834376164674672,0.051063627021312556,0.0006061137845725583,0.029804069342168015,0.0006607472576793055,0.37883333333333363,0.36783333333333357,0.33100000000000024,0.3833333333333336,0.0,0.0,0.15603789556423317,1.790062569880467,6,1,13
FS-050,True,300,360,60.0,0.022705335124071652,0.04292536911408908,-0.0011231495112312346,0.022685122345681503,0.00044402009297999826,0.3520000000000003,0.4070000000000003,0.3181666666666668,0.37433333333333363,0.0,0.0,0.05199804576109216,1.362320107444282,6,1,13
FS-050,True,360,420,60.0,0.016711786377648967,0.031160641971409792,-0.0003795068971448508,0.016704181850409075,0.00022650513804150761,0.3390000000000003,0.33100000000000024,0.30966666666666687,0.38316666666666693,0.0,0.0,0.041658360725711385,1.0027071826588823,6,1,13
FS-050,True,420,429.3146346399188,9.314634639918804,0.003748582086948269,0.043036787733479055,-0.0034082734430985213,0.0037315182547769483,0.0002019337668303588,0.0,0.10950510024608881,0.8550667790860592,0.0,0.0,0.0,-0.9498320978534472,0.034916672557635475,6,1,0
FS-051,True,0,60,60.0,0.04543453821277466,0.09891535912777188,-0.007031517518544591,0.045294460424091555,0.0019138422302216122,0.3588333333333336,0.47066666666666707,0.39450000000000024,0.33450000000000024,0.0,0.0,-0.056539017499939774,2.7260722927664522,3,2,13
FS-051,True,60,120,60.0,0.039836078510130865,0.08075218084207816,-0.00028818498205733463,0.039742166331198425,0.0012589142464777244,0.39566666666666694,0.404666666666667,0.36350000000000027,0.3606666666666669,0.0,0.0,-0.05896396427212229,2.3901647106078276,6,3,13
FS-051,True,120,180,60.0,0.03372359025994841,0.07067480696518315,-0.0012204559310217604,0.03363903518604434,0.0011481193067881235,0.37050000000000033,0.39966666666666695,0.3938333333333336,0.3318333333333336,0.0,0.0,-0.024863770839192903,2.023415415596933,6,3,16
FS-051,True,180,240,60.0,0.03445024236054133,0.061076082567296935,-9.747712857261386e-05,0.03439429657182839,0.0009429633927088305,0.43550000000000033,0.3845000000000003,0.3125000000000002,0.391166666666667,0.0,0.0,0.07325584877185094,2.0670145416324712,6,3,13
FS-051,True,240,300,60.0,0.02997935202836897,0.050387816961565954,-0.003882620415931128,0.029935995843822963,0.000748174421334911,0.3638333333333337,0.46416666666666706,0.30516666666666686,0.3985000000000003,0.0,0.0,0.10472557223713816,1.7987611217021493,7,3,13
FS-051,True,300,360,60.0,0.022017480831764233,0.04363921009691256,-0.0005291041067942467,0.02199551997636194,0.0004473038271174042,0.3710000000000003,0.3828333333333337,0.35666666666666696,0.3525000000000002,0.0,0.0,-0.009571717234651334,1.3210488499058504,7,3,14
FS-051,True,360,420,60.0,0.017544191712079875,0.03269556045646825,-0.0016875264927559488,0.0175354997139864,0.00026467874719716847,0.29850000000000015,0.3508333333333336,0.33233333333333354,0.3750000000000002,0.0,0.0,0.061113110638092834,1.052651502724802,7,3,13
FS-051,True,420,429.69410445064295,9.694104450643064,0.0038527141316337323,0.03877533547499566,0.0010976190213012897,0.0038434892399666553,0.00011506826618905007,0.0,0.012802054204690362,0.7581927796860531,0.0695375683308576,0.0,0.0,-0.838783043453118,0.03734861321053105,7,3,0
FS-052,True,0,60,60.0,0.04465303638321343,0.092351049732539,0.0045553176003204415,0.04454344353386309,0.001788495830588871,0.4558333333333337,0.39616666666666694,0.3735000000000002,0.3636666666666669,0.0,0.0,-0.006908597076526263,2.679182182992774,4,2,13
FS-052,True,60,120,60.0,0.04142114368445727,0.08539745614405156,0.0016607243429915908,0.0413003675843081,0.0015282761260122823,0.4155000000000003,0.45266666666666705,0.3520000000000003,0.35866666666666697,0.0,0.0,-0.03955249048071213,2.4852686210674193,5,2,13
FS-052,True,120,180,60.0,0.0337723779716391,0.07886062591358606,-0.0014136009162357467,0.03368532304766179,0.001179394707882242,0.35300000000000026,0.41083333333333366,0.3981666666666669,0.3183333333333335,0.0,0.0,-0.1459387342306065,2.0263426782983283,5,2,13
FS-052,True,180,240,60.0,0.03338681568884218,0.06213139859322077,0.007037947613076626,0.03331518731217886,0.0009878014970800997,0.43566666666666704,0.3466666666666669,0.3520000000000002,0.36383333333333356,0.0,0.0,0.04699081115164118,2.0032089413305525,6,2,13
FS-052,True,240,300,60.0,0.02687767872093468,0.05199620751064882,-0.003086695867393943,0.02684222324228143,0.000636383501406685,0.3213333333333336,0.41666666666666696,0.3441666666666669,0.3693333333333336,0.0,0.0,0.011378776471277297,1.6126607232560781,6,2,13
FS-052,True,300,360,60.0,0.02261593283890214,0.040310415704129604,-0.003966636068473672,0.02259445985570333,0.0004422241699240314,0.29033333333333355,0.42166666666666697,0.3543333333333336,0.35383333333333356,0.0,0.0,0.09407175296091479,1.3569559703341922,6,2,11
FS-052,True,360,420,60.0,0.016755909332180168,0.03213956936653541,0.0019291120670610112,0.01674597399335818,0.0002801286192399095,0.40683333333333366,0.2940000000000002,0.31466666666666687,0.36483333333333356,0.0,0.0,-0.02522215376839393,1.0053545599308251,6,2,12
FS-052,True,420,430.0679181401431,10.067918140143156,0.011808778974310923,0.03328148386446098,-0.002696051388793219,0.011800877028219052,0.0002308074736108826,0.24930675488828616,0.3504118816855011,0.3804162833554328,0.2212888612254324,0.0,0.0,-0.19517781608205642,0.11888982004839607,6,2,2
FS-053,True,0,60,60.0,0.050462042933239054,0.083931089775171,-0.003988939422736726,0.05034762760249554,0.0017470617058864763,0.4243333333333336,0.42133333333333367,0.3178333333333336,0.40866666666666696,0.0,0.0,0.15133350881790997,3.027722575994343,3,2,13
FS-053,True,60,120,60.0,0.04337993829489395,0.08189095603851465,-0.0016827955655086227,0.043255264052637486,0.0016741592175740076,0.40766666666666695,0.42150000000000026,0.33000000000000024,0.36150000000000027,0.0,0.0,0.05482420520047088,2.6027962976936267,3,2,16
FS-053,True,120,180,60.0,0.03726611855482713,0.07037390534859542,-0.001323759271634062,0.03719035703596988,0.0011491538028925723,0.43566666666666704,0.4115000000000003,0.3436666666666669,0.3691666666666669,0.0,0.0,0.05378919297330261,2.2359671132895933,3,2,13
FS-053,True,180,240,60.0,0.02998895809065456,0.06400828178335861,-0.0006102128991552734,0.02992951062832667,0.0009311033540812416,0.35733333333333367,0.39566666666666694,0.384666666666667,0.3471666666666669,0.0,0.0,-0.01583630793483698,1.7993374854392883,4,2,15
FS-053,True,240,300,60.0,0.02622365215694323,0.05407804791580914,-0.0013921124557568986,0.026189127034551143,0.0006084887241709434,0.3655000000000002,0.3925000000000003,0.36300000000000027,0.3655000000000002,0.0,0.0,-0.0002336049802117923,1.5734191294165665,4,2,13
FS-053,True,300,360,60.0,0.021113942196664827,0.045407874971854965,0.0033906107406460983,0.0210943674285617,0.00044762217926877073,0.3696666666666669,0.29100000000000015,0.3888333333333336,0.31100000000000017,0.0,0.0,-0.01654161517671964,1.2668365317998669,5,2,11
FS-053,True,360,420,60.0,0.01674337419409757,0.03246170119017967,-5.792964409566768e-05,0.016735902418437965,0.0002064214577599735,0.3196666666666669,0.3243333333333336,0.34800000000000025,0.36600000000000027,0.0,0.0,-0.00016842278308971546,1.004602451645872,5,2,13
FS-053,True,420,429.7242908149212,9.724290814921261,0.01990589287031163,0.016995136856322837,-0.00299328351739435,0.019900611463225523,0.00014840288718506476,0.35786671400861214,0.386660587549535,0.1567508463015462,0.6128981653710714,0.0,0.0,0.5028190934102978,0.19357069120156753,5,2,2
FS-054,True,0,60,60.0,0.045902161843610206,0.08988328656838902,-0.005055331591136878,0.04570706874626908,0.001969410715104811,0.3755000000000003,0.4603333333333337,0.3663333333333336,0.33533333333333354,0.0,0.0,0.053856404136184366,2.75412971061666,4,1,12
FS-054,True,60,120,60.0,0.03787397658212154,0.07921053699070142,0.006897495033285966,0.03775996036231467,0.0013461473814511385,0.4045000000000003,0.34866666666666696,0.41000000000000025,0.33266666666666694,0.0,0.0,-0.011880478705396385,2.272438594927247,5,2,13
FS-054,True,120,180,60.0,0.03499173980040191,0.07674464703648676,-0.0009032571609269345,0.03491014140070438,0.001187780648335153,0.3303333333333336,0.45166666666666705,0.3835000000000003,0.32416666666666694,0.0,0.0,-0.0772108335707625,2.0995043880241244,5,2,11
FS-054,True,180,240,60.0,0.032194949279983946,0.059522976006313295,0.0007355829673640924,0.0321426039598903,0.0008316316896496525,0.3655000000000002,0.41650000000000026,0.33150000000000024,0.38650000000000034,0.0,0.0,-0.010944840892185463,1.9316969567990263,5,2,13
FS-054,True,240,300,60.0,0.02527958527632616,0.05239384232399174,-0.000853073997901603,0.025242193716147443,0.0006739585728311573,0.3771666666666669,0.36650000000000027,0.34533333333333355,0.3516666666666669,0.0,0.0,-0.07318643907192986,1.5167751165796053,5,2,13
FS-054,True,300,360,60.0,0.02035742497873625,0.043834194381745024,0.0023043118206728967,0.020338933770801662,0.000365939325812455,0.33500000000000024,0.3030000000000002,0.38216666666666693,0.3493333333333336,0.0,0.0,-0.028993796307106266,1.221445498724126,5,2,10
FS-054,True,360,420,60.0,0.016021868241143784,0.03324243437773215,-0.0011243481826820256,0.016013397761443518,0.00022808687347490928,0.3143333333333336,0.3303333333333336,0.35550000000000026,0.3463333333333336,0.0,0.0,0.0011234130404999773,0.961312094468652,5,2,13
FS-054,True,420,430.5825504022091,10.582550402209161,0.006481218249051527,0.03571724873102638,0.0002645815670854722,0.006472932805976317,0.00012834423085825977,0.17198122672017377,0.09638508310691057,0.6484779321983266,0.09921993849240796,0.0,0.0,-0.7632413087399775,0.06858781878828302,5,2,1
FS-055,True,0,60,60.0,0.048138920867971446,0.09287174528879608,0.009503189377252391,0.04797213664991547,0.0018933425627563137,0.47683333333333366,0.3528333333333336,0.3451666666666669,0.3741666666666669,0.0,0.0,0.0013110296753849132,2.8883352520782375,5,2,13
FS-055,True,60,120,60.0,0.04132505821022509,0.07813691610815228,0.000172811914399316,0.04122613936049821,0.0014268722326078618,0.4015000000000003,0.4170000000000003,0.35350000000000026,0.35433333333333356,0.0,0.0,0.10487802111698376,2.47950349261355,5,2,15
FS-055,True,120,180,60.0,0.03825303263397772,0.07280147256539565,-0.0034362213161986416,0.03816320412593222,0.0012971051643455125,0.37933333333333363,0.4990000000000004,0.3330000000000002,0.3743333333333336,0.0,0.0,0.0206992259869851,2.2951819580386643,5,2,13
FS-055,True,180,240,60.0,0.028348565246551057,0.06693483868314522,-0.0008977530558959772,0.028291736942608618,0.0008584437032008187,0.3543333333333336,0.3925000000000003,0.3836666666666669,0.32783333333333353,0.0,0.0,-0.16417666100747802,1.7009139147930756,5,2,13
FS-055,True,240,300,60.0,0.025111769124951278,0.058009360146426124,0.0008671708373112335,0.0250703089021864,0.0006554351894415517,0.3676666666666669,0.3356666666666669,0.4023333333333336,0.3095000000000002,0.0,0.0,-0.10611361213829557,1.5067061474970862,5,2,11
FS-055,True,300,360,60.0,0.0235463651793713,0.04064991395325219,-0.000673429872970116,0.023526325806648426,0.0004370604777142213,0.3400000000000002,0.3685000000000002,0.32550000000000023,0.4046666666666669,0.0,0.0,0.09369941067249389,1.4127819107623192,5,2,13
FS-055,True,360,420,60.0,0.017385035280426783,0.03308520858556531,0.0011456850266404269,0.017375059382306227,0.00025059887875439855,0.3496666666666669,0.27616666666666684,0.3645000000000003,0.3636666666666669,0.0,0.0,-0.01416697573323703,1.0431021168256396,5,2,11
FS-055,True,420,429.55248129107054,9.552481291070581,0.018045686633888808,0.01841841426531873,0.002079260022078585,0.01803772542905687,0.00022808967698899365,0.43862949032066756,0.306986342261857,0.13609029532622138,0.4982998505790877,0.0,0.0,0.5771676104797283,0.1723810839547409,5,2,2
FS-056,True,0,60,60.0,0.04721491392202821,0.09104048248980216,0.0021229459815961162,0.04706615246971242,0.001863073703259523,0.47500000000000037,0.4046666666666669,0.33150000000000024,0.3820000000000003,0.0,0.0,-0.01582855724399002,2.8328948353217136,4,2,13
FS-056,True,60,120,60.0,0.04097346346969614,0.07636293201934255,-0.0007426157329801953,0.04085955168791199,0.0014063971189950289,0.4455000000000003,0.35666666666666696,0.35683333333333356,0.3798333333333336,0.0,0.0,0.043488767697294324,2.4584078081817142,4,2,11
FS-056,True,120,180,60.0,0.038067759011217873,0.06719709197603185,0.00028350336673799446,0.038002737837311756,0.001104216756092965,0.38366666666666693,0.47033333333333366,0.3251666666666669,0.3860000000000003,0.0,0.0,0.0750205073513222,2.2840655406730734,4,2,13
FS-056,True,180,240,60.0,0.03234264618915053,0.0608553297897095,0.001742580990728569,0.03229902169024446,0.0008287727066166658,0.41766666666666696,0.36833333333333357,0.3558333333333336,0.3828333333333335,0.0,0.0,0.08551315025133314,1.940558771349032,4,2,13
FS-056,True,240,300,60.0,0.02908185362599925,0.05001276283503124,0.0021630586654988507,0.029045506423724464,0.0006272779912275872,0.43083333333333373,0.33433333333333354,0.3203333333333335,0.4095000000000003,0.0,0.0,0.13640779171975362,1.7449112175599395,5,2,13
FS-056,True,300,360,60.0,0.021804939338723215,0.04091816392407669,-0.003948416821663993,0.021782946469058588,0.00041854034037900565,0.2890000000000002,0.41300000000000026,0.3446666666666669,0.3715000000000002,0.0,0.0,0.06618244660159886,1.3082963603233408,5,2,11
FS-056,True,360,420,60.0,0.01713224723409949,0.03362852257777187,-0.0025933522620708227,0.017121735452742728,0.0002550059642283065,0.26816666666666683,0.3308333333333336,0.36183333333333356,0.381166666666667,0.0,0.0,0.0449373779900976,1.0279348340459733,5,2,11
FS-056,True,420,429.9590590070933,9.959059007093309,0.012063594222187338,0.032266328568246364,2.5551982053660082e-05,0.012052726707923678,0.00025332936897191834,0.29520861337461646,0.25604828711063665,0.4095827732507673,0.23496195758387836,0.0,0.0,-0.35479091841013755,0.1201420466963666,5,2,2
FS-057,True,0,60,60.0,0.044003442102085434,0.08946664229785618,-0.008170280513897754,0.04387510832186399,0.0015691597687880281,0.35516666666666696,0.43850000000000033,0.3775000000000003,0.3510000000000002,0.0,0.0,0.005455003692460283,2.6402065261251164,4,1,16
FS-057,True,60,120,60.0,0.03939684076704221,0.08061596712725996,0.00642988883139794,0.03930388939303994,0.0012940813483295203,0.5411666666666669,0.33316666666666694,0.38666666666666694,0.34050000000000025,0.0,0.0,-0.02835367056376063,2.363810446022516,4,1,13
FS-057,True,120,180,60.0,0.037320808352612214,0.06816167935138616,0.0014499806935232688,0.03723935057678069,0.0012387104457237156,0.42283333333333367,0.40083333333333365,0.3243333333333336,0.36500000000000027,0.0,0.0,0.037730546403023396,2.239248501156726,6,2,13
FS-057,True,180,240,60.0,0.03354643411701271,0.05813264419755407,0.0007003658571021362,0.033493978931362425,0.0009021357091657673,0.36500000000000027,0.4283333333333336,0.32416666666666694,0.40566666666666695,0.0,0.0,0.09254322803801078,2.012786047020755,6,2,13
FS-057,True,240,300,60.0,0.028326031831514987,0.048640501914606574,0.00015422465556518225,0.028298550374237404,0.0006273230724384957,0.40683333333333366,0.38533333333333364,0.31016666666666687,0.41983333333333367,0.0,0.0,0.10444663557092485,1.6995619098908732,6,2,13
FS-057,True,300,360,60.0,0.023353954242245335,0.0422995956013805,0.001677036428712998,0.023329741792672932,0.0004711959899908774,0.42416666666666697,0.34316666666666695,0.30933333333333357,0.4020000000000003,0.0,0.0,0.05750998851718936,1.4012372545347433,6,2,12
FS-057,True,360,420,60.0,0.01621738167347129,0.03272234641515615,-0.0005935182921898536,0.01620993270981313,0.00021248876030679958,0.2990000000000002,0.3163333333333336,0.3563333333333336,0.3571666666666669,0.0,0.0,0.04571701134558026,0.9730429004082675,6,2,13
FS-057,True,420,430.20508040830487,10.20508040830493,0.006868807519474612,0.0399956883819886,-0.0009789547994148856,0.006864183884494407,0.00012196337147474576,0.12444781904574408,0.15580474982892367,0.6942699248639989,0.09505069643651319,0.0,0.0,-0.7894851613184213,0.07009673304542055,6,2,1
FS-058,True,0,60,60.0,0.04695331785865374,0.09843051067789223,0.0012497152369128134,0.04674602616855401,0.0020193917738506985,0.39933333333333365,0.425666666666667,0.3736666666666669,0.3291666666666669,0.0,0.0,0.027184212034513808,2.817199071519236,4,1,13
FS-058,True,60,120,60.0,0.04388849544892973,0.08540261315117946,0.0014231246922367616,0.04374569598458033,0.001665549214865669,0.45600000000000035,0.43200000000000033,0.33600000000000024,0.3501666666666669,0.0,0.0,-0.019689221498712287,2.633309726935766,5,1,13
FS-058,True,120,180,60.0,0.039879226814157356,0.07136038839044308,0.0006649547350714697,0.03978663584221947,0.0013203229426194281,0.4318333333333336,0.42016666666666697,0.3148333333333336,0.3758333333333336,0.0,0.0,0.04262484719781683,2.3927536088494596,7,1,13
FS-058,True,180,240,60.0,0.032467043338017504,0.05571296777849347,0.002156632664696933,0.0324222507979278,0.000783658863784979,0.417666666666667,0.3625000000000002,0.33700000000000024,0.401666666666667,0.0,0.0,0.11395259125490143,1.948022600281086,7,1,13
FS-058,True,240,300,60.0,0.02783981091007321,0.05420949446067153,0.0022752002079041915,0.02780069372979949,0.0007098656818020847,0.43216666666666703,0.3261666666666669,0.3436666666666669,0.3678333333333336,0.0,0.0,0.014155283878881892,1.6703886546043902,7,1,12
FS-058,True,300,360,60.0,0.023060640800474076,0.04180013588701937,-0.001189178122822893,0.023040148768230146,0.00045525371179365573,0.34033333333333354,0.3531666666666669,0.34400000000000025,0.3638333333333336,0.0,0.0,0.0865111531917505,1.383638448028483,7,1,12
FS-058,True,360,420,60.0,0.0175764570958235,0.03125565281845947,-0.0011300500093988427,0.017569178072132863,0.00023950342211298022,0.3400000000000002,0.3606666666666669,0.2913333333333335,0.41300000000000026,0.0,0.0,0.05547494484863632,1.0545874257494412,7,1,13
FS-058,True,420,429.4630112987011,9.463011298701165,0.004300733588124111,0.0412718635479643,-0.0012954843613637759,0.00429422462895578,0.00010172123713950379,0.004545202086683609,0.0,0.7809353457090673,0.03487262030906523,0.0,0.0,-0.8196796245236906,0.04069789053711555,7,1,0
FS-059,True,0,60,60.0,0.047171191746865876,0.09600138512015068,-0.0007619925856368582,0.04704639484473292,0.0017671215013045879,0.40183333333333365,0.3743333333333336,0.3693333333333336,0.36033333333333356,0.0,0.0,-0.0006340535831187556,2.8302715048119493,3,1,12
FS-059,True,60,120,60.0,0.04285878535546855,0.08712384851228044,-0.004018468166239842,0.04268069147523059,0.0019037344703985025,0.3890000000000003,0.44333333333333363,0.35800000000000026,0.34150000000000025,0.0,0.0,-0.039950688937206755,2.5715271213281303,4,2,13
FS-059,True,120,180,60.0,0.03944559945024085,0.07811833963181819,0.0029210495454832005,0.039340650269118566,0.001383455494940381,0.469666666666667,0.40733333333333366,0.33233333333333354,0.3451666666666669,0.0,0.0,-0.005570339176427996,2.3667359670144554,4,2,14
FS-059,True,180,240,60.0,0.03196372734590338,0.06450441889731076,-0.004611278385809768,0.03191761196218991,0.0008867851501351911,0.3481666666666669,0.3785000000000002,0.3658333333333336,0.3576666666666669,0.0,0.0,0.03239582874216819,1.9178236407542122,4,2,13
FS-059,True,240,300,60.0,0.026478066085474504,0.05304727967839127,-0.0011683495741732035,0.02644797637505316,0.0006194974599864463,0.39566666666666694,0.38150000000000023,0.33183333333333365,0.3545000000000003,0.0,0.0,-0.03205485954895853,1.5886839651284783,4,2,13
FS-059,True,300,360,60.0,0.02153040867356552,0.043940621587563074,-0.0006423997057605681,0.021510376099463855,0.00044202028180075764,0.3513333333333336,0.3741666666666669,0.35000000000000026,0.34883333333333355,0.0,0.0,-0.06349912706085802,1.2918245204139722,5,2,13
FS-059,True,360,420,60.0,0.016695846305344177,0.03370470245175268,-0.0011877131196003775,0.016684405720617586,0.00029008645519043943,0.2890000000000002,0.33600000000000024,0.36000000000000026,0.35833333333333356,0.0,0.0,-0.06559071048034877,1.0017507783207007,6,2,13
FS-059,True,420,429.2510753752291,9.25107537522912,0.019937183162318354,0.01382420609414803,0.0031383530930066683,0.01993525221140803,0.00018456971197661345,0.4941128668639679,0.3178008913290457,0.04648108274540464,0.6162608284972406,0.0,0.0,0.8258945003347178,0.1844403842043557,6,2,2
FS-060,False,0,60,60.0,0.04777143705551169,0.09584164524253173,-0.0005365846985842048,0.047612710274460686,0.0019424303126102855,0.45816666666666706,0.39566666666666694,0.3581666666666669,0.34150000000000025,0.0,0.0,0.03886608228754271,2.8662862233307234,6,2,13
FS-060,False,60,120,60.0,0.040366411757380836,0.08472054567968469,-0.0016895258877379184,0.04025095972495615,0.0014286268085047038,0.43500000000000033,0.39216666666666694,0.36500000000000027,0.34616666666666696,0.0,0.0,-0.04379573455858245,2.421984705442852,8,2,15
FS-060,False,120,123.99999999999997,3.999999999999999,0.06040798185456033,0.025851769441381726,-0.059386009357892074,0.060387748160244684,0.0009720852957398455,0.022500000000000003,0.9025000000000005,0.05750000000000001,0.7650000000000003,0.0,0.0,0.9634499238833134,0.24163192741824643,8,2,0
