source_research_path,custody_path,size,source_sha256,destination_sha256,verified,adopted_verified_retry,verified_utc
research/analyses/2026-09-25/2026-09-25-A1-read-only-reanalysis-viewer-v1/screenshots/01-initial.png,research_artifacts_local/tracked_payload_custody/analyses/2026-09-25/2026-09-25-A1-read-only-reanalysis-viewer-v1/screenshots/01-initial.png,74473,0a19c5a56637a3a0c15b0684f0ce203fc752e7d3e2fb5e122ae9fb6c4b3dffe9,0a19c5a56637a3a0c15b0684f0ce203fc752e7d3e2fb5e122ae9fb6c4b3dffe9,True,False,2026-10-01T07:23:40.443289+00:00
research/analyses/2026-09-26/2026-09-26-b1-final-review-intake-f04e8c72/PLAN.json,research_artifacts_local/tracked_payload_custody/analyses/2026-09-26/2026-09-26-b1-final-review-intake-f04e8c72/PLAN.json,308098,6f89a145f8c8fb2feee534bd9ace1d442e05a356c641cecd4591672d4e52c3b4,6f89a145f8c8fb2feee534bd9ace1d442e05a356c641cecd4591672d4e52c3b4,True,False,2026-10-01T07:23:40.460006+00:00
research/analyses/2026-09-30/impact_integrity_analysis_20260930_v0_1/CLEARANCE_AND_LOCAL_I.png,research_artifacts_local/tracked_payload_custody/analyses/2026-09-30/impact_integrity_analysis_20260930_v0_1/CLEARANCE_AND_LOCAL_I.png,149958,af3ef39517f7e75eb2c945adf8ebc060c06433ea5e6291447182cfe34977d9ed,af3ef39517f7e75eb2c945adf8ebc060c06433ea5e6291447182cfe34977d9ed,True,False,2026-10-01T07:23:40.471937+00:00
research/analyses/2026-09-30/impact_integrity_analysis_20260930_v0_1/CLEARANCE_AND_LOCAL_I.svg,research_artifacts_local/tracked_payload_custody/analyses/2026-09-30/impact_integrity_analysis_20260930_v0_1/CLEARANCE_AND_LOCAL_I.svg,24096,64a5cecb0ede673289715adaf8df767fefc2d4e11644f82247b2b35bd14d158b,64a5cecb0ede673289715adaf8df767fefc2d4e11644f82247b2b35bd14d158b,True,False,2026-10-01T07:23:40.490733+00:00
research/analyses/2026-09-30/impact_integrity_analysis_20260930_v0_1/CONTACT_SEVERITY.png,research_artifacts_local/tracked_payload_custody/analyses/2026-09-30/impact_integrity_analysis_20260930_v0_1/CONTACT_SEVERITY.png,150468,8a981336456e34e88c9165d2f2f788c54aa0a12c14491096ff14b4389d6e1b2a,8a981336456e34e88c9165d2f2f788c54aa0a12c14491096ff14b4389d6e1b2a,True,False,2026-10-01T07:23:40.499128+00:00
research/analyses/2026-09-30/impact_integrity_analysis_20260930_v0_1/CONTACT_SEVERITY.svg,research_artifacts_local/tracked_payload_custody/analyses/2026-09-30/impact_integrity_analysis_20260930_v0_1/CONTACT_SEVERITY.svg,30625,e811d22032f1ea0c74635b397c8f33e0112d12360e4b75295a81ad8f605d988d,e811d22032f1ea0c74635b397c8f33e0112d12360e4b75295a81ad8f605d988d,True,False,2026-10-01T07:23:40.506377+00:00
research/analyses/2026-09-30/impact_integrity_analysis_20260930_v0_1/FS-002_I_WAVES.csv,research_artifacts_local/tracked_payload_custody/analyses/2026-09-30/impact_integrity_analysis_20260930_v0_1/FS-002_I_WAVES.csv,684504,ead7661116a403024d95485b19f76a28949f804107b2d6621f7b8a2931342b8c,ead7661116a403024d95485b19f76a28949f804107b2d6621f7b8a2931342b8c,True,False,2026-10-01T07:23:40.514781+00:00
research/analyses/2026-09-30/impact_integrity_analysis_20260930_v0_1/FS-010_CONTACT_RECORDS.json,research_artifacts_local/tracked_payload_custody/analyses/2026-09-30/impact_integrity_analysis_20260930_v0_1/FS-010_CONTACT_RECORDS.json,312018,3037b4c9056bb9bc4b443a7ba8b78107f623b8e5a45d1604485962ceb0de73d2,3037b4c9056bb9bc4b443a7ba8b78107f623b8e5a45d1604485962ceb0de73d2,True,False,2026-10-01T07:23:40.526028+00:00
research/analyses/2026-09-30/impact_integrity_analysis_20260930_v0_1/FS-010_I_WAVES.csv,research_artifacts_local/tracked_payload_custody/analyses/2026-09-30/impact_integrity_analysis_20260930_v0_1/FS-010_I_WAVES.csv,835953,99aea6e7a70217e7c9d5fdb11113b40da898c7657f907e59bd9f0b8ba8aad842,99aea6e7a70217e7c9d5fdb11113b40da898c7657f907e59bd9f0b8ba8aad842,True,False,2026-10-01T07:23:40.538576+00:00
research/analyses/2026-09-30/impact_integrity_analysis_20260930_v0_1/FS-015_I_WAVES.csv,research_artifacts_local/tracked_payload_custody/analyses/2026-09-30/impact_integrity_analysis_20260930_v0_1/FS-015_I_WAVES.csv,840002,8562c8c3aec10bc692825772c5c124e399e249946ff1b2e5c28c6aedd8f71cf1,8562c8c3aec10bc692825772c5c124e399e249946ff1b2e5c28c6aedd8f71cf1,True,False,2026-10-01T07:23:40.552070+00:00
research/analyses/2026-09-30/impact_integrity_analysis_20260930_v0_1/FS-017_I_WAVES.csv,research_artifacts_local/tracked_payload_custody/analyses/2026-09-30/impact_integrity_analysis_20260930_v0_1/FS-017_I_WAVES.csv,660373,642434c8a60d25bc0809b17dcda8a7a67c2d1680a1e7cb38bda01649a67f12e4,642434c8a60d25bc0809b17dcda8a7a67c2d1680a1e7cb38bda01649a67f12e4,True,False,2026-10-01T07:23:40.559686+00:00
research/analyses/2026-09-30/impact_integrity_analysis_20260930_v0_1/FS-032_I_WAVES.csv,research_artifacts_local/tracked_payload_custody/analyses/2026-09-30/impact_integrity_analysis_20260930_v0_1/FS-032_I_WAVES.csv,835330,e6a1f79c06fb5c2c84f351023671130331ef1bb715f8536a2ceaa4dae5436607,e6a1f79c06fb5c2c84f351023671130331ef1bb715f8536a2ceaa4dae5436607,True,False,2026-10-01T07:23:40.573297+00:00
research/analyses/2026-09-30/impact_integrity_analysis_20260930_v0_1/FS-033_I_WAVES.csv,research_artifacts_local/tracked_payload_custody/analyses/2026-09-30/impact_integrity_analysis_20260930_v0_1/FS-033_I_WAVES.csv,842151,10c277aebd23789656488a92aa97e9134fca07cbd6a3f6ff5ede56cb25321989,10c277aebd23789656488a92aa97e9134fca07cbd6a3f6ff5ede56cb25321989,True,False,2026-10-01T07:23:40.588389+00:00
research/analyses/2026-09-30/impact_integrity_analysis_20260930_v0_1/FS-034_CONTACT_RECORDS.csv,research_artifacts_local/tracked_payload_custody/analyses/2026-09-30/impact_integrity_analysis_20260930_v0_1/FS-034_CONTACT_RECORDS.csv,366241,960d2cc7c006e853d0d909424494ec3746bc22270314588f64154b35fbd7e1b0,960d2cc7c006e853d0d909424494ec3746bc22270314588f64154b35fbd7e1b0,True,False,2026-10-01T07:23:40.598805+00:00
research/analyses/2026-09-30/impact_integrity_analysis_20260930_v0_1/FS-034_CONTACT_RECORDS.json,research_artifacts_local/tracked_payload_custody/analyses/2026-09-30/impact_integrity_analysis_20260930_v0_1/FS-034_CONTACT_RECORDS.json,685824,d636530b0a931da36e4d71b4390a37a0d75a6f64c4d6b36978f9ed9f94095d32,d636530b0a931da36e4d71b4390a37a0d75a6f64c4d6b36978f9ed9f94095d32,True,False,2026-10-01T07:23:40.606247+00:00
research/analyses/2026-09-30/impact_integrity_analysis_20260930_v0_1/FS-034_I_WAVES.csv,research_artifacts_local/tracked_payload_custody/analyses/2026-09-30/impact_integrity_analysis_20260930_v0_1/FS-034_I_WAVES.csv,836705,a81b8a9af311ec30813b2501179f8a84fad4928a4a82f15fbdedceb1fe05eb92,a81b8a9af311ec30813b2501179f8a84fad4928a4a82f15fbdedceb1fe05eb92,True,False,2026-10-01T07:23:40.617250+00:00
research/analyses/2026-09-30/impact_integrity_analysis_20260930_v0_1/FS-038_I_WAVES.csv,research_artifacts_local/tracked_payload_custody/analyses/2026-09-30/impact_integrity_analysis_20260930_v0_1/FS-038_I_WAVES.csv,818151,098bb3e7fd16e777230f53cfd0c11a208d12241d6ae32d00467c844f528486c9,098bb3e7fd16e777230f53cfd0c11a208d12241d6ae32d00467c844f528486c9,True,False,2026-10-01T07:23:40.634274+00:00
research/analyses/2026-09-30/impact_integrity_analysis_20260930_v0_1/FS-044_I_WAVES.csv,research_artifacts_local/tracked_payload_custody/analyses/2026-09-30/impact_integrity_analysis_20260930_v0_1/FS-044_I_WAVES.csv,791138,50089c4aa5f39241c1234b22b655ff760df2f1ea16b394802a84ea918a07429d,50089c4aa5f39241c1234b22b655ff760df2f1ea16b394802a84ea918a07429d,True,False,2026-10-01T07:23:40.651083+00:00
research/analyses/2026-09-30/impact_integrity_analysis_20260930_v0_1/I_CREDIT_BANK_EXPRESSION_ALIGNMENT.json,research_artifacts_local/tracked_payload_custody/analyses/2026-09-30/impact_integrity_analysis_20260930_v0_1/I_CREDIT_BANK_EXPRESSION_ALIGNMENT.json,554902,c3caaa8de1b63c482eacc4d3f20eed683c9098cbb32f666070b12205f37f020e,c3caaa8de1b63c482eacc4d3f20eed683c9098cbb32f666070b12205f37f020e,True,False,2026-10-01T07:23:40.660430+00:00
research/analyses/2026-09-30/impact_integrity_analysis_20260930_v0_1/RECORDED_CANDIDATE_PATHS.svg,research_artifacts_local/tracked_payload_custody/analyses/2026-09-30/impact_integrity_analysis_20260930_v0_1/RECORDED_CANDIDATE_PATHS.svg,2913748,79a96996a285be4d0e6ccbcb4fe3e8c105031212dda76132ab5165b2b2b9c737,79a96996a285be4d0e6ccbcb4fe3e8c105031212dda76132ab5165b2b2b9c737,True,False,2026-10-01T07:23:40.697018+00:00
research/analyses/2026-09-30/nursery_0_design_20260930_v0_1/EXPLORATION_CORRELATIONS_MSD_BY_LAG.csv,research_artifacts_local/tracked_payload_custody/analyses/2026-09-30/nursery_0_design_20260930_v0_1/EXPLORATION_CORRELATIONS_MSD_BY_LAG.csv,1485460,3279dc0b5fcc765ef36db7401f4f16c044a9ad36b2d2badfc9e903a6d1462d42,3279dc0b5fcc765ef36db7401f4f16c044a9ad36b2d2badfc9e903a6d1462d42,True,False,2026-10-01T07:23:40.708607+00:00
research/analyses/2026-09-30/nursery_0_design_20260930_v0_1/EXPLORATION_DYNAMICS.svg,research_artifacts_local/tracked_payload_custody/analyses/2026-09-30/nursery_0_design_20260930_v0_1/EXPLORATION_DYNAMICS.svg,1631057,ae719b7fc72849f83d159278df9d14b6a01f945a1c577cdf08070ce3a37b7940,ae719b7fc72849f83d159278df9d14b6a01f945a1c577cdf08070ce3a37b7940,True,False,2026-10-01T07:23:40.727164+00:00
research/analyses/2026-09-30/nursery_0_design_20260930_v0_1/FS-001_EXPLORATION_DETAILS.json,research_artifacts_local/tracked_payload_custody/analyses/2026-09-30/nursery_0_design_20260930_v0_1/FS-001_EXPLORATION_DETAILS.json,114097,2f378db13b2a3d36cc1c0c0d8f926b4ca06465e76fd791994aaf3c3d66a25f75,2f378db13b2a3d36cc1c0c0d8f926b4ca06465e76fd791994aaf3c3d66a25f75,True,False,2026-10-01T07:23:40.734397+00:00
research/analyses/2026-09-30/nursery_0_design_20260930_v0_1/FS-002_EXPLORATION_DETAILS.json,research_artifacts_local/tracked_payload_custody/analyses/2026-09-30/nursery_0_design_20260930_v0_1/FS-002_EXPLORATION_DETAILS.json,114364,4f89e1f9585c771032a4edfbdeec6ba785805b67c9a49cc27cbf308af010ea6f,4f89e1f9585c771032a4edfbdeec6ba785805b67c9a49cc27cbf308af010ea6f,True,False,2026-10-01T07:23:40.756057+00:00
research/analyses/2026-09-30/nursery_0_design_20260930_v0_1/FS-003_EXPLORATION_DETAILS.json,research_artifacts_local/tracked_payload_custody/analyses/2026-09-30/nursery_0_design_20260930_v0_1/FS-003_EXPLORATION_DETAILS.json,114050,255900e2b6ef5f2b32ae6979aefa28f97c58c29354873b3925febdaa836dec3e,255900e2b6ef5f2b32ae6979aefa28f97c58c29354873b3925febdaa836dec3e,True,False,2026-10-01T07:23:40.763134+00:00
research/analyses/2026-09-30/nursery_0_design_20260930_v0_1/FS-004_EXPLORATION_DETAILS.json,research_artifacts_local/tracked_payload_custody/analyses/2026-09-30/nursery_0_design_20260930_v0_1/FS-004_EXPLORATION_DETAILS.json,114097,f78fdbcd15ff4fe4c8c5084ffd0304e722aff4464ca3ad1593d5c6c0b7c37e0b,f78fdbcd15ff4fe4c8c5084ffd0304e722aff4464ca3ad1593d5c6c0b7c37e0b,True,False,2026-10-01T07:23:40.770769+00:00
research/analyses/2026-09-30/nursery_0_design_20260930_v0_1/FS-005_EXPLORATION_DETAILS.json,research_artifacts_local/tracked_payload_custody/analyses/2026-09-30/nursery_0_design_20260930_v0_1/FS-005_EXPLORATION_DETAILS.json,114107,3b22dde0246ac29edc1d79427d2c05c799f06195f199dbafd70044eb79f6f47b,3b22dde0246ac29edc1d79427d2c05c799f06195f199dbafd70044eb79f6f47b,True,False,2026-10-01T07:23:40.784892+00:00
research/analyses/2026-09-30/nursery_0_design_20260930_v0_1/FS-006_EXPLORATION_DETAILS.json,research_artifacts_local/tracked_payload_custody/analyses/2026-09-30/nursery_0_design_20260930_v0_1/FS-006_EXPLORATION_DETAILS.json,114197,d468f35498b74d7eee7355169eedb74109fd9b7342ab1f1e215db9ffccd1d41e,d468f35498b74d7eee7355169eedb74109fd9b7342ab1f1e215db9ffccd1d41e,True,False,2026-10-01T07:23:40.794004+00:00
research/analyses/2026-09-30/nursery_0_design_20260930_v0_1/FS-007_EXPLORATION_DETAILS.json,research_artifacts_local/tracked_payload_custody/analyses/2026-09-30/nursery_0_design_20260930_v0_1/FS-007_EXPLORATION_DETAILS.json,114225,df32b67611b4f3047ac3c68ad27a4c2fdfe0feecaa506ad278ca2ab20db3b5b4,df32b67611b4f3047ac3c68ad27a4c2fdfe0feecaa506ad278ca2ab20db3b5b4,True,False,2026-10-01T07:23:40.800780+00:00
research/analyses/2026-09-30/nursery_0_design_20260930_v0_1/FS-008_EXPLORATION_DETAILS.json,research_artifacts_local/tracked_payload_custody/analyses/2026-09-30/nursery_0_design_20260930_v0_1/FS-008_EXPLORATION_DETAILS.json,114113,038b3343ba247c9dc0a28e43bef14fb3417b74efa7d3d100acf75cc34e1209f9,038b3343ba247c9dc0a28e43bef14fb3417b74efa7d3d100acf75cc34e1209f9,True,False,2026-10-01T07:23:40.818499+00:00
research/analyses/2026-09-30/nursery_0_design_20260930_v0_1/FS-009_EXPLORATION_DETAILS.json,research_artifacts_local/tracked_payload_custody/analyses/2026-09-30/nursery_0_design_20260930_v0_1/FS-009_EXPLORATION_DETAILS.json,114258,bed48b1a067908966d4f6bdca22e986414b482a018f5019cf676068e1eb8deb3,bed48b1a067908966d4f6bdca22e986414b482a018f5019cf676068e1eb8deb3,True,False,2026-10-01T07:23:40.825363+00:00
research/analyses/2026-09-30/nursery_0_design_20260930_v0_1/FS-010_EXPLORATION_DETAILS.json,research_artifacts_local/tracked_payload_custody/analyses/2026-09-30/nursery_0_design_20260930_v0_1/FS-010_EXPLORATION_DETAILS.json,114031,48fec9c6e9bc0e0844e3ab799c74e4280dfdcf49ca941484647f378d046ca6b7,48fec9c6e9bc0e0844e3ab799c74e4280dfdcf49ca941484647f378d046ca6b7,True,False,2026-10-01T07:23:40.842755+00:00
research/analyses/2026-09-30/nursery_0_design_20260930_v0_1/FS-011_EXPLORATION_DETAILS.json,research_artifacts_local/tracked_payload_custody/analyses/2026-09-30/nursery_0_design_20260930_v0_1/FS-011_EXPLORATION_DETAILS.json,114073,b1f818ea1e0135c24b5f85dea69d68a32e5569320ec646ac35345a1441598640,b1f818ea1e0135c24b5f85dea69d68a32e5569320ec646ac35345a1441598640,True,False,2026-10-01T07:23:40.849790+00:00
research/analyses/2026-09-30/nursery_0_design_20260930_v0_1/FS-012_EXPLORATION_DETAILS.json,research_artifacts_local/tracked_payload_custody/analyses/2026-09-30/nursery_0_design_20260930_v0_1/FS-012_EXPLORATION_DETAILS.json,114247,c97bec7d071a6a793902fd646509da85b6c736cc1625b344b80bbb1cf02fed07,c97bec7d071a6a793902fd646509da85b6c736cc1625b344b80bbb1cf02fed07,True,False,2026-10-01T07:23:40.857404+00:00
research/analyses/2026-09-30/nursery_0_design_20260930_v0_1/FS-013_EXPLORATION_DETAILS.json,research_artifacts_local/tracked_payload_custody/analyses/2026-09-30/nursery_0_design_20260930_v0_1/FS-013_EXPLORATION_DETAILS.json,114143,90ddb4eaa0f92f134b2146bdb309ec254c686b0050370b2a2f7a25fc9453f7e2,90ddb4eaa0f92f134b2146bdb309ec254c686b0050370b2a2f7a25fc9453f7e2,True,False,2026-10-01T07:23:40.885680+00:00
research/analyses/2026-09-30/nursery_0_design_20260930_v0_1/FS-014_EXPLORATION_DETAILS.json,research_artifacts_local/tracked_payload_custody/analyses/2026-09-30/nursery_0_design_20260930_v0_1/FS-014_EXPLORATION_DETAILS.json,114149,8a2725bb598d094ee89aa6c7f2bd27cf3aae1ebbe461b827cb2ebaca6010be1e,8a2725bb598d094ee89aa6c7f2bd27cf3aae1ebbe461b827cb2ebaca6010be1e,True,False,2026-10-01T07:23:40.893469+00:00
research/analyses/2026-09-30/nursery_0_design_20260930_v0_1/FS-015_EXPLORATION_DETAILS.json,research_artifacts_local/tracked_payload_custody/analyses/2026-09-30/nursery_0_design_20260930_v0_1/FS-015_EXPLORATION_DETAILS.json,114320,0bae6723be39852600f5cf9ecb3fede90f7a0a4f1e3408177891b8b676b254ca,0bae6723be39852600f5cf9ecb3fede90f7a0a4f1e3408177891b8b676b254ca,True,False,2026-10-01T07:23:40.917233+00:00
research/analyses/2026-09-30/nursery_0_design_20260930_v0_1/FS-016_EXPLORATION_DETAILS.json,research_artifacts_local/tracked_payload_custody/analyses/2026-09-30/nursery_0_design_20260930_v0_1/FS-016_EXPLORATION_DETAILS.json,114111,06f02037dc232f024f08f8b096adfadad1218e2640a723b9364654f6ab72c9ec,06f02037dc232f024f08f8b096adfadad1218e2640a723b9364654f6ab72c9ec,True,False,2026-10-01T07:23:40.924281+00:00
research/analyses/2026-09-30/nursery_0_design_20260930_v0_1/FS-017_EXPLORATION_DETAILS.json,research_artifacts_local/tracked_payload_custody/analyses/2026-09-30/nursery_0_design_20260930_v0_1/FS-017_EXPLORATION_DETAILS.json,114261,0fe8bd84c9e2526214117320f7a6457e30cadf0b6d6b073cb2f2e1bf47879699,0fe8bd84c9e2526214117320f7a6457e30cadf0b6d6b073cb2f2e1bf47879699,True,False,2026-10-01T07:23:40.931599+00:00
research/analyses/2026-09-30/nursery_0_design_20260930_v0_1/FS-018_EXPLORATION_DETAILS.json,research_artifacts_local/tracked_payload_custody/analyses/2026-09-30/nursery_0_design_20260930_v0_1/FS-018_EXPLORATION_DETAILS.json,114176,35d5caf89a792255b579737b47757708cec98de71f56c7c2f5d311bc4a2048e9,35d5caf89a792255b579737b47757708cec98de71f56c7c2f5d311bc4a2048e9,True,False,2026-10-01T07:23:40.938389+00:00
research/analyses/2026-09-30/nursery_0_design_20260930_v0_1/FS-019_EXPLORATION_DETAILS.json,research_artifacts_local/tracked_payload_custody/analyses/2026-09-30/nursery_0_design_20260930_v0_1/FS-019_EXPLORATION_DETAILS.json,114123,34a7003baf6f3ef121d795314c8dd5526288c7aaff02a6a195d0ba5e58021d23,34a7003baf6f3ef121d795314c8dd5526288c7aaff02a6a195d0ba5e58021d23,True,False,2026-10-01T07:23:40.963426+00:00
research/analyses/2026-09-30/nursery_0_design_20260930_v0_1/FS-020_EXPLORATION_DETAILS.json,research_artifacts_local/tracked_payload_custody/analyses/2026-09-30/nursery_0_design_20260930_v0_1/FS-020_EXPLORATION_DETAILS.json,114312,2939ccfa5295f9c942e8f1b2f6bce34ac0ec850fd2e1334e164988817dd59cb5,2939ccfa5295f9c942e8f1b2f6bce34ac0ec850fd2e1334e164988817dd59cb5,True,False,2026-10-01T07:23:40.970699+00:00
research/analyses/2026-09-30/nursery_0_design_20260930_v0_1/FS-021_EXPLORATION_DETAILS.json,research_artifacts_local/tracked_payload_custody/analyses/2026-09-30/nursery_0_design_20260930_v0_1/FS-021_EXPLORATION_DETAILS.json,114170,339642d9505475b6366a087a9a4bc5d2fddd91e4e15e8d8210e90656ebdf5f5f,339642d9505475b6366a087a9a4bc5d2fddd91e4e15e8d8210e90656ebdf5f5f,True,False,2026-10-01T07:23:40.985277+00:00
research/analyses/2026-09-30/nursery_0_design_20260930_v0_1/FS-022_EXPLORATION_DETAILS.json,research_artifacts_local/tracked_payload_custody/analyses/2026-09-30/nursery_0_design_20260930_v0_1/FS-022_EXPLORATION_DETAILS.json,114324,8b25aecdde77a07706ad0f891b6978e2a0b5bf1773c19268c787e1d72f9dc3fc,8b25aecdde77a07706ad0f891b6978e2a0b5bf1773c19268c787e1d72f9dc3fc,True,False,2026-10-01T07:23:40.995573+00:00
research/analyses/2026-09-30/nursery_0_design_20260930_v0_1/FS-023_EXPLORATION_DETAILS.json,research_artifacts_local/tracked_payload_custody/analyses/2026-09-30/nursery_0_design_20260930_v0_1/FS-023_EXPLORATION_DETAILS.json,114234,310d85208982768ee4a27e2fe3632630e27501bb76186db027e0fdd37d6c5e42,310d85208982768ee4a27e2fe3632630e27501bb76186db027e0fdd37d6c5e42,True,False,2026-10-01T07:23:41.002931+00:00
research/analyses/2026-09-30/nursery_0_design_20260930_v0_1/FS-024_EXPLORATION_DETAILS.json,research_artifacts_local/tracked_payload_custody/analyses/2026-09-30/nursery_0_design_20260930_v0_1/FS-024_EXPLORATION_DETAILS.json,114279,d33c6c0eece67c6ca3199bb5311627ffadfb34822f6ac28348bcd90bc0a7c888,d33c6c0eece67c6ca3199bb5311627ffadfb34822f6ac28348bcd90bc0a7c888,True,False,2026-10-01T07:23:41.014763+00:00
research/analyses/2026-09-30/nursery_0_design_20260930_v0_1/FS-025_EXPLORATION_DETAILS.json,research_artifacts_local/tracked_payload_custody/analyses/2026-09-30/nursery_0_design_20260930_v0_1/FS-025_EXPLORATION_DETAILS.json,114180,719c4d3dc5d15720445b66a3a141b0382fbd17413dee36ea9ade93d521258526,719c4d3dc5d15720445b66a3a141b0382fbd17413dee36ea9ade93d521258526,True,False,2026-10-01T07:23:41.023859+00:00
research/analyses/2026-09-30/nursery_0_design_20260930_v0_1/FS-026_EXPLORATION_DETAILS.json,research_artifacts_local/tracked_payload_custody/analyses/2026-09-30/nursery_0_design_20260930_v0_1/FS-026_EXPLORATION_DETAILS.json,114167,5ec66b1d269e9ed6cecf182dec127a9835b882b50b641347bb423f6cc35f36ec,5ec66b1d269e9ed6cecf182dec127a9835b882b50b641347bb423f6cc35f36ec,True,False,2026-10-01T07:23:41.036909+00:00
research/analyses/2026-09-30/nursery_0_design_20260930_v0_1/FS-027_EXPLORATION_DETAILS.json,research_artifacts_local/tracked_payload_custody/analyses/2026-09-30/nursery_0_design_20260930_v0_1/FS-027_EXPLORATION_DETAILS.json,114048,4a106d9707eafee7307f06cc2005e0ecf53be26294905bfb153c17bc73798c5a,4a106d9707eafee7307f06cc2005e0ecf53be26294905bfb153c17bc73798c5a,True,False,2026-10-01T07:23:41.044575+00:00
research/analyses/2026-09-30/nursery_0_design_20260930_v0_1/FS-028_EXPLORATION_DETAILS.json,research_artifacts_local/tracked_payload_custody/analyses/2026-09-30/nursery_0_design_20260930_v0_1/FS-028_EXPLORATION_DETAILS.json,114240,70387d6d667b5fee0486b95b6be3cd581f03f8cc52d0d074291a124bb9c4d6fe,70387d6d667b5fee0486b95b6be3cd581f03f8cc52d0d074291a124bb9c4d6fe,True,False,2026-10-01T07:23:41.052185+00:00
research/analyses/2026-09-30/nursery_0_design_20260930_v0_1/FS-029_EXPLORATION_DETAILS.json,research_artifacts_local/tracked_payload_custody/analyses/2026-09-30/nursery_0_design_20260930_v0_1/FS-029_EXPLORATION_DETAILS.json,114313,cb20b15efb4743f0cf27332fb8597a15c4250c7d6a47afcec17e5f98500dd386,cb20b15efb4743f0cf27332fb8597a15c4250c7d6a47afcec17e5f98500dd386,True,False,2026-10-01T07:23:41.061381+00:00
research/analyses/2026-09-30/nursery_0_design_20260930_v0_1/FS-030_EXPLORATION_DETAILS.json,research_artifacts_local/tracked_payload_custody/analyses/2026-09-30/nursery_0_design_20260930_v0_1/FS-030_EXPLORATION_DETAILS.json,114103,32a70a9dfab8a7f819300f3bf0adc2036882683090e6689f0dbb88e6e0425d03,32a70a9dfab8a7f819300f3bf0adc2036882683090e6689f0dbb88e6e0425d03,True,False,2026-10-01T07:23:41.070247+00:00
research/analyses/2026-09-30/nursery_0_design_20260930_v0_1/FS-031_EXPLORATION_DETAILS.json,research_artifacts_local/tracked_payload_custody/analyses/2026-09-30/nursery_0_design_20260930_v0_1/FS-031_EXPLORATION_DETAILS.json,114044,41123055e879923a1dc90293274f1b8fa1c88e1a00bd1f882edd42c03f277f46,41123055e879923a1dc90293274f1b8fa1c88e1a00bd1f882edd42c03f277f46,True,False,2026-10-01T07:23:41.081474+00:00
research/analyses/2026-09-30/nursery_0_design_20260930_v0_1/FS-032_EXPLORATION_DETAILS.json,research_artifacts_local/tracked_payload_custody/analyses/2026-09-30/nursery_0_design_20260930_v0_1/FS-032_EXPLORATION_DETAILS.json,114165,e1103f6e9656fcb6cfbdf08d4e899af70fae6ddf328cfc83504c6c3ad67df09c,e1103f6e9656fcb6cfbdf08d4e899af70fae6ddf328cfc83504c6c3ad67df09c,True,False,2026-10-01T07:23:41.091019+00:00
research/analyses/2026-09-30/nursery_0_design_20260930_v0_1/FS-033_EXPLORATION_DETAILS.json,research_artifacts_local/tracked_payload_custody/analyses/2026-09-30/nursery_0_design_20260930_v0_1/FS-033_EXPLORATION_DETAILS.json,114011,85f1a1040e4398016ee01b702506e530875b7465cd74da055d3d427571f041aa,85f1a1040e4398016ee01b702506e530875b7465cd74da055d3d427571f041aa,True,False,2026-10-01T07:23:41.098161+00:00
research/analyses/2026-09-30/nursery_0_design_20260930_v0_1/FS-034_EXPLORATION_DETAILS.json,research_artifacts_local/tracked_payload_custody/analyses/2026-09-30/nursery_0_design_20260930_v0_1/FS-034_EXPLORATION_DETAILS.json,114113,bba1807c6dafa19c9898b4a6c09b87ea8addb562e63c2afa444a3a5d21062be9,bba1807c6dafa19c9898b4a6c09b87ea8addb562e63c2afa444a3a5d21062be9,True,False,2026-10-01T07:23:41.106130+00:00
research/analyses/2026-09-30/nursery_0_design_20260930_v0_1/FS-035_EXPLORATION_DETAILS.json,research_artifacts_local/tracked_payload_custody/analyses/2026-09-30/nursery_0_design_20260930_v0_1/FS-035_EXPLORATION_DETAILS.json,114129,0ed048c3ad70d7f344e6f995cdb2dbd5f4e0dded7c6ff0b8ae1a485490e5c13f,0ed048c3ad70d7f344e6f995cdb2dbd5f4e0dded7c6ff0b8ae1a485490e5c13f,True,False,2026-10-01T07:23:41.117078+00:00
research/analyses/2026-09-30/nursery_0_design_20260930_v0_1/FS-036_EXPLORATION_DETAILS.json,research_artifacts_local/tracked_payload_custody/analyses/2026-09-30/nursery_0_design_20260930_v0_1/FS-036_EXPLORATION_DETAILS.json,114059,76a90d771991d9542cc32353e46e7ae15a6f6ab48c6b0cef6e9c762012f94751,76a90d771991d9542cc32353e46e7ae15a6f6ab48c6b0cef6e9c762012f94751,True,False,2026-10-01T07:23:41.124659+00:00
research/analyses/2026-09-30/nursery_0_design_20260930_v0_1/FS-037_EXPLORATION_DETAILS.json,research_artifacts_local/tracked_payload_custody/analyses/2026-09-30/nursery_0_design_20260930_v0_1/FS-037_EXPLORATION_DETAILS.json,114228,5b392aa4c567aa36fe2d72f330c5e87707aa2973ddd8aad96996928164d9fefd,5b392aa4c567aa36fe2d72f330c5e87707aa2973ddd8aad96996928164d9fefd,True,False,2026-10-01T07:23:41.131838+00:00
research/analyses/2026-09-30/nursery_0_design_20260930_v0_1/FS-038_EXPLORATION_DETAILS.json,research_artifacts_local/tracked_payload_custody/analyses/2026-09-30/nursery_0_design_20260930_v0_1/FS-038_EXPLORATION_DETAILS.json,114237,8b400aba996a3df3fe4216d1cdc7c4208d5784332a4eb591a548afc94cdea6f3,8b400aba996a3df3fe4216d1cdc7c4208d5784332a4eb591a548afc94cdea6f3,True,False,2026-10-01T07:23:41.139007+00:00
research/analyses/2026-09-30/nursery_0_design_20260930_v0_1/FS-039_EXPLORATION_DETAILS.json,research_artifacts_local/tracked_payload_custody/analyses/2026-09-30/nursery_0_design_20260930_v0_1/FS-039_EXPLORATION_DETAILS.json,114100,fc06e8e75539896280be577d21587cc8b97ae51bca9ec66affa56b4c4968ba5d,fc06e8e75539896280be577d21587cc8b97ae51bca9ec66affa56b4c4968ba5d,True,False,2026-10-01T07:23:41.148604+00:00
research/analyses/2026-09-30/nursery_0_design_20260930_v0_1/FS-040_EXPLORATION_DETAILS.json,research_artifacts_local/tracked_payload_custody/analyses/2026-09-30/nursery_0_design_20260930_v0_1/FS-040_EXPLORATION_DETAILS.json,114220,b6324e7f06f145ff7b6939771fcd14864007b52f783284a3893b555595b093e6,b6324e7f06f145ff7b6939771fcd14864007b52f783284a3893b555595b093e6,True,False,2026-10-01T07:23:41.162679+00:00
research/analyses/2026-09-30/nursery_0_design_20260930_v0_1/FS-041_EXPLORATION_DETAILS.json,research_artifacts_local/tracked_payload_custody/analyses/2026-09-30/nursery_0_design_20260930_v0_1/FS-041_EXPLORATION_DETAILS.json,114153,5c2e6f4a3e700b4c951faab9c49f59b6e714c08d73fcebee80a360389bdbec72,5c2e6f4a3e700b4c951faab9c49f59b6e714c08d73fcebee80a360389bdbec72,True,False,2026-10-01T07:23:41.170255+00:00
research/analyses/2026-09-30/nursery_0_design_20260930_v0_1/FS-042_EXPLORATION_DETAILS.json,research_artifacts_local/tracked_payload_custody/analyses/2026-09-30/nursery_0_design_20260930_v0_1/FS-042_EXPLORATION_DETAILS.json,114300,d7f7991f23a44470f04e718fd480e1ae15940be114a0778d1b0b4bb36fa22455,d7f7991f23a44470f04e718fd480e1ae15940be114a0778d1b0b4bb36fa22455,True,False,2026-10-01T07:23:41.180554+00:00
research/analyses/2026-09-30/nursery_0_design_20260930_v0_1/FS-043_EXPLORATION_DETAILS.json,research_artifacts_local/tracked_payload_custody/analyses/2026-09-30/nursery_0_design_20260930_v0_1/FS-043_EXPLORATION_DETAILS.json,114141,a74a4b81f04f65f9b26d0ad1e733c74fa55837f045ae5f42e9b27210a41dad66,a74a4b81f04f65f9b26d0ad1e733c74fa55837f045ae5f42e9b27210a41dad66,True,False,2026-10-01T07:23:41.187710+00:00
research/analyses/2026-09-30/nursery_0_design_20260930_v0_1/FS-044_EXPLORATION_DETAILS.json,research_artifacts_local/tracked_payload_custody/analyses/2026-09-30/nursery_0_design_20260930_v0_1/FS-044_EXPLORATION_DETAILS.json,114299,8e8fd274c9ec24b9a5a8f3d060412c633207ae2800a784d7278c72a4532ff038,8e8fd274c9ec24b9a5a8f3d060412c633207ae2800a784d7278c72a4532ff038,True,False,2026-10-01T07:23:41.194379+00:00
research/analyses/2026-09-30/nursery_0_design_20260930_v0_1/FS-045_EXPLORATION_DETAILS.json,research_artifacts_local/tracked_payload_custody/analyses/2026-09-30/nursery_0_design_20260930_v0_1/FS-045_EXPLORATION_DETAILS.json,114194,a356fbd5534d92d5d5da406e26ff6faf1da24d3550a1fc9fecc5770f726fd8f6,a356fbd5534d92d5d5da406e26ff6faf1da24d3550a1fc9fecc5770f726fd8f6,True,False,2026-10-01T07:23:41.213926+00:00
research/analyses/2026-09-30/nursery_0_design_20260930_v0_1/FS-046_EXPLORATION_DETAILS.json,research_artifacts_local/tracked_payload_custody/analyses/2026-09-30/nursery_0_design_20260930_v0_1/FS-046_EXPLORATION_DETAILS.json,114221,3001c3768f10d63cb1c6d44a0ad2c308b6e4ec8fdaadfdfc5666a46f88b0e612,3001c3768f10d63cb1c6d44a0ad2c308b6e4ec8fdaadfdfc5666a46f88b0e612,True,False,2026-10-01T07:23:41.221031+00:00
research/analyses/2026-09-30/nursery_0_design_20260930_v0_1/FS-047_EXPLORATION_DETAILS.json,research_artifacts_local/tracked_payload_custody/analyses/2026-09-30/nursery_0_design_20260930_v0_1/FS-047_EXPLORATION_DETAILS.json,114155,f26c534a069ef5dbe0915d8ac45a94c2ff6b888fc9ae91d9892552d7fda1f1c9,f26c534a069ef5dbe0915d8ac45a94c2ff6b888fc9ae91d9892552d7fda1f1c9,True,False,2026-10-01T07:23:41.229127+00:00
research/analyses/2026-09-30/nursery_0_design_20260930_v0_1/FS-048_EXPLORATION_DETAILS.json,research_artifacts_local/tracked_payload_custody/analyses/2026-09-30/nursery_0_design_20260930_v0_1/FS-048_EXPLORATION_DETAILS.json,114081,5599579615cdf6b059b9f424760d67f6c99b390e094a9234d7e31cc2595d6c18,5599579615cdf6b059b9f424760d67f6c99b390e094a9234d7e31cc2595d6c18,True,False,2026-10-01T07:23:41.237385+00:00
research/analyses/2026-09-30/nursery_0_design_20260930_v0_1/FS-049_EXPLORATION_DETAILS.json,research_artifacts_local/tracked_payload_custody/analyses/2026-09-30/nursery_0_design_20260930_v0_1/FS-049_EXPLORATION_DETAILS.json,114170,fb7e0749fb3302f1317d38944cc4c8727c43e6b9105d4b4c88e5556ddc80b0f9,fb7e0749fb3302f1317d38944cc4c8727c43e6b9105d4b4c88e5556ddc80b0f9,True,False,2026-10-01T07:23:41.264898+00:00
research/analyses/2026-09-30/nursery_0_design_20260930_v0_1/FS-050_EXPLORATION_DETAILS.json,research_artifacts_local/tracked_payload_custody/analyses/2026-09-30/nursery_0_design_20260930_v0_1/FS-050_EXPLORATION_DETAILS.json,114279,b8853024ae9be496cbaea33f23f76cba49c1e5d1a27f94a6e324af84631cbf97,b8853024ae9be496cbaea33f23f76cba49c1e5d1a27f94a6e324af84631cbf97,True,False,2026-10-01T07:23:41.285113+00:00
research/analyses/2026-09-30/nursery_0_design_20260930_v0_1/FS-051_EXPLORATION_DETAILS.json,research_artifacts_local/tracked_payload_custody/analyses/2026-09-30/nursery_0_design_20260930_v0_1/FS-051_EXPLORATION_DETAILS.json,114193,30c95ad2d0a32dcfdfd6ce3092fad5b60d52b8dcb6ee73c65bad6cb252640e7a,30c95ad2d0a32dcfdfd6ce3092fad5b60d52b8dcb6ee73c65bad6cb252640e7a,True,False,2026-10-01T07:23:41.303553+00:00
research/analyses/2026-09-30/nursery_0_design_20260930_v0_1/FS-052_EXPLORATION_DETAILS.json,research_artifacts_local/tracked_payload_custody/analyses/2026-09-30/nursery_0_design_20260930_v0_1/FS-052_EXPLORATION_DETAILS.json,114277,7e95b635c3b3a85f4addb56bd86bb8e0c482eb967d2dcdabc25979d8b595d5d8,7e95b635c3b3a85f4addb56bd86bb8e0c482eb967d2dcdabc25979d8b595d5d8,True,False,2026-10-01T07:23:41.313011+00:00
research/analyses/2026-09-30/nursery_0_design_20260930_v0_1/FS-053_EXPLORATION_DETAILS.json,research_artifacts_local/tracked_payload_custody/analyses/2026-09-30/nursery_0_design_20260930_v0_1/FS-053_EXPLORATION_DETAILS.json,114142,1870602b6341c8926b4de9c0c755cce489405411ab6eece0f05fe38d9008aaed,1870602b6341c8926b4de9c0c755cce489405411ab6eece0f05fe38d9008aaed,True,False,2026-10-01T07:23:41.328983+00:00
research/analyses/2026-09-30/nursery_0_design_20260930_v0_1/FS-054_EXPLORATION_DETAILS.json,research_artifacts_local/tracked_payload_custody/analyses/2026-09-30/nursery_0_design_20260930_v0_1/FS-054_EXPLORATION_DETAILS.json,114231,9ce42f1ae23ac451d059932863f6a4e947c502c765f07ab6f3e5a9720b79e5ec,9ce42f1ae23ac451d059932863f6a4e947c502c765f07ab6f3e5a9720b79e5ec,True,False,2026-10-01T07:23:41.339647+00:00
research/analyses/2026-09-30/nursery_0_design_20260930_v0_1/FS-055_EXPLORATION_DETAILS.json,research_artifacts_local/tracked_payload_custody/analyses/2026-09-30/nursery_0_design_20260930_v0_1/FS-055_EXPLORATION_DETAILS.json,114085,b10b5cc265b0169efb5d666df11cb143516332cc5177a4cb94d33e1b8cde2427,b10b5cc265b0169efb5d666df11cb143516332cc5177a4cb94d33e1b8cde2427,True,False,2026-10-01T07:23:41.349849+00:00
research/analyses/2026-09-30/nursery_0_design_20260930_v0_1/FS-056_EXPLORATION_DETAILS.json,research_artifacts_local/tracked_payload_custody/analyses/2026-09-30/nursery_0_design_20260930_v0_1/FS-056_EXPLORATION_DETAILS.json,114161,4fae74487c879e17743b7bc0457908ecfc03b79b85004ef1cb9cf77b25fb0884,4fae74487c879e17743b7bc0457908ecfc03b79b85004ef1cb9cf77b25fb0884,True,False,2026-10-01T07:23:41.362087+00:00
research/analyses/2026-09-30/nursery_0_design_20260930_v0_1/FS-057_EXPLORATION_DETAILS.json,research_artifacts_local/tracked_payload_custody/analyses/2026-09-30/nursery_0_design_20260930_v0_1/FS-057_EXPLORATION_DETAILS.json,114169,fbc5229e68155623a8ef052737af0125f18a4600c44a7c7d70f0468614a415ad,fbc5229e68155623a8ef052737af0125f18a4600c44a7c7d70f0468614a415ad,True,False,2026-10-01T07:23:41.373392+00:00
research/analyses/2026-09-30/nursery_0_design_20260930_v0_1/FS-058_EXPLORATION_DETAILS.json,research_artifacts_local/tracked_payload_custody/analyses/2026-09-30/nursery_0_design_20260930_v0_1/FS-058_EXPLORATION_DETAILS.json,114253,1be48fffd60d0ce2fcee940f386646c2fc79c758817e3f5c66d366f8c1ec4c5c,1be48fffd60d0ce2fcee940f386646c2fc79c758817e3f5c66d366f8c1ec4c5c,True,False,2026-10-01T07:23:41.380298+00:00
research/analyses/2026-09-30/nursery_0_design_20260930_v0_1/FS-059_EXPLORATION_DETAILS.json,research_artifacts_local/tracked_payload_custody/analyses/2026-09-30/nursery_0_design_20260930_v0_1/FS-059_EXPLORATION_DETAILS.json,114061,dbcaedb0282d2f782b14fa36dc8019580d7e6a74465a33de4d15f89184b4b0e6,dbcaedb0282d2f782b14fa36dc8019580d7e6a74465a33de4d15f89184b4b0e6,True,False,2026-10-01T07:23:41.391493+00:00
research/analyses/2026-09-30/nursery_0_design_20260930_v0_1/FS-060_EXPLORATION_DETAILS.json,research_artifacts_local/tracked_payload_custody/analyses/2026-09-30/nursery_0_design_20260930_v0_1/FS-060_EXPLORATION_DETAILS.json,113857,20bc50b403a411e1dd0f1db59cc87fb0c3223015eaca30a21ca14c97934c0635,20bc50b403a411e1dd0f1db59cc87fb0c3223015eaca30a21ca14c97934c0635,True,False,2026-10-01T07:23:41.403790+00:00
research/analyses/2026-09-30/nursery_0_design_20260930_v0_1/NURSERY_0_LAYOUT_REVIEW.png,research_artifacts_local/tracked_payload_custody/analyses/2026-09-30/nursery_0_design_20260930_v0_1/NURSERY_0_LAYOUT_REVIEW.png,148432,33d38f6c361569161a6274a3dc772e059280b51e41d8b30c60766a7dd2ed7b1b,33d38f6c361569161a6274a3dc772e059280b51e41d8b30c60766a7dd2ed7b1b,True,False,2026-10-01T07:23:41.412938+00:00
research/analyses/2026-09-30/nursery_0_design_20260930_v0_1/NURSERY_0_LAYOUT_REVIEW.svg,research_artifacts_local/tracked_payload_custody/analyses/2026-09-30/nursery_0_design_20260930_v0_1/NURSERY_0_LAYOUT_REVIEW.svg,11986,bf439ed569f84f0d69f1c6b6bb760a9f996fdb89f75f3e91881fc12dad892ee0,bf439ed569f84f0d69f1c6b6bb760a9f996fdb89f75f3e91881fc12dad892ee0,True,False,2026-10-01T07:23:41.423093+00:00
research/analyses/2026-09-30/nursery_0_design_20260930_v0_1/NURSERY_0_STATIC_LAYOUT.svg,research_artifacts_local/tracked_payload_custody/analyses/2026-09-30/nursery_0_design_20260930_v0_1/NURSERY_0_STATIC_LAYOUT.svg,5488,5a11f9a04cd754e056a67e8f48eda62ea39a48cafd72c311c922088270da94bf,5a11f9a04cd754e056a67e8f48eda62ea39a48cafd72c311c922088270da94bf,True,False,2026-10-01T07:23:41.427122+00:00
research/analyses/2026-09-30/nursery_birth_motor_review_20260930_v0_1/BIRTH_ARENA_MAP.png,research_artifacts_local/tracked_payload_custody/analyses/2026-09-30/nursery_birth_motor_review_20260930_v0_1/BIRTH_ARENA_MAP.png,268395,2c51f22c39dca3f5eef31aef17d0eebbd465632ae8b77135b6428e6ddeb95b5d,2c51f22c39dca3f5eef31aef17d0eebbd465632ae8b77135b6428e6ddeb95b5d,True,False,2026-10-01T07:23:41.436573+00:00
research/analyses/2026-09-30/nursery_birth_motor_review_20260930_v0_1/BIRTH_ARENA_MAP.svg,research_artifacts_local/tracked_payload_custody/analyses/2026-09-30/nursery_birth_motor_review_20260930_v0_1/BIRTH_ARENA_MAP.svg,157530,a2f37b0305e352940836f116b14ae2ed471b0076e00b57f78ac1510810ee4aaa,a2f37b0305e352940836f116b14ae2ed471b0076e00b57f78ac1510810ee4aaa,True,False,2026-10-01T07:23:41.448535+00:00
research/analyses/2026-09-30/nursery_birth_motor_review_20260930_v0_1/BIRTH_GEOGRAPHY_ASSOCIATIONS.png,research_artifacts_local/tracked_payload_custody/analyses/2026-09-30/nursery_birth_motor_review_20260930_v0_1/BIRTH_GEOGRAPHY_ASSOCIATIONS.png,216084,2d5161539237dc333371582182053cfc25a1cbbac141c78c62967941a6dc6fbf,2d5161539237dc333371582182053cfc25a1cbbac141c78c62967941a6dc6fbf,True,False,2026-10-01T07:23:41.457336+00:00
research/analyses/2026-09-30/nursery_birth_motor_review_20260930_v0_1/BIRTH_GEOGRAPHY_ASSOCIATIONS.svg,research_artifacts_local/tracked_payload_custody/analyses/2026-09-30/nursery_birth_motor_review_20260930_v0_1/BIRTH_GEOGRAPHY_ASSOCIATIONS.svg,49758,ee886d0316f4e06ac227f5be06967cde6a7a7593b7ffc89dd490adf350703e37,ee886d0316f4e06ac227f5be06967cde6a7a7593b7ffc89dd490adf350703e37,True,False,2026-10-01T07:23:41.468737+00:00
research/analyses/2026-09-30/nursery_birth_motor_review_20260930_v0_1/BIRTH_INITIAL_DETAILS.json,research_artifacts_local/tracked_payload_custody/analyses/2026-09-30/nursery_birth_motor_review_20260930_v0_1/BIRTH_INITIAL_DETAILS.json,210746,d7d688ce678693177909b494c43e642009a1cd26c97d0f910f038f6c20ea3e91,d7d688ce678693177909b494c43e642009a1cd26c97d0f910f038f6c20ea3e91,True,False,2026-10-01T07:23:41.476980+00:00
research/analyses/2026-10-01/b1_compact_layout_preview/compact-preview.png,research_artifacts_local/tracked_payload_custody/analyses/2026-10-01/b1_compact_layout_preview/compact-preview.png,79143,535564a259ab9cda8aa237464f7aea929174975c4ee32861c2c35c50232bdef3,535564a259ab9cda8aa237464f7aea929174975c4ee32861c2c35c50232bdef3,True,False,2026-10-01T07:23:41.487645+00:00
research/analyses/2026-10-01/m1_long_development_full_analysis_20261001_v0_1/tables/RS-M1-001_IMPACTS.csv,research_artifacts_local/tracked_payload_custody/analyses/2026-10-01/m1_long_development_full_analysis_20261001_v0_1/tables/RS-M1-001_IMPACTS.csv,3183785,6e12140b9415f435ea420be02bfcc42a8c32b4cf3c800702ab00f0a8b75429b6,6e12140b9415f435ea420be02bfcc42a8c32b4cf3c800702ab00f0a8b75429b6,True,False,2026-10-01T07:23:41.500777+00:00
research/analyses/2026-10-01/m1_long_development_full_analysis_20261001_v0_1/tables/RS-M1-002_IMPACTS.csv,research_artifacts_local/tracked_payload_custody/analyses/2026-10-01/m1_long_development_full_analysis_20261001_v0_1/tables/RS-M1-002_IMPACTS.csv,3871897,b563973368a1da3d9bcceb2c9a48b32056e863babf2be19f56b37e261260a031,b563973368a1da3d9bcceb2c9a48b32056e863babf2be19f56b37e261260a031,True,False,2026-10-01T07:23:41.514313+00:00
research/analyses/2026-10-01/m1_long_development_full_analysis_20261001_v0_1/tables/RS-M1-003_IMPACTS.csv,research_artifacts_local/tracked_payload_custody/analyses/2026-10-01/m1_long_development_full_analysis_20261001_v0_1/tables/RS-M1-003_IMPACTS.csv,1021323,603c559f3d555b544f6e8530944c0b53aebf67a44d4c0337e800f518cdce941a,603c559f3d555b544f6e8530944c0b53aebf67a44d4c0337e800f518cdce941a,True,False,2026-10-01T07:23:41.526796+00:00
research/analyses/2026-10-01/m1_long_development_full_analysis_20261001_v0_1/tables/RS-M1-004_IMPACTS.csv,research_artifacts_local/tracked_payload_custody/analyses/2026-10-01/m1_long_development_full_analysis_20261001_v0_1/tables/RS-M1-004_IMPACTS.csv,1868737,0e2f266f0ca8cbdfa71abe7c87605e2e8dbc74cb04e891e1e1df9141fefd57a5,0e2f266f0ca8cbdfa71abe7c87605e2e8dbc74cb04e891e1e1df9141fefd57a5,True,False,2026-10-01T07:23:41.538664+00:00
research/analyses/2026-10-01/m1_long_development_full_analysis_20261001_v0_1/tables/RS-M1-005_IMPACTS.csv,research_artifacts_local/tracked_payload_custody/analyses/2026-10-01/m1_long_development_full_analysis_20261001_v0_1/tables/RS-M1-005_IMPACTS.csv,740430,5bdb9e52dcec3ebdf18a9a5da58d8769421635c8fddfff37890ca5503706d323,5bdb9e52dcec3ebdf18a9a5da58d8769421635c8fddfff37890ca5503706d323,True,False,2026-10-01T07:23:41.549897+00:00
research/analyses/2026-10-01/m1_long_development_full_analysis_20261001_v0_1/tables/RS-M1-006_IMPACTS.csv,research_artifacts_local/tracked_payload_custody/analyses/2026-10-01/m1_long_development_full_analysis_20261001_v0_1/tables/RS-M1-006_IMPACTS.csv,1286722,ef03e3b44f4da538f1d818e4337f90c0e2f230bb9857d6559981045468b237b9,ef03e3b44f4da538f1d818e4337f90c0e2f230bb9857d6559981045468b237b9,True,False,2026-10-01T07:23:41.559993+00:00
research/analyses/2026-10-01/m1_long_development_full_analysis_20261001_v0_1/tables/RS-M1-007_IMPACTS.csv,research_artifacts_local/tracked_payload_custody/analyses/2026-10-01/m1_long_development_full_analysis_20261001_v0_1/tables/RS-M1-007_IMPACTS.csv,4236701,3eaf1cfaaaad410dbdc1e3bc2afa0a6e6fee090ff037a65de4b565c5f4fa24d4,3eaf1cfaaaad410dbdc1e3bc2afa0a6e6fee090ff037a65de4b565c5f4fa24d4,True,False,2026-10-01T07:23:41.578687+00:00
research/analyses/2026-10-01/m1_long_development_full_analysis_20261001_v0_1/tables/RS-M1-008_IMPACTS.csv,research_artifacts_local/tracked_payload_custody/analyses/2026-10-01/m1_long_development_full_analysis_20261001_v0_1/tables/RS-M1-008_IMPACTS.csv,2096340,d1b00b38fbc8f1b065deb50c46c642214d04d1a9a1845c0b19c895bea3f73caa,d1b00b38fbc8f1b065deb50c46c642214d04d1a9a1845c0b19c895bea3f73caa,True,False,2026-10-01T07:23:41.591352+00:00
research/analyses/2026-10-01/m1_long_development_full_analysis_20261001_v0_1/tables/RS-M1-009_IMPACTS.csv,research_artifacts_local/tracked_payload_custody/analyses/2026-10-01/m1_long_development_full_analysis_20261001_v0_1/tables/RS-M1-009_IMPACTS.csv,305667,1cd0c209b5d1d8332cf49c229c804b0ce54fc425a991b5e40064a4cb97fab3f4,1cd0c209b5d1d8332cf49c229c804b0ce54fc425a991b5e40064a4cb97fab3f4,True,False,2026-10-01T07:23:41.601719+00:00
research/analyses/2026-10-01/m1_long_development_full_analysis_20261001_v0_1/tables/RS-M1-011_IMPACTS.csv,research_artifacts_local/tracked_payload_custody/analyses/2026-10-01/m1_long_development_full_analysis_20261001_v0_1/tables/RS-M1-011_IMPACTS.csv,357618,41a79527bdebc0610f93f4efd376b21fca12e6f630518190bf8ca2c9ad7761b3,41a79527bdebc0610f93f4efd376b21fca12e6f630518190bf8ca2c9ad7761b3,True,False,2026-10-01T07:23:41.613587+00:00
research/analyses/2026-10-01/m1_long_development_full_analysis_20261001_v0_1/tables/RS-M1-012_IMPACTS.csv,research_artifacts_local/tracked_payload_custody/analyses/2026-10-01/m1_long_development_full_analysis_20261001_v0_1/tables/RS-M1-012_IMPACTS.csv,1613,056e585b40bc7ccf22f5e3140e38caadce6d61f6e6242b81b8b975b627b68d48,056e585b40bc7ccf22f5e3140e38caadce6d61f6e6242b81b8b975b627b68d48,True,False,2026-10-01T07:23:41.622442+00:00
research/results/2026-09-25/2026-09-25-first-a1-evidence-intake-6ad829e4/SOURCE_BATCH/Pasted text.txt,research_artifacts_local/tracked_payload_custody/results/2026-09-25/2026-09-25-first-a1-evidence-intake-6ad829e4/SOURCE_BATCH/Pasted text.txt,7280,e1f8ea52d822365a6c169dc8ec0c9318b8bb27feb57ef38891cba263a87b54e9,e1f8ea52d822365a6c169dc8ec0c9318b8bb27feb57ef38891cba263a87b54e9,True,False,2026-10-01T07:23:41.627833+00:00
research/results/2026-09-26/2026-09-26-a5-evidence-intake-82b4d9e1/PLAN.json,research_artifacts_local/tracked_payload_custody/results/2026-09-26/2026-09-26-a5-evidence-intake-82b4d9e1/PLAN.json,263781,08c295ef9225560a8e05686e27553cbf55a7b9d2e0430fbc2137d549adb97419,08c295ef9225560a8e05686e27553cbf55a7b9d2e0430fbc2137d549adb97419,True,False,2026-10-01T07:23:41.637791+00:00
research/results/2026-09-26/2026-09-26-b1-held-intake-6e3ac812/PLAN.json,research_artifacts_local/tracked_payload_custody/results/2026-09-26/2026-09-26-b1-held-intake-6e3ac812/PLAN.json,268009,9b2ce3fc1f3d3e1cb6309e68a52625df779c5f760614aa19a9e43c76e153c05c,9b2ce3fc1f3d3e1cb6309e68a52625df779c5f760614aa19a9e43c76e153c05c,True,False,2026-10-01T07:23:41.648289+00:00
research/results/2026-09-27/b1_compact_layout_20260927/compact-full.png,research_artifacts_local/tracked_payload_custody/results/2026-09-27/b1_compact_layout_20260927/compact-full.png,96670,43f17f30417cdb130bd4785fdd618c72e3bf818892d6ed4d2b98c4d9a2438b9a,43f17f30417cdb130bd4785fdd618c72e3bf818892d6ed4d2b98c4d9a2438b9a,True,False,2026-10-01T07:23:41.656527+00:00
research/results/2026-09-29/b1_execution_20260929/operator-screen-opened.png,research_artifacts_local/tracked_payload_custody/results/2026-09-29/b1_execution_20260929/operator-screen-opened.png,72253,04c3ea258e71b0d8df45959877f7b8f0f4404fa537b29eeca243b36f6da6d007,04c3ea258e71b0d8df45959877f7b8f0f4404fa537b29eeca243b36f6da6d007,True,False,2026-10-01T07:23:41.666250+00:00
research/results/2026-09-29/b1_execution_20260929_colours_01/operator-screen-opened.png,research_artifacts_local/tracked_payload_custody/results/2026-09-29/b1_execution_20260929_colours_01/operator-screen-opened.png,71579,3cf9e13fa16047286d255ba0e4bedb263f5931f76a0c7b44c38a7ab2ddaa40ff,3cf9e13fa16047286d255ba0e4bedb263f5931f76a0c7b44c38a7ab2ddaa40ff,True,False,2026-10-01T07:23:41.674365+00:00
research/results/2026-09-29/b1_hidden_execution_20260929_01/operator-screen-opened.png,research_artifacts_local/tracked_payload_custody/results/2026-09-29/b1_hidden_execution_20260929_01/operator-screen-opened.png,68840,30164540fc22559a41b88345d529376fe096c1a51eba779a3824df70a35d3158,30164540fc22559a41b88345d529376fe096c1a51eba779a3824df70a35d3158,True,False,2026-10-01T07:23:41.682608+00:00
research/results/2026-09-30/founder_expansion_execution_20260930/analysis/ALL_SIXTY_AB.json,research_artifacts_local/tracked_payload_custody/results/2026-09-30/founder_expansion_execution_20260930/analysis/ALL_SIXTY_AB.json,645100,c2c1ed886d543eaa47080530edb92842997ad3796ce2339381f6519e21aa6aad,c2c1ed886d543eaa47080530edb92842997ad3796ce2339381f6519e21aa6aad,True,False,2026-10-01T07:23:41.690577+00:00
research/results/2026-09-30/founder_expansion_execution_20260930/analysis/C_WINDOWS_COMPLETE.json,research_artifacts_local/tracked_payload_custody/results/2026-09-30/founder_expansion_execution_20260930/analysis/C_WINDOWS_COMPLETE.json,263496,257f35f200ea872e50fa29a099abd4f318325b6c52f5305ebc50dbd083908ae9,257f35f200ea872e50fa29a099abd4f318325b6c52f5305ebc50dbd083908ae9,True,False,2026-10-01T07:23:41.708016+00:00
research/results/2026-09-30/founder_expansion_execution_20260930/analysis/FS-001_display.json,research_artifacts_local/tracked_payload_custody/results/2026-09-30/founder_initial_execution_20260930/analysis/FS-001_display.json,66915,b5ab0bea2238526e89bc7f1c049a7142f121a04b60d0aaf89fa15ba30a67610f,b5ab0bea2238526e89bc7f1c049a7142f121a04b60d0aaf89fa15ba30a67610f,True,False,2026-10-01T07:23:41.716651+00:00
research/results/2026-09-30/founder_expansion_execution_20260930/analysis/FS-001_exact_wave_summary.csv,research_artifacts_local/tracked_payload_custody/results/2026-09-30/founder_expansion_execution_20260930/analysis/FS-001_exact_wave_summary.csv,1915580,ce0a415b3fbcf3ae42d8c64fd0f80f8d04f419ce596712d0391fcd4f96c10024,ce0a415b3fbcf3ae42d8c64fd0f80f8d04f419ce596712d0391fcd4f96c10024,True,False,2026-10-01T07:23:41.725355+00:00
research/results/2026-09-30/founder_expansion_execution_20260930/analysis/FS-001_raw_activity.csv,research_artifacts_local/tracked_payload_custody/results/2026-09-30/founder_expansion_execution_20260930/analysis/FS-001_raw_activity.csv,1528,c9f743befc6d5a4cd78cf65833c2244954ef82bb340f57c5b8929563473cf2ea,c9f743befc6d5a4cd78cf65833c2244954ef82bb340f57c5b8929563473cf2ea,True,False,2026-10-01T07:23:41.741468+00:00
research/results/2026-09-30/founder_expansion_execution_20260930/analysis/FS-001_waves.csv,research_artifacts_local/tracked_payload_custody/results/2026-09-30/founder_initial_execution_20260930/analysis/FS-001_waves.csv,976841,721e97e9be4e2c7cd8b6afc1a130d73557c3e9da0b9a32c51eb976efcfaf81b4,721e97e9be4e2c7cd8b6afc1a130d73557c3e9da0b9a32c51eb976efcfaf81b4,True,False,2026-10-01T07:23:41.750676+00:00
research/results/2026-09-30/founder_expansion_execution_20260930/analysis/FS-002_display.json,research_artifacts_local/tracked_payload_custody/results/2026-09-30/founder_initial_execution_20260930/analysis/FS-002_display.json,71235,d12a54bbcf07f8e313dbdca7e184871774d336b993e83e9d550b21728064bba2,d12a54bbcf07f8e313dbdca7e184871774d336b993e83e9d550b21728064bba2,True,False,2026-10-01T07:23:41.757847+00:00
research/results/2026-09-30/founder_expansion_execution_20260930/analysis/FS-002_exact_wave_summary.csv,research_artifacts_local/tracked_payload_custody/results/2026-09-30/founder_expansion_execution_20260930/analysis/FS-002_exact_wave_summary.csv,2114700,07a38734691639b79029a4f0811281b058b8ef57e9800e2131a3c96b247b28b2,07a38734691639b79029a4f0811281b058b8ef57e9800e2131a3c96b247b28b2,True,False,2026-10-01T07:23:41.771744+00:00
research/results/2026-09-30/founder_expansion_execution_20260930/analysis/FS-002_raw_activity.csv,research_artifacts_local/tracked_payload_custody/results/2026-09-30/founder_expansion_execution_20260930/analysis/FS-002_raw_activity.csv,1634,22b0b08f11bc399148f6fa40899426f3ea77f7926620240b1ab772d4d989d139,22b0b08f11bc399148f6fa40899426f3ea77f7926620240b1ab772d4d989d139,True,False,2026-10-01T07:23:41.780812+00:00
research/results/2026-09-30/founder_expansion_execution_20260930/analysis/FS-002_waves.csv,research_artifacts_local/tracked_payload_custody/results/2026-09-30/founder_initial_execution_20260930/analysis/FS-002_waves.csv,1051797,9d62afdf595c73be26e4561e1e45232314c010e85b54addaf053cd1da34d99f6,9d62afdf595c73be26e4561e1e45232314c010e85b54addaf053cd1da34d99f6,True,False,2026-10-01T07:23:41.788872+00:00
research/results/2026-09-30/founder_expansion_execution_20260930/analysis/FS-003_display.json,research_artifacts_local/tracked_payload_custody/results/2026-09-30/founder_initial_execution_20260930/analysis/FS-003_display.json,67054,1a121b917f607fa58a629491137afc500061f9553ca0eab5009e8be85c37e1fa,1a121b917f607fa58a629491137afc500061f9553ca0eab5009e8be85c37e1fa,True,False,2026-10-01T07:23:41.796741+00:00
research/results/2026-09-30/founder_expansion_execution_20260930/analysis/FS-003_exact_wave_summary.csv,research_artifacts_local/tracked_payload_custody/results/2026-09-30/founder_expansion_execution_20260930/analysis/FS-003_exact_wave_summary.csv,1915439,c9291305685fea3187c770f90e307f116d50db0e67c58632b3601cd5799f85ef,c9291305685fea3187c770f90e307f116d50db0e67c58632b3601cd5799f85ef,True,False,2026-10-01T07:23:41.805747+00:00
research/results/2026-09-30/founder_expansion_execution_20260930/analysis/FS-003_raw_activity.csv,research_artifacts_local/tracked_payload_custody/results/2026-09-30/founder_expansion_execution_20260930/analysis/FS-003_raw_activity.csv,1528,05e210e2b4c1247e901062ad458832d18807615ccf09e0087476361453421800,05e210e2b4c1247e901062ad458832d18807615ccf09e0087476361453421800,True,False,2026-10-01T07:23:41.812741+00:00
research/results/2026-09-30/founder_expansion_execution_20260930/analysis/FS-003_waves.csv,research_artifacts_local/tracked_payload_custody/results/2026-09-30/founder_initial_execution_20260930/analysis/FS-003_waves.csv,976550,504807074c2bb93c45f11216f2f36222c802ae4a4279d8e7772d77fe808a983c,504807074c2bb93c45f11216f2f36222c802ae4a4279d8e7772d77fe808a983c,True,False,2026-10-01T07:23:41.824920+00:00
research/results/2026-09-30/founder_expansion_execution_20260930/analysis/FS-004_display.json,research_artifacts_local/tracked_payload_custody/results/2026-09-30/founder_initial_execution_20260930/analysis/FS-004_display.json,67018,412b780042dd19d254b023db4e4e1028b7c38b38217344c6df34078d266159f8,412b780042dd19d254b023db4e4e1028b7c38b38217344c6df34078d266159f8,True,False,2026-10-01T07:23:41.866865+00:00
research/results/2026-09-30/founder_expansion_execution_20260930/analysis/FS-004_exact_wave_summary.csv,research_artifacts_local/tracked_payload_custody/results/2026-09-30/founder_expansion_execution_20260930/analysis/FS-004_exact_wave_summary.csv,1915414,04dd9e752ed88e1f1bed266f6af5d0848d81f1bab67980581f07c037426951ca,04dd9e752ed88e1f1bed266f6af5d0848d81f1bab67980581f07c037426951ca,True,False,2026-10-01T07:23:41.877327+00:00
research/results/2026-09-30/founder_expansion_execution_20260930/analysis/FS-004_raw_activity.csv,research_artifacts_local/tracked_payload_custody/results/2026-09-30/founder_expansion_execution_20260930/analysis/FS-004_raw_activity.csv,1523,9a6200f63bca1bb31b94b0a5afb286c5c9e850a4e617374204fa058944a05184,9a6200f63bca1bb31b94b0a5afb286c5c9e850a4e617374204fa058944a05184,True,False,2026-10-01T07:23:41.884934+00:00
research/results/2026-09-30/founder_expansion_execution_20260930/analysis/FS-004_waves.csv,research_artifacts_local/tracked_payload_custody/results/2026-09-30/founder_initial_execution_20260930/analysis/FS-004_waves.csv,976466,e21ff9e85f099deb2fdf5b5b3593a6eebd013479b1d15620143a2438a6d5b4f6,e21ff9e85f099deb2fdf5b5b3593a6eebd013479b1d15620143a2438a6d5b4f6,True,False,2026-10-01T07:23:41.896740+00:00
research/results/2026-09-30/founder_expansion_execution_20260930/analysis/FS-005_display.json,research_artifacts_local/tracked_payload_custody/results/2026-09-30/founder_initial_execution_20260930/analysis/FS-005_display.json,66944,9cde5e01769d42f3025774ba1ce6fd44f4f07ad162dddd1de4f210d17365372b,9cde5e01769d42f3025774ba1ce6fd44f4f07ad162dddd1de4f210d17365372b,True,False,2026-10-01T07:23:41.906423+00:00
research/results/2026-09-30/founder_expansion_execution_20260930/analysis/FS-005_exact_wave_summary.csv,research_artifacts_local/tracked_payload_custody/results/2026-09-30/founder_expansion_execution_20260930/analysis/FS-005_exact_wave_summary.csv,1913102,22545e8b903a1948eaeb556668b9b070dfefd29904e77ba99941df460d7fe655,22545e8b903a1948eaeb556668b9b070dfefd29904e77ba99941df460d7fe655,True,False,2026-10-01T07:23:41.918423+00:00
research/results/2026-09-30/founder_expansion_execution_20260930/analysis/FS-005_raw_activity.csv,research_artifacts_local/tracked_payload_custody/results/2026-09-30/founder_expansion_execution_20260930/analysis/FS-005_raw_activity.csv,1521,f57eb920d6d23446f27c6a2341b5276088f1f7272aedfc76efb5324d4d1db001,f57eb920d6d23446f27c6a2341b5276088f1f7272aedfc76efb5324d4d1db001,True,False,2026-10-01T07:23:41.926756+00:00
research/results/2026-09-30/founder_expansion_execution_20260930/analysis/FS-005_waves.csv,research_artifacts_local/tracked_payload_custody/results/2026-09-30/founder_initial_execution_20260930/analysis/FS-005_waves.csv,975313,053fb9dfb74e081a295165dd6474f1baf8a33d1c6d70410296adf0e060fab505,053fb9dfb74e081a295165dd6474f1baf8a33d1c6d70410296adf0e060fab505,True,False,2026-10-01T07:23:41.936787+00:00
research/results/2026-09-30/founder_expansion_execution_20260930/analysis/FS-006_display.json,research_artifacts_local/tracked_payload_custody/results/2026-09-30/founder_initial_execution_20260930/analysis/FS-006_display.json,67150,0bfec6108a4668e63ac1a0572f294f0d2aeeb2d52a844911449849b131cc0380,0bfec6108a4668e63ac1a0572f294f0d2aeeb2d52a844911449849b131cc0380,True,False,2026-10-01T07:23:41.947146+00:00
research/results/2026-09-30/founder_expansion_execution_20260930/analysis/FS-006_exact_wave_summary.csv,research_artifacts_local/tracked_payload_custody/results/2026-09-30/founder_expansion_execution_20260930/analysis/FS-006_exact_wave_summary.csv,1913288,85978fcf94c69700e2fefa3212d58d73fb318eb3548e1087201080fb0e679d4c,85978fcf94c69700e2fefa3212d58d73fb318eb3548e1087201080fb0e679d4c,True,False,2026-10-01T07:23:41.959206+00:00
research/results/2026-09-30/founder_expansion_execution_20260930/analysis/FS-006_raw_activity.csv,research_artifacts_local/tracked_payload_custody/results/2026-09-30/founder_expansion_execution_20260930/analysis/FS-006_raw_activity.csv,1508,38053007beaf96b5c2bb1e73478c510ae816da013e55f8198b4d231c7506fa78,38053007beaf96b5c2bb1e73478c510ae816da013e55f8198b4d231c7506fa78,True,False,2026-10-01T07:23:41.968871+00:00
research/results/2026-09-30/founder_expansion_execution_20260930/analysis/FS-006_waves.csv,research_artifacts_local/tracked_payload_custody/results/2026-09-30/founder_initial_execution_20260930/analysis/FS-006_waves.csv,976516,326e6dce13c6c4ee8b032964e2ac5d68a61142afb0f71512e92fe3d313201f4f,326e6dce13c6c4ee8b032964e2ac5d68a61142afb0f71512e92fe3d313201f4f,True,False,2026-10-01T07:23:41.979848+00:00
research/results/2026-09-30/founder_expansion_execution_20260930/analysis/FS-007_display.json,research_artifacts_local/tracked_payload_custody/results/2026-09-30/founder_initial_execution_20260930/analysis/FS-007_display.json,67072,84aebf33ac9f120b36570dd8c2366075159f80d737aaa0f58448f909be136e7d,84aebf33ac9f120b36570dd8c2366075159f80d737aaa0f58448f909be136e7d,True,False,2026-10-01T07:23:41.987573+00:00
research/results/2026-09-30/founder_expansion_execution_20260930/analysis/FS-007_exact_wave_summary.csv,research_artifacts_local/tracked_payload_custody/results/2026-09-30/founder_expansion_execution_20260930/analysis/FS-007_exact_wave_summary.csv,1915629,32c1835f5fdaa30f7f43f6bd5c74b7579db87465a76f1a1e82fc488a1bd83820,32c1835f5fdaa30f7f43f6bd5c74b7579db87465a76f1a1e82fc488a1bd83820,True,False,2026-10-01T07:23:41.997156+00:00
research/results/2026-09-30/founder_expansion_execution_20260930/analysis/FS-007_raw_activity.csv,research_artifacts_local/tracked_payload_custody/results/2026-09-30/founder_expansion_execution_20260930/analysis/FS-007_raw_activity.csv,1514,d92b0412060f8b8e6434d49747a7c8ab9205bca0ef1f9a9217f0b6795c803910,d92b0412060f8b8e6434d49747a7c8ab9205bca0ef1f9a9217f0b6795c803910,True,False,2026-10-01T07:23:42.003783+00:00
research/results/2026-09-30/founder_expansion_execution_20260930/analysis/FS-007_waves.csv,research_artifacts_local/tracked_payload_custody/results/2026-09-30/founder_initial_execution_20260930/analysis/FS-007_waves.csv,977128,43844db286e35ca2282fa97fcf578c8faae7b7bacb607183f10d44308c6527d0,43844db286e35ca2282fa97fcf578c8faae7b7bacb607183f10d44308c6527d0,True,False,2026-10-01T07:23:42.011466+00:00
research/results/2026-09-30/founder_expansion_execution_20260930/analysis/FS-008_display.json,research_artifacts_local/tracked_payload_custody/results/2026-09-30/founder_initial_execution_20260930/analysis/FS-008_display.json,67124,2f16f1ad025ef9b77cdf1cac3c40cb34bfbcbe5d7cc14c8836e2ec2466743cdf,2f16f1ad025ef9b77cdf1cac3c40cb34bfbcbe5d7cc14c8836e2ec2466743cdf,True,False,2026-10-01T07:23:42.025927+00:00
research/results/2026-09-30/founder_expansion_execution_20260930/analysis/FS-008_exact_wave_summary.csv,research_artifacts_local/tracked_payload_custody/results/2026-09-30/founder_expansion_execution_20260930/analysis/FS-008_exact_wave_summary.csv,1916586,0871e0d63d440def2fb2fad63cd36a9fb940a1e70c48acb2e09bc482df3bb40e,0871e0d63d440def2fb2fad63cd36a9fb940a1e70c48acb2e09bc482df3bb40e,True,False,2026-10-01T07:23:42.035278+00:00
research/results/2026-09-30/founder_expansion_execution_20260930/analysis/FS-008_raw_activity.csv,research_artifacts_local/tracked_payload_custody/results/2026-09-30/founder_expansion_execution_20260930/analysis/FS-008_raw_activity.csv,1531,e2b5a8c43a2967acd83143f95f1a2c0247e8e59640fc15df18eae69782b5d207,e2b5a8c43a2967acd83143f95f1a2c0247e8e59640fc15df18eae69782b5d207,True,False,2026-10-01T07:23:42.039916+00:00
research/results/2026-09-30/founder_expansion_execution_20260930/analysis/FS-008_waves.csv,research_artifacts_local/tracked_payload_custody/results/2026-09-30/founder_initial_execution_20260930/analysis/FS-008_waves.csv,977789,7454dad6a8b77dff6c3f7d0ff51530eef4c3f0c8748e06e27ef0983a1d254a89,7454dad6a8b77dff6c3f7d0ff51530eef4c3f0c8748e06e27ef0983a1d254a89,True,False,2026-10-01T07:23:42.056641+00:00
research/results/2026-09-30/founder_expansion_execution_20260930/analysis/FS-009_display.json,research_artifacts_local/tracked_payload_custody/results/2026-09-30/founder_initial_execution_20260930/analysis/FS-009_display.json,67710,438c1e7d436bee4158de54e3a927a382767bc5cdc22a40cb271de0a330ccd60e,438c1e7d436bee4158de54e3a927a382767bc5cdc22a40cb271de0a330ccd60e,True,False,2026-10-01T07:23:42.071080+00:00
research/results/2026-09-30/founder_expansion_execution_20260930/analysis/FS-009_exact_wave_summary.csv,research_artifacts_local/tracked_payload_custody/results/2026-09-30/founder_expansion_execution_20260930/analysis/FS-009_exact_wave_summary.csv,1916354,00a7679ac963a6c3e33a3dfcca1b05914db9c24c9f3e161541ae2110bef4e2da,00a7679ac963a6c3e33a3dfcca1b05914db9c24c9f3e161541ae2110bef4e2da,True,False,2026-10-01T07:23:42.080624+00:00
research/results/2026-09-30/founder_expansion_execution_20260930/analysis/FS-009_raw_activity.csv,research_artifacts_local/tracked_payload_custody/results/2026-09-30/founder_expansion_execution_20260930/analysis/FS-009_raw_activity.csv,1525,2f063f75882f818423e8f2c35f5589f0306b0f74d6759052cebcd29d71eee92f,2f063f75882f818423e8f2c35f5589f0306b0f74d6759052cebcd29d71eee92f,True,False,2026-10-01T07:23:42.087331+00:00
research/results/2026-09-30/founder_expansion_execution_20260930/analysis/FS-009_waves.csv,research_artifacts_local/tracked_payload_custody/results/2026-09-30/founder_initial_execution_20260930/analysis/FS-009_waves.csv,976826,e614825873ad5f671e57d30f158d33cba6f597b9af5e458007db5dd11b252ea3,e614825873ad5f671e57d30f158d33cba6f597b9af5e458007db5dd11b252ea3,True,False,2026-10-01T07:23:42.101501+00:00
research/results/2026-09-30/founder_expansion_execution_20260930/analysis/FS-010_display.json,research_artifacts_local/tracked_payload_custody/results/2026-09-30/founder_initial_execution_20260930/analysis/FS-010_display.json,72792,042852b6c62e7695548bd5a33f1af049e3d98a395cac0144d6abe36dac9ef7f9,042852b6c62e7695548bd5a33f1af049e3d98a395cac0144d6abe36dac9ef7f9,True,False,2026-10-01T07:23:42.109053+00:00
research/results/2026-09-30/founder_expansion_execution_20260930/analysis/FS-010_exact_wave_summary.csv,research_artifacts_local/tracked_payload_custody/results/2026-09-30/founder_expansion_execution_20260930/analysis/FS-010_exact_wave_summary.csv,2228486,87a6e606786d9da982ebf57c278b6757aed58510ef34df0af88e497eb5be2181,87a6e606786d9da982ebf57c278b6757aed58510ef34df0af88e497eb5be2181,True,False,2026-10-01T07:23:42.119023+00:00
research/results/2026-09-30/founder_expansion_execution_20260930/analysis/FS-010_raw_activity.csv,research_artifacts_local/tracked_payload_custody/results/2026-09-30/founder_expansion_execution_20260930/analysis/FS-010_raw_activity.csv,1592,340b2f16b939bab58875243f0c549aa8d081e68103159ec95229efd883805300,340b2f16b939bab58875243f0c549aa8d081e68103159ec95229efd883805300,True,False,2026-10-01T07:23:42.122892+00:00
research/results/2026-09-30/founder_expansion_execution_20260930/analysis/FS-010_waves.csv,research_artifacts_local/tracked_payload_custody/results/2026-09-30/founder_initial_execution_20260930/analysis/FS-010_waves.csv,1093654,d84ffa9e0f603e2804b0193418e6cadd67d64b67a190a03affc987c929a87360,d84ffa9e0f603e2804b0193418e6cadd67d64b67a190a03affc987c929a87360,True,False,2026-10-01T07:23:42.130528+00:00
research/results/2026-09-30/founder_expansion_execution_20260930/analysis/FS-011_display.json,research_artifacts_local/tracked_payload_custody/results/2026-09-30/founder_initial_execution_20260930/analysis/FS-011_display.json,67117,f63f403a4e80579b730db7bad72e395ae10ae61a9e65de34417b3aec0d0f96b5,f63f403a4e80579b730db7bad72e395ae10ae61a9e65de34417b3aec0d0f96b5,True,False,2026-10-01T07:23:42.143476+00:00
research/results/2026-09-30/founder_expansion_execution_20260930/analysis/FS-011_exact_wave_summary.csv,research_artifacts_local/tracked_payload_custody/results/2026-09-30/founder_expansion_execution_20260930/analysis/FS-011_exact_wave_summary.csv,1914453,0f719b24e913790ac53e62344a130ac855bedd0eb7c70a53317a4b7065d83aa0,0f719b24e913790ac53e62344a130ac855bedd0eb7c70a53317a4b7065d83aa0,True,False,2026-10-01T07:23:42.165625+00:00
research/results/2026-09-30/founder_expansion_execution_20260930/analysis/FS-011_raw_activity.csv,research_artifacts_local/tracked_payload_custody/results/2026-09-30/founder_expansion_execution_20260930/analysis/FS-011_raw_activity.csv,1514,84868238591a94350c9c181066230ba2463558c2b97b0c52f090132835b9a989,84868238591a94350c9c181066230ba2463558c2b97b0c52f090132835b9a989,True,False,2026-10-01T07:23:42.169694+00:00
research/results/2026-09-30/founder_expansion_execution_20260930/analysis/FS-011_waves.csv,research_artifacts_local/tracked_payload_custody/results/2026-09-30/founder_initial_execution_20260930/analysis/FS-011_waves.csv,976340,5902666e0e7a619fef5c4a96d9a6fe2e0aa2ff2c8a06d795a1f6c70262518278,5902666e0e7a619fef5c4a96d9a6fe2e0aa2ff2c8a06d795a1f6c70262518278,True,False,2026-10-01T07:23:42.179750+00:00
research/results/2026-09-30/founder_expansion_execution_20260930/analysis/FS-012_display.json,research_artifacts_local/tracked_payload_custody/results/2026-09-30/founder_initial_execution_20260930/analysis/FS-012_display.json,66809,7dd2883ea5f2ff02eae8f43fa976b31fe18795dc989b22b574447a36a4b6d5e8,7dd2883ea5f2ff02eae8f43fa976b31fe18795dc989b22b574447a36a4b6d5e8,True,False,2026-10-01T07:23:42.199544+00:00
research/results/2026-09-30/founder_expansion_execution_20260930/analysis/FS-012_exact_wave_summary.csv,research_artifacts_local/tracked_payload_custody/results/2026-09-30/founder_expansion_execution_20260930/analysis/FS-012_exact_wave_summary.csv,1914579,5d69a1dc0057d6de91811cef6d1905e40bf558aa49a8e56cb778f7ddb712d05e,5d69a1dc0057d6de91811cef6d1905e40bf558aa49a8e56cb778f7ddb712d05e,True,False,2026-10-01T07:23:42.214248+00:00
research/results/2026-09-30/founder_expansion_execution_20260930/analysis/FS-012_raw_activity.csv,research_artifacts_local/tracked_payload_custody/results/2026-09-30/founder_expansion_execution_20260930/analysis/FS-012_raw_activity.csv,1527,7c92a30289e8203a9d86f183aa473136490bdc16d6fff02b184675de62ee70ff,7c92a30289e8203a9d86f183aa473136490bdc16d6fff02b184675de62ee70ff,True,False,2026-10-01T07:23:42.221309+00:00
research/results/2026-09-30/founder_expansion_execution_20260930/analysis/FS-012_waves.csv,research_artifacts_local/tracked_payload_custody/results/2026-09-30/founder_initial_execution_20260930/analysis/FS-012_waves.csv,976196,41e5b4e19e5b559592dabcdaeb0b9849c427246246a59390ecf0646a64f04050,41e5b4e19e5b559592dabcdaeb0b9849c427246246a59390ecf0646a64f04050,True,False,2026-10-01T07:23:42.237415+00:00
research/results/2026-09-30/founder_expansion_execution_20260930/analysis/FS-013_display.json,research_artifacts_local/tracked_payload_custody/results/2026-09-30/founder_expansion_execution_20260930/analysis/FS-013_display.json,67154,f6be5c1eb164088244ee8e254e10df24c724da6cd13c13ec70a2eb8851454ad2,f6be5c1eb164088244ee8e254e10df24c724da6cd13c13ec70a2eb8851454ad2,True,False,2026-10-01T07:23:42.255022+00:00
research/results/2026-09-30/founder_expansion_execution_20260930/analysis/FS-013_exact_wave_summary.csv,research_artifacts_local/tracked_payload_custody/results/2026-09-30/founder_expansion_execution_20260930/analysis/FS-013_exact_wave_summary.csv,1912631,8c5315f5e779549deeffbda65a0f86f242d7fd63b76b541c2315c5a8d99778c3,8c5315f5e779549deeffbda65a0f86f242d7fd63b76b541c2315c5a8d99778c3,True,False,2026-10-01T07:23:42.265065+00:00
research/results/2026-09-30/founder_expansion_execution_20260930/analysis/FS-013_raw_activity.csv,research_artifacts_local/tracked_payload_custody/results/2026-09-30/founder_expansion_execution_20260930/analysis/FS-013_raw_activity.csv,1517,a8afeac5668f5473a4b03bdf8049cbbe344492e7743f7584fef52f72f208624e,a8afeac5668f5473a4b03bdf8049cbbe344492e7743f7584fef52f72f208624e,True,False,2026-10-01T07:23:42.268908+00:00
research/results/2026-09-30/founder_expansion_execution_20260930/analysis/FS-013_waves.csv,research_artifacts_local/tracked_payload_custody/results/2026-09-30/founder_expansion_execution_20260930/analysis/FS-013_waves.csv,975427,3af12799b3171d10a7113d97d5a72a676ad279445b6508e73b9316a9f4fed723,3af12799b3171d10a7113d97d5a72a676ad279445b6508e73b9316a9f4fed723,True,False,2026-10-01T07:23:42.286777+00:00
research/results/2026-09-30/founder_expansion_execution_20260930/analysis/FS-014_display.json,research_artifacts_local/tracked_payload_custody/results/2026-09-30/founder_expansion_execution_20260930/analysis/FS-014_display.json,66505,e9083e7b3f65f71de578d4f59608968cb39edd8b51133257421154be0ce12fc7,e9083e7b3f65f71de578d4f59608968cb39edd8b51133257421154be0ce12fc7,True,False,2026-10-01T07:23:42.309181+00:00
research/results/2026-09-30/founder_expansion_execution_20260930/analysis/FS-014_exact_wave_summary.csv,research_artifacts_local/tracked_payload_custody/results/2026-09-30/founder_expansion_execution_20260930/analysis/FS-014_exact_wave_summary.csv,1914331,28504f4c43efd82f0dce0028fc524abaacdc92e4cdbe9ac9ffd6bab1f6da0c46,28504f4c43efd82f0dce0028fc524abaacdc92e4cdbe9ac9ffd6bab1f6da0c46,True,False,2026-10-01T07:23:42.322147+00:00
research/results/2026-09-30/founder_expansion_execution_20260930/analysis/FS-014_raw_activity.csv,research_artifacts_local/tracked_payload_custody/results/2026-09-30/founder_expansion_execution_20260930/analysis/FS-014_raw_activity.csv,1523,8afd0fe3b9d417365f3b5b014fa56f79f3b42b71608db58fef72911483d42b74,8afd0fe3b9d417365f3b5b014fa56f79f3b42b71608db58fef72911483d42b74,True,False,2026-10-01T07:23:42.328946+00:00
research/results/2026-09-30/founder_expansion_execution_20260930/analysis/FS-014_waves.csv,research_artifacts_local/tracked_payload_custody/results/2026-09-30/founder_expansion_execution_20260930/analysis/FS-014_waves.csv,977231,2a6fdc119a44cd888b27cc4a2db8abaf56fdc39bd893758d029830883f37a57e,2a6fdc119a44cd888b27cc4a2db8abaf56fdc39bd893758d029830883f37a57e,True,False,2026-10-01T07:23:42.347354+00:00
research/results/2026-09-30/founder_expansion_execution_20260930/analysis/FS-015_display.json,research_artifacts_local/tracked_payload_custody/results/2026-09-30/founder_expansion_execution_20260930/analysis/FS-015_display.json,73447,f3642e1f0d3339c29f0da6891b7f3c9f4ae0f7bd1531be90c5cea390a21da554,f3642e1f0d3339c29f0da6891b7f3c9f4ae0f7bd1531be90c5cea390a21da554,True,False,2026-10-01T07:23:42.354845+00:00
research/results/2026-09-30/founder_expansion_execution_20260930/analysis/FS-015_exact_wave_summary.csv,research_artifacts_local/tracked_payload_custody/results/2026-09-30/founder_expansion_execution_20260930/analysis/FS-015_exact_wave_summary.csv,2230990,7a46792b8295d1685a4e0b1d9f30cd7baaf30bca4d5de12d4a11f6ae01e93d9e,7a46792b8295d1685a4e0b1d9f30cd7baaf30bca4d5de12d4a11f6ae01e93d9e,True,False,2026-10-01T07:23:42.374606+00:00
research/results/2026-09-30/founder_expansion_execution_20260930/analysis/FS-015_raw_activity.csv,research_artifacts_local/tracked_payload_custody/results/2026-09-30/founder_expansion_execution_20260930/analysis/FS-015_raw_activity.csv,1588,abd8d6e49891fea80de6467d1aa518a96623911dfb54039a09b41a7521428f15,abd8d6e49891fea80de6467d1aa518a96623911dfb54039a09b41a7521428f15,True,False,2026-10-01T07:23:42.382151+00:00
research/results/2026-09-30/founder_expansion_execution_20260930/analysis/FS-015_waves.csv,research_artifacts_local/tracked_payload_custody/results/2026-09-30/founder_expansion_execution_20260930/analysis/FS-015_waves.csv,1098189,86e45f0c1f815a3d75f58f2ab242b865ab0370bc3b161b06e6d2da7e12b14ae6,86e45f0c1f815a3d75f58f2ab242b865ab0370bc3b161b06e6d2da7e12b14ae6,True,False,2026-10-01T07:23:42.390314+00:00
research/results/2026-09-30/founder_expansion_execution_20260930/analysis/FS-016_display.json,research_artifacts_local/tracked_payload_custody/results/2026-09-30/founder_expansion_execution_20260930/analysis/FS-016_display.json,67440,b9d855bcb27129b618a4cac1cb48ed00aa4067062f7d7c5571708cac4fcadcef,b9d855bcb27129b618a4cac1cb48ed00aa4067062f7d7c5571708cac4fcadcef,True,False,2026-10-01T07:23:42.421013+00:00
research/results/2026-09-30/founder_expansion_execution_20260930/analysis/FS-016_exact_wave_summary.csv,research_artifacts_local/tracked_payload_custody/results/2026-09-30/founder_expansion_execution_20260930/analysis/FS-016_exact_wave_summary.csv,1914437,20da5acb52cd81f71cc61bbc5c4079cf5ccb013d50bb608822fe53f26975dda2,20da5acb52cd81f71cc61bbc5c4079cf5ccb013d50bb608822fe53f26975dda2,True,False,2026-10-01T07:23:42.432402+00:00
research/results/2026-09-30/founder_expansion_execution_20260930/analysis/FS-016_raw_activity.csv,research_artifacts_local/tracked_payload_custody/results/2026-09-30/founder_expansion_execution_20260930/analysis/FS-016_raw_activity.csv,1518,5623d984fdb7032f7a5ba41606c522b07842015f9fe91a32d5705b7e9d8a1a9c,5623d984fdb7032f7a5ba41606c522b07842015f9fe91a32d5705b7e9d8a1a9c,True,False,2026-10-01T07:23:42.438885+00:00
research/results/2026-09-30/founder_expansion_execution_20260930/analysis/FS-016_waves.csv,research_artifacts_local/tracked_payload_custody/results/2026-09-30/founder_expansion_execution_20260930/analysis/FS-016_waves.csv,976426,a15da85bcd27a1a04adaae85fd446e187356429de35470fd60ffaf0b9884fcf9,a15da85bcd27a1a04adaae85fd446e187356429de35470fd60ffaf0b9884fcf9,True,False,2026-10-01T07:23:42.446761+00:00
research/results/2026-09-30/founder_expansion_execution_20260930/analysis/FS-017_display.json,research_artifacts_local/tracked_payload_custody/results/2026-09-30/founder_expansion_execution_20260930/analysis/FS-017_display.json,71103,b9012299f6f72f178108e3ab390023ccee5c782b9c1d42dae09fe882b8d1b77f,b9012299f6f72f178108e3ab390023ccee5c782b9c1d42dae09fe882b8d1b77f,True,False,2026-10-01T07:23:42.453815+00:00
research/results/2026-09-30/founder_expansion_execution_20260930/analysis/FS-017_exact_wave_summary.csv,research_artifacts_local/tracked_payload_custody/results/2026-09-30/founder_expansion_execution_20260930/analysis/FS-017_exact_wave_summary.csv,2094528,f11e9c7cf58b2e33ebc5741af6f8e4a3b7e86b5cb460219a8500a323fc3f52ea,f11e9c7cf58b2e33ebc5741af6f8e4a3b7e86b5cb460219a8500a323fc3f52ea,True,False,2026-10-01T07:23:42.463294+00:00
research/results/2026-09-30/founder_expansion_execution_20260930/analysis/FS-017_raw_activity.csv,research_artifacts_local/tracked_payload_custody/results/2026-09-30/founder_expansion_execution_20260930/analysis/FS-017_raw_activity.csv,1571,e4c5e1cbca4a01bbfe5ec594ce219d433241c089115f24c9229e8036d45a3017,e4c5e1cbca4a01bbfe5ec594ce219d433241c089115f24c9229e8036d45a3017,True,False,2026-10-01T07:23:42.467020+00:00
research/results/2026-09-30/founder_expansion_execution_20260930/analysis/FS-017_waves.csv,research_artifacts_local/tracked_payload_custody/results/2026-09-30/founder_expansion_execution_20260930/analysis/FS-017_waves.csv,1046270,38c6a011feee1fcac7d65abff44430e01521ab303506ad28777785c05bffce4e,38c6a011feee1fcac7d65abff44430e01521ab303506ad28777785c05bffce4e,True,False,2026-10-01T07:23:42.496903+00:00
research/results/2026-09-30/founder_expansion_execution_20260930/analysis/FS-018_display.json,research_artifacts_local/tracked_payload_custody/results/2026-09-30/founder_expansion_execution_20260930/analysis/FS-018_display.json,67299,fabf17f3e321c65529369a26eca541dc74edb11d2f81c053b3d830d511b8af47,fabf17f3e321c65529369a26eca541dc74edb11d2f81c053b3d830d511b8af47,True,False,2026-10-01T07:23:42.519281+00:00
research/results/2026-09-30/founder_expansion_execution_20260930/analysis/FS-018_exact_wave_summary.csv,research_artifacts_local/tracked_payload_custody/results/2026-09-30/founder_expansion_execution_20260930/analysis/FS-018_exact_wave_summary.csv,1914922,3c2f7d5d0b1524bb10386cdbb558f685dfd4f9c83044ee4ba6031ec0e5457a10,3c2f7d5d0b1524bb10386cdbb558f685dfd4f9c83044ee4ba6031ec0e5457a10,True,False,2026-10-01T07:23:42.528570+00:00
research/results/2026-09-30/founder_expansion_execution_20260930/analysis/FS-018_raw_activity.csv,research_artifacts_local/tracked_payload_custody/results/2026-09-30/founder_expansion_execution_20260930/analysis/FS-018_raw_activity.csv,1514,636de1fbdb7ec746e431ef4424caece140d97f85df54f01a07dc664ccf028c21,636de1fbdb7ec746e431ef4424caece140d97f85df54f01a07dc664ccf028c21,True,False,2026-10-01T07:23:42.532438+00:00
research/results/2026-09-30/founder_expansion_execution_20260930/analysis/FS-018_waves.csv,research_artifacts_local/tracked_payload_custody/results/2026-09-30/founder_expansion_execution_20260930/analysis/FS-018_waves.csv,977363,87b01164d49c0ac149dd6a150c0e6f8ada8cf7c33a50cdf1e87f0963884dadc0,87b01164d49c0ac149dd6a150c0e6f8ada8cf7c33a50cdf1e87f0963884dadc0,True,False,2026-10-01T07:23:42.549785+00:00
research/results/2026-09-30/founder_expansion_execution_20260930/analysis/FS-019_display.json,research_artifacts_local/tracked_payload_custody/results/2026-09-30/founder_expansion_execution_20260930/analysis/FS-019_display.json,68045,7954a72175953c3071f220340cf0aa82592a4dc6b2a25133089002f6d6ae5f22,7954a72175953c3071f220340cf0aa82592a4dc6b2a25133089002f6d6ae5f22,True,False,2026-10-01T07:23:42.574862+00:00
research/results/2026-09-30/founder_expansion_execution_20260930/analysis/FS-019_exact_wave_summary.csv,research_artifacts_local/tracked_payload_custody/results/2026-09-30/founder_expansion_execution_20260930/analysis/FS-019_exact_wave_summary.csv,1917413,20a0e99ef9ee450c2b57de2ed6eb1ff7bd88a4b3a10fbbc59d7d44185382ea84,20a0e99ef9ee450c2b57de2ed6eb1ff7bd88a4b3a10fbbc59d7d44185382ea84,True,False,2026-10-01T07:23:42.592105+00:00
research/results/2026-09-30/founder_expansion_execution_20260930/analysis/FS-019_raw_activity.csv,research_artifacts_local/tracked_payload_custody/results/2026-09-30/founder_expansion_execution_20260930/analysis/FS-019_raw_activity.csv,1519,ae73d55e7168ced1444b144dafc933341681072958269f73c356b476bf834557,ae73d55e7168ced1444b144dafc933341681072958269f73c356b476bf834557,True,False,2026-10-01T07:23:42.598677+00:00
research/results/2026-09-30/founder_expansion_execution_20260930/analysis/FS-019_waves.csv,research_artifacts_local/tracked_payload_custody/results/2026-09-30/founder_expansion_execution_20260930/analysis/FS-019_waves.csv,977650,50cb5c3d7ad574c10cfbe0fabb60dbb41881d3deb171868f2105d8c0bb41f327,50cb5c3d7ad574c10cfbe0fabb60dbb41881d3deb171868f2105d8c0bb41f327,True,False,2026-10-01T07:23:42.606227+00:00
research/results/2026-09-30/founder_expansion_execution_20260930/analysis/FS-020_display.json,research_artifacts_local/tracked_payload_custody/results/2026-09-30/founder_expansion_execution_20260930/analysis/FS-020_display.json,67077,1221a849b82cda004391219541e27d6a41b934d1215b1aeba3db536c88ab4d16,1221a849b82cda004391219541e27d6a41b934d1215b1aeba3db536c88ab4d16,True,False,2026-10-01T07:23:42.622357+00:00
research/results/2026-09-30/founder_expansion_execution_20260930/analysis/FS-020_exact_wave_summary.csv,research_artifacts_local/tracked_payload_custody/results/2026-09-30/founder_expansion_execution_20260930/analysis/FS-020_exact_wave_summary.csv,1916877,4a36491405efb78b96ff41c54cba3b273a8e31ef8dca2ed7b12ffc16436bef17,4a36491405efb78b96ff41c54cba3b273a8e31ef8dca2ed7b12ffc16436bef17,True,False,2026-10-01T07:23:42.635866+00:00
research/results/2026-09-30/founder_expansion_execution_20260930/analysis/FS-020_raw_activity.csv,research_artifacts_local/tracked_payload_custody/results/2026-09-30/founder_expansion_execution_20260930/analysis/FS-020_raw_activity.csv,1522,9e0c6d692c56061c48bd078c16ef4a94fdda808d8bf4235e4be5387a04edc5c5,9e0c6d692c56061c48bd078c16ef4a94fdda808d8bf4235e4be5387a04edc5c5,True,False,2026-10-01T07:23:42.643289+00:00
research/results/2026-09-30/founder_expansion_execution_20260930/analysis/FS-020_waves.csv,research_artifacts_local/tracked_payload_custody/results/2026-09-30/founder_expansion_execution_20260930/analysis/FS-020_waves.csv,976585,f533ecd788bb3932df0c110ae7a2da1d6bb66ad774547d33968ac95fcf625540,f533ecd788bb3932df0c110ae7a2da1d6bb66ad774547d33968ac95fcf625540,True,False,2026-10-01T07:23:42.656389+00:00
research/results/2026-09-30/founder_expansion_execution_20260930/analysis/FS-021_display.json,research_artifacts_local/tracked_payload_custody/results/2026-09-30/founder_expansion_execution_20260930/analysis/FS-021_display.json,66719,3fe6943276c33e21c19c0441c51cb2b8264e1e638b9f6b6a381d7c8bd540585d,3fe6943276c33e21c19c0441c51cb2b8264e1e638b9f6b6a381d7c8bd540585d,True,False,2026-10-01T07:23:42.665715+00:00
research/results/2026-09-30/founder_expansion_execution_20260930/analysis/FS-021_exact_wave_summary.csv,research_artifacts_local/tracked_payload_custody/results/2026-09-30/founder_expansion_execution_20260930/analysis/FS-021_exact_wave_summary.csv,1916631,b6c154aa97f3e2d6566712ed1ff973d77e6db185591cc8bb2f9fa3f7c5ab30ac,b6c154aa97f3e2d6566712ed1ff973d77e6db185591cc8bb2f9fa3f7c5ab30ac,True,False,2026-10-01T07:23:42.675753+00:00
research/results/2026-09-30/founder_expansion_execution_20260930/analysis/FS-021_raw_activity.csv,research_artifacts_local/tracked_payload_custody/results/2026-09-30/founder_expansion_execution_20260930/analysis/FS-021_raw_activity.csv,1525,3456cb8dbf219687f525d460a4cc8f8a41c28fa2b285b530df6e7a00e3bc7e4c,3456cb8dbf219687f525d460a4cc8f8a41c28fa2b285b530df6e7a00e3bc7e4c,True,False,2026-10-01T07:23:42.679622+00:00
research/results/2026-09-30/founder_expansion_execution_20260930/analysis/FS-021_waves.csv,research_artifacts_local/tracked_payload_custody/results/2026-09-30/founder_expansion_execution_20260930/analysis/FS-021_waves.csv,977949,edc3915992b398163c5ffeebb7aae84825bfd140678722489c5959290e51a5ae,edc3915992b398163c5ffeebb7aae84825bfd140678722489c5959290e51a5ae,True,False,2026-10-01T07:23:42.695498+00:00
research/results/2026-09-30/founder_expansion_execution_20260930/analysis/FS-022_display.json,research_artifacts_local/tracked_payload_custody/results/2026-09-30/founder_expansion_execution_20260930/analysis/FS-022_display.json,67541,120b46b0af23cece481a3a47c49db4c9c5d1f72c4cee53c44789683d26c9da81,120b46b0af23cece481a3a47c49db4c9c5d1f72c4cee53c44789683d26c9da81,True,False,2026-10-01T07:23:42.703055+00:00
research/results/2026-09-30/founder_expansion_execution_20260930/analysis/FS-022_exact_wave_summary.csv,research_artifacts_local/tracked_payload_custody/results/2026-09-30/founder_expansion_execution_20260930/analysis/FS-022_exact_wave_summary.csv,1914131,b2cb183c6b4cde519b557391913808585e355da779dff467178033c95d06cf4e,b2cb183c6b4cde519b557391913808585e355da779dff467178033c95d06cf4e,True,False,2026-10-01T07:23:42.715990+00:00
research/results/2026-09-30/founder_expansion_execution_20260930/analysis/FS-022_raw_activity.csv,research_artifacts_local/tracked_payload_custody/results/2026-09-30/founder_expansion_execution_20260930/analysis/FS-022_raw_activity.csv,1505,e0a10354fe42a748eb4032f06f91ab1e8a3c08caec77e5e0bf4dc53c998c7a5c,e0a10354fe42a748eb4032f06f91ab1e8a3c08caec77e5e0bf4dc53c998c7a5c,True,False,2026-10-01T07:23:42.719920+00:00
research/results/2026-09-30/founder_expansion_execution_20260930/analysis/FS-022_waves.csv,research_artifacts_local/tracked_payload_custody/results/2026-09-30/founder_expansion_execution_20260930/analysis/FS-022_waves.csv,976200,f36af29d61f37281dbbf9b8b5331dde4b1c735640a12fac25810fe0fcd8251f7,f36af29d61f37281dbbf9b8b5331dde4b1c735640a12fac25810fe0fcd8251f7,True,False,2026-10-01T07:23:42.735139+00:00
research/results/2026-09-30/founder_expansion_execution_20260930/analysis/FS-023_display.json,research_artifacts_local/tracked_payload_custody/results/2026-09-30/founder_expansion_execution_20260930/analysis/FS-023_display.json,67933,671cee62036bc5e5c87d73b10be4d0b16914797c373ceeadf7a045284ded370c,671cee62036bc5e5c87d73b10be4d0b16914797c373ceeadf7a045284ded370c,True,False,2026-10-01T07:23:42.742889+00:00
research/results/2026-09-30/founder_expansion_execution_20260930/analysis/FS-023_exact_wave_summary.csv,research_artifacts_local/tracked_payload_custody/results/2026-09-30/founder_expansion_execution_20260930/analysis/FS-023_exact_wave_summary.csv,1074539,c3511c230a6f0960e1c3911763cf19030818ac5789602f4a3eabf7c261bdefde,c3511c230a6f0960e1c3911763cf19030818ac5789602f4a3eabf7c261bdefde,True,False,2026-10-01T07:23:42.755370+00:00
research/results/2026-09-30/founder_expansion_execution_20260930/analysis/FS-023_raw_activity.csv,research_artifacts_local/tracked_payload_custody/results/2026-09-30/founder_expansion_execution_20260930/analysis/FS-023_raw_activity.csv,1525,a2d62ef4a50a5373c6cc8ac6e91ec16356ce35e16ae44675e93a8e581e94f579,a2d62ef4a50a5373c6cc8ac6e91ec16356ce35e16ae44675e93a8e581e94f579,True,False,2026-10-01T07:23:42.759238+00:00
research/results/2026-09-30/founder_expansion_execution_20260930/analysis/FS-023_waves.csv,research_artifacts_local/tracked_payload_custody/results/2026-09-30/founder_expansion_execution_20260930/analysis/FS-023_waves.csv,975741,b57f54a3f3b440cfd3a38123041af3eb182a184c1eb79351765c18864ef23c07,b57f54a3f3b440cfd3a38123041af3eb182a184c1eb79351765c18864ef23c07,True,False,2026-10-01T07:23:42.767112+00:00
research/results/2026-09-30/founder_expansion_execution_20260930/analysis/FS-024_display.json,research_artifacts_local/tracked_payload_custody/results/2026-09-30/founder_expansion_execution_20260930/analysis/FS-024_display.json,66897,f162432ce92d21c3c318dae26b2021be17450a4c1d2a2a5f233d17fbcfb1efd7,f162432ce92d21c3c318dae26b2021be17450a4c1d2a2a5f233d17fbcfb1efd7,True,False,2026-10-01T07:23:42.780170+00:00
research/results/2026-09-30/founder_expansion_execution_20260930/analysis/FS-024_raw_activity.csv,research_artifacts_local/tracked_payload_custody/results/2026-09-30/founder_expansion_execution_20260930/analysis/FS-024_raw_activity.csv,1519,02648439f0a6cc76b0b7295208c56d9e2b2a04296d335bb9278fc13eec943542,02648439f0a6cc76b0b7295208c56d9e2b2a04296d335bb9278fc13eec943542,True,False,2026-10-01T07:23:42.788116+00:00
research/results/2026-09-30/founder_expansion_execution_20260930/analysis/FS-024_waves.csv,research_artifacts_local/tracked_payload_custody/results/2026-09-30/founder_expansion_execution_20260930/analysis/FS-024_waves.csv,977450,496eff2b2a5b81fd40eb0f5401f09c8de2bbe3f19217545e099ef323dcc22375,496eff2b2a5b81fd40eb0f5401f09c8de2bbe3f19217545e099ef323dcc22375,True,False,2026-10-01T07:23:42.796064+00:00
research/results/2026-09-30/founder_expansion_execution_20260930/analysis/FS-025_display.json,research_artifacts_local/tracked_payload_custody/results/2026-09-30/founder_expansion_execution_20260930/analysis/FS-025_display.json,67121,9948a6c55aebe4bc376364f0e455cbc08ad30f9ccc419ba29f3a634f740339e4,9948a6c55aebe4bc376364f0e455cbc08ad30f9ccc419ba29f3a634f740339e4,True,False,2026-10-01T07:23:42.805162+00:00
research/results/2026-09-30/founder_expansion_execution_20260930/analysis/FS-025_raw_activity.csv,research_artifacts_local/tracked_payload_custody/results/2026-09-30/founder_expansion_execution_20260930/analysis/FS-025_raw_activity.csv,1532,057fecbb6f91eb7886b3f329b2a678b50a7e27d347548c15f20573a84711b172,057fecbb6f91eb7886b3f329b2a678b50a7e27d347548c15f20573a84711b172,True,False,2026-10-01T07:23:42.812304+00:00
research/results/2026-09-30/founder_expansion_execution_20260930/analysis/FS-025_waves.csv,research_artifacts_local/tracked_payload_custody/results/2026-09-30/founder_expansion_execution_20260930/analysis/FS-025_waves.csv,977083,6dbe765e1579d0d3e50dc294ba1d2f069969784847c51e1c3166707334a4a997,6dbe765e1579d0d3e50dc294ba1d2f069969784847c51e1c3166707334a4a997,True,False,2026-10-01T07:23:42.828209+00:00
research/results/2026-09-30/founder_expansion_execution_20260930/analysis/FS-026_display.json,research_artifacts_local/tracked_payload_custody/results/2026-09-30/founder_expansion_execution_20260930/analysis/FS-026_display.json,67288,e7851bc374f77edd382b2bbfa8ff4f24f6c9b8539f57808e27ca66981e81518a,e7851bc374f77edd382b2bbfa8ff4f24f6c9b8539f57808e27ca66981e81518a,True,False,2026-10-01T07:23:42.837535+00:00
research/results/2026-09-30/founder_expansion_execution_20260930/analysis/FS-026_raw_activity.csv,research_artifacts_local/tracked_payload_custody/results/2026-09-30/founder_expansion_execution_20260930/analysis/FS-026_raw_activity.csv,1530,e84b59ebf2dbff1a6f2bc75d6a878aab17bcfc8849dda736f5255030c8bcdbe6,e84b59ebf2dbff1a6f2bc75d6a878aab17bcfc8849dda736f5255030c8bcdbe6,True,False,2026-10-01T07:23:42.841639+00:00
research/results/2026-09-30/founder_expansion_execution_20260930/analysis/FS-026_waves.csv,research_artifacts_local/tracked_payload_custody/results/2026-09-30/founder_expansion_execution_20260930/analysis/FS-026_waves.csv,976937,12da946d953c36a0d25041518c2588ad73ca5a1edb749608b68ba1ffa2d17d8b,12da946d953c36a0d25041518c2588ad73ca5a1edb749608b68ba1ffa2d17d8b,True,False,2026-10-01T07:23:42.849937+00:00
research/results/2026-09-30/founder_expansion_execution_20260930/analysis/FS-027_display.json,research_artifacts_local/tracked_payload_custody/results/2026-09-30/founder_expansion_execution_20260930/analysis/FS-027_display.json,67521,7840e8acee823c1c3923ef630505cc42d2fb5f4a3c2f454e91ee463c1b7504a4,7840e8acee823c1c3923ef630505cc42d2fb5f4a3c2f454e91ee463c1b7504a4,True,False,2026-10-01T07:23:42.869645+00:00
research/results/2026-09-30/founder_expansion_execution_20260930/analysis/FS-027_raw_activity.csv,research_artifacts_local/tracked_payload_custody/results/2026-09-30/founder_expansion_execution_20260930/analysis/FS-027_raw_activity.csv,1534,bf3fbe4094f9259c2216b2d52b977924ba237d5923653da9164b0f7aac281b86,bf3fbe4094f9259c2216b2d52b977924ba237d5923653da9164b0f7aac281b86,True,False,2026-10-01T07:23:42.873717+00:00
research/results/2026-09-30/founder_expansion_execution_20260930/analysis/FS-027_waves.csv,research_artifacts_local/tracked_payload_custody/results/2026-09-30/founder_expansion_execution_20260930/analysis/FS-027_waves.csv,975705,44e396d3beebcb3d3091a884fb7258c1b904f04db0762863686cc888fc00d381,44e396d3beebcb3d3091a884fb7258c1b904f04db0762863686cc888fc00d381,True,False,2026-10-01T07:23:42.881482+00:00
research/results/2026-09-30/founder_expansion_execution_20260930/analysis/FS-028_display.json,research_artifacts_local/tracked_payload_custody/results/2026-09-30/founder_expansion_execution_20260930/analysis/FS-028_display.json,67222,14b2ff81a1f561f9e1f9e547035747abd9f41e2b425aa1bc783873bbf55a35cb,14b2ff81a1f561f9e1f9e547035747abd9f41e2b425aa1bc783873bbf55a35cb,True,False,2026-10-01T07:23:42.900074+00:00
research/results/2026-09-30/founder_expansion_execution_20260930/analysis/FS-028_raw_activity.csv,research_artifacts_local/tracked_payload_custody/results/2026-09-30/founder_expansion_execution_20260930/analysis/FS-028_raw_activity.csv,1511,641070703a1233688b4e77e098b3f341f9ff4171f450cec7d37b582c9b94ecb6,641070703a1233688b4e77e098b3f341f9ff4171f450cec7d37b582c9b94ecb6,True,False,2026-10-01T07:23:42.906574+00:00
research/results/2026-09-30/founder_expansion_execution_20260930/analysis/FS-028_waves.csv,research_artifacts_local/tracked_payload_custody/results/2026-09-30/founder_expansion_execution_20260930/analysis/FS-028_waves.csv,977106,91dc2b64abdeda42416ebe051daee97975ded3e809d5e788931df9dfa1e863a3,91dc2b64abdeda42416ebe051daee97975ded3e809d5e788931df9dfa1e863a3,True,False,2026-10-01T07:23:42.919451+00:00
research/results/2026-09-30/founder_expansion_execution_20260930/analysis/FS-029_display.json,research_artifacts_local/tracked_payload_custody/results/2026-09-30/founder_expansion_execution_20260930/analysis/FS-029_display.json,67321,4d5f183d3d2407e583ee5a9ad749a8757cd46baf6c2fe48eb5632b5fc7ce97f3,4d5f183d3d2407e583ee5a9ad749a8757cd46baf6c2fe48eb5632b5fc7ce97f3,True,False,2026-10-01T07:23:42.927138+00:00
research/results/2026-09-30/founder_expansion_execution_20260930/analysis/FS-029_raw_activity.csv,research_artifacts_local/tracked_payload_custody/results/2026-09-30/founder_expansion_execution_20260930/analysis/FS-029_raw_activity.csv,1514,416da5018ad19a508b670715d7fce6e65953ceae5ae38197cba97007db3044c4,416da5018ad19a508b670715d7fce6e65953ceae5ae38197cba97007db3044c4,True,False,2026-10-01T07:23:42.933357+00:00
research/results/2026-09-30/founder_expansion_execution_20260930/analysis/FS-029_waves.csv,research_artifacts_local/tracked_payload_custody/results/2026-09-30/founder_expansion_execution_20260930/analysis/FS-029_waves.csv,977359,e71d810493240382e4ec295a5877d4ddaaecf2a6f4ef757c9cae3147c7190c3d,e71d810493240382e4ec295a5877d4ddaaecf2a6f4ef757c9cae3147c7190c3d,True,False,2026-10-01T07:23:42.951046+00:00
research/results/2026-09-30/founder_expansion_execution_20260930/analysis/FS-030_display.json,research_artifacts_local/tracked_payload_custody/results/2026-09-30/founder_expansion_execution_20260930/analysis/FS-030_display.json,67561,08f05e94a09bb4c1511a096d647a5091343fe5470cfff6d877acea2dd6b89481,08f05e94a09bb4c1511a096d647a5091343fe5470cfff6d877acea2dd6b89481,True,False,2026-10-01T07:23:42.958843+00:00
research/results/2026-09-30/founder_expansion_execution_20260930/analysis/FS-030_raw_activity.csv,research_artifacts_local/tracked_payload_custody/results/2026-09-30/founder_expansion_execution_20260930/analysis/FS-030_raw_activity.csv,1531,c8071df29cfa8e1b58445f4316a5b4c217245d86f522721914946147b958d70f,c8071df29cfa8e1b58445f4316a5b4c217245d86f522721914946147b958d70f,True,False,2026-10-01T07:23:42.965590+00:00
research/results/2026-09-30/founder_expansion_execution_20260930/analysis/FS-030_waves.csv,research_artifacts_local/tracked_payload_custody/results/2026-09-30/founder_expansion_execution_20260930/analysis/FS-030_waves.csv,976857,6920562d782b0322f925c5594aecbf74200372863d1a89e59091e2e1dd45fdcc,6920562d782b0322f925c5594aecbf74200372863d1a89e59091e2e1dd45fdcc,True,False,2026-10-01T07:23:42.979110+00:00
research/results/2026-09-30/founder_expansion_execution_20260930/analysis/FS-031_display.json,research_artifacts_local/tracked_payload_custody/results/2026-09-30/founder_expansion_execution_20260930/analysis/FS-031_display.json,67437,99518ec68d369177183ae8668a04ca41aae8553dd4f0c427091c86d151f1ecb2,99518ec68d369177183ae8668a04ca41aae8553dd4f0c427091c86d151f1ecb2,True,False,2026-10-01T07:23:42.986175+00:00
research/results/2026-09-30/founder_expansion_execution_20260930/analysis/FS-031_raw_activity.csv,research_artifacts_local/tracked_payload_custody/results/2026-09-30/founder_expansion_execution_20260930/analysis/FS-031_raw_activity.csv,1528,49666d6d8474a21ad891e966959a3a22d0f2835b9ab1f0a2fed8f65b0e520549,49666d6d8474a21ad891e966959a3a22d0f2835b9ab1f0a2fed8f65b0e520549,True,False,2026-10-01T07:23:43.000139+00:00
research/results/2026-09-30/founder_expansion_execution_20260930/analysis/FS-031_waves.csv,research_artifacts_local/tracked_payload_custody/results/2026-09-30/founder_expansion_execution_20260930/analysis/FS-031_waves.csv,975455,0d5e69ba3a612cbab8a5a2e571fdbe0edcb172d58857131003ee243f0a4f8bc7,0d5e69ba3a612cbab8a5a2e571fdbe0edcb172d58857131003ee243f0a4f8bc7,True,False,2026-10-01T07:23:43.014990+00:00
research/results/2026-09-30/founder_expansion_execution_20260930/analysis/FS-032_display.json,research_artifacts_local/tracked_payload_custody/results/2026-09-30/founder_expansion_execution_20260930/analysis/FS-032_display.json,73321,e1790b65503bd67bb9244b191d77d5ebd84707f22c8c56f88ebd1547f4b34b15,e1790b65503bd67bb9244b191d77d5ebd84707f22c8c56f88ebd1547f4b34b15,True,False,2026-10-01T07:23:43.031405+00:00
research/results/2026-09-30/founder_expansion_execution_20260930/analysis/FS-032_exact_wave_summary.csv,research_artifacts_local/tracked_payload_custody/results/2026-09-30/founder_expansion_execution_20260930/analysis/FS-032_exact_wave_summary.csv,2227201,7622728d3f19de9886bbe06b83ae3946feb9f29b814898ebbf4a3797fdce051e,7622728d3f19de9886bbe06b83ae3946feb9f29b814898ebbf4a3797fdce051e,True,False,2026-10-01T07:23:43.042037+00:00
research/results/2026-09-30/founder_expansion_execution_20260930/analysis/FS-032_raw_activity.csv,research_artifacts_local/tracked_payload_custody/results/2026-09-30/founder_expansion_execution_20260930/analysis/FS-032_raw_activity.csv,1583,ae8252e671401d2fd56e30cded7cd71c27dce8eb970069cfa1092b19541d5999,ae8252e671401d2fd56e30cded7cd71c27dce8eb970069cfa1092b19541d5999,True,False,2026-10-01T07:23:43.048916+00:00
research/results/2026-09-30/founder_expansion_execution_20260930/analysis/FS-032_waves.csv,research_artifacts_local/tracked_payload_custody/results/2026-09-30/founder_expansion_execution_20260930/analysis/FS-032_waves.csv,1094906,745881396b0adfce6488118b7ed08bc33bcc20c5387a6018b841ba702c13deb0,745881396b0adfce6488118b7ed08bc33bcc20c5387a6018b841ba702c13deb0,True,False,2026-10-01T07:23:43.057141+00:00
research/results/2026-09-30/founder_expansion_execution_20260930/analysis/FS-033_display.json,research_artifacts_local/tracked_payload_custody/results/2026-09-30/founder_expansion_execution_20260930/analysis/FS-033_display.json,73223,cfd3a1cd71c1aac1512239d8f0335c2b56f9ee82646db53e839d10d3c4e6fc8e,cfd3a1cd71c1aac1512239d8f0335c2b56f9ee82646db53e839d10d3c4e6fc8e,True,False,2026-10-01T07:23:43.065232+00:00
research/results/2026-09-30/founder_expansion_execution_20260930/analysis/FS-033_exact_wave_summary.csv,research_artifacts_local/tracked_payload_custody/results/2026-09-30/founder_expansion_execution_20260930/analysis/FS-033_exact_wave_summary.csv,2231634,3a6aea7af51dde7620409764ebe8497c44fd6c27e34c8e0ce94f9bbe3946ba93,3a6aea7af51dde7620409764ebe8497c44fd6c27e34c8e0ce94f9bbe3946ba93,True,False,2026-10-01T07:23:43.089089+00:00
research/results/2026-09-30/founder_expansion_execution_20260930/analysis/FS-033_raw_activity.csv,research_artifacts_local/tracked_payload_custody/results/2026-09-30/founder_expansion_execution_20260930/analysis/FS-033_raw_activity.csv,1564,c9399d98268c5660a68dd3ea11159078f8962765313de14212606c04f667080e,c9399d98268c5660a68dd3ea11159078f8962765313de14212606c04f667080e,True,False,2026-10-01T07:23:43.093299+00:00
research/results/2026-09-30/founder_expansion_execution_20260930/analysis/FS-033_waves.csv,research_artifacts_local/tracked_payload_custody/results/2026-09-30/founder_expansion_execution_20260930/analysis/FS-033_waves.csv,1096162,b46cd7053e9546134d83f7c2e8f6d891f233fc4b3944f924ccf2aba28b05435e,b46cd7053e9546134d83f7c2e8f6d891f233fc4b3944f924ccf2aba28b05435e,True,False,2026-10-01T07:23:43.110072+00:00
research/results/2026-09-30/founder_expansion_execution_20260930/analysis/FS-034_consequential_events.json,research_artifacts_local/tracked_payload_custody/results/2026-09-30/founder_expansion_execution_20260930/analysis/FS-034_consequential_events.json,562794,eaff7fca40e061258acecdbd2e375dc554340220a06b26ecd071d25460fca1ce,eaff7fca40e061258acecdbd2e375dc554340220a06b26ecd071d25460fca1ce,True,False,2026-10-01T07:23:43.120592+00:00
research/results/2026-09-30/founder_expansion_execution_20260930/analysis/FS-034_display.json,research_artifacts_local/tracked_payload_custody/results/2026-09-30/founder_expansion_execution_20260930/analysis/FS-034_display.json,73702,7448f8d43e38fe771d0ea827de152ed7b53312250271ef1ce42c4e740a26ded6,7448f8d43e38fe771d0ea827de152ed7b53312250271ef1ce42c4e740a26ded6,True,False,2026-10-01T07:23:43.130816+00:00
research/results/2026-09-30/founder_expansion_execution_20260930/analysis/FS-034_exact_wave_summary.csv,research_artifacts_local/tracked_payload_custody/results/2026-09-30/founder_expansion_execution_20260930/analysis/FS-034_exact_wave_summary.csv,2228873,46ada0da86ab485d63808e43f2e6775f132127548bd79187ff173ad13b5ee1cc,46ada0da86ab485d63808e43f2e6775f132127548bd79187ff173ad13b5ee1cc,True,False,2026-10-01T07:23:43.141336+00:00
research/results/2026-09-30/founder_expansion_execution_20260930/analysis/FS-034_raw_activity.csv,research_artifacts_local/tracked_payload_custody/results/2026-09-30/founder_expansion_execution_20260930/analysis/FS-034_raw_activity.csv,1668,3cb1dc2f594fc74ef02a26a745ce61fa983fb3d7d47bd7dce12e379abd9e734f,3cb1dc2f594fc74ef02a26a745ce61fa983fb3d7d47bd7dce12e379abd9e734f,True,False,2026-10-01T07:23:43.149682+00:00
research/results/2026-09-30/founder_expansion_execution_20260930/analysis/FS-034_waves.csv,research_artifacts_local/tracked_payload_custody/results/2026-09-30/founder_expansion_execution_20260930/analysis/FS-034_waves.csv,1097379,28c8f1ec614738209f81cddd2ed6dcedff6deccd29bc4e7bd5d8779d10b3d201,28c8f1ec614738209f81cddd2ed6dcedff6deccd29bc4e7bd5d8779d10b3d201,True,False,2026-10-01T07:23:43.159054+00:00
research/results/2026-09-30/founder_expansion_execution_20260930/analysis/FS-035_display.json,research_artifacts_local/tracked_payload_custody/results/2026-09-30/founder_expansion_execution_20260930/analysis/FS-035_display.json,66878,f9d34134e9e4725336367d1c20a47cca6f753d80efe2cd9b09eb2ea65c2c2577,f9d34134e9e4725336367d1c20a47cca6f753d80efe2cd9b09eb2ea65c2c2577,True,False,2026-10-01T07:23:43.167555+00:00
research/results/2026-09-30/founder_expansion_execution_20260930/analysis/FS-035_raw_activity.csv,research_artifacts_local/tracked_payload_custody/results/2026-09-30/founder_expansion_execution_20260930/analysis/FS-035_raw_activity.csv,1501,5f3da16fafdad570c92525287ce77778f4b04149675fd1f6e849599dcfcca832,5f3da16fafdad570c92525287ce77778f4b04149675fd1f6e849599dcfcca832,True,False,2026-10-01T07:23:43.178371+00:00
research/results/2026-09-30/founder_expansion_execution_20260930/analysis/FS-035_waves.csv,research_artifacts_local/tracked_payload_custody/results/2026-09-30/founder_expansion_execution_20260930/analysis/FS-035_waves.csv,976736,a896b8c4b6ef79dfbe28171d7d164aa636cea738be22f471cf328485fc64a9f5,a896b8c4b6ef79dfbe28171d7d164aa636cea738be22f471cf328485fc64a9f5,True,False,2026-10-01T07:23:43.186033+00:00
research/results/2026-09-30/founder_expansion_execution_20260930/analysis/FS-036_display.json,research_artifacts_local/tracked_payload_custody/results/2026-09-30/founder_expansion_execution_20260930/analysis/FS-036_display.json,67572,9438e8d103ad6854a9895882c374563c71aa03067fd6bcdcc6840dd324f6caea,9438e8d103ad6854a9895882c374563c71aa03067fd6bcdcc6840dd324f6caea,True,False,2026-10-01T07:23:43.194149+00:00
research/results/2026-09-30/founder_expansion_execution_20260930/analysis/FS-036_raw_activity.csv,research_artifacts_local/tracked_payload_custody/results/2026-09-30/founder_expansion_execution_20260930/analysis/FS-036_raw_activity.csv,1541,507c6b4bb5149c88d2ef2da5951251b57e4af29fcf2e81e8ed3810fb27a88236,507c6b4bb5149c88d2ef2da5951251b57e4af29fcf2e81e8ed3810fb27a88236,True,False,2026-10-01T07:23:43.206382+00:00
research/results/2026-09-30/founder_expansion_execution_20260930/analysis/FS-036_waves.csv,research_artifacts_local/tracked_payload_custody/results/2026-09-30/founder_expansion_execution_20260930/analysis/FS-036_waves.csv,977094,cb4777046e4f99f90b4b03c5e2dc0737114c41233b1c8b14967dc888f8f73ce5,cb4777046e4f99f90b4b03c5e2dc0737114c41233b1c8b14967dc888f8f73ce5,True,False,2026-10-01T07:23:43.219512+00:00
research/results/2026-09-30/founder_expansion_execution_20260930/analysis/FS-037_display.json,research_artifacts_local/tracked_payload_custody/results/2026-09-30/founder_expansion_execution_20260930/analysis/FS-037_display.json,67364,8396623a3984d2822cddd67fcea6be1d4e2b35ecf4a79807ff8c6a0b2076f2ae,8396623a3984d2822cddd67fcea6be1d4e2b35ecf4a79807ff8c6a0b2076f2ae,True,False,2026-10-01T07:23:43.228067+00:00
research/results/2026-09-30/founder_expansion_execution_20260930/analysis/FS-037_raw_activity.csv,research_artifacts_local/tracked_payload_custody/results/2026-09-30/founder_expansion_execution_20260930/analysis/FS-037_raw_activity.csv,1521,58b7ce90bbd93fdcf0620344da53d8a35bb83ef233682e8d7d2e102df643c354,58b7ce90bbd93fdcf0620344da53d8a35bb83ef233682e8d7d2e102df643c354,True,False,2026-10-01T07:23:43.231862+00:00
research/results/2026-09-30/founder_expansion_execution_20260930/analysis/FS-037_waves.csv,research_artifacts_local/tracked_payload_custody/results/2026-09-30/founder_expansion_execution_20260930/analysis/FS-037_waves.csv,977751,d8a7af8ae7416351c2bbb4b9dc622875505e33e0ace06972584c7f668bf6672d,d8a7af8ae7416351c2bbb4b9dc622875505e33e0ace06972584c7f668bf6672d,True,False,2026-10-01T07:23:43.239387+00:00
research/results/2026-09-30/founder_expansion_execution_20260930/analysis/FS-038_display.json,research_artifacts_local/tracked_payload_custody/results/2026-09-30/founder_expansion_execution_20260930/analysis/FS-038_display.json,73755,a04727a519e891498bdd7528124e669d7012684a01ca41f5bb342e85072c6963,a04727a519e891498bdd7528124e669d7012684a01ca41f5bb342e85072c6963,True,False,2026-10-01T07:23:43.247549+00:00
research/results/2026-09-30/founder_expansion_execution_20260930/analysis/FS-038_exact_wave_summary.csv,research_artifacts_local/tracked_payload_custody/results/2026-09-30/founder_expansion_execution_20260930/analysis/FS-038_exact_wave_summary.csv,2220234,86baa01c6656c88a93317ad6a77e185587ded1d41898fdbc3970845fe9f32e64,86baa01c6656c88a93317ad6a77e185587ded1d41898fdbc3970845fe9f32e64,True,False,2026-10-01T07:23:43.257145+00:00
research/results/2026-09-30/founder_expansion_execution_20260930/analysis/FS-038_raw_activity.csv,research_artifacts_local/tracked_payload_custody/results/2026-09-30/founder_expansion_execution_20260930/analysis/FS-038_raw_activity.csv,1596,cf36f7f0e6556c35d8303ec827ae9446a456fdf8a1ba67e79a87e29603f48b90,cf36f7f0e6556c35d8303ec827ae9446a456fdf8a1ba67e79a87e29603f48b90,True,False,2026-10-01T07:23:43.264258+00:00
research/results/2026-09-30/founder_expansion_execution_20260930/analysis/FS-038_waves.csv,research_artifacts_local/tracked_payload_custody/results/2026-09-30/founder_expansion_execution_20260930/analysis/FS-038_waves.csv,1092960,8fa309ca6c754533f9432e801c568f02cfebf40ce05dafb9ba77381c14e5ed04,8fa309ca6c754533f9432e801c568f02cfebf40ce05dafb9ba77381c14e5ed04,True,False,2026-10-01T07:23:43.271831+00:00
research/results/2026-09-30/founder_expansion_execution_20260930/analysis/FS-039_display.json,research_artifacts_local/tracked_payload_custody/results/2026-09-30/founder_expansion_execution_20260930/analysis/FS-039_display.json,67481,d13457297d8f301eb364cc2eea05e4ae1797d44dd8329d8d48baa692e0adcb79,d13457297d8f301eb364cc2eea05e4ae1797d44dd8329d8d48baa692e0adcb79,True,False,2026-10-01T07:23:43.289748+00:00
research/results/2026-09-30/founder_expansion_execution_20260930/analysis/FS-039_raw_activity.csv,research_artifacts_local/tracked_payload_custody/results/2026-09-30/founder_expansion_execution_20260930/analysis/FS-039_raw_activity.csv,1522,950f2b33e403da076e311c84b596e78759e6f18a79694abd55d7a46a03dc8f46,950f2b33e403da076e311c84b596e78759e6f18a79694abd55d7a46a03dc8f46,True,False,2026-10-01T07:23:43.301391+00:00
research/results/2026-09-30/founder_expansion_execution_20260930/analysis/FS-039_waves.csv,research_artifacts_local/tracked_payload_custody/results/2026-09-30/founder_expansion_execution_20260930/analysis/FS-039_waves.csv,976841,aa9debe515dd2c22b35cc5b9f35e2bb7cd70986a526730d9f4b4af8161a297b2,aa9debe515dd2c22b35cc5b9f35e2bb7cd70986a526730d9f4b4af8161a297b2,True,False,2026-10-01T07:23:43.317203+00:00
research/results/2026-09-30/founder_expansion_execution_20260930/analysis/FS-040_display.json,research_artifacts_local/tracked_payload_custody/results/2026-09-30/founder_expansion_execution_20260930/analysis/FS-040_display.json,67064,cbd11a7a428e520a586a0bd511450bcf3a7348105141cead31e1518b6dcf4fec,cbd11a7a428e520a586a0bd511450bcf3a7348105141cead31e1518b6dcf4fec,True,False,2026-10-01T07:23:43.339976+00:00
research/results/2026-09-30/founder_expansion_execution_20260930/analysis/FS-040_raw_activity.csv,research_artifacts_local/tracked_payload_custody/results/2026-09-30/founder_expansion_execution_20260930/analysis/FS-040_raw_activity.csv,1533,3a826fbea9d0c7af43628d5f7080d1c8866b9d7c4c4fc1f3bd62e9cdbc41e022,3a826fbea9d0c7af43628d5f7080d1c8866b9d7c4c4fc1f3bd62e9cdbc41e022,True,False,2026-10-01T07:23:43.361703+00:00
research/results/2026-09-30/founder_expansion_execution_20260930/analysis/FS-040_waves.csv,research_artifacts_local/tracked_payload_custody/results/2026-09-30/founder_expansion_execution_20260930/analysis/FS-040_waves.csv,977517,2f158ce5f0b7daaa792226983b0369b982b8c7530b1657e6270636c6fa195629,2f158ce5f0b7daaa792226983b0369b982b8c7530b1657e6270636c6fa195629,True,False,2026-10-01T07:23:43.377262+00:00
research/results/2026-09-30/founder_expansion_execution_20260930/analysis/FS-041_display.json,research_artifacts_local/tracked_payload_custody/results/2026-09-30/founder_expansion_execution_20260930/analysis/FS-041_display.json,67192,a3631a448314bb787ade63d0afe4a252bb637ae8c744ef5e7eadae0b4ee78c58,a3631a448314bb787ade63d0afe4a252bb637ae8c744ef5e7eadae0b4ee78c58,True,False,2026-10-01T07:23:43.390347+00:00
research/results/2026-09-30/founder_expansion_execution_20260930/analysis/FS-041_raw_activity.csv,research_artifacts_local/tracked_payload_custody/results/2026-09-30/founder_expansion_execution_20260930/analysis/FS-041_raw_activity.csv,1518,404b713dfa10cebe32c07162af78cd63d1c033d871a4c0bcca2f900630e62f54,404b713dfa10cebe32c07162af78cd63d1c033d871a4c0bcca2f900630e62f54,True,False,2026-10-01T07:23:43.398887+00:00
research/results/2026-09-30/founder_expansion_execution_20260930/analysis/FS-041_waves.csv,research_artifacts_local/tracked_payload_custody/results/2026-09-30/founder_expansion_execution_20260930/analysis/FS-041_waves.csv,974470,413cb736c183fa9b3596a2ac9c243af6a330c0a6c5c4df754ff274b430802062,413cb736c183fa9b3596a2ac9c243af6a330c0a6c5c4df754ff274b430802062,True,False,2026-10-01T07:23:43.408147+00:00
research/results/2026-09-30/founder_expansion_execution_20260930/analysis/FS-042_display.json,research_artifacts_local/tracked_payload_custody/results/2026-09-30/founder_expansion_execution_20260930/analysis/FS-042_display.json,67103,54cebb3313e0f6701b11c931c470d660e95f74a49e3ece32b4a4a3d94e794e7e,54cebb3313e0f6701b11c931c470d660e95f74a49e3ece32b4a4a3d94e794e7e,True,False,2026-10-01T07:23:43.424401+00:00
research/results/2026-09-30/founder_expansion_execution_20260930/analysis/FS-042_raw_activity.csv,research_artifacts_local/tracked_payload_custody/results/2026-09-30/founder_expansion_execution_20260930/analysis/FS-042_raw_activity.csv,1520,80a762b83d0d8a716667b45da33e6a739eae64c49d8f9fa504a014ab0a8ed744,80a762b83d0d8a716667b45da33e6a739eae64c49d8f9fa504a014ab0a8ed744,True,False,2026-10-01T07:23:43.431227+00:00
research/results/2026-09-30/founder_expansion_execution_20260930/analysis/FS-042_waves.csv,research_artifacts_local/tracked_payload_custody/results/2026-09-30/founder_expansion_execution_20260930/analysis/FS-042_waves.csv,976069,0619f81ef8d7ea7006801b23850b1aaa725b4de98a94f54001fa65a0a28dc334,0619f81ef8d7ea7006801b23850b1aaa725b4de98a94f54001fa65a0a28dc334,True,False,2026-10-01T07:23:43.439248+00:00
research/results/2026-09-30/founder_expansion_execution_20260930/analysis/FS-043_display.json,research_artifacts_local/tracked_payload_custody/results/2026-09-30/founder_expansion_execution_20260930/analysis/FS-043_display.json,66525,b72324af83055ca5edbaf362e880ac712b1ed3a08dc4530b710be5fa7fb3843f,b72324af83055ca5edbaf362e880ac712b1ed3a08dc4530b710be5fa7fb3843f,True,False,2026-10-01T07:23:43.454418+00:00
research/results/2026-09-30/founder_expansion_execution_20260930/analysis/FS-043_raw_activity.csv,research_artifacts_local/tracked_payload_custody/results/2026-09-30/founder_expansion_execution_20260930/analysis/FS-043_raw_activity.csv,1529,6dac3259f341627aba5930aaee64f5257ecb0407752702177e354a4c76a6a095,6dac3259f341627aba5930aaee64f5257ecb0407752702177e354a4c76a6a095,True,False,2026-10-01T07:23:43.461701+00:00
research/results/2026-09-30/founder_expansion_execution_20260930/analysis/FS-043_waves.csv,research_artifacts_local/tracked_payload_custody/results/2026-09-30/founder_expansion_execution_20260930/analysis/FS-043_waves.csv,976802,5b5951e11cba699280e0a9dfb6f98af2d32f000441cfafc9a447c3d0b980c389,5b5951e11cba699280e0a9dfb6f98af2d32f000441cfafc9a447c3d0b980c389,True,False,2026-10-01T07:23:43.471977+00:00
research/results/2026-09-30/founder_expansion_execution_20260930/analysis/FS-044_display.json,research_artifacts_local/tracked_payload_custody/results/2026-09-30/founder_expansion_execution_20260930/analysis/FS-044_display.json,72378,18e7cf0216ee8a363d352f200f1aeae510a6c9be76bc1a8294d9a858ec63bd74,18e7cf0216ee8a363d352f200f1aeae510a6c9be76bc1a8294d9a858ec63bd74,True,False,2026-10-01T07:23:43.480754+00:00
research/results/2026-09-30/founder_expansion_execution_20260930/analysis/FS-044_exact_wave_summary.csv,research_artifacts_local/tracked_payload_custody/results/2026-09-30/founder_expansion_execution_20260930/analysis/FS-044_exact_wave_summary.csv,2193067,7b8198947c948dea43ad217c3d4be47f43055549af7ea7322ff8b39d36c5ad00,7b8198947c948dea43ad217c3d4be47f43055549af7ea7322ff8b39d36c5ad00,True,False,2026-10-01T07:23:43.490623+00:00
research/results/2026-09-30/founder_expansion_execution_20260930/analysis/FS-044_raw_activity.csv,research_artifacts_local/tracked_payload_custody/results/2026-09-30/founder_expansion_execution_20260930/analysis/FS-044_raw_activity.csv,1589,4b12f89169150890c1ce2b9174d6f65572838e0c2e0ed152d3db2b901ebab8b7,4b12f89169150890c1ce2b9174d6f65572838e0c2e0ed152d3db2b901ebab8b7,True,False,2026-10-01T07:23:43.508513+00:00
research/results/2026-09-30/founder_expansion_execution_20260930/analysis/FS-044_waves.csv,research_artifacts_local/tracked_payload_custody/results/2026-09-30/founder_expansion_execution_20260930/analysis/FS-044_waves.csv,1081834,8a3383c6fd0a8aca31b09feaa64021ab91255728e930cadc1f6ad1c0149509e6,8a3383c6fd0a8aca31b09feaa64021ab91255728e930cadc1f6ad1c0149509e6,True,False,2026-10-01T07:23:43.517815+00:00
research/results/2026-09-30/founder_expansion_execution_20260930/analysis/FS-045_display.json,research_artifacts_local/tracked_payload_custody/results/2026-09-30/founder_expansion_execution_20260930/analysis/FS-045_display.json,67739,18d0eb2a5485b8965b8b6326c7357decc3391969d9406ad4f2a125fe67ed9ede,18d0eb2a5485b8965b8b6326c7357decc3391969d9406ad4f2a125fe67ed9ede,True,False,2026-10-01T07:23:43.549985+00:00
research/results/2026-09-30/founder_expansion_execution_20260930/analysis/FS-045_raw_activity.csv,research_artifacts_local/tracked_payload_custody/results/2026-09-30/founder_expansion_execution_20260930/analysis/FS-045_raw_activity.csv,1524,d74bc75efa570dc6ac56531b75bd2ea2c4f732bc8676f90af3c3aa1e505567d6,d74bc75efa570dc6ac56531b75bd2ea2c4f732bc8676f90af3c3aa1e505567d6,True,False,2026-10-01T07:23:43.567812+00:00
research/results/2026-09-30/founder_expansion_execution_20260930/analysis/FS-045_waves.csv,research_artifacts_local/tracked_payload_custody/results/2026-09-30/founder_expansion_execution_20260930/analysis/FS-045_waves.csv,979282,8e2fdf1bcde3433623c5e90a7e10793c6bca1c0b04e573a8f69aa6c9822f0b91,8e2fdf1bcde3433623c5e90a7e10793c6bca1c0b04e573a8f69aa6c9822f0b91,True,False,2026-10-01T07:23:43.584628+00:00
research/results/2026-09-30/founder_expansion_execution_20260930/analysis/FS-046_display.json,research_artifacts_local/tracked_payload_custody/results/2026-09-30/founder_expansion_execution_20260930/analysis/FS-046_display.json,67147,894bb9b0b5844ff7a66a726c736468bc36153a77b99679e4bbfdd3857da45887,894bb9b0b5844ff7a66a726c736468bc36153a77b99679e4bbfdd3857da45887,True,False,2026-10-01T07:23:43.601616+00:00
research/results/2026-09-30/founder_expansion_execution_20260930/analysis/FS-046_raw_activity.csv,research_artifacts_local/tracked_payload_custody/results/2026-09-30/founder_expansion_execution_20260930/analysis/FS-046_raw_activity.csv,1525,d5f60bbaaab3aa42faa9c77b4f90e50ce1263e34e091d383334096c17d02d31c,d5f60bbaaab3aa42faa9c77b4f90e50ce1263e34e091d383334096c17d02d31c,True,False,2026-10-01T07:23:43.605484+00:00
research/results/2026-09-30/founder_expansion_execution_20260930/analysis/FS-046_waves.csv,research_artifacts_local/tracked_payload_custody/results/2026-09-30/founder_expansion_execution_20260930/analysis/FS-046_waves.csv,977850,ec66ed140507a9e0cd93be32692039675d115c2a28f16849254fceb8136488ad,ec66ed140507a9e0cd93be32692039675d115c2a28f16849254fceb8136488ad,True,False,2026-10-01T07:23:43.613883+00:00
research/results/2026-09-30/founder_expansion_execution_20260930/analysis/FS-047_display.json,research_artifacts_local/tracked_payload_custody/results/2026-09-30/founder_expansion_execution_20260930/analysis/FS-047_display.json,67484,764830338f7f6c630254ca95b37b26677133c01e6c28ae0b25a0179d9ec30c12,764830338f7f6c630254ca95b37b26677133c01e6c28ae0b25a0179d9ec30c12,True,False,2026-10-01T07:23:43.625353+00:00
research/results/2026-09-30/founder_expansion_execution_20260930/analysis/FS-047_raw_activity.csv,research_artifacts_local/tracked_payload_custody/results/2026-09-30/founder_expansion_execution_20260930/analysis/FS-047_raw_activity.csv,1525,6f8660f9d23ab848219c1b5bdd15e59dc9551d6c3c2a8c584877a6e76928ab4c,6f8660f9d23ab848219c1b5bdd15e59dc9551d6c3c2a8c584877a6e76928ab4c,True,False,2026-10-01T07:23:43.634928+00:00
research/results/2026-09-30/founder_expansion_execution_20260930/analysis/FS-047_waves.csv,research_artifacts_local/tracked_payload_custody/results/2026-09-30/founder_expansion_execution_20260930/analysis/FS-047_waves.csv,975795,46f8f91d0091f6b2bfd7eedb95355540b74b21fbd81f980b470fd35edf6776ee,46f8f91d0091f6b2bfd7eedb95355540b74b21fbd81f980b470fd35edf6776ee,True,False,2026-10-01T07:23:43.644333+00:00
research/results/2026-09-30/founder_expansion_execution_20260930/analysis/FS-048_display.json,research_artifacts_local/tracked_payload_custody/results/2026-09-30/founder_expansion_execution_20260930/analysis/FS-048_display.json,66878,4ad1838a4d686ffff667878697c402db91116064a0da36e9a73ece13e6616189,4ad1838a4d686ffff667878697c402db91116064a0da36e9a73ece13e6616189,True,False,2026-10-01T07:23:43.651879+00:00
research/results/2026-09-30/founder_expansion_execution_20260930/analysis/FS-048_raw_activity.csv,research_artifacts_local/tracked_payload_custody/results/2026-09-30/founder_expansion_execution_20260930/analysis/FS-048_raw_activity.csv,1522,b9dc0f92d465442d086b27f3138e23220bb44cab1bb988ea8e6bc1124d6dc5c2,b9dc0f92d465442d086b27f3138e23220bb44cab1bb988ea8e6bc1124d6dc5c2,True,False,2026-10-01T07:23:43.656289+00:00
research/results/2026-09-30/founder_expansion_execution_20260930/analysis/FS-048_waves.csv,research_artifacts_local/tracked_payload_custody/results/2026-09-30/founder_expansion_execution_20260930/analysis/FS-048_waves.csv,974707,9df9db560807788a0c068f745feff8fb3fbc65e3ddb558d68d5467b1beb31b70,9df9db560807788a0c068f745feff8fb3fbc65e3ddb558d68d5467b1beb31b70,True,False,2026-10-01T07:23:43.666250+00:00
research/results/2026-09-30/founder_expansion_execution_20260930/analysis/FS-049_display.json,research_artifacts_local/tracked_payload_custody/results/2026-09-30/founder_expansion_execution_20260930/analysis/FS-049_display.json,66772,67b48f609e5fa11739f738d33c97e1b60836bcb209c0d61819d85d7454b1247d,67b48f609e5fa11739f738d33c97e1b60836bcb209c0d61819d85d7454b1247d,True,False,2026-10-01T07:23:43.674059+00:00
research/results/2026-09-30/founder_expansion_execution_20260930/analysis/FS-049_raw_activity.csv,research_artifacts_local/tracked_payload_custody/results/2026-09-30/founder_expansion_execution_20260930/analysis/FS-049_raw_activity.csv,1531,7b708f703243c1622cf4ee172a30fae03872a4d41cff83fd83143a124b26c11f,7b708f703243c1622cf4ee172a30fae03872a4d41cff83fd83143a124b26c11f,True,False,2026-10-01T07:23:43.680883+00:00
research/results/2026-09-30/founder_expansion_execution_20260930/analysis/FS-049_waves.csv,research_artifacts_local/tracked_payload_custody/results/2026-09-30/founder_expansion_execution_20260930/analysis/FS-049_waves.csv,976140,3dff1c1fe9f2fbdf0a9aabf53c7013d979c585304d450608cf106ff1c2cb046d,3dff1c1fe9f2fbdf0a9aabf53c7013d979c585304d450608cf106ff1c2cb046d,True,False,2026-10-01T07:23:43.696294+00:00
research/results/2026-09-30/founder_expansion_execution_20260930/analysis/FS-050_display.json,research_artifacts_local/tracked_payload_custody/results/2026-09-30/founder_expansion_execution_20260930/analysis/FS-050_display.json,66876,216b4b7b11d5dfa0820486ce18b715158f556154e710a2d74dda4f6b6879692f,216b4b7b11d5dfa0820486ce18b715158f556154e710a2d74dda4f6b6879692f,True,False,2026-10-01T07:23:43.704073+00:00
research/results/2026-09-30/founder_expansion_execution_20260930/analysis/FS-050_raw_activity.csv,research_artifacts_local/tracked_payload_custody/results/2026-09-30/founder_expansion_execution_20260930/analysis/FS-050_raw_activity.csv,1516,106665647c140df7f399e6d1ad1150f5f2b8a11dea77816414995d862479a9b9,106665647c140df7f399e6d1ad1150f5f2b8a11dea77816414995d862479a9b9,True,False,2026-10-01T07:23:43.710830+00:00
research/results/2026-09-30/founder_expansion_execution_20260930/analysis/FS-050_waves.csv,research_artifacts_local/tracked_payload_custody/results/2026-09-30/founder_expansion_execution_20260930/analysis/FS-050_waves.csv,976469,3593010aa911ef03178a5aee7c1dbc83f20443d58f6bdd7d209d8903e01708a1,3593010aa911ef03178a5aee7c1dbc83f20443d58f6bdd7d209d8903e01708a1,True,False,2026-10-01T07:23:43.726209+00:00
research/results/2026-09-30/founder_expansion_execution_20260930/analysis/FS-051_display.json,research_artifacts_local/tracked_payload_custody/results/2026-09-30/founder_expansion_execution_20260930/analysis/FS-051_display.json,66914,7e14180b0d4f1b5791ee73624fd46969cd68dc2e2298cba5dacfe21fb9d27675,7e14180b0d4f1b5791ee73624fd46969cd68dc2e2298cba5dacfe21fb9d27675,True,False,2026-10-01T07:23:43.740908+00:00
research/results/2026-09-30/founder_expansion_execution_20260930/analysis/FS-051_raw_activity.csv,research_artifacts_local/tracked_payload_custody/results/2026-09-30/founder_expansion_execution_20260930/analysis/FS-051_raw_activity.csv,1521,48f8e9cb8dda84d251e7803c121f88e2dcb66dbb8e167589e238119b4538dac8,48f8e9cb8dda84d251e7803c121f88e2dcb66dbb8e167589e238119b4538dac8,True,False,2026-10-01T07:23:43.747508+00:00
research/results/2026-09-30/founder_expansion_execution_20260930/analysis/FS-051_waves.csv,research_artifacts_local/tracked_payload_custody/results/2026-09-30/founder_expansion_execution_20260930/analysis/FS-051_waves.csv,977051,3fcd1cc7c3199fadada3e629a274c2ba7f383e0d2045554ae54976cb30c16485,3fcd1cc7c3199fadada3e629a274c2ba7f383e0d2045554ae54976cb30c16485,True,False,2026-10-01T07:23:43.755183+00:00
research/results/2026-09-30/founder_expansion_execution_20260930/analysis/FS-052_display.json,research_artifacts_local/tracked_payload_custody/results/2026-09-30/founder_expansion_execution_20260930/analysis/FS-052_display.json,67515,e3c8b0cec1ff7487387f214e07ecce57c7325a58724fb76b685805f614e470c0,e3c8b0cec1ff7487387f214e07ecce57c7325a58724fb76b685805f614e470c0,True,False,2026-10-01T07:23:43.769839+00:00
research/results/2026-09-30/founder_expansion_execution_20260930/analysis/FS-052_raw_activity.csv,research_artifacts_local/tracked_payload_custody/results/2026-09-30/founder_expansion_execution_20260930/analysis/FS-052_raw_activity.csv,1520,100f6722f741f87b8e1590a22b9fe018efa1e0d48f9b3cd29250c070f7b53df1,100f6722f741f87b8e1590a22b9fe018efa1e0d48f9b3cd29250c070f7b53df1,True,False,2026-10-01T07:23:43.776982+00:00
research/results/2026-09-30/founder_expansion_execution_20260930/analysis/FS-052_waves.csv,research_artifacts_local/tracked_payload_custody/results/2026-09-30/founder_expansion_execution_20260930/analysis/FS-052_waves.csv,977315,416d2b026bb3d37fde825262daf19b2127505cbdfb1dda705a7a4223a5d1b4a5,416d2b026bb3d37fde825262daf19b2127505cbdfb1dda705a7a4223a5d1b4a5,True,False,2026-10-01T07:23:43.792964+00:00
research/results/2026-09-30/founder_expansion_execution_20260930/analysis/FS-053_display.json,research_artifacts_local/tracked_payload_custody/results/2026-09-30/founder_expansion_execution_20260930/analysis/FS-053_display.json,66931,c64565da4dedd10d87c5a0dfbb632e442f3cac3027578f72eb8aca83e035ed6d,c64565da4dedd10d87c5a0dfbb632e442f3cac3027578f72eb8aca83e035ed6d,True,False,2026-10-01T07:23:43.800689+00:00
research/results/2026-09-30/founder_expansion_execution_20260930/analysis/FS-053_raw_activity.csv,research_artifacts_local/tracked_payload_custody/results/2026-09-30/founder_expansion_execution_20260930/analysis/FS-053_raw_activity.csv,1521,c8bfca1ecc77e875f6eef81fc82bdbbb1156e1e717a48e5426f27e285eec61a3,c8bfca1ecc77e875f6eef81fc82bdbbb1156e1e717a48e5426f27e285eec61a3,True,False,2026-10-01T07:23:43.807468+00:00
research/results/2026-09-30/founder_expansion_execution_20260930/analysis/FS-053_waves.csv,research_artifacts_local/tracked_payload_custody/results/2026-09-30/founder_expansion_execution_20260930/analysis/FS-053_waves.csv,977017,0cadbe22dfd7d830f2bda363913586fa570dcf697dab798aa5061ddf96ac85a5,0cadbe22dfd7d830f2bda363913586fa570dcf697dab798aa5061ddf96ac85a5,True,False,2026-10-01T07:23:43.820825+00:00
research/results/2026-09-30/founder_expansion_execution_20260930/analysis/FS-054_display.json,research_artifacts_local/tracked_payload_custody/results/2026-09-30/founder_expansion_execution_20260930/analysis/FS-054_display.json,67570,3b88bbc35f06d0cba43d0841975bc1f66e0ffbaf8e195bddd90e863ea22512d1,3b88bbc35f06d0cba43d0841975bc1f66e0ffbaf8e195bddd90e863ea22512d1,True,False,2026-10-01T07:23:43.828432+00:00
research/results/2026-09-30/founder_expansion_execution_20260930/analysis/FS-054_raw_activity.csv,research_artifacts_local/tracked_payload_custody/results/2026-09-30/founder_expansion_execution_20260930/analysis/FS-054_raw_activity.csv,1532,f0cff605825bc24accfa707737d35b8544bfb608bbcd577dc938958cf7d6c707,f0cff605825bc24accfa707737d35b8544bfb608bbcd577dc938958cf7d6c707,True,False,2026-10-01T07:23:43.841889+00:00
research/results/2026-09-30/founder_expansion_execution_20260930/analysis/FS-054_waves.csv,research_artifacts_local/tracked_payload_custody/results/2026-09-30/founder_expansion_execution_20260930/analysis/FS-054_waves.csv,978354,cbad5a44519c5648cb62fdec4b3370a20524a5a3723040c964952ae50ace9b9e,cbad5a44519c5648cb62fdec4b3370a20524a5a3723040c964952ae50ace9b9e,True,False,2026-10-01T07:23:43.849877+00:00
research/results/2026-09-30/founder_expansion_execution_20260930/analysis/FS-055_display.json,research_artifacts_local/tracked_payload_custody/results/2026-09-30/founder_expansion_execution_20260930/analysis/FS-055_display.json,66872,f5e369d9beacb9251a56aa2262da141530c2b83f9a7c034dbdf267147eea807a,f5e369d9beacb9251a56aa2262da141530c2b83f9a7c034dbdf267147eea807a,True,False,2026-10-01T07:23:43.858774+00:00
research/results/2026-09-30/founder_expansion_execution_20260930/analysis/FS-055_raw_activity.csv,research_artifacts_local/tracked_payload_custody/results/2026-09-30/founder_expansion_execution_20260930/analysis/FS-055_raw_activity.csv,1520,a7def208ce6df9c6a6438c2d198dffa3988737d14c5fe11b5a4eba0790580237,a7def208ce6df9c6a6438c2d198dffa3988737d14c5fe11b5a4eba0790580237,True,False,2026-10-01T07:23:43.874739+00:00
research/results/2026-09-30/founder_expansion_execution_20260930/analysis/FS-055_waves.csv,research_artifacts_local/tracked_payload_custody/results/2026-09-30/founder_expansion_execution_20260930/analysis/FS-055_waves.csv,976486,17e15b06b3e21328f97e92708d6dcfe6db9af60d1ba379ae714512adb9650759,17e15b06b3e21328f97e92708d6dcfe6db9af60d1ba379ae714512adb9650759,True,False,2026-10-01T07:23:43.883663+00:00
research/results/2026-09-30/founder_expansion_execution_20260930/analysis/FS-056_display.json,research_artifacts_local/tracked_payload_custody/results/2026-09-30/founder_expansion_execution_20260930/analysis/FS-056_display.json,67657,ab451c39fb3564ef2e3857af43fbf91475ce86cc31b06c39b9ed8d6c0f0103c1,ab451c39fb3564ef2e3857af43fbf91475ce86cc31b06c39b9ed8d6c0f0103c1,True,False,2026-10-01T07:23:43.892727+00:00
research/results/2026-09-30/founder_expansion_execution_20260930/analysis/FS-056_raw_activity.csv,research_artifacts_local/tracked_payload_custody/results/2026-09-30/founder_expansion_execution_20260930/analysis/FS-056_raw_activity.csv,1534,8e7a6b1ae49cb57300223731647c720183b4f68d7e08156edefe76bd01f83df5,8e7a6b1ae49cb57300223731647c720183b4f68d7e08156edefe76bd01f83df5,True,False,2026-10-01T07:23:43.899282+00:00
research/results/2026-09-30/founder_expansion_execution_20260930/analysis/FS-056_waves.csv,research_artifacts_local/tracked_payload_custody/results/2026-09-30/founder_expansion_execution_20260930/analysis/FS-056_waves.csv,976952,7b47d8c9f4502f857d540366aa9b58dc921d75d3cae37818e89a3ee25eee731a,7b47d8c9f4502f857d540366aa9b58dc921d75d3cae37818e89a3ee25eee731a,True,False,2026-10-01T07:23:43.908448+00:00
research/results/2026-09-30/founder_expansion_execution_20260930/analysis/FS-057_display.json,research_artifacts_local/tracked_payload_custody/results/2026-09-30/founder_expansion_execution_20260930/analysis/FS-057_display.json,66753,e1d80a4b135b55d2f621e5076275d4ac748ba6ef7c8e163524ebc998e54a5668,e1d80a4b135b55d2f621e5076275d4ac748ba6ef7c8e163524ebc998e54a5668,True,False,2026-10-01T07:23:43.915743+00:00
research/results/2026-09-30/founder_expansion_execution_20260930/analysis/FS-057_raw_activity.csv,research_artifacts_local/tracked_payload_custody/results/2026-09-30/founder_expansion_execution_20260930/analysis/FS-057_raw_activity.csv,1527,3a8e048b9cab5342c12cf9f37e0703e7d57dba3928d1f34c2710be36c9842471,3a8e048b9cab5342c12cf9f37e0703e7d57dba3928d1f34c2710be36c9842471,True,False,2026-10-01T07:23:43.923970+00:00
research/results/2026-09-30/founder_expansion_execution_20260930/analysis/FS-057_waves.csv,research_artifacts_local/tracked_payload_custody/results/2026-09-30/founder_expansion_execution_20260930/analysis/FS-057_waves.csv,977746,9842548e3bdc0b9d0c25ab6ae41adf0dd1335d457551f2639b7854d8a379c0e9,9842548e3bdc0b9d0c25ab6ae41adf0dd1335d457551f2639b7854d8a379c0e9,True,False,2026-10-01T07:23:43.931519+00:00
research/results/2026-09-30/founder_expansion_execution_20260930/analysis/FS-058_display.json,research_artifacts_local/tracked_payload_custody/results/2026-09-30/founder_expansion_execution_20260930/analysis/FS-058_display.json,67659,ca2715ef97403b2ea9f83d4d07ebbd63a3038d3b4ba4ece408ca32dc800cf0a3,ca2715ef97403b2ea9f83d4d07ebbd63a3038d3b4ba4ece408ca32dc800cf0a3,True,False,2026-10-01T07:23:43.938397+00:00
research/results/2026-09-30/founder_expansion_execution_20260930/analysis/FS-058_raw_activity.csv,research_artifacts_local/tracked_payload_custody/results/2026-09-30/founder_expansion_execution_20260930/analysis/FS-058_raw_activity.csv,1526,82978e10c59684ff9501bd5be490df632392f354ee53c024dfe408fcfdc2f1dc,82978e10c59684ff9501bd5be490df632392f354ee53c024dfe408fcfdc2f1dc,True,False,2026-10-01T07:23:43.954204+00:00
research/results/2026-09-30/founder_expansion_execution_20260930/analysis/FS-058_waves.csv,research_artifacts_local/tracked_payload_custody/results/2026-09-30/founder_expansion_execution_20260930/analysis/FS-058_waves.csv,976324,8fdaf376234b9beb6cbf760624ec3a8eeb4d6be0fba7db336ce4fd66c308922b,8fdaf376234b9beb6cbf760624ec3a8eeb4d6be0fba7db336ce4fd66c308922b,True,False,2026-10-01T07:23:43.961993+00:00
research/results/2026-09-30/founder_expansion_execution_20260930/analysis/FS-059_display.json,research_artifacts_local/tracked_payload_custody/results/2026-09-30/founder_expansion_execution_20260930/analysis/FS-059_display.json,66613,e1c80161b43a9a9c33b6dbc7e38a3aa055339bb4aff70fea2518cb84c3c715c7,e1c80161b43a9a9c33b6dbc7e38a3aa055339bb4aff70fea2518cb84c3c715c7,True,False,2026-10-01T07:23:43.981180+00:00
research/results/2026-09-30/founder_expansion_execution_20260930/analysis/FS-059_raw_activity.csv,research_artifacts_local/tracked_payload_custody/results/2026-09-30/founder_expansion_execution_20260930/analysis/FS-059_raw_activity.csv,1514,f3d8f914056c7f61a483b63856349cce9396c1a4d8f8758cb693653e8397562a,f3d8f914056c7f61a483b63856349cce9396c1a4d8f8758cb693653e8397562a,True,False,2026-10-01T07:23:44.011279+00:00
research/results/2026-09-30/founder_expansion_execution_20260930/analysis/FS-059_waves.csv,research_artifacts_local/tracked_payload_custody/results/2026-09-30/founder_expansion_execution_20260930/analysis/FS-059_waves.csv,976432,75be846b990c1c01f230562c748ce486f70b46ce1daa9a3decc7c23dfa0eb3c7,75be846b990c1c01f230562c748ce486f70b46ce1daa9a3decc7c23dfa0eb3c7,True,False,2026-10-01T07:23:44.037027+00:00
research/results/2026-09-30/founder_expansion_execution_20260930/analysis/FS-060_display.json,research_artifacts_local/tracked_payload_custody/results/2026-09-30/founder_expansion_execution_20260930/analysis/FS-060_display.json,19538,87df4a7d932e504bf1b026cf43965703f886fcf289bd47839d1a805c82766dfa,87df4a7d932e504bf1b026cf43965703f886fcf289bd47839d1a805c82766dfa,True,False,2026-10-01T07:23:44.059392+00:00
research/results/2026-09-30/founder_expansion_execution_20260930/analysis/FS-060_raw_activity.csv,research_artifacts_local/tracked_payload_custody/results/2026-09-30/founder_expansion_execution_20260930/analysis/FS-060_raw_activity.csv,1525,88208c60c820079f4c3071714037d61eb6933bf7febd25437c2754998b77082a,88208c60c820079f4c3071714037d61eb6933bf7febd25437c2754998b77082a,True,False,2026-10-01T07:23:44.063566+00:00
research/results/2026-09-30/founder_expansion_execution_20260930/analysis/FS-060_waves.csv,research_artifacts_local/tracked_payload_custody/results/2026-09-30/founder_expansion_execution_20260930/analysis/FS-060_waves.csv,281001,891125bc0ca6c3f93ae7d7d9ff0b42fada77732a4b9ea6de7fc8a4d76af8443d,891125bc0ca6c3f93ae7d7d9ff0b42fada77732a4b9ea6de7fc8a4d76af8443d,True,False,2026-10-01T07:23:44.074787+00:00
research/results/2026-10-01/2026-10-01-behavioural-watchlist-e74290ab/PLAN.json,research_artifacts_local/tracked_payload_custody/results/2026-10-01/2026-10-01-behavioural-watchlist-e74290ab/PLAN.json,299350,23bafae95c39b721434787f349eaa60471260168d806c972ee2999f8688fcd55,23bafae95c39b721434787f349eaa60471260168d806c972ee2999f8688fcd55,True,False,2026-10-01T07:23:44.085778+00:00
research/results/2026-10-01/2026-10-01-developmental-evidence-catchup-7c219ab4/PLAN.json,research_artifacts_local/tracked_payload_custody/results/2026-10-01/2026-10-01-developmental-evidence-catchup-7c219ab4/PLAN.json,454395,30828c8b2bd5959db57c491b18e82d164da5ba4ecf2ee46b8d6caf1400de34ed,30828c8b2bd5959db57c491b18e82d164da5ba4ecf2ee46b8d6caf1400de34ed,True,False,2026-10-01T07:23:44.097182+00:00
research/results/2026-10-01/2026-10-01-developmental-evidence-catchup-7c219ab4/SOURCE_BATCH/authority/Pasted text.txt,research_artifacts_local/tracked_payload_custody/results/2026-10-01/2026-10-01-developmental-evidence-catchup-7c219ab4/SOURCE_BATCH/authority/Pasted text.txt,13289,18fb0b56ea0eb9e6011e45ac97c04efd92e60dac1db89bf7482afb960f8b7ae4,18fb0b56ea0eb9e6011e45ac97c04efd92e60dac1db89bf7482afb960f8b7ae4,True,False,2026-10-01T07:23:44.105564+00:00
research/results/2026-10-01/2026-10-01-developmental-evidence-catchup-7c219ab4/SOURCE_BATCH/orientation/contact_worktree_00_LOOM_CURRENT_STATE.md,research_artifacts_local/tracked_payload_custody/results/2026-10-01/2026-10-01-developmental-evidence-catchup-7c219ab4/SOURCE_BATCH/orientation/contact_worktree_00_LOOM_CURRENT_STATE.md,9517,8f3c66b102d0b125fcc47b7d988992be7f8a05334e2da526bf4628b8c728f1cb,8f3c66b102d0b125fcc47b7d988992be7f8a05334e2da526bf4628b8c728f1cb,True,False,2026-10-01T07:23:44.113551+00:00
